mtllib model_8.mtl
o model_8
v -71.284423828125 2.154003858566284 -28.86495590209961 
v -71.56268310546875 2.154003143310547 -29.90787124633789 
v -72.47989654541016 3.8370144367218018 -29.376934051513672 
v -73.0982437133789 2.1540026664733887 -30.751684188842773 
v -74.11851501464844 2.1540017127990723 -32.458274841308594 
v -74.64411163330078 3.837013006210327 -31.548093795776367 
v -75.46857452392578 2.1540017127990723 -32.44879150390625 
v -77.60187530517578 2.154000997543335 -33.38741683959961 
v -77.60187530517578 3.837012529373169 -32.33502197265625 
v -77.60187530517578 6.162541389465332 -30.893903732299805 
v -75.36551666259766 6.16254186630249 -30.28711700439453 
v -77.60187530517578 10.17108154296875 -28.390911102294922 
v -76.6125259399414 10.171082496643066 -28.12544059753418 
v -73.72689819335938 6.162542819976807 -28.656375885009766 
v -75.89112091064453 10.171082496643066 -27.40488052368164 
v -73.12916564941406 6.162544250488281 -26.418848037719727 
v -75.63346862792969 10.171083450317383 -26.418851852416992 
v -75.89112091064453 10.171083450317383 -25.432823181152344 
v -73.72689819335938 6.162545680999756 -24.18132209777832 
v -75.36552429199219 6.162546634674072 -22.550582885742188 
v -76.6125259399414 10.1710844039917 -24.712265014648438 
v -77.60188293457031 6.1625471115112305 -21.943796157836914 
v -77.60188293457031 10.1710844039917 -24.446794509887695 
v -79.83824157714844 6.162546634674072 -22.55058479309082 
v -78.59123992919922 10.1710844039917 -24.712265014648438 
v -81.47686004638672 6.162545680999756 -24.181324005126953 
v -79.3126449584961 10.171083450317383 -25.432825088500977 
v -82.07460021972656 6.162544250488281 -26.418851852416992 
v -79.5702896118164 10.171083450317383 -26.418853759765625 
v -81.47686004638672 6.162542819976807 -28.6563777923584 
v -79.3126449584961 10.171082496643066 -27.404882431030273 
v -79.8382339477539 6.16254186630249 -30.28711700439453 
v -78.59123992919922 10.171082496643066 -28.12544059753418 
v -77.60187530517578 6.162541389465332 -30.893903732299805 
v -77.60187530517578 10.17108154296875 -28.390911102294922 
v -77.60187530517578 3.837012529373169 -32.33502197265625 
v -80.55963897705078 3.837013006210327 -31.548095703125 
v -82.73416900634766 3.8370144367218018 -29.376935958862305 
v -83.52771759033203 3.8370163440704346 -26.41884994506836 
v -82.73416900634766 3.8370180130004883 -23.460763931274414 
v -80.55964660644531 3.837019443511963 -21.28960418701172 
v -81.08524322509766 2.1540091037750244 -20.379423141479492 
v -79.77640533447266 2.1540093421936035 -19.990699768066406 
v -78.2614517211914 3.13936185836792 -20.161357879638672 
v -79.03438568115234 2.1540091037750244 -20.237205505371094 
v -77.60188293457031 2.1540095806121826 -19.450279235839844 
v -77.60188293457031 3.0027072429656982 -19.981218338012695 
v -76.18998718261719 2.1540095806121826 -19.63041877746582 
v -77.05567169189453 3.1777210235595703 -20.132915496826172 
v -77.60188293457031 3.837019920349121 -20.502676010131836 
v -78.44696044921875 3.837019920349121 -20.60696792602539 
v -77.60188293457031 4.460357189178467 -20.891399383544922 
v -74.64411926269531 3.837019443511963 -21.289602279663086 
v -81.96123504638672 2.154008150100708 -21.820541381835938 
v -83.64108276367188 2.1540074348449707 -22.929824829101562 
v -83.58955383300781 2.1540069580078125 -23.963258743286133 
v -76.72589111328125 3.837019920349121 -20.60696792602539 
v -75.74684143066406 2.1540091037750244 -20.36993980407715 
v -74.11852264404297 2.1540091037750244 -20.37942123413086 
v -71.56268310546875 2.1540074348449707 -22.929821014404297 
v -72.47989654541016 3.8370180130004883 -23.46076011657715 
v -71.06800079345703 2.1540067195892334 -24.389902114868164 
v -71.27411651611328 2.154006004333496 -25.375930786132812 
v -71.68634796142578 3.8370163440704346 -26.418846130371094 
v -70.63516235351562 2.154005289077759 -26.418846130371094 
v -71.41839599609375 2.1540045738220215 -27.803077697753906 
v -77.60187530517578 2.154000997543335 -33.38741683959961 
v -78.6015396118164 2.154001235961914 -33.25468063354492 
v -79.4981460571289 2.154001474380493 -32.562564849853516 
v -81.03370666503906 2.1540017127990723 -32.30657958984375 
v -82.3631591796875 2.1540026664733887 -30.723243713378906 
v -83.64107513427734 2.154003143310547 -29.907875061035156 
v -83.74413299560547 2.1540040969848633 -28.315059661865234 
v -84.568603515625 2.154005289077759 -26.41884994506836 
v -84.23881530761719 2.1540064811706543 -24.560564041137695 
v -75.63346862792969 10.171083450317383 -26.418851852416992 
v -77.60188293457031 10.171083450317383 -26.418851852416992 
v -75.89112091064453 10.171082496643066 -27.40488052368164 
v -75.89112091064453 10.171082496643066 -27.40488052368164 
v -76.6125259399414 10.171082496643066 -28.12544059753418 
v -77.60188293457031 10.171083450317383 -26.418851852416992 
v -76.6125259399414 10.171082496643066 -28.12544059753418 
v -77.60188293457031 10.171083450317383 -26.418851852416992 
v -77.60187530517578 10.17108154296875 -28.390911102294922 
v -77.60187530517578 10.17108154296875 -28.390911102294922 
v -78.59123992919922 10.171082496643066 -28.12544059753418 
v -77.60188293457031 10.171083450317383 -26.418851852416992 
v -78.59123992919922 10.171082496643066 -28.12544059753418 
v -77.60188293457031 10.171083450317383 -26.418851852416992 
v -79.3126449584961 10.171082496643066 -27.404882431030273 
v -79.3126449584961 10.171082496643066 -27.404882431030273 
v -79.5702896118164 10.171083450317383 -26.418853759765625 
v -77.60188293457031 10.171083450317383 -26.418851852416992 
v -79.5702896118164 10.171083450317383 -26.418853759765625 
v -77.60188293457031 10.171083450317383 -26.418851852416992 
v -79.3126449584961 10.171083450317383 -25.432825088500977 
v -79.3126449584961 10.171083450317383 -25.432825088500977 
v -78.59123992919922 10.1710844039917 -24.712265014648438 
v -77.60188293457031 10.171083450317383 -26.418851852416992 
v -78.59123992919922 10.1710844039917 -24.712265014648438 
v -77.60188293457031 10.171083450317383 -26.418851852416992 
v -77.60188293457031 10.1710844039917 -24.446794509887695 
v -77.60188293457031 10.1710844039917 -24.446794509887695 
v -76.6125259399414 10.1710844039917 -24.712265014648438 
v -77.60188293457031 10.171083450317383 -26.418851852416992 
v -76.6125259399414 10.1710844039917 -24.712265014648438 
v -77.60188293457031 10.171083450317383 -26.418851852416992 
v -75.89112091064453 10.171083450317383 -25.432823181152344 
v -75.89112091064453 10.171083450317383 -25.432823181152344 
v -75.63346862792969 10.171083450317383 -26.418851852416992 
v -77.60188293457031 10.171083450317383 -26.418851852416992 
v -70.18170166015625 2.1468143463134766 -24.2761287689209 
v -69.8003921508789 2.1468145847320557 -23.982215881347656 
v -70.18170166015625 4.309316158294678 -23.318544387817383 
v -68.70797729492188 2.1468145847320557 -24.001178741455078 
v -69.1305160522461 4.309316635131836 -23.03411293029785 
v -68.13085174560547 2.1468148231506348 -23.669342041015625 
v -67.53311157226562 2.146815299987793 -22.749679565429688 
v -68.36788177490234 4.309317111968994 -22.26614761352539 
v -67.58464050292969 2.146815776824951 -21.98171615600586 
v -68.08963012695312 4.309317588806152 -21.22323226928711 
v -67.13118743896484 2.1468162536621094 -21.22323226928711 
v -67.53311157226562 2.146817207336426 -19.6967830657959 
v -70.18170166015625 7.008847236633301 -22.11445426940918 
v -69.7282485961914 7.008847236633301 -22.000680923461914 
v -69.40876770019531 7.008847236633301 -21.66884422302246 
v -69.28510284423828 7.008847713470459 -21.223236083984375 
v -68.36788177490234 4.3093180656433105 -20.18031883239746 
v -69.40876770019531 7.008848190307617 -20.777626037597656 
v -69.1305160522461 4.309318542480469 -19.412353515625 
v -69.7282485961914 7.008848190307617 -20.445789337158203 
v -70.18170166015625 4.309319019317627 -19.12792205810547 
v -70.18170166015625 7.008848190307617 -20.32253646850586 
v -68.1617660522461 2.146817445755005 -19.393390655517578 
v -68.65644836425781 2.146817922592163 -18.578020095825195 
v -70.18170928955078 2.146818161010742 -18.17033576965332 
v -71.70696258544922 2.146817922592163 -18.578020095825195 
v -71.22258758544922 4.309318542480469 -19.412353515625 
v -72.0161361694336 2.146817445755005 -19.327024459838867 
v -72.81999206542969 2.146817207336426 -19.69678497314453 
v -71.99552917480469 4.3093180656433105 -20.18031883239746 
v -73.23222351074219 2.1468162536621094 -21.223234176635742 
v -72.2737808227539 4.309317588806152 -21.223234176635742 
v -72.81999206542969 2.146815299987793 -22.74968147277832 
v -70.6248550415039 7.008848190307617 -20.445789337158203 
v -70.95464324951172 7.008848190307617 -20.777626037597656 
v -71.07830810546875 7.008847713470459 -21.223236083984375 
v -71.99552917480469 4.309317111968994 -22.266149520874023 
v -70.95464324951172 7.008847236633301 -21.66884422302246 
v -71.22258758544922 4.309316635131836 -23.03411293029785 
v -70.6248550415039 7.008847236633301 -22.000680923461914 
v -70.18170166015625 4.309316158294678 -23.318544387817383 
v -70.18170166015625 7.008847236633301 -22.11445426940918 
v -71.70696258544922 2.1468145847320557 -23.868444442749023 
v -70.18170166015625 2.1468143463134766 -24.2761287689209 
v -69.28510284423828 7.008847713470459 -21.223236083984375 
v -69.40876770019531 7.008847236633301 -21.66884422302246 
v -70.18170166015625 7.008847713470459 -21.223236083984375 
v -69.40876770019531 7.008847236633301 -21.66884422302246 
v -70.18170166015625 7.008847713470459 -21.223236083984375 
v -69.7282485961914 7.008847236633301 -22.000680923461914 
v -69.7282485961914 7.008847236633301 -22.000680923461914 
v -70.18170166015625 7.008847236633301 -22.11445426940918 
v -70.18170166015625 7.008847713470459 -21.223236083984375 
v -70.18170166015625 7.008847236633301 -22.11445426940918 
v -70.18170166015625 7.008847713470459 -21.223236083984375 
v -70.6248550415039 7.008847236633301 -22.000680923461914 
v -70.6248550415039 7.008847236633301 -22.000680923461914 
v -70.95464324951172 7.008847236633301 -21.66884422302246 
v -70.18170166015625 7.008847713470459 -21.223236083984375 
v -70.95464324951172 7.008847236633301 -21.66884422302246 
v -70.18170166015625 7.008847713470459 -21.223236083984375 
v -71.07830810546875 7.008847713470459 -21.223236083984375 
v -71.07830810546875 7.008847713470459 -21.223236083984375 
v -70.95464324951172 7.008848190307617 -20.777626037597656 
v -70.18170166015625 7.008847713470459 -21.223236083984375 
v -70.95464324951172 7.008848190307617 -20.777626037597656 
v -70.18170166015625 7.008847713470459 -21.223236083984375 
v -70.6248550415039 7.008848190307617 -20.445789337158203 
v -70.6248550415039 7.008848190307617 -20.445789337158203 
v -70.18170166015625 7.008848190307617 -20.32253646850586 
v -70.18170166015625 7.008847713470459 -21.223236083984375 
v -70.18170166015625 7.008848190307617 -20.32253646850586 
v -70.18170166015625 7.008847713470459 -21.223236083984375 
v -69.7282485961914 7.008848190307617 -20.445789337158203 
v -69.7282485961914 7.008848190307617 -20.445789337158203 
v -69.40876770019531 7.008848190307617 -20.777626037597656 
v -70.18170166015625 7.008847713470459 -21.223236083984375 
v -69.40876770019531 7.008848190307617 -20.777626037597656 
v -70.18170166015625 7.008847713470459 -21.223236083984375 
v -69.28510284423828 7.008847713470459 -21.223236083984375 
v -76.73619842529297 3.602069854736328 -20.33201789855957 
v -76.84955596923828 3.9784696102142334 -20.56904411315918 
v -77.62248992919922 3.602069854736328 -20.33201789855957 
v -76.84955596923828 3.9784696102142334 -20.56904411315918 
v -77.62248992919922 3.602069854736328 -20.33201789855957 
v -77.1793441772461 4.254176616668701 -20.739702224731445 
v -77.1793441772461 4.254176616668701 -20.739702224731445 
v -77.62248992919922 4.354869365692139 -20.796588897705078 
v -77.62248992919922 3.602069854736328 -20.33201789855957 
v -77.62248992919922 4.354869365692139 -20.796588897705078 
v -77.62248992919922 3.602069854736328 -20.33201789855957 
v -78.06564331054688 4.254176616668701 -20.739702224731445 
v -78.06564331054688 4.254176616668701 -20.739702224731445 
v -78.38512420654297 3.9784696102142334 -20.56904411315918 
v -77.62248992919922 3.602069854736328 -20.33201789855957 
v -78.38512420654297 3.9784696102142334 -20.56904411315918 
v -77.62248992919922 3.602069854736328 -20.33201789855957 
v -78.5087890625 3.602069854736328 -20.33201789855957 
v -78.5087890625 3.602069854736328 -20.33201789855957 
v -78.38512420654297 3.2232728004455566 -20.104473114013672 
v -77.62248992919922 3.602069854736328 -20.33201789855957 
v -78.38512420654297 3.2232728004455566 -20.104473114013672 
v -77.62248992919922 3.602069854736328 -20.33201789855957 
v -78.06564331054688 2.947565793991089 -19.933813095092773 
v -78.06564331054688 2.947565793991089 -19.933813095092773 
v -77.62248992919922 2.8468728065490723 -19.86744499206543 
v -77.62248992919922 3.602069854736328 -20.33201789855957 
v -77.62248992919922 2.8468728065490723 -19.86744499206543 
v -77.62248992919922 3.602069854736328 -20.33201789855957 
v -77.1793441772461 2.947565793991089 -19.933813095092773 
v -77.1793441772461 2.947565793991089 -19.933813095092773 
v -76.84955596923828 3.2232728004455566 -20.10447120666504 
v -77.62248992919922 3.602069854736328 -20.33201789855957 
v -76.84955596923828 3.2232728004455566 -20.10447120666504 
v -77.62248992919922 3.602069854736328 -20.33201789855957 
v -76.73619842529297 3.602069854736328 -20.33201789855957 
v -81.65206146240234 2.1540024280548096 -31.244701385498047 
v -83.21854400634766 2.154003620147705 -29.452783584594727 
v -82.26010131835938 2.1540040969848633 -28.428831100463867 
v -84.45523834228516 2.1540043354034424 -27.92633628845215 
v -77.7770767211914 2.1540017127990723 -32.297096252441406 
v -77.91105651855469 2.1540040969848633 -28.3150577545166 
v -73.97423553466797 2.1540021896362305 -31.529130935668945 
v -73.50016784667969 2.1540043354034424 -28.248687744140625 
v -71.84093475341797 2.154003143310547 -30.021642684936523 
v -69.01715087890625 2.1540048122406006 -27.205772399902344 
v -71.768798828125 2.1540074348449707 -23.185810089111328 
v -67.28577423095703 2.1540064811706543 -24.816547393798828 
v -67.72892761230469 2.1540074348449707 -22.939300537109375 
v -71.24320220947266 2.154010772705078 -17.781612396240234 
v -68.7388916015625 2.154010534286499 -18.037601470947266 
v -73.52079010009766 2.1540112495422363 -17.013648986816406 
v -77.83891296386719 2.154010772705078 -17.866943359375 
v -77.91105651855469 2.1540074348449707 -23.20477294921875 
v -83.78536224365234 2.1540074348449707 -23.204774856567383 
v -85.6404037475586 2.1540064811706543 -24.769147872924805 
v -87.26872253417969 2.1540069580078125 -23.85896873474121 
v -88.97948455810547 2.154008150100708 -21.83002471923828 
v -87.82523345947266 2.1540091037750244 -20.341501235961914 
v -84.91899871826172 2.1540093421936035 -19.839004516601562 
v -83.17732238769531 2.15401029586792 -18.52113914489746 
v -67.72892761230469 2.1540074348449707 -22.939300537109375 
v -66.09030151367188 2.1540074348449707 -23.03411102294922 
v -67.28577423095703 2.1540064811706543 -24.816547393798828 
v -66.40978240966797 2.1540095806121826 -19.564048767089844 
v -67.72892761230469 2.1540074348449707 -22.939300537109375 
v -65.38951110839844 2.1540088653564453 -20.938798904418945 
v -71.24320220947266 2.154010772705078 -17.781612396240234 
v -71.768798828125 2.1540074348449707 -23.185810089111328 
v -73.52079010009766 2.1540112495422363 -17.013648986816406 
v -67.72892761230469 2.1540074348449707 -22.939300537109375 
v -66.09030151367188 2.1540074348449707 -23.03411102294922 
v -65.03910827636719 2.154008150100708 -22.06704330444336 
v -65.38951110839844 2.1540088653564453 -20.938798904418945 
v -65.03910827636719 2.154008150100708 -22.06704330444336 
v -67.72892761230469 2.1540074348449707 -22.939300537109375 
v -49.54949188232422 2.1204402446746826 -27.670337677001953 
v -48.683807373046875 2.7461767196655273 -24.920833587646484 
v -50.03386688232422 2.1204416751861572 -25.33799934387207 
v -50.343040466308594 2.1204428672790527 -23.394386291503906 
v -46.715396881103516 2.120438575744629 -30.505168914794922 
v -44.85004806518555 3.120177984237671 -26.987701416015625 
v -43.036224365234375 2.1204378604888916 -31.737703323364258 
v -40.99567794799805 2.6718533039093018 -29.120935440063477 
v -40.43916320800781 2.1204378604888916 -31.481714248657227 
v -36.58479690551758 2.120438575744629 -30.438798904418945 
v -36.96611022949219 4.187044620513916 -25.584505081176758 
v -33.894981384277344 2.120439291000366 -29.225223541259766 
v -33.34877395629883 3.1369597911834717 -27.376420974731445 
v -33.83314895629883 2.1204442977905273 -21.1568546295166 
v -31.792598724365234 2.120443344116211 -22.626415252685547 
v -35.430545806884766 2.120445489883423 -19.35545539855957 
v -39.604400634765625 2.12044620513916 -17.95226287841797 
v -42.3148193359375 4.819973945617676 -22.55057144165039 
v -47.41619110107422 4.666538715362549 -19.63041114807129 
v -49.79683303833008 2.1204450130462646 -20.076019287109375 
v -50.76557922363281 2.120445966720581 -18.473722457885742 
v -51.239646911621094 2.1204476356506348 -15.866436004638672 
v -49.49796676635742 2.120448112487793 -15.145875930786133 
v -46.7257080078125 2.1204473972320557 -16.15086555480957 
v -44.56148910522461 2.1204476356506348 -15.866434097290039 
v -33.34877395629883 3.1369597911834717 -27.376420974731445 
v -31.96779441833496 2.1204400062561035 -28.277118682861328 
v -33.894981384277344 2.120439291000366 -29.225223541259766 
v -30.524986267089844 2.1204419136047363 -25.110448837280273 
v -33.34877395629883 3.1369597911834717 -27.376420974731445 
v -30.329174041748047 2.120440721511841 -26.80755615234375 
v -33.83314895629883 2.1204442977905273 -21.1568546295166 
v -36.96611022949219 4.187044620513916 -25.584505081176758 
v -35.430545806884766 2.120445489883423 -19.35545539855957 
v -33.34877395629883 3.1369597911834717 -27.376420974731445 
v -31.96779441833496 2.1204400062561035 -28.277118682861328 
v -30.576515197753906 2.1204400062561035 -27.954763412475586 
v -30.329174041748047 2.120440721511841 -26.80755615234375 
v -30.576515197753906 2.1204400062561035 -27.954763412475586 
v -33.34877395629883 3.1369597911834717 -27.376420974731445 
v -26.268692016601562 1.6409525871276855 -23.432302474975586 
v -26.8973445892334 2.1132519245147705 -21.118927001953125 
v -27.855785369873047 1.640953540802002 -21.98170280456543 
v -29.1027889251709 1.6409542560577393 -20.730205535888672 
v -22.393707275390625 1.6409521102905273 -24.266633987426758 
v -22.548295974731445 2.393754005432129 -20.98619270324707 
v -18.590866088867188 1.640952467918396 -23.60295867919922 
v -18.137414932250977 2.055713176727295 -20.900861740112305 
v -16.467872619628906 1.6409533023834229 -22.34197998046875 
v -13.675004959106445 1.6409547328948975 -19.990678787231445 
v -16.447267532348633 3.1297740936279297 -16.70075798034668 
v -11.953935623168945 1.640955924987793 -17.999658584594727 
v -12.190974235534668 2.7389895915985107 -16.463729858398438 
v -15.962894439697266 1.6409595012664795 -12.235183715820312 
v -13.45858383178711 1.64095938205719 -12.4248046875 
v -18.250782012939453 1.6409598588943481 -11.618917465209961 
v -22.558605194091797 1.64095938205719 -12.367919921875 
v -22.58952522277832 3.2760186195373535 -16.767127990722656 
v -28.46382713317871 3.158543586730957 -16.82401466369629 
v -30.298261642456055 1.640955924987793 -18.13239860534668 
v -31.9368839263916 1.6409562826156616 -17.39287757873535 
v -33.66825866699219 1.6409573554992676 -15.743176460266113 
v -32.524314880371094 1.6409580707550049 -14.501158714294434 
v -29.618080139160156 1.6409584283828735 -14.055549621582031 
v -27.897010803222656 1.6409590244293213 -12.955747604370117 
v -12.190974235534668 2.7389895915985107 -16.463729858398438 
v -10.768771171569824 1.6409568786621094 -16.520614624023438 
v -11.953935623168945 1.640955924987793 -17.999658584594727 
v -11.10886001586914 1.6409586668014526 -13.666820526123047 
v -12.190974235534668 2.7389895915985107 -16.463729858398438 
v -10.088587760925293 1.6409579515457153 -14.795064926147461 
v -15.962894439697266 1.6409595012664795 -12.235183715820312 
v -16.447267532348633 3.1297740936279297 -16.70075798034668 
v -18.250782012939453 1.6409598588943481 -11.618917465209961 
v -12.190974235534668 2.7389895915985107 -16.463729858398438 
v -10.768771171569824 1.6409568786621094 -16.520614624023438 
v -9.727885246276855 1.6409573554992676 -15.714726448059082 
v -10.088587760925293 1.6409579515457153 -14.795064926147461 
v -9.727885246276855 1.6409573554992676 -15.714726448059082 
v -12.190974235534668 2.7389895915985107 -16.463729858398438 
v 93.4640884399414 2.626302480697632 -27.72718048095703 
v 92.83544158935547 3.0962045192718506 -25.404325485229492 
v 91.87700653076172 2.6263034343719482 -26.267099380493164 
v 90.62999725341797 2.6263041496276855 -25.015602111816406 
v 97.33907318115234 2.6263020038604736 -28.561511993408203 
v 97.18448638916016 3.379103660583496 -25.281070709228516 
v 101.14191436767578 2.626302480697632 -27.897836685180664 
v 101.59537506103516 3.0410633087158203 -25.18625831604004 
v 103.2649154663086 2.626303195953369 -26.636857986450195 
v 106.05777740478516 2.6263046264648438 -24.28555679321289 
v 103.28551483154297 4.11272668838501 -20.986154556274414 
v 107.77884674072266 2.6263058185577393 -22.294536590576172 
v 107.54181671142578 3.724339723587036 -20.749128341674805 
v 103.76988983154297 2.626309394836426 -16.520580291748047 
v 106.27420806884766 2.626309394836426 -16.710201263427734 
v 101.48200225830078 2.626309871673584 -15.904314041137695 
v 97.17418670654297 2.626309394836426 -16.653318405151367 
v 97.14325714111328 4.261368751525879 -21.05252456665039 
v 91.26895904541016 4.143893241882324 -21.109413146972656 
v 89.4242172241211 2.6263058185577393 -22.417797088623047 
v 87.78559112548828 2.6263062953948975 -21.687755584716797 
v 86.06452178955078 2.626307249069214 -20.028573989868164 
v 87.2084732055664 2.626307964324951 -18.796037673950195 
v 90.11470794677734 2.6263084411621094 -18.350427627563477 
v 91.83577728271484 2.6263089179992676 -17.24114418029785 
v 107.54181671142578 3.724339723587036 -20.749128341674805 
v 108.9640121459961 2.6263067722320557 -20.806013107299805 
v 107.77884674072266 2.6263058185577393 -22.294536590576172 
v 108.6136245727539 2.6263086795806885 -17.952219009399414 
v 107.54181671142578 3.724339723587036 -20.749128341674805 
v 109.64420318603516 2.626307964324951 -19.080461502075195 
v 103.76988983154297 2.626309394836426 -16.520580291748047 
v 103.28551483154297 4.11272668838501 -20.986154556274414 
v 101.48200225830078 2.626309871673584 -15.904314041137695 
v 107.54181671142578 3.724339723587036 -20.749128341674805 
v 108.9640121459961 2.6263067722320557 -20.806013107299805 
v 110.0049057006836 2.626307249069214 -20.000123977661133 
v 109.64420318603516 2.626307964324951 -19.080461502075195 
v 110.0049057006836 2.626307249069214 -20.000123977661133 
v 107.54181671142578 3.724339723587036 -20.749128341674805 
v 118.09496307373047 2.6263062953948975 -21.792037963867188 
v 117.45600128173828 3.096208095550537 -19.47866439819336 
v 116.50786590576172 2.6263070106506348 -20.331958770751953 
v 115.26085662841797 2.626307964324951 -19.080459594726562 
v 121.96993255615234 2.62630558013916 -22.62636947631836 
v 121.81534576416016 3.3791074752807617 -19.345928192138672 
v 125.77277374267578 2.6263060569763184 -21.96269416809082 
v 126.22623443603516 3.041066884994507 -19.251115798950195 
v 127.8957748413086 2.6263067722320557 -20.70171546936035 
v 130.68862915039062 2.6263084411621094 -18.350414276123047 
v 127.91638946533203 4.112730026245117 -15.060493469238281 
v 132.40969848632812 2.626309633255005 -16.359394073486328 
v 132.17266845703125 3.7243432998657227 -14.813984870910645 
v 128.40074157714844 2.6263132095336914 -10.59492015838623 
v 130.90505981445312 2.6263129711151123 -10.784540176391602 
v 126.11285400390625 2.6263134479522705 -9.978652954101562 
v 121.79472351074219 2.6263129711151123 -10.727656364440918 
v 121.77413177490234 4.261372089385986 -15.126862525939941 
v 115.89981842041016 4.14389705657959 -15.183751106262207 
v 114.0550765991211 2.626309394836426 -16.492136001586914 
v 112.41646575927734 2.626309871673584 -15.75261402130127 
v 110.69539642333984 2.6263110637664795 -14.09343147277832 
v 111.8393325805664 2.626311779022217 -12.860895156860352 
v 114.74556732177734 2.626312017440796 -12.415285110473633 
v 116.46662902832031 2.626312732696533 -11.315483093261719 
v 132.17266845703125 3.7243432998657227 -14.813984870910645 
v 133.59486389160156 2.6263105869293213 -14.880351066589355 
v 132.40969848632812 2.626309633255005 -16.359394073486328 
v 133.24447631835938 2.626312255859375 -12.026556968688965 
v 132.17266845703125 3.7243432998657227 -14.813984870910645 
v 134.27505493164062 2.6263115406036377 -13.154801368713379 
v 128.40074157714844 2.6263132095336914 -10.59492015838623 
v 127.91638946533203 4.112730026245117 -15.060493469238281 
v 126.11285400390625 2.6263134479522705 -9.978652954101562 
v 132.17266845703125 3.7243432998657227 -14.813984870910645 
v 133.59486389160156 2.6263105869293213 -14.880351066589355 
v 134.63575744628906 2.6263110637664795 -14.074461936950684 
v 134.27505493164062 2.6263115406036377 -13.154801368713379 
v 134.63575744628906 2.6263110637664795 -14.074461936950684 
v 132.17266845703125 3.7243432998657227 -14.813984870910645 
v 17.098114013671875 2.6263034343719482 -26.3619327545166 
v 17.05689239501953 3.096205234527588 -23.963228225708008 
v 15.923255920410156 2.6263043880462646 -24.560535430908203 
v 15.02664852142334 2.626305341720581 -23.034086227416992 
v 20.65361785888672 2.6263022422790527 -28.12540626525879 
v 21.313186645507812 3.379103899002075 -24.911333084106445 
v 24.497682571411133 2.6263020038604736 -28.4193172454834 
v 25.60040283203125 3.041062831878662 -25.906841278076172 
v 26.868011474609375 2.626302480697632 -27.727201461791992 
v 30.155563354492188 2.6263034343719482 -26.14386558532715 
v 28.2799072265625 4.112725734710693 -22.256637573242188 
v 32.319786071777344 2.6263043880462646 -24.636377334594727 
v 32.46406555175781 3.7243382930755615 -23.08148765563965 
v 29.8566951751709 2.6263084411621094 -18.056533813476562 
v 32.237335205078125 2.626307964324951 -18.8624210357666 
v 27.78523063659668 2.6263091564178467 -16.89984703063965 
v 23.425878524780273 2.626309394836426 -16.558530807495117 
v 22.312849044799805 4.261368751525879 -20.815521240234375 
v 16.603437423706055 4.143894672393799 -19.41232681274414 
v 14.50105094909668 2.626307249069214 -20.227697372436523 
v 13.089155197143555 2.626307964324951 -19.10893440246582 
v 11.831852912902832 2.6263091564178467 -17.07999038696289 
v 13.243741035461426 2.626309633255005 -16.160329818725586 
v 16.170591354370117 2.626309394836426 -16.444759368896484 
v 18.108083724975586 2.626309871673584 -15.809528350830078 
v 32.46406555175781 3.7243382930755615 -23.08148765563965 
v 33.824432373046875 2.626305103302002 -23.489171981811523 
v 32.319786071777344 2.6263043880462646 -24.636377334594727 
v 34.1954345703125 2.6263070106506348 -20.64485740661621 
v 32.46406555175781 3.7243382930755615 -23.08148765563965 
v 34.916847229003906 2.6263060569763184 -21.981685638427734 
v 29.8566951751709 2.6263084411621094 -18.056533813476562 
v 28.2799072265625 4.112725734710693 -22.256637573242188 
v 27.78523063659668 2.6263091564178467 -16.89984703063965 
v 32.46406555175781 3.7243382930755615 -23.08148765563965 
v 33.824432373046875 2.626305103302002 -23.489171981811523 
v 35.03020477294922 2.62630558013916 -22.967714309692383 
v 34.916847229003906 2.6263060569763184 -21.981685638427734 
v 35.03020477294922 2.62630558013916 -22.967714309692383 
v 32.46406555175781 3.7243382930755615 -23.08148765563965 
v -148.51611328125 0.020316412672400475 42.8875732421875 
v -81.94064331054688 0.020321698859333992 51.43001937866211 
v -121.78288269042969 0.020347997546195984 93.92405700683594 
v -63.28717041015625 0.02036583051085472 122.73697662353516 
v -8.69732666015625 0.020321698859333992 51.4300422668457 
v 3.484107494354248 0.020369380712509155 128.4730224609375 
v 64.55630493164062 0.020321698859333992 51.43006134033203 
v 70.2553939819336 0.02036583051085472 122.73701477050781 
v 130.22483825683594 0.020348720252513885 95.09029388427734 
v 169.84034729003906 0.02031077817082405 33.78586959838867 
v 178.67247009277344 0.02026807889342308 -35.207698822021484 
v 64.55632781982422 0.02026807889342308 -35.207733154296875 
v 160.65792846679688 0.020223231986165047 -107.67134094238281 
v -8.697300910949707 0.02026807889342308 -35.20775604248047 
v -81.94062042236328 0.02026807889342308 -35.20777893066406 
v -159.0177001953125 0.02026807889342308 -35.207801818847656 
v -81.94059753417969 0.02021949365735054 -113.7108383178711 
v -141.72454833984375 0.020222585648298264 -108.71434783935547 
v -105.58208465576172 0.020193934440612793 -155.01028442382812 
v -63.287078857421875 0.02018033154308796 -176.98733520507812 
v -5.203588485717773 0.02017711102962494 -182.19241333007812 
v -8.697277069091797 0.02021949365735054 -113.7108154296875 
v 64.55635833740234 0.02021949365735054 -113.7107925415039 
v 120.83633422851562 0.020192671567201614 -157.0486297607422 
v 61.56769561767578 0.0201790239661932 -179.1015625 
v -48.0551643371582 -49.65728759765625 18.95747947692871 
v -57.47465515136719 -49.65730667114258 -7.011109352111816 
v 4.586877822875977 -63.701595306396484 -31.32996368408203 
v -24.341524124145508 -49.65727996826172 34.33574295043945 
v 4.586877822875977 -63.701595306396484 -31.32996368408203 
v -48.0551643371582 -49.65728759765625 18.95747947692871 
v 4.123096942901611 -49.65727615356445 36.7818603515625 
v -24.341524124145508 -49.65727996826172 34.33574295043945 
v 4.586877822875977 -63.701595306396484 -31.32996368408203 
v 32.57741165161133 -49.65727996826172 34.335758209228516 
v 4.586877822875977 -63.701595306396484 -31.32996368408203 
v 4.123096942901611 -49.65727615356445 36.7818603515625 
v 64.76243591308594 -49.65730285644531 -3.5789334774017334 
v 58.166709899902344 -49.65728759765625 21.356216430664062 
v 4.586877822875977 -63.701595306396484 -31.32996368408203 
v 58.166709899902344 -49.65728759765625 21.356216430664062 
v 4.586877822875977 -63.701595306396484 -31.32996368408203 
v 32.57741165161133 -49.65727996826172 34.335758209228516 
v -57.47465515136719 -49.65730667114258 -7.011109352111816 
v -57.474647521972656 -49.65732192993164 -32.97969436645508 
v 4.586877822875977 -63.701595306396484 -31.32996368408203 
v 67.1843032836914 -49.65732192993164 -32.97965621948242 
v 4.586877822875977 -63.701595306396484 -31.32996368408203 
v 64.76243591308594 -49.65730285644531 -3.5789334774017334 
v -57.474647521972656 -49.65732192993164 -32.97969436645508 
v -53.032840728759766 -49.6573371887207 -61.57452392578125 
v 4.586877822875977 -63.701595306396484 -31.32996368408203 
v 62.87648391723633 -49.6573371887207 -61.972694396972656 
v 4.586877822875977 -63.701595306396484 -31.32996368408203 
v 67.1843032836914 -49.65732192993164 -32.97965621948242 
v -53.032840728759766 -49.6573371887207 -61.57452392578125 
v -42.3663330078125 -49.657352447509766 -84.04460144042969 
v 4.586877822875977 -63.701595306396484 -31.32996368408203 
v -42.3663330078125 -49.657352447509766 -84.04460144042969 
v 4.586877822875977 -63.701595306396484 -31.32996368408203 
v -24.341487884521484 -49.65735626220703 -91.19330596923828 
v -24.341487884521484 -49.65735626220703 -91.19330596923828 
v 4.1231369972229 -49.6573600769043 -95.63990783691406 
v 4.586877822875977 -63.701595306396484 -31.32996368408203 
v 4.1231369972229 -49.6573600769043 -95.63990783691406 
v 4.586877822875977 -63.701595306396484 -31.32996368408203 
v 32.577449798583984 -49.65735626220703 -91.19329071044922 
v 32.577449798583984 -49.65735626220703 -91.19329071044922 
v 54.13717269897461 -49.657352447509766 -84.91683197021484 
v 4.586877822875977 -63.701595306396484 -31.32996368408203 
v 54.13717269897461 -49.657352447509766 -84.91683197021484 
v 4.586877822875977 -63.701595306396484 -31.32996368408203 
v 62.87648391723633 -49.6573371887207 -61.972694396972656 
v -32.61707305908203 14.728663444519043 12.728397369384766 
v -33.1220588684082 14.855728149414062 12.804244995117188 
v -32.72013473510742 14.69749641418457 13.126598358154297 
v -32.72013473510742 14.69749641418457 13.126598358154297 
v -33.04991912841797 14.663931846618652 13.306739807128906 
v -33.1220588684082 14.855728149414062 12.804244995117188 
v -33.04991912841797 14.663931846618652 13.306739807128906 
v -33.1220588684082 14.855728149414062 12.804244995117188 
v -33.43123245239258 14.649547576904297 13.202449798583984 
v -33.43123245239258 14.649547576904297 13.202449798583984 
v -33.627044677734375 14.659136772155762 12.832687377929688 
v -33.1220588684082 14.855728149414062 12.804244995117188 
v -32.61707305908203 14.728663444519043 12.728397369384766 
v -32.86441421508789 14.740649223327637 12.387077331542969 
v -33.1220588684082 14.855728149414062 12.804244995117188 
v -33.16328048706055 14.728662490844727 12.244861602783203 
v -33.1220588684082 14.855728149414062 12.804244995117188 
v -33.410621643066406 14.707084655761719 12.415523529052734 
v -33.410621643066406 14.707084655761719 12.415523529052734 
v -33.627044677734375 14.659136772155762 12.832687377929688 
v -33.1220588684082 14.855728149414062 12.804244995117188 
v -32.92625045776367 14.076557159423828 14.065224647521973 
v -33.142669677734375 14.023813247680664 13.941971778869629 
v -32.936553955078125 14.076557159423828 13.932488441467285 
v -32.081172943115234 12.268877029418945 12.529294967651367 
v -32.26667785644531 12.2496976852417 13.060235977172852 
v -32.977779388427734 12.029132843017578 12.756841659545898 
v -32.26667785644531 12.2496976852417 13.060235977172852 
v -32.977779388427734 12.029132843017578 12.756841659545898 
v -32.85410690307617 12.223325729370117 13.486883163452148 
v -32.85410690307617 12.223325729370117 13.486883163452148 
v -33.627044677734375 12.240108489990234 13.259336471557617 
v -32.977779388427734 12.029132843017578 12.756841659545898 
v -33.627044677734375 12.240108489990234 13.259336471557617 
v -32.977779388427734 12.029132843017578 12.756841659545898 
v -34.0186653137207 12.25449275970459 12.76632022857666 
v -33.48276138305664 12.431902885437012 10.964923858642578 
v -33.09114074707031 12.228119850158691 11.173504829406738 
v -33.71979522705078 12.331210136413574 11.173503875732422 
v -32.740745544433594 12.434300422668457 10.917518615722656 
v -33.111751556396484 12.534993171691895 10.80374526977539 
v -33.09114074707031 12.228119850158691 11.173504829406738 
v -32.36973571777344 13.645014762878418 13.117119789123535 
v -32.287288665771484 14.016619682312012 13.221409797668457 
v -32.63768768310547 14.045390129089355 13.562729835510254 
v -33.60643005371094 14.388225555419922 13.363624572753906 
v -33.29725646972656 14.011825561523438 13.610135078430176 
v -33.64765548706055 13.978260040283203 13.354146003723145 
v -32.92625045776367 14.076557159423828 14.065224647521973 
v -32.91594314575195 13.96627426147461 13.941971778869629 
v -32.730438232421875 14.040595054626465 13.923008918762207 
v -32.534629821777344 12.326415061950684 11.16402530670166 
v -32.740745544433594 12.434300422668457 10.917518615722656 
v -33.09114074707031 12.228119850158691 11.173504829406738 
v -33.09114074707031 12.228119850158691 11.173504829406738 
v -33.48276138305664 12.431902885437012 10.964923858642578 
v -33.111751556396484 12.534993171691895 10.80374526977539 
v -33.173587799072266 14.21320915222168 11.050250053405762 
v -33.173587799072266 13.82242488861084 10.879591941833496 
v -32.80257797241211 13.798450469970703 10.993366241455078 
v -32.534629821777344 13.678579330444336 12.206939697265625 
v -31.988422393798828 13.309370994567871 11.960434913635254 
v -32.4212646484375 13.587474822998047 11.808734893798828 
v -33.761016845703125 13.5682954788208 11.865623474121094 
v -33.66826629638672 13.6546049118042 12.330192565917969 
v -34.16294479370117 13.297383308410645 12.06472396850586 
v -32.287288665771484 14.016619682312012 13.221409797668457 
v -32.43157196044922 14.455353736877441 13.249855995178223 
v -32.63768768310547 14.045390129089355 13.562729835510254 
v -33.64765548706055 13.978260040283203 13.354146003723145 
v -33.29725646972656 14.011825561523438 13.610135078430176 
v -33.52398681640625 13.637822151184082 13.2593355178833 
v -32.86441421508789 14.740649223327637 12.387077331542969 
v -33.16328048706055 14.728662490844727 12.244861602783203 
v -33.1220588684082 14.855728149414062 12.804244995117188 
v -33.585819244384766 13.779271125793457 10.993365287780762 
v -33.173587799072266 13.82242488861084 10.879591941833496 
v -33.173587799072266 14.21320915222168 11.050250053405762 
v -33.69918441772461 13.6282320022583 11.24935531616211 
v -33.142669677734375 13.879963874816895 11.268314361572266 
v -33.173587799072266 14.21320915222168 11.050250053405762 
v -33.142669677734375 13.879963874816895 11.268314361572266 
v -33.173587799072266 14.21320915222168 11.050250053405762 
v -32.64799118041992 13.666590690612793 11.220909118652344 
v -32.64799118041992 13.666590690612793 11.220909118652344 
v -32.80257797241211 13.798450469970703 10.993366241455078 
v -33.173587799072266 14.21320915222168 11.050250053405762 
v -33.69918441772461 13.6282320022583 11.24935531616211 
v -33.585819244384766 13.779271125793457 10.993365287780762 
v -33.173587799072266 14.21320915222168 11.050250053405762 
v -32.936553955078125 14.076557159423828 13.932488441467285 
v -32.92625045776367 14.076557159423828 14.065224647521973 
v -32.730438232421875 14.040595054626465 13.923008918762207 
v -32.91594314575195 13.96627426147461 13.941971778869629 
v -33.142669677734375 14.023813247680664 13.941971778869629 
v -32.92625045776367 14.076557159423828 14.065224647521973 
v -39.24369430541992 7.459566116333008 -25.214746475219727 
v -39.738372802734375 7.627388000488281 -25.148380279541016 
v -39.34675216674805 7.421207427978516 -24.816543579101562 
v -39.34675216674805 7.421207427978516 -24.816543579101562 
v -39.676536560058594 7.378053188323975 -24.626922607421875 
v -39.738372802734375 7.627388000488281 -25.148380279541016 
v -39.676536560058594 7.378053188323975 -24.626922607421875 
v -39.738372802734375 7.627388000488281 -25.148380279541016 
v -40.03723907470703 7.3588738441467285 -24.740694046020508 
v -40.03723907470703 7.3588738441467285 -24.740694046020508 
v -40.22274398803711 7.370860576629639 -25.110454559326172 
v -39.738372802734375 7.627388000488281 -25.148380279541016 
v -39.24369430541992 7.459566116333008 -25.214746475219727 
v -39.4807243347168 7.478745460510254 -25.57502555847168 
v -39.738372802734375 7.627388000488281 -25.148380279541016 
v -39.769287109375 7.572246074676514 -25.660356521606445 
v -39.738372802734375 7.627388000488281 -25.148380279541016 
v -40.01662826538086 7.433194160461426 -25.55606460571289 
v -40.01662826538086 7.433194160461426 -25.55606460571289 
v -40.22274398803711 7.370860576629639 -25.110454559326172 
v -39.738372802734375 7.627388000488281 -25.148380279541016 
v -39.295223236083984 6.574906826019287 -24.370933532714844 
v -39.5528678894043 6.502984046936035 -23.868436813354492 
v -39.56317138671875 6.73074197769165 -24.34248924255371 
v -39.5528678894043 6.502984046936035 -23.868436813354492 
v -39.56317138671875 6.73074197769165 -24.34248924255371 
v -39.82081604003906 6.529355525970459 -24.323528289794922 
v -38.56351089477539 4.268558025360107 -25.423328399658203 
v -39.60439682006836 3.9568896293640137 -25.195781707763672 
v -38.779930114746094 4.244584083557129 -24.712249755859375 
v -38.779930114746094 4.244584083557129 -24.712249755859375 
v -39.13032913208008 4.227802276611328 -24.408855438232422 
v -39.60439682006836 3.9568896293640137 -25.195781707763672 
v -39.4807243347168 4.208622455596924 -24.32352638244629 
v -39.60439682006836 3.9568896293640137 -25.195781707763672 
v -39.872344970703125 4.220609664916992 -24.32352638244629 
v -40.253662109375 4.2325968742370605 -24.54159164428711 
v -40.64528274536133 4.249378681182861 -25.186302185058594 
v -39.60439682006836 3.9568896293640137 -25.195781707763672 
v -40.61436462402344 5.215550422668457 -26.87392807006836 
v -40.552528381347656 4.781611919403076 -26.89289093017578 
v -40.36702346801758 5.136434078216553 -27.547082901000977 
v -39.521949768066406 5.4049482345581055 -28.229717254638672 
v -39.769287109375 5.529616355895996 -27.64189338684082 
v -39.315834045410156 5.464885234832764 -27.64189338684082 
v -39.16124725341797 5.141229152679443 -27.585006713867188 
v -39.2333869934082 4.73606014251709 -27.5944881439209 
v -38.8211555480957 4.7840094566345215 -26.94977569580078 
v -40.02693176269531 5.4049482345581055 -28.210756301879883 
v -40.36702346801758 5.136434078216553 -27.547082901000977 
v -40.21243667602539 5.41693639755249 -27.556564331054688 
v -39.98571014404297 4.990189552307129 -28.15386962890625 
v -40.23305130004883 4.738457202911377 -27.575525283813477 
v -39.728065490722656 4.565840721130371 -27.575525283813477 
v -40.02693176269531 5.4049482345581055 -28.210756301879883 
v -39.769287109375 5.529616355895996 -27.64189338684082 
v -39.769287109375 5.4049482345581055 -28.220237731933594 
v -39.501338958740234 4.992586612701416 -28.172832489013672 
v -39.74867630004883 4.990189552307129 -28.16335105895996 
v -39.728065490722656 4.565840721130371 -27.575525283813477 
v -39.315834045410156 5.464885234832764 -27.64189338684082 
v -39.16124725341797 5.141229152679443 -27.585006713867188 
v -39.521949768066406 5.4049482345581055 -28.229717254638672 
v -40.21243667602539 5.41693639755249 -27.556564331054688 
v -40.02693176269531 5.4049482345581055 -28.210756301879883 
v -39.769287109375 5.529616355895996 -27.64189338684082 
v -38.86237716674805 6.052262783050537 -24.750173568725586 
v -38.91390609741211 6.594086647033691 -24.721731185913086 
v -39.295223236083984 6.574906826019287 -24.370933532714844 
v -40.21243667602539 7.018435955047607 -24.579517364501953 
v -39.82081604003906 6.529355525970459 -24.323528289794922 
v -40.253662109375 6.543740272521973 -24.57951545715332 
v -39.82081604003906 6.529355525970459 -24.323528289794922 
v -39.532257080078125 6.38071346282959 -24.323528289794922 
v -39.5528678894043 6.502984046936035 -23.868436813354492 
v -39.5528678894043 6.502984046936035 -23.868436813354492 
v -39.295223236083984 6.574906826019287 -24.370933532714844 
v -39.532257080078125 6.38071346282959 -24.323528289794922 
v -39.2333869934082 4.73606014251709 -27.5944881439209 
v -39.728065490722656 4.565840721130371 -27.575525283813477 
v -39.501338958740234 4.992586612701416 -28.172832489013672 
v -39.728065490722656 4.565840721130371 -27.575525283813477 
v -39.74867630004883 4.990189552307129 -28.16335105895996 
v -39.98571014404297 4.990189552307129 -28.15386962890625 
v -39.769287109375 5.529616355895996 -27.64189338684082 
v -39.521949768066406 5.4049482345581055 -28.229717254638672 
v -39.769287109375 5.4049482345581055 -28.220237731933594 
v -40.07846450805664 5.524820804595947 -28.694290161132812 
v -40.03723907470703 5.285075664520264 -28.64688491821289 
v -40.28458023071289 5.8508734703063965 -29.40536880493164 
v -39.470420837402344 5.287473201751709 -28.66584587097168 
v -39.264305114746094 5.853271007537842 -29.42432975769043 
v -39.491031646728516 5.527218341827393 -28.70376968383789 
v -39.058189392089844 6.14096736907959 -25.954267501831055 
v -39.047882080078125 6.08103084564209 -26.494686126708984 
v -38.55320358276367 5.709425926208496 -26.238698959350586 
v -39.15093994140625 5.882041931152344 -27.035106658935547 
v -38.95513153076172 5.6710662841796875 -26.978219985961914 
v -39.315834045410156 5.464885234832764 -27.64189338684082 
v -40.21243667602539 5.41693639755249 -27.556564331054688 
v -40.315494537353516 5.824502944946289 -26.959259033203125 
v -40.48038864135742 5.594347953796387 -26.87392807006836 
v -40.3773307800293 6.057056427001953 -26.437801361083984 
v -40.768951416015625 5.692644119262695 -26.13440704345703 
v -40.356719970703125 6.1026082038879395 -25.81205177307129 
v -38.91390609741211 6.594086647033691 -24.721731185913086 
v -39.295223236083984 6.574906826019287 -24.370933532714844 
v -39.047882080078125 7.107141494750977 -24.683807373046875 
v -40.253662109375 6.543740272521973 -24.57951545715332 
v -40.19182586669922 6.0402750968933105 -24.58899688720703 
v -39.82081604003906 6.529355525970459 -24.323528289794922 
v -39.728065490722656 7.670541286468506 -26.27662467956543 
v -39.62500762939453 7.572246074676514 -25.944787979125977 
v -39.769287109375 7.610605239868164 -25.973230361938477 
v -39.4807243347168 7.478745460510254 -25.57502555847168 
v -39.769287109375 7.572246074676514 -25.660356521606445 
v -39.738372802734375 7.627388000488281 -25.148380279541016 
v -39.728065490722656 7.670541286468506 -26.27662467956543 
v -39.882652282714844 7.557861328125 -25.944787979125977 
v -39.769287109375 7.457168102264404 -26.0206356048584 
v -39.769287109375 7.610605239868164 -25.973230361938477 
v -39.728065490722656 7.670541286468506 -26.27662467956543 
v -39.882652282714844 7.557861328125 -25.944787979125977 
v -39.769287109375 7.457168102264404 -26.0206356048584 
v -39.62500762939453 7.572246074676514 -25.944787979125977 
v -39.728065490722656 7.670541286468506 -26.27662467956543 
v -42.871334075927734 7.725684642791748 -23.090993881225586 
v -43.283565521240234 7.8935065269470215 -22.816043853759766 
v -42.78888702392578 7.687325954437256 -22.68330955505371 
v -42.78888702392578 7.687325954437256 -22.68330955505371 
v -43.00531005859375 7.644171714782715 -22.379915237426758 
v -43.283565521240234 7.8935065269470215 -22.816043853759766 
v -43.00531005859375 7.644171714782715 -22.379915237426758 
v -43.283565521240234 7.8935065269470215 -22.816043853759766 
v -43.376319885253906 7.6249918937683105 -22.313547134399414 
v -43.376319885253906 7.6249918937683105 -22.313547134399414 
v -43.70610427856445 7.639376640319824 -22.569536209106445 
v -43.283565521240234 7.8935065269470215 -22.816043853759766 
v -42.871334075927734 7.725684642791748 -23.090993881225586 
v -43.252647399902344 7.744863986968994 -23.309057235717773 
v -43.283565521240234 7.8935065269470215 -22.816043853759766 
v -43.54121017456055 7.838364601135254 -23.26165199279785 
v -43.283565521240234 7.8935065269470215 -22.816043853759766 
v -43.71641159057617 7.699312686920166 -23.053070068359375 
v -43.71641159057617 7.699312686920166 -23.053070068359375 
v -43.70610427856445 7.639376640319824 -22.569536209106445 
v -43.283565521240234 7.8935065269470215 -22.816043853759766 
v -42.58277130126953 6.841025352478027 -22.294586181640625 
v -42.58277130126953 6.769102573394775 -21.725723266601562 
v -42.7991943359375 6.996860027313232 -22.15237045288086 
v -42.58277130126953 6.769102573394775 -21.725723266601562 
v -42.7991943359375 6.996860027313232 -22.15237045288086 
v -43.03622817993164 6.795474529266357 -22.019634246826172 
v -42.43849182128906 4.534676551818848 -23.54608154296875 
v -43.27326202392578 4.223008155822754 -22.872926712036133 
v -42.3148193359375 4.510702610015869 -22.806560516357422 
v -42.3148193359375 4.510702610015869 -22.806560516357422 
v -42.5106315612793 4.49392032623291 -22.408355712890625 
v -43.27326202392578 4.223008155822754 -22.872926712036133 
v -42.76827621459961 4.474740982055664 -22.142887115478516 
v -43.27326202392578 4.223008155822754 -22.872926712036133 
v -43.139286041259766 4.486728668212891 -22.01015281677246 
v -43.561824798583984 4.498715877532959 -22.00067138671875 
v -44.200782775878906 4.517895221710205 -22.408357620239258 
v -43.27326202392578 4.223008155822754 -22.872926712036133 
v -44.89126968383789 5.4984517097473145 -23.953767776489258 
v -44.860355377197266 5.05012845993042 -23.982210159301758 
v -44.973716735839844 5.402553081512451 -24.655364990234375 
v -44.49964904785156 5.673464298248291 -25.641393661499023 
v -44.46873474121094 5.795734882354736 -25.00616455078125 
v -44.06680679321289 5.733401298522949 -25.20526695251465 
v -43.901912689208984 5.407347679138184 -25.224227905273438 
v -43.98435974121094 5.00217866897583 -25.195783615112305 
v -43.3350944519043 5.050127983093262 -24.80706214904785 
v -44.95310592651367 5.671067237854004 -25.413848876953125 
v -44.973716735839844 5.402553081512451 -24.655364990234375 
v -44.829437255859375 5.6830549240112305 -24.740694046020508 
v -44.90157699584961 5.256308078765869 -25.366443634033203 
v -44.87065887451172 5.006973743438721 -24.740694046020508 
v -44.42750930786133 4.8319597244262695 -24.968238830566406 
v -44.95310592651367 5.671067237854004 -25.413848876953125 
v -44.46873474121094 5.795734882354736 -25.00616455078125 
v -44.72637939453125 5.671067237854004 -25.52762222290039 
v -44.47903823852539 5.2587056159973145 -25.603469848632812 
v -44.69546127319336 5.2587056159973145 -25.489696502685547 
v -44.42750930786133 4.8319597244262695 -24.968238830566406 
v -44.06680679321289 5.733401298522949 -25.20526695251465 
v -43.901912689208984 5.407347679138184 -25.224227905273438 
v -44.49964904785156 5.673464298248291 -25.641393661499023 
v -44.829437255859375 5.6830549240112305 -24.740694046020508 
v -44.95310592651367 5.671067237854004 -25.413848876953125 
v -44.46873474121094 5.795734882354736 -25.00616455078125 
v -42.37665557861328 6.318380832672119 -22.825523376464844 
v -42.386962890625 6.860205173492432 -22.778118133544922 
v -42.58277130126953 6.841025352478027 -22.294586181640625 
v -43.46907043457031 7.286951541900635 -22.086002349853516 
v -43.03622817993164 6.795474529266357 -22.019634246826172 
v -43.530906677246094 6.812256336212158 -22.067039489746094 
v -43.03622817993164 6.795474529266357 -22.019634246826172 
v -42.77858352661133 6.64683198928833 -22.14288902282715 
v -42.58277130126953 6.769102573394775 -21.725723266601562 
v -42.58277130126953 6.769102573394775 -21.725723266601562 
v -42.58277130126953 6.841025352478027 -22.294586181640625 
v -42.77858352661133 6.64683198928833 -22.14288902282715 
v -43.98435974121094 5.00217866897583 -25.195783615112305 
v -44.42750930786133 4.8319597244262695 -24.968238830566406 
v -44.47903823852539 5.2587056159973145 -25.603469848632812 
v -44.42750930786133 4.8319597244262695 -24.968238830566406 
v -44.69546127319336 5.2587056159973145 -25.489696502685547 
v -44.90157699584961 5.256308078765869 -25.366443634033203 
v -44.46873474121094 5.795734882354736 -25.00616455078125 
v -44.49964904785156 5.673464298248291 -25.641393661499023 
v -44.72637939453125 5.671067237854004 -25.52762222290039 
v -45.210750579833984 5.790939807891846 -25.821535110473633 
v -45.15922164916992 5.551194667816162 -25.7930908203125 
v -45.69512176513672 6.11939001083374 -26.371435165405273 
v -44.654239654541016 5.553591728210449 -26.05855941772461 
v -44.798519134521484 6.11939001083374 -26.83600616455078 
v -44.68515396118164 5.793336868286133 -26.087003707885742 
v -43.06714630126953 6.40708589553833 -23.821033477783203 
v -43.304176330566406 6.34714937210083 -24.304567337036133 
v -42.75796890258789 5.975544452667236 -24.28560447692871 
v -43.64426803588867 6.148160457611084 -24.740694046020508 
v -43.44845962524414 5.937184810638428 -24.77861976623535 
v -44.06680679321289 5.733401298522949 -25.20526695251465 
v -44.829437255859375 5.6830549240112305 -24.740694046020508 
v -44.654239654541016 6.0906219482421875 -24.162351608276367 
v -44.767601013183594 5.8628644943237305 -24.01065444946289 
v -44.46873474121094 6.323175430297852 -23.669336318969727 
v -44.70576858520508 5.958763122558594 -23.21424674987793 
v -44.169864654541016 6.371124744415283 -23.109954833984375 
v -42.386962890625 6.860205173492432 -22.778118133544922 
v -42.58277130126953 6.841025352478027 -22.294586181640625 
v -42.479713439941406 7.373260021209717 -22.69278907775879 
v -43.530906677246094 6.812256336212158 -22.067039489746094 
v -43.4999885559082 6.306394100189209 -22.095483779907227 
v -43.03622817993164 6.795474529266357 -22.019634246826172 
v -43.767940521240234 7.936660289764404 -23.830514907836914 
v -43.530906677246094 7.838364601135254 -23.584009170532227 
v -43.67518615722656 7.87912130355835 -23.546083450317383 
v -43.252647399902344 7.744863986968994 -23.309057235717773 
v -43.54121017456055 7.838364601135254 -23.26165199279785 
v -43.283565521240234 7.8935065269470215 -22.816043853759766 
v -43.767940521240234 7.936660289764404 -23.830514907836914 
v -43.767940521240234 7.82397985458374 -23.46075439453125 
v -43.70610427856445 7.725684642791748 -23.574527740478516 
v -43.67518615722656 7.87912130355835 -23.546083450317383 
v -43.767940521240234 7.936660289764404 -23.830514907836914 
v -43.767940521240234 7.82397985458374 -23.46075439453125 
v -43.70610427856445 7.725684642791748 -23.574527740478516 
v -43.530906677246094 7.838364601135254 -23.584009170532227 
v -43.767940521240234 7.936660289764404 -23.830514907836914 
v -44.973716735839844 5.402553081512451 -24.655364990234375 
v -44.87065887451172 5.006973743438721 -24.740694046020508 
v -44.860355377197266 5.05012845993042 -23.982210159301758 
v -44.87065887451172 5.006973743438721 -24.740694046020508 
v -44.860355377197266 5.05012845993042 -23.982210159301758 
v -44.767601013183594 4.738459587097168 -24.0485782623291 
v -43.901912689208984 5.407347679138184 -25.224227905273438 
v -43.304176330566406 5.508040904998779 -24.82602310180664 
v -43.3350944519043 5.050127983093262 -24.80706214904785 
v -43.3350944519043 5.050127983093262 -24.80706214904785 
v -43.98435974121094 5.00217866897583 -25.195783615112305 
v -43.39693069458008 4.731266498565674 -24.769136428833008 
v -40.23305130004883 4.738457202911377 -27.575525283813477 
v -40.43916702270508 4.4723405838012695 -26.90237045288086 
v -40.552528381347656 4.781611919403076 -26.89289093017578 
v -40.36702346801758 5.136434078216553 -27.547082901000977 
v -40.552528381347656 4.781611919403076 -26.89289093017578 
v -40.23305130004883 4.738457202911377 -27.575525283813477 
v -38.8211555480957 4.7840094566345215 -26.94977569580078 
v -38.89329528808594 4.465148448944092 -26.94977569580078 
v -39.2333869934082 4.73606014251709 -27.5944881439209 
v -39.16124725341797 5.141229152679443 -27.585006713867188 
v -38.8211555480957 4.7840094566345215 -26.94977569580078 
v -38.79023742675781 5.225140571594238 -26.959257125854492 
v -39.19216537475586 6.071442127227783 -24.58899688720703 
v -38.86237716674805 6.052262783050537 -24.750173568725586 
v -39.295223236083984 6.574906826019287 -24.370933532714844 
v -39.13032913208008 4.227802276611328 -24.408855438232422 
v -39.60439682006836 3.9568896293640137 -25.195781707763672 
v -39.4807243347168 4.208622455596924 -24.32352638244629 
v -39.872344970703125 4.220609664916992 -24.32352638244629 
v -40.253662109375 4.2325968742370605 -24.54159164428711 
v -39.60439682006836 3.9568896293640137 -25.195781707763672 
v -42.5106315612793 4.49392032623291 -22.408355712890625 
v -43.27326202392578 4.223008155822754 -22.872926712036133 
v -42.76827621459961 4.474740982055664 -22.142887115478516 
v -43.139286041259766 4.486728668212891 -22.01015281677246 
v -43.561824798583984 4.498715877532959 -22.00067138671875 
v -43.27326202392578 4.223008155822754 -22.872926712036133 
v -42.56216049194336 6.337560653686523 -22.46524429321289 
v -42.58277130126953 6.841025352478027 -22.294586181640625 
v -42.37665557861328 6.318380832672119 -22.825523376464844 
v -77.62248992919922 4.040802955627441 -21.308565139770508 
v -77.62248992919922 4.354869365692139 -20.796588897705078 
v -77.1793441772461 3.9377124309539795 -21.251678466796875 
v -77.1793441772461 4.254176616668701 -20.739702224731445 
v -76.84955596923828 3.662005662918091 -21.08102035522461 
v -76.84955596923828 3.9784696102142334 -20.56904411315918 
v -76.73619842529297 3.2856059074401855 -20.843994140625 
v -76.73619842529297 3.602069854736328 -20.33201789855957 
v -76.84955596923828 2.9092061519622803 -20.61644744873047 
v -76.84955596923828 3.2232728004455566 -20.10447120666504 
v -77.1793441772461 2.6334993839263916 -20.445789337158203 
v -77.1793441772461 2.947565793991089 -19.933813095092773 
v -77.62248992919922 2.532806396484375 -20.37942123413086 
v -77.62248992919922 2.8468728065490723 -19.86744499206543 
v -78.06564331054688 2.6334993839263916 -20.445789337158203 
v -78.06564331054688 2.947565793991089 -19.933813095092773 
v -78.38512420654297 2.9092061519622803 -20.61644744873047 
v -78.38512420654297 3.2232728004455566 -20.104473114013672 
v -78.5087890625 3.2856059074401855 -20.843994140625 
v -78.5087890625 3.602069854736328 -20.33201789855957 
v -78.38512420654297 3.662005662918091 -21.08102035522461 
v -78.38512420654297 3.9784696102142334 -20.56904411315918 
v -78.06564331054688 3.9377124309539795 -21.251678466796875 
v -78.06564331054688 4.254176616668701 -20.739702224731445 
v -77.62248992919922 4.040802955627441 -21.308565139770508 
v -77.62248992919922 4.354869365692139 -20.796588897705078 
v -84.12545013427734 1.5450502634048462 -30.334522247314453 
v -81.75511169433594 1.5450488328933716 -32.714263916015625 
v -84.87777709960938 -0.04206293076276779 -30.988712310791016 
v -82.26010131835938 -0.04206454008817673 -33.586517333984375 
v -77.78738403320312 1.5450481176376343 -33.88991165161133 
v -77.91104888916016 -0.0420653335750103 -34.866458892822266 
v -73.71659088134766 1.5426511764526367 -33.008174896240234 
v -73.46925354003906 -0.042064741253852844 -33.908870697021484 
v -70.73822021484375 1.5426523685455322 -31.036113739013672 
v -70.19200897216797 -0.042063407599925995 -31.75667381286621 
v -90.06159210205078 -0.042055632919073105 -19.194293975830078 
v -88.88673400878906 1.5474543571472168 -19.611459732055664 
v -86.36180877685547 -0.04205504059791565 -18.236705780029297 
v -85.4858169555664 1.5450575351715088 -18.71076011657715 
v -83.75444793701172 -0.04205410182476044 -16.719738006591797 
v -83.13610076904297 1.5426608324050903 -17.29808235168457 
v -77.8492202758789 1.5426613092422485 -16.60596466064453 
v -77.97289276123047 -0.04205358028411865 -15.875923156738281 
v -73.77843475341797 1.5426617860794067 -15.800074577331543 
v -73.4898681640625 -0.04205309599637985 -15.09847640991211 
v -71.05770111083984 1.5426616668701172 -16.06554412841797 
v -70.54241180419922 -0.04205331578850746 -15.449275016784668 
v -67.96595764160156 1.5450584888458252 -17.042089462280273 
v -67.5949478149414 -0.04205409064888954 -16.70077133178711 
v -70.73822021484375 1.5426523685455322 -31.036113739013672 
v -68.22360229492188 1.5450515747070312 -28.16335678100586 
v -70.19200897216797 -0.042063407599925995 -31.75667381286621 
v -67.38883209228516 -0.0420614518225193 -28.599483489990234 
v -84.12545013427734 1.5450502634048462 -30.334522247314453 
v -84.87777709960938 -0.04206293076276779 -30.988712310791016 
v -85.67131805419922 1.5450518131256104 -27.869449615478516 
v -86.58853912353516 -0.04206125810742378 -28.2866153717041 
v -87.71186828613281 -0.042059581726789474 -25.575037002563477 
v -86.701904296875 1.5450533628463745 -25.40437889099121 
v -88.52603149414062 1.5474516153335571 -24.029626846313477 
v -89.72150421142578 -0.04205864295363426 -24.058069229125977 
v -91.53532409667969 -0.042056918144226074 -21.27064323425293 
v -90.22648620605469 1.5498507022857666 -21.498188018798828 
v -90.06159210205078 -0.042055632919073105 -19.194293975830078 
v -88.88673400878906 1.5474543571472168 -19.611459732055664 
v -65.33798217773438 -0.042055003345012665 -18.179813385009766 
v -67.5949478149414 -0.04205409064888954 -16.70077133178711 
v -65.89449310302734 1.5450576543807983 -18.416841506958008 
v -67.96595764160156 1.5450584888458252 -17.042089462280273 
v -66.61589813232422 1.5450530052185059 -25.8499813079834 
v -68.22360229492188 1.5450515747070312 -28.16335678100586 
v -65.62654113769531 -0.04205987975001335 -26.058563232421875 
v -67.38883209228516 -0.0420614518225193 -28.599483489990234 
v -68.7388916015625 2.154010534286499 -18.037601470947266 
v -71.768798828125 2.1540074348449707 -23.185810089111328 
v -66.40978240966797 2.1540095806121826 -19.564048767089844 
v -67.72892761230469 2.1540074348449707 -22.939300537109375 
v -64.4516830444336 1.5474539995193481 -20.08550453186035 
v -63.31804275512695 -0.04205595701932907 -19.715742111206055 
v -65.89449310302734 1.5450576543807983 -18.416841506958008 
v -65.33798217773438 -0.042055003345012665 -18.179813385009766 
v -63.70966339111328 -0.04205796867609024 -22.967741012573242 
v -64.83299255371094 1.5474522113800049 -23.043590545654297 
v -65.62654113769531 -0.04205987975001335 -26.058563232421875 
v -66.61589813232422 1.5450530052185059 -25.8499813079834 
v -63.31804275512695 -0.04205595701932907 -19.715742111206055 
v -64.4516830444336 1.5474539995193481 -20.08550453186035 
v -62.658470153808594 -0.04205700755119324 -21.41284942626953 
v -63.8436393737793 1.5474530458450317 -21.63091468811035 
v -63.70966339111328 -0.04205796867609024 -22.967741012573242 
v -64.83299255371094 1.5474522113800049 -23.043590545654297 
v -83.21854400634766 2.154003620147705 -29.452783584594727 
v -84.12545013427734 1.5450502634048462 -30.334522247314453 
v -81.65206146240234 2.1540024280548096 -31.244701385498047 
v -81.75511169433594 1.5450488328933716 -32.714263916015625 
v -81.65206146240234 2.1540024280548096 -31.244701385498047 
v -81.75511169433594 1.5450488328933716 -32.714263916015625 
v -77.7770767211914 2.1540017127990723 -32.297096252441406 
v -77.78738403320312 1.5450481176376343 -33.88991165161133 
v -77.7770767211914 2.1540017127990723 -32.297096252441406 
v -77.78738403320312 1.5450481176376343 -33.88991165161133 
v -73.97423553466797 2.1540021896362305 -31.529130935668945 
v -73.71659088134766 1.5426511764526367 -33.008174896240234 
v -73.97423553466797 2.1540021896362305 -31.529130935668945 
v -73.71659088134766 1.5426511764526367 -33.008174896240234 
v -71.84093475341797 2.154003143310547 -30.021642684936523 
v -70.73822021484375 1.5426523685455322 -31.036113739013672 
v -83.17732238769531 2.15401029586792 -18.52113914489746 
v -83.13610076904297 1.5426608324050903 -17.29808235168457 
v -84.91899871826172 2.1540093421936035 -19.839004516601562 
v -85.4858169555664 1.5450575351715088 -18.71076011657715 
v -77.83891296386719 2.154010772705078 -17.866943359375 
v -77.8492202758789 1.5426613092422485 -16.60596466064453 
v -83.17732238769531 2.15401029586792 -18.52113914489746 
v -83.13610076904297 1.5426608324050903 -17.29808235168457 
v -73.52079010009766 2.1540112495422363 -17.013648986816406 
v -73.77843475341797 1.5426617860794067 -15.800074577331543 
v -77.83891296386719 2.154010772705078 -17.866943359375 
v -77.8492202758789 1.5426613092422485 -16.60596466064453 
v -68.7388916015625 2.154010534286499 -18.037601470947266 
v -67.96595764160156 1.5450584888458252 -17.042089462280273 
v -71.24320220947266 2.154010772705078 -17.781612396240234 
v -71.05770111083984 1.5426616668701172 -16.06554412841797 
v -71.84093475341797 2.154003143310547 -30.021642684936523 
v -70.73822021484375 1.5426523685455322 -31.036113739013672 
v -69.01715087890625 2.1540048122406006 -27.205772399902344 
v -68.22360229492188 1.5450515747070312 -28.16335678100586 
v -84.12545013427734 1.5450502634048462 -30.334522247314453 
v -83.21854400634766 2.154003620147705 -29.452783584594727 
v -85.67131805419922 1.5450518131256104 -27.869449615478516 
v -84.45523834228516 2.1540043354034424 -27.92633628845215 
v -86.701904296875 1.5450533628463745 -25.40437889099121 
v -85.6404037475586 2.1540064811706543 -24.769147872924805 
v -88.52603149414062 1.5474516153335571 -24.029626846313477 
v -87.26872253417969 2.1540069580078125 -23.85896873474121 
v -90.22648620605469 1.5498507022857666 -21.498188018798828 
v -88.97948455810547 2.154008150100708 -21.83002471923828 
v -88.88673400878906 1.5474543571472168 -19.611459732055664 
v -87.82523345947266 2.1540091037750244 -20.341501235961914 
v -84.91899871826172 2.1540093421936035 -19.839004516601562 
v -85.4858169555664 1.5450575351715088 -18.71076011657715 
v -87.82523345947266 2.1540091037750244 -20.341501235961914 
v -88.88673400878906 1.5474543571472168 -19.611459732055664 
v -67.96595764160156 1.5450584888458252 -17.042089462280273 
v -68.7388916015625 2.154010534286499 -18.037601470947266 
v -65.89449310302734 1.5450576543807983 -18.416841506958008 
v -66.40978240966797 2.1540095806121826 -19.564048767089844 
v -69.01715087890625 2.1540048122406006 -27.205772399902344 
v -68.22360229492188 1.5450515747070312 -28.16335678100586 
v -67.28577423095703 2.1540064811706543 -24.816547393798828 
v -66.61589813232422 1.5450530052185059 -25.8499813079834 
v -63.8436393737793 1.5474530458450317 -21.63091468811035 
v -65.03910827636719 2.154008150100708 -22.06704330444336 
v -64.83299255371094 1.5474522113800049 -23.043590545654297 
v -66.09030151367188 2.1540074348449707 -23.03411102294922 
v -64.4516830444336 1.5474539995193481 -20.08550453186035 
v -65.38951110839844 2.1540088653564453 -20.938798904418945 
v -63.8436393737793 1.5474530458450317 -21.63091468811035 
v -65.03910827636719 2.154008150100708 -22.06704330444336 
v -65.89449310302734 1.5450576543807983 -18.416841506958008 
v -66.40978240966797 2.1540095806121826 -19.564048767089844 
v -64.4516830444336 1.5474539995193481 -20.08550453186035 
v -65.38951110839844 2.1540088653564453 -20.938798904418945 
v -67.28577423095703 2.1540064811706543 -24.816547393798828 
v -66.61589813232422 1.5450530052185059 -25.8499813079834 
v -66.09030151367188 2.1540074348449707 -23.03411102294922 
v -64.83299255371094 1.5474522113800049 -23.043590545654297 
v -73.77843475341797 1.5426617860794067 -15.800074577331543 
v -73.52079010009766 2.1540112495422363 -17.013648986816406 
v -71.05770111083984 1.5426616668701172 -16.06554412841797 
v -71.24320220947266 2.154010772705078 -17.781612396240234 
v -85.67131805419922 1.5450518131256104 -27.869449615478516 
v -84.45523834228516 2.1540043354034424 -27.92633628845215 
v -86.701904296875 1.5450533628463745 -25.40437889099121 
v -85.6404037475586 2.1540064811706543 -24.769147872924805 
v -88.52603149414062 1.5474516153335571 -24.029626846313477 
v -87.26872253417969 2.1540069580078125 -23.85896873474121 
v -90.22648620605469 1.5498507022857666 -21.498188018798828 
v -88.97948455810547 2.154008150100708 -21.83002471923828 
v -65.31736755371094 3.510963201522827 -25.973236083984375 
v -65.8738784790039 4.07436466217041 -25.650880813598633 
v -65.2040023803711 3.5756943225860596 -25.954273223876953 
v -65.31736755371094 4.311712265014648 -25.622438430786133 
v -66.33763885498047 4.944639682769775 -25.205272674560547 
v -65.59561920166016 5.170000076293945 -25.214752197265625 
v -66.49222564697266 5.594349384307861 -24.901878356933594 
v -65.8738784790039 5.850876331329346 -24.882917404174805 
v -66.1727523803711 6.006711006164551 -24.76914405822754 
v -66.37886810302734 5.927595138549805 -24.77862548828125 
v -65.31736755371094 3.510963201522827 -25.973236083984375 
v -65.2040023803711 3.5756943225860596 -25.954273223876953 
v -64.400146484375 1.5977963209152222 -26.92133903503418 
v -64.35892486572266 1.62656569480896 -26.91185760498047 
v -64.31770324707031 2.7485733032226562 -26.58002281188965 
v -64.6371841430664 3.2640252113342285 -26.684314727783203 
v -64.23526000976562 2.77974009513855 -26.589502334594727 
v -64.21464538574219 3.355128526687622 -26.703275680541992 
v -64.84329986572266 3.997645378112793 -26.82653045654297 
v -64.28678894042969 4.047991752624512 -26.83601188659668 
v -64.86390686035156 4.5154948234558105 -26.930822372436523 
v -64.38984680175781 4.606597900390625 -26.949783325195312 
v -64.58565521240234 4.772022247314453 -26.978227615356445 
v -64.74024200439453 4.745650291442871 -26.978227615356445 
v -64.31770324707031 2.7485733032226562 -26.58002281188965 
v -64.23526000976562 2.77974009513855 -26.589502334594727 
v -64.03944396972656 1.1566656827926636 -26.276626586914062 
v -64.00852966308594 1.1710503101348877 -26.276626586914062 
v -63.02947998046875 3.604464054107666 -25.432815551757812 
v -63.091312408447266 3.992851495742798 -25.233713150024414 
v -62.916114807128906 3.5828871726989746 -25.442296981811523 
v -62.59663391113281 3.7626960277557373 -25.35696792602539 
v -62.916114807128906 4.798395156860352 -24.816547393798828 
v -62.15348815917969 4.465149402618408 -24.987207412719727 
v -62.514190673828125 5.450502395629883 -24.484712600708008 
v -61.96798324584961 5.215551853179932 -24.60796546936035 
v -62.029815673828125 5.462489604949951 -24.475231170654297 
v -62.22562789916992 5.553592681884766 -24.427825927734375 
v -63.02947998046875 3.604464054107666 -25.432815551757812 
v -62.916114807128906 3.5828871726989746 -25.442296981811523 
v -63.83333206176758 1.473129153251648 -26.532615661621094 
v -63.79210662841797 1.4635393619537354 -26.532615661621094 
v -62.28746032714844 3.338346242904663 -26.95926284790039 
v -62.25654220581055 3.7099509239196777 -27.044593811035156 
v -62.225624084472656 3.321563959121704 -26.95926284790039 
v -61.90614700317383 3.546924352645874 -27.006668090820312 
v -62.10195541381836 4.155877113342285 -27.14888572692871 
v -61.68972396850586 3.911336898803711 -27.091999053955078 
v -61.86492156982422 4.438776016235352 -27.215251922607422 
v -61.555747985839844 4.256569862365723 -27.1678466796875 
v -61.586666107177734 4.4459686279296875 -27.215251922607422 
v -61.72064208984375 4.496315002441406 -27.224733352661133 
v -62.28746032714844 3.338346242904663 -26.95926284790039 
v -62.225624084472656 3.321563959121704 -26.95926284790039 
v -63.61690902709961 1.1015241146087646 -26.456768035888672 
v -63.59629821777344 1.0943318605422974 -26.45676612854004 
v -74.87084197998047 9.487808227539062 -27.992704391479492 
v -72.89212799072266 7.442783355712891 -26.41884994506836 
v -74.44830322265625 9.487809181213379 -26.418851852416992 
v -73.52078247070312 7.442784786224365 -24.067550659179688 
v -74.87084197998047 9.487810134887695 -24.84499740600586 
v -75.25215911865234 7.442785739898682 -22.34200096130371 
v -76.02509307861328 9.487811088562012 -23.688310623168945 
v -77.60188293457031 7.44278621673584 -21.706771850585938 
v -77.60188293457031 9.487811088562012 -23.26166343688965 
v -79.96190643310547 7.442785739898682 -22.34200096130371 
v -79.17866516113281 9.487811088562012 -23.688312530517578 
v -81.68297576904297 7.442784786224365 -24.06755256652832 
v -80.33291625976562 9.487810134887695 -24.844999313354492 
v -82.31163024902344 7.442783355712891 -26.418851852416992 
v -80.75545501708984 9.487809181213379 -26.418853759765625 
v -81.68297576904297 7.442781925201416 -28.770151138305664 
v -80.33291625976562 9.487808227539062 -27.992706298828125 
v -79.96190643310547 7.442780494689941 -30.49570083618164 
v -79.17866516113281 9.487807273864746 -29.14939308166504 
v -77.60187530517578 7.442780494689941 -31.130929946899414 
v -77.60187530517578 9.487807273864746 -29.576040267944336 
v -73.52078247070312 7.442781925201416 -28.77014923095703 
v -76.02509307861328 9.487807273864746 -29.14939308166504 
v -75.25215911865234 7.442780494689941 -30.49570083618164 
v -77.60187530517578 9.487807273864746 -29.576040267944336 
v -77.60187530517578 7.442780494689941 -31.130929946899414 
v -51.24995040893555 1.5114887952804565 -25.660356521606445 
v -50.38426208496094 1.5114867687225342 -28.89339256286621 
v -52.229000091552734 -0.07562410086393356 -25.8499755859375 
v -51.24995040893555 -0.07562629878520966 -29.40536880493164 
v -47.508941650390625 1.511484980583191 -31.889402389526367 
v -48.1066780090332 -0.07562832534313202 -32.676326751708984 
v -43.551513671875 1.511484146118164 -33.140899658203125 
v -43.77824020385742 -0.07562917470932007 -34.05107879638672 
v -39.9857063293457 1.5114843845367432 -32.913352966308594 
v -39.862037658691406 -0.07562902569770813 -33.804569244384766 
v -50.8686408996582 -0.07561617344617844 -13.041082382202148 
v -50.054481506347656 1.5162910223007202 -13.989188194274902 
v -47.179161071777344 -0.07561679184436798 -14.036591529846191 
v -46.66387176513672 1.5114954710006714 -14.889886856079102 
v -44.16986846923828 -0.07561677694320679 -14.017627716064453 
v -43.91222381591797 1.5114954710006714 -14.832999229431152 
v -38.986053466796875 1.5090968608856201 -16.852460861206055 
v -38.7284049987793 -0.07561810314655304 -16.160343170166016 
v -35.04923629760742 1.5090960264205933 -18.179805755615234 
v -34.451499938964844 -0.07561906427145004 -17.705751419067383 
v -32.82318115234375 1.5090950727462769 -19.763139724731445 
v -32.07085418701172 -0.07562015950679779 -19.47870635986328 
v -30.62804412841797 1.511491060256958 -22.142881393432617 
v -30.133365631103516 -0.07562173902988434 -22.02910804748535 
v -39.9857063293457 1.5114843845367432 -32.913352966308594 
v -36.368370056152344 1.5114850997924805 -31.671335220336914 
v -39.862037658691406 -0.07562902569770813 -33.804569244384766 
v -35.86338806152344 -0.07562819123268127 -32.45825958251953 
v -51.24995040893555 1.5114887952804565 -25.660356521606445 
v -52.229000091552734 -0.07562410086393356 -25.8499755859375 
v -51.373619079589844 1.5114905834197998 -22.749675750732422 
v -52.37328338623047 -0.07562211900949478 -22.645381927490234 
v -52.00227355957031 -0.07562031596899033 -19.73470115661621 
v -51.0438346862793 1.5138897895812988 -20.094982147216797 
v -51.9404411315918 1.5138911008834839 -17.999671936035156 
v -52.991634368896484 -0.07561888545751572 -17.421327590942383 
v -53.17713928222656 -0.07561682909727097 -14.102960586547852 
v -52.156864166259766 1.5162904262542725 -14.956254959106445 
v -50.8686408996582 -0.07561617344617844 -13.041082382202148 
v -50.054481506347656 1.5162910223007202 -13.989188194274902 
v -28.90697479248047 -0.07562322914600372 -24.437294006347656 
v -30.133365631103516 -0.07562173902988434 -22.02910804748535 
v -29.515018463134766 1.5138871669769287 -24.361446380615234 
v -30.62804412841797 1.511491060256958 -22.142881393432617 
v -33.83314895629883 1.5114858150482178 -30.457759857177734 
v -36.368370056152344 1.5114850997924805 -31.671335220336914 
v -33.070518493652344 -0.07562736421823502 -31.121431350708008 
v -35.86338806152344 -0.07562819123268127 -32.45825958251953 
v -31.792598724365234 2.120443344116211 -22.626415252685547 
v -36.96611022949219 4.187044620513916 -25.584505081176758 
v -30.524986267089844 2.1204419136047363 -25.110448837280273 
v -33.34877395629883 3.1369597911834717 -27.376420974731445 
v -29.082172393798828 1.513885736465454 -26.53260612487793 
v -27.917617797851562 -0.07562467455863953 -26.769630432128906 
v -29.515018463134766 1.5138871669769287 -24.361446380615234 
v -28.90697479248047 -0.07562322914600372 -24.437294006347656 
v -29.86541175842285 -0.07562629878520966 -29.3958797454834 
v -30.88568687438965 1.5138843059539795 -28.902868270874023 
v -33.070518493652344 -0.07562736421823502 -31.121431350708008 
v -33.83314895629883 1.5114858150482178 -30.457759857177734 
v -27.917617797851562 -0.07562467455863953 -26.769630432128906 
v -29.082172393798828 1.513885736465454 -26.53260612487793 
v -28.19587516784668 -0.07562578469514847 -28.571029663085938 
v -29.329511642456055 1.5162822008132935 -28.163345336914062 
v -29.86541175842285 -0.07562629878520966 -29.3958797454834 
v -30.88568687438965 1.5138843059539795 -28.902868270874023 
v -50.03386688232422 2.1204416751861572 -25.33799934387207 
v -51.24995040893555 1.5114887952804565 -25.660356521606445 
v -49.54949188232422 2.1204402446746826 -27.670337677001953 
v -50.38426208496094 1.5114867687225342 -28.89339256286621 
v -49.54949188232422 2.1204402446746826 -27.670337677001953 
v -50.38426208496094 1.5114867687225342 -28.89339256286621 
v -46.715396881103516 2.120438575744629 -30.505168914794922 
v -47.508941650390625 1.511484980583191 -31.889402389526367 
v -46.715396881103516 2.120438575744629 -30.505168914794922 
v -47.508941650390625 1.511484980583191 -31.889402389526367 
v -43.036224365234375 2.1204378604888916 -31.737703323364258 
v -43.551513671875 1.511484146118164 -33.140899658203125 
v -43.036224365234375 2.1204378604888916 -31.737703323364258 
v -43.551513671875 1.511484146118164 -33.140899658203125 
v -40.43916320800781 2.1204378604888916 -31.481714248657227 
v -39.9857063293457 1.5114843845367432 -32.913352966308594 
v -44.56148910522461 2.1204476356506348 -15.866434097290039 
v -43.91222381591797 1.5114954710006714 -14.832999229431152 
v -46.7257080078125 2.1204473972320557 -16.15086555480957 
v -46.66387176513672 1.5114954710006714 -14.889886856079102 
v -39.604400634765625 2.12044620513916 -17.95226287841797 
v -38.986053466796875 1.5090968608856201 -16.852460861206055 
v -44.56148910522461 2.1204476356506348 -15.866434097290039 
v -43.91222381591797 1.5114954710006714 -14.832999229431152 
v -35.430545806884766 2.120445489883423 -19.35545539855957 
v -35.04923629760742 1.5090960264205933 -18.179805755615234 
v -39.604400634765625 2.12044620513916 -17.95226287841797 
v -38.986053466796875 1.5090968608856201 -16.852460861206055 
v -31.792598724365234 2.120443344116211 -22.626415252685547 
v -30.62804412841797 1.511491060256958 -22.142881393432617 
v -33.83314895629883 2.1204442977905273 -21.1568546295166 
v -32.82318115234375 1.5090950727462769 -19.763139724731445 
v -40.43916320800781 2.1204378604888916 -31.481714248657227 
v -39.9857063293457 1.5114843845367432 -32.913352966308594 
v -36.58479690551758 2.120438575744629 -30.438798904418945 
v -36.368370056152344 1.5114850997924805 -31.671335220336914 
v -51.24995040893555 1.5114887952804565 -25.660356521606445 
v -50.03386688232422 2.1204416751861572 -25.33799934387207 
v -51.373619079589844 1.5114905834197998 -22.749675750732422 
v -50.343040466308594 2.1204428672790527 -23.394386291503906 
v -51.0438346862793 1.5138897895812988 -20.094982147216797 
v -49.79683303833008 2.1204450130462646 -20.076019287109375 
v -51.9404411315918 1.5138911008834839 -17.999671936035156 
v -50.76557922363281 2.120445966720581 -18.473722457885742 
v -52.156864166259766 1.5162904262542725 -14.956254959106445 
v -51.239646911621094 2.1204476356506348 -15.866436004638672 
v -50.054481506347656 1.5162910223007202 -13.989188194274902 
v -49.49796676635742 2.120448112487793 -15.145875930786133 
v -46.7257080078125 2.1204473972320557 -16.15086555480957 
v -46.66387176513672 1.5114954710006714 -14.889886856079102 
v -49.49796676635742 2.120448112487793 -15.145875930786133 
v -50.054481506347656 1.5162910223007202 -13.989188194274902 
v -30.62804412841797 1.511491060256958 -22.142881393432617 
v -31.792598724365234 2.120443344116211 -22.626415252685547 
v -29.515018463134766 1.5138871669769287 -24.361446380615234 
v -30.524986267089844 2.1204419136047363 -25.110448837280273 
v -36.58479690551758 2.120438575744629 -30.438798904418945 
v -36.368370056152344 1.5114850997924805 -31.671335220336914 
v -33.894981384277344 2.120439291000366 -29.225223541259766 
v -33.83314895629883 1.5114858150482178 -30.457759857177734 
v -29.329511642456055 1.5162822008132935 -28.163345336914062 
v -30.576515197753906 2.1204400062561035 -27.954763412475586 
v -30.88568687438965 1.5138843059539795 -28.902868270874023 
v -31.96779441833496 2.1204400062561035 -28.277118682861328 
v -29.082172393798828 1.513885736465454 -26.53260612487793 
v -30.329174041748047 2.120440721511841 -26.80755615234375 
v -29.329511642456055 1.5162822008132935 -28.163345336914062 
v -30.576515197753906 2.1204400062561035 -27.954763412475586 
v -29.515018463134766 1.5138871669769287 -24.361446380615234 
v -30.524986267089844 2.1204419136047363 -25.110448837280273 
v -29.082172393798828 1.513885736465454 -26.53260612487793 
v -30.329174041748047 2.120440721511841 -26.80755615234375 
v -33.894981384277344 2.120439291000366 -29.225223541259766 
v -33.83314895629883 1.5114858150482178 -30.457759857177734 
v -31.96779441833496 2.1204400062561035 -28.277118682861328 
v -30.88568687438965 1.5138843059539795 -28.902868270874023 
v -35.04923629760742 1.5090960264205933 -18.179805755615234 
v -35.430545806884766 2.120445489883423 -19.35545539855957 
v -32.82318115234375 1.5090950727462769 -19.763139724731445 
v -33.83314895629883 2.1204442977905273 -21.1568546295166 
v -51.373619079589844 1.5114905834197998 -22.749675750732422 
v -50.343040466308594 2.1204428672790527 -23.394386291503906 
v -51.0438346862793 1.5138897895812988 -20.094982147216797 
v -49.79683303833008 2.1204450130462646 -20.076019287109375 
v -51.9404411315918 1.5138911008834839 -17.999671936035156 
v -50.76557922363281 2.120445966720581 -18.473722457885742 
v -52.156864166259766 1.5162904262542725 -14.956254959106445 
v -51.239646911621094 2.1204476356506348 -15.866436004638672 
v -28.75238800048828 1.1830397844314575 -22.71174430847168 
v -29.494407653808594 -0.01328887790441513 -23.26164436340332 
v -26.36144256591797 1.183038592338562 -24.655357360839844 
v -26.86642837524414 -0.013290186412632465 -25.37591552734375 
v -22.383407592773438 1.1830379962921143 -25.58449935913086 
v -22.49676513671875 -0.013290814124047756 -26.3903865814209 
v -18.322921752929688 1.1830384731292725 -24.826013565063477 
v -18.065277099609375 -0.013290303759276867 -25.565534591674805 
v -15.365151405334473 1.1806421279907227 -23.16683006286621 
v -14.808639526367188 -0.01328918244689703 -23.754653930664062 
v -34.77098083496094 -0.01328288670629263 -13.581497192382812 
v -33.585811614990234 1.1854428052902222 -13.913334846496582 
v -31.081504821777344 -0.013282369822263718 -12.747163772583008 
v -30.205509185791016 1.183045744895935 -13.135887145996094 
v -28.484439849853516 -0.013281583786010742 -11.476703643798828 
v -27.855789184570312 1.1806490421295166 -11.941275596618652 
v -22.579219818115234 1.1806493997573853 -11.325005531311035 
v -22.713191986083984 -0.013281119987368584 -10.72769832611084 
v -18.508426666259766 1.1806498765945435 -10.623407363891602 
v -18.230167388916016 -0.01328069157898426 -10.035582542419434 
v -15.78769302368164 1.180649757385254 -10.822507858276367 
v -15.28271198272705 -0.013280862011015415 -10.310531616210938 
v -12.69595718383789 1.1830466985702515 -11.599953651428223 
v -12.324947357177734 -0.013281484134495258 -11.315520286560059 
v -15.365151405334473 1.1806421279907227 -23.16683006286621 
v -12.860848426818848 1.183040976524353 -20.777605056762695 
v -14.808639526367188 -0.01328918244689703 -23.754653930664062 
v -12.026078224182129 -0.013287557289004326 -21.128402709960938 
v -28.75238800048828 1.1830397844314575 -22.71174430847168 
v -29.494407653808594 -0.01328887790441513 -23.26164436340332 
v -30.318872451782227 1.183040976524353 -20.69228172302246 
v -31.22578239440918 -0.013287504203617573 -21.043079376220703 
v -32.38003158569336 -0.013286125846207142 -18.815034866333008 
v -31.359758377075195 1.183042287826538 -18.672819137573242 
v -33.194190979003906 1.1854405403137207 -17.544574737548828 
v -34.38966369628906 -0.013285363093018532 -17.58249855041504 
v -36.224098205566406 -0.013283948414027691 -15.297567367553711 
v -34.915260314941406 1.1854417324066162 -15.477706909179688 
v -34.77098083496094 -0.01328288670629263 -13.581497192382812 
v -33.585811614990234 1.1854428052902222 -13.913334846496582 
v -10.047367095947266 -0.013282223604619503 -12.5101318359375 
v -12.324947357177734 -0.013281484134495258 -11.315520286560059 
v -10.614185333251953 1.1830459833145142 -12.709235191345215 
v -12.69595718383789 1.1830466985702515 -11.599953651428223 
v -11.284059524536133 1.1830421686172485 -18.85295295715332 
v -12.860848426818848 1.183040976524353 -20.777605056762695 
v -10.284395217895508 -0.013286248780786991 -19.014129638671875 
v -12.026078224182129 -0.013287557289004326 -21.128402709960938 
v -13.45858383178711 1.64095938205719 -12.4248046875 
v -16.447267532348633 3.1297740936279297 -16.70075798034668 
v -11.10886001586914 1.6409586668014526 -13.666820526123047 
v -12.190974235534668 2.7389895915985107 -16.463729858398438 
v -9.15075969696045 1.1854426860809326 -14.074504852294922 
v -8.02743148803711 -0.013282997533679008 -13.761629104614258 
v -10.614185333251953 1.1830459833145142 -12.709235191345215 
v -10.047367095947266 -0.013282223604619503 -12.5101318359375 
v -8.38813304901123 -0.013284658081829548 -16.444765090942383 
v -9.511462211608887 1.1830435991287231 -16.520614624023438 
v -10.284395217895508 -0.013286248780786991 -19.014129638671875 
v -11.284059524536133 1.1830421686172485 -18.85295295715332 
v -8.02743148803711 -0.013282997533679008 -13.761629104614258 
v -9.15075969696045 1.1854426860809326 -14.074504852294922 
v -7.357546806335449 -0.013283860869705677 -15.155342102050781 
v -8.542719841003418 1.1854418516159058 -15.344964981079102 
v -8.38813304901123 -0.013284658081829548 -16.444765090942383 
v -9.511462211608887 1.1830435991287231 -16.520614624023438 
v -27.855785369873047 1.640953540802002 -21.98170280456543 
v -28.75238800048828 1.1830397844314575 -22.71174430847168 
v -26.268692016601562 1.6409525871276855 -23.432302474975586 
v -26.36144256591797 1.183038592338562 -24.655357360839844 
v -26.268692016601562 1.6409525871276855 -23.432302474975586 
v -26.36144256591797 1.183038592338562 -24.655357360839844 
v -22.393707275390625 1.6409521102905273 -24.266633987426758 
v -22.383407592773438 1.1830379962921143 -25.58449935913086 
v -22.393707275390625 1.6409521102905273 -24.266633987426758 
v -22.383407592773438 1.1830379962921143 -25.58449935913086 
v -18.590866088867188 1.640952467918396 -23.60295867919922 
v -18.322921752929688 1.1830384731292725 -24.826013565063477 
v -18.590866088867188 1.640952467918396 -23.60295867919922 
v -18.322921752929688 1.1830384731292725 -24.826013565063477 
v -16.467872619628906 1.6409533023834229 -22.34197998046875 
v -15.365151405334473 1.1806421279907227 -23.16683006286621 
v -27.897010803222656 1.6409590244293213 -12.955747604370117 
v -27.855789184570312 1.1806490421295166 -11.941275596618652 
v -29.618080139160156 1.6409584283828735 -14.055549621582031 
v -30.205509185791016 1.183045744895935 -13.135887145996094 
v -22.558605194091797 1.64095938205719 -12.367919921875 
v -22.579219818115234 1.1806493997573853 -11.325005531311035 
v -27.897010803222656 1.6409590244293213 -12.955747604370117 
v -27.855789184570312 1.1806490421295166 -11.941275596618652 
v -18.250782012939453 1.6409598588943481 -11.618917465209961 
v -18.508426666259766 1.1806498765945435 -10.623407363891602 
v -22.558605194091797 1.64095938205719 -12.367919921875 
v -22.579219818115234 1.1806493997573853 -11.325005531311035 
v -13.45858383178711 1.64095938205719 -12.4248046875 
v -12.69595718383789 1.1830466985702515 -11.599953651428223 
v -15.962894439697266 1.6409595012664795 -12.235183715820312 
v -15.78769302368164 1.180649757385254 -10.822507858276367 
v -16.467872619628906 1.6409533023834229 -22.34197998046875 
v -15.365151405334473 1.1806421279907227 -23.16683006286621 
v -13.675004959106445 1.6409547328948975 -19.990678787231445 
v -12.860848426818848 1.183040976524353 -20.777605056762695 
v -28.75238800048828 1.1830397844314575 -22.71174430847168 
v -27.855785369873047 1.640953540802002 -21.98170280456543 
v -30.318872451782227 1.183040976524353 -20.69228172302246 
v -29.1027889251709 1.6409542560577393 -20.730205535888672 
v -31.359758377075195 1.183042287826538 -18.672819137573242 
v -30.298261642456055 1.640955924987793 -18.13239860534668 
v -33.194190979003906 1.1854405403137207 -17.544574737548828 
v -31.9368839263916 1.6409562826156616 -17.39287757873535 
v -34.915260314941406 1.1854417324066162 -15.477706909179688 
v -33.66825866699219 1.6409573554992676 -15.743176460266113 
v -33.585811614990234 1.1854428052902222 -13.913334846496582 
v -32.524314880371094 1.6409580707550049 -14.501158714294434 
v -29.618080139160156 1.6409584283828735 -14.055549621582031 
v -30.205509185791016 1.183045744895935 -13.135887145996094 
v -32.524314880371094 1.6409580707550049 -14.501158714294434 
v -33.585811614990234 1.1854428052902222 -13.913334846496582 
v -12.69595718383789 1.1830466985702515 -11.599953651428223 
v -13.45858383178711 1.64095938205719 -12.4248046875 
v -10.614185333251953 1.1830459833145142 -12.709235191345215 
v -11.10886001586914 1.6409586668014526 -13.666820526123047 
v -13.675004959106445 1.6409547328948975 -19.990678787231445 
v -12.860848426818848 1.183040976524353 -20.777605056762695 
v -11.953935623168945 1.640955924987793 -17.999658584594727 
v -11.284059524536133 1.1830421686172485 -18.85295295715332 
v -8.542719841003418 1.1854418516159058 -15.344964981079102 
v -9.727885246276855 1.6409573554992676 -15.714726448059082 
v -9.511462211608887 1.1830435991287231 -16.520614624023438 
v -10.768771171569824 1.6409568786621094 -16.520614624023438 
v -9.15075969696045 1.1854426860809326 -14.074504852294922 
v -10.088587760925293 1.6409579515457153 -14.795064926147461 
v -8.542719841003418 1.1854418516159058 -15.344964981079102 
v -9.727885246276855 1.6409573554992676 -15.714726448059082 
v -10.614185333251953 1.1830459833145142 -12.709235191345215 
v -11.10886001586914 1.6409586668014526 -13.666820526123047 
v -9.15075969696045 1.1854426860809326 -14.074504852294922 
v -10.088587760925293 1.6409579515457153 -14.795064926147461 
v -11.953935623168945 1.640955924987793 -17.999658584594727 
v -11.284059524536133 1.1830421686172485 -18.85295295715332 
v -10.768771171569824 1.6409568786621094 -16.520614624023438 
v -9.511462211608887 1.1830435991287231 -16.520614624023438 
v -18.508426666259766 1.1806498765945435 -10.623407363891602 
v -18.250782012939453 1.6409598588943481 -11.618917465209961 
v -15.78769302368164 1.180649757385254 -10.822507858276367 
v -15.962894439697266 1.6409595012664795 -12.235183715820312 
v -30.318872451782227 1.183040976524353 -20.69228172302246 
v -29.1027889251709 1.6409542560577393 -20.730205535888672 
v -31.359758377075195 1.183042287826538 -18.672819137573242 
v -30.298261642456055 1.640955924987793 -18.13239860534668 
v -33.194190979003906 1.1854405403137207 -17.544574737548828 
v -31.9368839263916 1.6409562826156616 -17.39287757873535 
v -34.915260314941406 1.1854417324066162 -15.477706909179688 
v -33.66825866699219 1.6409573554992676 -15.743176460266113 
v 90.98040008544922 2.165992259979248 -26.997140884399414 
v 90.22806549072266 0.969663679599762 -27.547040939331055 
v 93.37134552001953 2.1659910678863525 -28.940753936767578 
v 92.8663558959961 0.9696623682975769 -29.661314010620117 
v 97.34937286376953 2.1659905910491943 -29.869895935058594 
v 97.23601531982422 0.9696617722511292 -30.685264587402344 
v 101.40985870361328 2.1659910678863525 -29.11141014099121 
v 101.6675033569336 0.9696622490882874 -29.85093116760254 
v 104.36763763427734 2.165992021560669 -27.461708068847656 
v 104.92414093017578 0.9696633815765381 -28.040050506591797 
v 84.9618148803711 0.9696696996688843 -17.866893768310547 
v 86.13666534423828 2.1683952808380127 -18.198732376098633 
v 88.65128326416016 0.9696702361106873 -17.032560348510742 
v 89.52727508544922 2.1659982204437256 -17.42128562927246 
v 91.24834442138672 0.9696710109710693 -15.762100219726562 
v 91.87700653076172 2.165998935699463 -16.226673126220703 
v 97.15357208251953 2.165999412536621 -15.61988353729248 
v 97.01959991455078 0.9696714282035828 -15.01309585571289 
v 101.22435760498047 2.1659996509552 -14.908803939819336 
v 101.50261688232422 0.969671905040741 -14.330459594726562 
v 103.9450912475586 2.1659996509552 -15.107905387878418 
v 104.45008087158203 0.9696717262268066 -14.595927238464355 
v 107.03682708740234 2.165999174118042 -15.885350227355957 
v 107.40784454345703 0.9696710705757141 -15.60091781616211 
v 104.36763763427734 2.165992021560669 -27.461708068847656 
v 106.87194061279297 2.1659934520721436 -25.06300163269043 
v 104.92414093017578 0.9696633815765381 -28.040050506591797 
v 107.70670318603516 0.969664990901947 -25.413801193237305 
v 90.98040008544922 2.165992259979248 -26.997140884399414 
v 90.22806549072266 0.969663679599762 -27.547040939331055 
v 89.4139175415039 2.1659934520721436 -24.987159729003906 
v 88.50701141357422 0.9696650505065918 -25.328475952148438 
v 87.3527603149414 0.9696664810180664 -23.100431442260742 
v 88.36272430419922 2.1683921813964844 -22.958215713500977 
v 86.5385971069336 2.1683928966522217 -21.839452743530273 
v 85.3431167602539 0.9696671962738037 -21.867895126342773 
v 83.5086898803711 0.9696686267852783 -19.582963943481445 
v 84.8175277709961 2.1707916259765625 -19.763105392456055 
v 84.9618148803711 0.9696696996688843 -17.866893768310547 
v 86.13666534423828 2.1683952808380127 -18.198732376098633 
v 109.68541717529297 0.9696703553199768 -16.805009841918945 
v 107.40784454345703 0.9696710705757141 -15.60091781616211 
v 109.11859893798828 2.16839599609375 -17.004112243652344 
v 107.03682708740234 2.165999174118042 -15.885350227355957 
v 108.44872283935547 2.165994644165039 -23.138349533081055 
v 106.87194061279297 2.1659934520721436 -25.06300163269043 
v 109.4483871459961 0.9696663022041321 -23.29952621459961 
v 107.70670318603516 0.969664990901947 -25.413801193237305 
v 106.27420806884766 2.626309394836426 -16.710201263427734 
v 103.28551483154297 4.11272668838501 -20.986154556274414 
v 108.6136245727539 2.6263086795806885 -17.952219009399414 
v 107.54181671142578 3.724339723587036 -20.749128341674805 
v 110.58202362060547 2.1683950424194336 -18.359901428222656 
v 111.70536041259766 0.9696695804595947 -18.047027587890625 
v 109.11859893798828 2.16839599609375 -17.004112243652344 
v 109.68541717529297 0.9696703553199768 -16.805009841918945 
v 111.34465789794922 0.969667911529541 -20.73016357421875 
v 110.22132110595703 2.168393611907959 -20.806011199951172 
v 109.4483871459961 0.9696663022041321 -23.29952621459961 
v 108.44872283935547 2.165994644165039 -23.138349533081055 
v 111.70536041259766 0.9696695804595947 -18.047027587890625 
v 110.58202362060547 2.1683950424194336 -18.359901428222656 
v 112.37523651123047 0.9696687459945679 -19.44074058532715 
v 111.19007110595703 2.1683943271636963 -19.630361557006836 
v 111.34465789794922 0.969667911529541 -20.73016357421875 
v 110.22132110595703 2.168393611907959 -20.806011199951172 
v 91.87700653076172 2.6263034343719482 -26.267099380493164 
v 90.98040008544922 2.165992259979248 -26.997140884399414 
v 93.4640884399414 2.626302480697632 -27.72718048095703 
v 93.37134552001953 2.1659910678863525 -28.940753936767578 
v 93.4640884399414 2.626302480697632 -27.72718048095703 
v 93.37134552001953 2.1659910678863525 -28.940753936767578 
v 97.33907318115234 2.6263020038604736 -28.561511993408203 
v 97.34937286376953 2.1659905910491943 -29.869895935058594 
v 97.33907318115234 2.6263020038604736 -28.561511993408203 
v 97.34937286376953 2.1659905910491943 -29.869895935058594 
v 101.14191436767578 2.626302480697632 -27.897836685180664 
v 101.40985870361328 2.1659910678863525 -29.11141014099121 
v 101.14191436767578 2.626302480697632 -27.897836685180664 
v 101.40985870361328 2.1659910678863525 -29.11141014099121 
v 103.2649154663086 2.626303195953369 -26.636857986450195 
v 104.36763763427734 2.165992021560669 -27.461708068847656 
v 91.83577728271484 2.6263089179992676 -17.24114418029785 
v 91.87700653076172 2.165998935699463 -16.226673126220703 
v 90.11470794677734 2.6263084411621094 -18.350427627563477 
v 89.52727508544922 2.1659982204437256 -17.42128562927246 
v 97.17418670654297 2.626309394836426 -16.653318405151367 
v 97.15357208251953 2.165999412536621 -15.61988353729248 
v 91.83577728271484 2.6263089179992676 -17.24114418029785 
v 91.87700653076172 2.165998935699463 -16.226673126220703 
v 101.48200225830078 2.626309871673584 -15.904314041137695 
v 101.22435760498047 2.1659996509552 -14.908803939819336 
v 97.17418670654297 2.626309394836426 -16.653318405151367 
v 97.15357208251953 2.165999412536621 -15.61988353729248 
v 106.27420806884766 2.626309394836426 -16.710201263427734 
v 107.03682708740234 2.165999174118042 -15.885350227355957 
v 103.76988983154297 2.626309394836426 -16.520580291748047 
v 103.9450912475586 2.1659996509552 -15.107905387878418 
v 103.2649154663086 2.626303195953369 -26.636857986450195 
v 104.36763763427734 2.165992021560669 -27.461708068847656 
v 106.05777740478516 2.6263046264648438 -24.28555679321289 
v 106.87194061279297 2.1659934520721436 -25.06300163269043 
v 90.98040008544922 2.165992259979248 -26.997140884399414 
v 91.87700653076172 2.6263034343719482 -26.267099380493164 
v 89.4139175415039 2.1659934520721436 -24.987159729003906 
v 90.62999725341797 2.6263041496276855 -25.015602111816406 
v 88.36272430419922 2.1683921813964844 -22.958215713500977 
v 89.4242172241211 2.6263058185577393 -22.417797088623047 
v 86.5385971069336 2.1683928966522217 -21.839452743530273 
v 87.78559112548828 2.6263062953948975 -21.687755584716797 
v 84.8175277709961 2.1707916259765625 -19.763105392456055 
v 86.06452178955078 2.626307249069214 -20.028573989868164 
v 86.13666534423828 2.1683952808380127 -18.198732376098633 
v 87.2084732055664 2.626307964324951 -18.796037673950195 
v 90.11470794677734 2.6263084411621094 -18.350427627563477 
v 89.52727508544922 2.1659982204437256 -17.42128562927246 
v 87.2084732055664 2.626307964324951 -18.796037673950195 
v 86.13666534423828 2.1683952808380127 -18.198732376098633 
v 107.03682708740234 2.165999174118042 -15.885350227355957 
v 106.27420806884766 2.626309394836426 -16.710201263427734 
v 109.11859893798828 2.16839599609375 -17.004112243652344 
v 108.6136245727539 2.6263086795806885 -17.952219009399414 
v 106.05777740478516 2.6263046264648438 -24.28555679321289 
v 106.87194061279297 2.1659934520721436 -25.06300163269043 
v 107.77884674072266 2.6263058185577393 -22.294536590576172 
v 108.44872283935547 2.165994644165039 -23.138349533081055 
v 111.19007110595703 2.1683943271636963 -19.630361557006836 
v 110.0049057006836 2.626307249069214 -20.000123977661133 
v 110.22132110595703 2.168393611907959 -20.806011199951172 
v 108.9640121459961 2.6263067722320557 -20.806013107299805 
v 110.58202362060547 2.1683950424194336 -18.359901428222656 
v 109.64420318603516 2.626307964324951 -19.080461502075195 
v 111.19007110595703 2.1683943271636963 -19.630361557006836 
v 110.0049057006836 2.626307249069214 -20.000123977661133 
v 109.11859893798828 2.16839599609375 -17.004112243652344 
v 108.6136245727539 2.6263086795806885 -17.952219009399414 
v 110.58202362060547 2.1683950424194336 -18.359901428222656 
v 109.64420318603516 2.626307964324951 -19.080461502075195 
v 107.77884674072266 2.6263058185577393 -22.294536590576172 
v 108.44872283935547 2.165994644165039 -23.138349533081055 
v 108.9640121459961 2.6263067722320557 -20.806013107299805 
v 110.22132110595703 2.168393611907959 -20.806011199951172 
v 101.22435760498047 2.1659996509552 -14.908803939819336 
v 101.48200225830078 2.626309871673584 -15.904314041137695 
v 103.9450912475586 2.1659996509552 -15.107905387878418 
v 103.76988983154297 2.626309394836426 -16.520580291748047 
v 89.4139175415039 2.1659934520721436 -24.987159729003906 
v 90.62999725341797 2.6263041496276855 -25.015602111816406 
v 88.36272430419922 2.1683921813964844 -22.958215713500977 
v 89.4242172241211 2.6263058185577393 -22.417797088623047 
v 86.5385971069336 2.1683928966522217 -21.839452743530273 
v 87.78559112548828 2.6263062953948975 -21.687755584716797 
v 84.8175277709961 2.1707916259765625 -19.763105392456055 
v 86.06452178955078 2.626307249069214 -20.028573989868164 
v 115.61125946044922 2.1659958362579346 -21.07147979736328 
v 114.85894012451172 0.969667375087738 -21.621379852294922 
v 117.99190521240234 2.165994644165039 -23.015092849731445 
v 117.4972152709961 0.969666063785553 -23.735652923583984 
v 121.9802474975586 2.165994167327881 -23.94423484802246 
v 121.85657501220703 0.9696654081344604 -24.7501220703125 
v 126.04073333740234 2.165994644165039 -23.17626953125 
v 126.29837799072266 0.9696659445762634 -23.915788650512695 
v 128.9984893798828 2.1659955978393555 -21.526565551757812 
v 129.55499267578125 0.9696670770645142 -22.114389419555664 
v 109.59266662597656 0.9696733355522156 -11.93175220489502 
v 110.76751708984375 2.168398857116699 -12.2730712890625 
v 113.28213500976562 0.9696738719940186 -11.106900215148926 
v 114.15812683105469 2.166001796722412 -11.495623588562012 
v 115.87919616699219 0.9696746468544006 -9.826958656311035 
v 116.50785827636719 2.1660025119781494 -10.301011085510254 
v 121.784423828125 2.1660029888153076 -9.684741020202637 
v 121.65045166015625 0.9696751236915588 -9.087434768676758 
v 125.85520935058594 2.166003465652466 -8.983142852783203 
v 126.13346862792969 0.9696755409240723 -8.395317077636719 
v 128.57594299316406 2.1660032272338867 -9.182244300842285 
v 129.0809326171875 0.9696753621101379 -8.670267105102539 
v 131.66769409179688 2.1660027503967285 -9.959688186645508 
v 132.0386962890625 0.9696747660636902 -9.665776252746582 
v 128.9984893798828 2.1659955978393555 -21.526565551757812 
v 131.50279235839844 2.16599702835083 -19.137340545654297 
v 129.55499267578125 0.9696670770645142 -22.114389419555664 
v 132.32725524902344 0.9696686863899231 -19.488140106201172 
v 115.61125946044922 2.1659958362579346 -21.07147979736328 
v 114.85894012451172 0.969667375087738 -21.621379852294922 
v 114.0447769165039 2.165997266769409 -19.052017211914062 
v 113.13787078857422 0.9696687459945679 -19.402814865112305 
v 111.9836196899414 0.9696701169013977 -17.17477035522461 
v 112.99358367919922 2.16839599609375 -17.032554626464844 
v 111.1694564819336 2.1683967113494873 -15.904311180114746 
v 109.97399139404297 0.9696708917617798 -15.94223403930664 
v 108.1395492553711 0.9696723222732544 -13.657302856445312 
v 109.4483871459961 2.170795440673828 -13.837443351745605 
v 109.59266662597656 0.9696733355522156 -11.93175220489502 
v 110.76751708984375 2.168398857116699 -12.2730712890625 
v 134.3162841796875 0.9696740508079529 -10.869867324829102 
v 132.0386962890625 0.9696747660636902 -9.665776252746582 
v 133.7494659423828 2.1683995723724365 -11.068970680236816 
v 131.66769409179688 2.1660027503967285 -9.959688186645508 
v 133.07957458496094 2.1659982204437256 -17.212688446044922 
v 131.50279235839844 2.16599702835083 -19.137340545654297 
v 134.07923889160156 0.9696699976921082 -17.373865127563477 
v 132.32725524902344 0.9696686863899231 -19.488140106201172 
v 130.90505981445312 2.6263129711151123 -10.784540176391602 
v 127.91638946533203 4.112730026245117 -15.060493469238281 
v 133.24447631835938 2.626312255859375 -12.026556968688965 
v 132.17266845703125 3.7243432998657227 -14.813984870910645 
v 135.21287536621094 2.168398857116699 -12.43424129486084 
v 136.33621215820312 0.9696732759475708 -12.121365547180176 
v 133.7494659423828 2.1683995723724365 -11.068970680236816 
v 134.3162841796875 0.9696740508079529 -10.869867324829102 
v 135.9755096435547 0.9696716070175171 -14.804500579833984 
v 134.8521728515625 2.1683971881866455 -14.870870590209961 
v 134.07923889160156 0.9696699976921082 -17.373865127563477 
v 133.07957458496094 2.1659982204437256 -17.212688446044922 
v 136.33621215820312 0.9696732759475708 -12.121365547180176 
v 135.21287536621094 2.168398857116699 -12.43424129486084 
v 137.00608825683594 0.9696723818778992 -13.5150785446167 
v 135.8209228515625 2.168397903442383 -13.70470142364502 
v 135.9755096435547 0.9696716070175171 -14.804500579833984 
v 134.8521728515625 2.1683971881866455 -14.870870590209961 
v 116.50786590576172 2.6263070106506348 -20.331958770751953 
v 115.61125946044922 2.1659958362579346 -21.07147979736328 
v 118.09496307373047 2.6263062953948975 -21.792037963867188 
v 117.99190521240234 2.165994644165039 -23.015092849731445 
v 118.09496307373047 2.6263062953948975 -21.792037963867188 
v 117.99190521240234 2.165994644165039 -23.015092849731445 
v 121.96993255615234 2.62630558013916 -22.62636947631836 
v 121.9802474975586 2.165994167327881 -23.94423484802246 
v 121.96993255615234 2.62630558013916 -22.62636947631836 
v 121.9802474975586 2.165994167327881 -23.94423484802246 
v 125.77277374267578 2.6263060569763184 -21.96269416809082 
v 126.04073333740234 2.165994644165039 -23.17626953125 
v 125.77277374267578 2.6263060569763184 -21.96269416809082 
v 126.04073333740234 2.165994644165039 -23.17626953125 
v 127.8957748413086 2.6263067722320557 -20.70171546936035 
v 128.9984893798828 2.1659955978393555 -21.526565551757812 
v 116.46662902832031 2.626312732696533 -11.315483093261719 
v 116.50785827636719 2.1660025119781494 -10.301011085510254 
v 114.74556732177734 2.626312017440796 -12.415285110473633 
v 114.15812683105469 2.166001796722412 -11.495623588562012 
v 121.79472351074219 2.6263129711151123 -10.727656364440918 
v 121.784423828125 2.1660029888153076 -9.684741020202637 
v 116.46662902832031 2.626312732696533 -11.315483093261719 
v 116.50785827636719 2.1660025119781494 -10.301011085510254 
v 126.11285400390625 2.6263134479522705 -9.978652954101562 
v 125.85520935058594 2.166003465652466 -8.983142852783203 
v 121.79472351074219 2.6263129711151123 -10.727656364440918 
v 121.784423828125 2.1660029888153076 -9.684741020202637 
v 130.90505981445312 2.6263129711151123 -10.784540176391602 
v 131.66769409179688 2.1660027503967285 -9.959688186645508 
v 128.40074157714844 2.6263132095336914 -10.59492015838623 
v 128.57594299316406 2.1660032272338867 -9.182244300842285 
v 127.8957748413086 2.6263067722320557 -20.70171546936035 
v 128.9984893798828 2.1659955978393555 -21.526565551757812 
v 130.68862915039062 2.6263084411621094 -18.350414276123047 
v 131.50279235839844 2.16599702835083 -19.137340545654297 
v 115.61125946044922 2.1659958362579346 -21.07147979736328 
v 116.50786590576172 2.6263070106506348 -20.331958770751953 
v 114.0447769165039 2.165997266769409 -19.052017211914062 
v 115.26085662841797 2.626307964324951 -19.080459594726562 
v 112.99358367919922 2.16839599609375 -17.032554626464844 
v 114.0550765991211 2.626309394836426 -16.492136001586914 
v 111.1694564819336 2.1683967113494873 -15.904311180114746 
v 112.41646575927734 2.626309871673584 -15.75261402130127 
v 109.4483871459961 2.170795440673828 -13.837443351745605 
v 110.69539642333984 2.6263110637664795 -14.09343147277832 
v 110.76751708984375 2.168398857116699 -12.2730712890625 
v 111.8393325805664 2.626311779022217 -12.860895156860352 
v 114.74556732177734 2.626312017440796 -12.415285110473633 
v 114.15812683105469 2.166001796722412 -11.495623588562012 
v 111.8393325805664 2.626311779022217 -12.860895156860352 
v 110.76751708984375 2.168398857116699 -12.2730712890625 
v 131.66769409179688 2.1660027503967285 -9.959688186645508 
v 130.90505981445312 2.6263129711151123 -10.784540176391602 
v 133.7494659423828 2.1683995723724365 -11.068970680236816 
v 133.24447631835938 2.626312255859375 -12.026556968688965 
v 130.68862915039062 2.6263084411621094 -18.350414276123047 
v 131.50279235839844 2.16599702835083 -19.137340545654297 
v 132.40969848632812 2.626309633255005 -16.359394073486328 
v 133.07957458496094 2.1659982204437256 -17.212688446044922 
v 135.8209228515625 2.168397903442383 -13.70470142364502 
v 134.63575744628906 2.6263110637664795 -14.074461936950684 
v 134.8521728515625 2.1683971881866455 -14.870870590209961 
v 133.59486389160156 2.6263105869293213 -14.880351066589355 
v 135.21287536621094 2.168398857116699 -12.43424129486084 
v 134.27505493164062 2.6263115406036377 -13.154801368713379 
v 135.8209228515625 2.168397903442383 -13.70470142364502 
v 134.63575744628906 2.6263110637664795 -14.074461936950684 
v 133.7494659423828 2.1683995723724365 -11.068970680236816 
v 133.24447631835938 2.626312255859375 -12.026556968688965 
v 135.21287536621094 2.168398857116699 -12.43424129486084 
v 134.27505493164062 2.6263115406036377 -13.154801368713379 
v 132.40969848632812 2.626309633255005 -16.359394073486328 
v 133.07957458496094 2.1659982204437256 -17.212688446044922 
v 133.59486389160156 2.6263105869293213 -14.880351066589355 
v 134.8521728515625 2.1683971881866455 -14.870870590209961 
v 125.85520935058594 2.166003465652466 -8.983142852783203 
v 126.11285400390625 2.6263134479522705 -9.978652954101562 
v 128.57594299316406 2.1660032272338867 -9.182244300842285 
v 128.40074157714844 2.6263132095336914 -10.59492015838623 
v 114.0447769165039 2.165997266769409 -19.052017211914062 
v 115.26085662841797 2.626307964324951 -19.080459594726562 
v 112.99358367919922 2.16839599609375 -17.032554626464844 
v 114.0550765991211 2.626309394836426 -16.492136001586914 
v 111.1694564819336 2.1683967113494873 -15.904311180114746 
v 112.41646575927734 2.626309871673584 -15.75261402130127 
v 109.4483871459961 2.170795440673828 -13.837443351745605 
v 110.69539642333984 2.6263110637664795 -14.09343147277832 
v -61.112632751464844 3.5110321044921875 85.36268615722656 
v -61.66914749145508 4.074433326721191 85.68504333496094 
v -61.00957489013672 3.57576322555542 85.3721694946289 
v -61.12294006347656 4.31178092956543 85.70401000976562 
v -62.14321517944336 4.944708824157715 86.12117004394531 
v -61.390892028808594 5.170068740844727 86.1116943359375 
v -62.29780197143555 5.594418048858643 86.42456817626953 
v -61.66914749145508 5.850945472717285 86.44352722167969 
v -61.97832107543945 6.00678014755249 86.55729675292969 
v -62.174129486083984 5.927663803100586 86.55729675292969 
v -61.112632751464844 3.5110321044921875 85.36268615722656 
v -61.00957489013672 3.57576322555542 85.3721694946289 
v -60.20572280883789 1.5978652238845825 84.41458892822266 
v -60.15419387817383 1.6266345977783203 84.41458892822266 
v -60.12327575683594 2.7486422061920166 84.74642181396484 
v -60.44275665283203 3.264094114303589 84.651611328125 
v -60.03052520751953 2.77980899810791 84.74642181396484 
v -60.02021789550781 3.3551974296569824 84.63265228271484 
v -60.64887237548828 3.9977142810821533 84.49991607666016 
v -60.09236145019531 4.048060894012451 84.49043273925781 
v -60.66948318481445 4.515563488006592 84.40510559082031 
v -60.19541931152344 4.606666564941406 84.38613891601562 
v -60.39122772216797 4.772090911865234 84.34822082519531 
v -60.545814514160156 4.745718955993652 84.35769653320312 
v -60.12327575683594 2.7486422061920166 84.74642181396484 
v -60.03052520751953 2.77980899810791 84.74642181396484 
v -59.84502029418945 1.156734585762024 85.05929565429688 
v -59.80379867553711 1.171119213104248 85.05929565429688 
v 43.36757278442383 3.511035680770874 91.07978820800781 
v 42.81105422973633 4.074437141418457 91.40214538574219 
v 43.48093032836914 3.5757668018341064 91.08927154541016 
v 43.36757278442383 4.311784744262695 91.42110443115234 
v 42.347293853759766 4.944712162017822 91.83827209472656 
v 43.08931350708008 5.170072555541992 91.82878875732422 
v 42.19270706176758 5.594421863555908 92.14166259765625 
v 42.81105422973633 5.850948810577393 92.16062927246094 
v 42.51218032836914 6.006783485412598 92.27439880371094 
v 42.30606460571289 5.927667617797852 92.27439880371094 
v 43.36757278442383 3.511035680770874 91.07978820800781 
v 43.48093032836914 3.5757668018341064 91.08927154541016 
v 44.2847785949707 1.597868800163269 90.13168334960938 
v 44.336307525634766 1.6266381740570068 90.13168334960938 
v 44.36722183227539 2.748645782470703 90.46351623535156 
v 44.04774856567383 3.2640976905822754 90.36870574951172 
v 44.44968032836914 2.7798125743865967 90.46351623535156 
v 44.470279693603516 3.355201005935669 90.34974670410156 
v 43.84163284301758 3.9977176189422607 90.21701049804688 
v 44.39815139770508 4.048064231872559 90.20753479003906 
v 43.82101821899414 4.515567302703857 90.12220001220703 
v 44.29509353637695 4.606670379638672 90.10324096679688 
v 44.09927749633789 4.7720947265625 90.07479858398438 
v 43.9446907043457 4.74572229385376 90.07479858398438 
v 44.36722183227539 2.748645782470703 90.46351623535156 
v 44.44968032836914 2.7798125743865967 90.46351623535156 
v 44.64548110961914 1.1567381620407104 90.77639770507812 
v 44.676395416259766 1.1711227893829346 90.77639770507812 
v 79.9737777709961 3.511030435562134 82.67011260986328 
v 79.4172592163086 4.074431896209717 82.99246978759766 
v 80.0871353149414 3.575761556625366 82.68907165527344 
v 79.9737777709961 4.311779499053955 83.02091217041016 
v 78.95349884033203 4.944706916809082 83.43807983398438 
v 79.70581817626953 5.170067310333252 83.42859649658203 
v 78.79891204833984 5.594416618347168 83.73198699951172 
v 79.4172592163086 5.850943565368652 83.76042938232422 
v 79.1183853149414 6.006778240203857 83.8647232055664 
v 78.91226959228516 5.927662372589111 83.8647232055664 
v 79.9737777709961 3.511030435562134 82.67011260986328 
v 80.0871353149414 3.575761556625366 82.68907165527344 
v 80.89098358154297 1.5978635549545288 81.72200775146484 
v 80.94251251220703 1.6266329288482666 81.72200775146484 
v 80.97342681884766 2.748640537261963 82.05384826660156 
v 80.6539535522461 3.264092445373535 81.95903778076172 
v 81.0558853149414 2.7798073291778564 82.05384826660156 
v 81.07648468017578 3.3551957607269287 81.94007110595703 
v 80.44783782958984 3.9977126121520996 81.81681823730469 
v 81.00435638427734 4.048058986663818 81.80733489990234 
v 80.4272232055664 4.515562057495117 81.7125244140625 
v 80.90129852294922 4.606665134429932 81.69356536865234 
v 80.70548248291016 4.77208948135376 81.66512298583984 
v 80.55089569091797 4.745717525482178 81.66512298583984 
v 80.97342681884766 2.748640537261963 82.05384826660156 
v 81.0558853149414 2.7798073291778564 82.05384826660156 
v 81.2516860961914 1.1567329168319702 82.3667221069336 
v 81.28260040283203 1.1711175441741943 82.3667221069336 
v 14.872062683105469 2.1659934520721436 -25.05354881286621 
v 14.006378173828125 0.9696650505065918 -25.394866943359375 
v 16.706497192382812 2.165992021560669 -27.51862144470215 
v 16.03662109375 0.9696633815765381 -28.09696388244629 
v 20.334138870239258 2.1659908294677734 -29.40534782409668 
v 20.014657974243164 0.969662070274353 -30.15435028076172 
v 24.45646095275879 2.1659905910491943 -29.67081642150879 
v 24.51829719543457 0.9696618914604187 -30.448261260986328 
v 27.733705520629883 2.1659910678863525 -28.798559188842773 
v 28.125322341918945 0.9696624875068665 -29.500154495239258 
v 11.29594898223877 0.9696716666221619 -14.709728240966797 
v 12.357441902160645 2.1683969497680664 -15.325997352600098 
v 15.07817554473877 0.9696716070175171 -14.814019203186035 
v 15.8305025100708 2.165999412536621 -15.411325454711914 
v 17.912273406982422 0.9696719646453857 -14.226192474365234 
v 18.40694808959961 2.1659998893737793 -14.832980155944824 
v 23.66290855407715 2.165999412536621 -15.54405689239502 
v 23.683521270751953 0.9696714878082275 -14.927788734436035 
v 27.78523063659668 2.165999174118042 -15.866412162780762 
v 28.197460174560547 0.9696712493896484 -15.36391544342041 
v 30.371984481811523 2.165998697280884 -16.729185104370117 
v 30.990331649780273 0.9696706533432007 -16.359424591064453 
v 33.1751594543457 2.1659977436065674 -18.246152877807617 
v 33.60800552368164 0.9696695804595947 -18.056529998779297 
v 27.733705520629883 2.1659910678863525 -28.798559188842773 
v 30.742996215820312 2.165992259979248 -27.101449966430664 
v 28.125322341918945 0.9696624875068665 -29.500154495239258 
v 31.464401245117188 0.9696636199951172 -27.641868591308594 
v 14.872062683105469 2.1659934520721436 -25.05354881286621 
v 14.006378173828125 0.9696650505065918 -25.394866943359375 
v 13.851790428161621 2.165994882583618 -22.70224952697754 
v 12.883040428161621 0.969666600227356 -22.816022872924805 
v 12.326529502868652 0.9696681499481201 -20.36991310119629 
v 13.336501121520996 2.168393850326538 -20.483686447143555 
v 11.842153549194336 2.1683948040008545 -18.947755813598633 
v 10.677602767944336 0.9696691632270813 -18.682287216186523 
v 9.461514472961426 0.969670832157135 -16.01811408996582 
v 10.687909126281738 2.1707937717437744 -16.511127471923828 
v 11.29594898223877 0.9696716666221619 -14.709728240966797 
v 12.357441902160645 2.1683969497680664 -15.325997352600098 
v 35.51457977294922 0.9696685075759888 -19.791561126708984 
v 33.60800552368164 0.9696695804595947 -18.056529998779297 
v 34.916847229003906 2.168394088745117 -19.83896827697754 
v 33.1751594543457 2.1659977436065674 -18.246152877807617 
v 32.75262451171875 2.1659932136535645 -25.622406005859375 
v 30.742996215820312 2.165992259979248 -27.101449966430664 
v 33.680145263671875 0.9696646332740784 -26.02060890197754 
v 31.464401245117188 0.9696636199951172 -27.641868591308594 
v 32.237335205078125 2.626307964324951 -18.8624210357666 
v 28.2799072265625 4.112725734710693 -22.256637573242188 
v 34.1954345703125 2.6263070106506348 -20.64485740661621 
v 32.46406555175781 3.7243382930755615 -23.08148765563965 
v 35.99895477294922 2.168393135070801 -21.517112731933594 
v 37.16350555419922 0.9696674346923828 -21.48866844177246 
v 34.916847229003906 2.168394088745117 -19.83896827697754 
v 35.51457977294922 0.9696685075759888 -19.791561126708984 
v 36.153541564941406 0.9696658849716187 -24.01062774658203 
v 35.04051208496094 2.168391704559326 -23.802045822143555 
v 33.680145263671875 0.9696646332740784 -26.02060890197754 
v 32.75262451171875 2.1659932136535645 -25.622406005859375 
v 37.16350555419922 0.9696674346923828 -21.48866844177246 
v 35.99895477294922 2.168393135070801 -21.517112731933594 
v 37.472679138183594 0.9696664810180664 -23.015117645263672 
v 36.27720642089844 2.1683921813964844 -22.90134620666504 
v 36.153541564941406 0.9696658849716187 -24.01062774658203 
v 35.04051208496094 2.168391704559326 -23.802045822143555 
v 15.923255920410156 2.6263043880462646 -24.560535430908203 
v 14.872062683105469 2.1659934520721436 -25.05354881286621 
v 17.098114013671875 2.6263034343719482 -26.3619327545166 
v 16.706497192382812 2.165992021560669 -27.51862144470215 
v 17.098114013671875 2.6263034343719482 -26.3619327545166 
v 16.706497192382812 2.165992021560669 -27.51862144470215 
v 20.65361785888672 2.6263022422790527 -28.12540626525879 
v 20.334138870239258 2.1659908294677734 -29.40534782409668 
v 20.65361785888672 2.6263022422790527 -28.12540626525879 
v 20.334138870239258 2.1659908294677734 -29.40534782409668 
v 24.497682571411133 2.6263020038604736 -28.4193172454834 
v 24.45646095275879 2.1659905910491943 -29.67081642150879 
v 24.497682571411133 2.6263020038604736 -28.4193172454834 
v 24.45646095275879 2.1659905910491943 -29.67081642150879 
v 26.868011474609375 2.626302480697632 -27.727201461791992 
v 27.733705520629883 2.1659910678863525 -28.798559188842773 
v 18.108083724975586 2.626309871673584 -15.809528350830078 
v 18.40694808959961 2.1659998893737793 -14.832980155944824 
v 16.170591354370117 2.626309394836426 -16.444759368896484 
v 15.8305025100708 2.165999412536621 -15.411325454711914 
v 23.425878524780273 2.626309394836426 -16.558530807495117 
v 23.66290855407715 2.165999412536621 -15.54405689239502 
v 18.108083724975586 2.626309871673584 -15.809528350830078 
v 18.40694808959961 2.1659998893737793 -14.832980155944824 
v 27.78523063659668 2.6263091564178467 -16.89984703063965 
v 27.78523063659668 2.165999174118042 -15.866412162780762 
v 23.425878524780273 2.626309394836426 -16.558530807495117 
v 23.66290855407715 2.165999412536621 -15.54405689239502 
v 32.237335205078125 2.626307964324951 -18.8624210357666 
v 33.1751594543457 2.1659977436065674 -18.246152877807617 
v 29.8566951751709 2.6263084411621094 -18.056533813476562 
v 30.371984481811523 2.165998697280884 -16.729185104370117 
v 26.868011474609375 2.626302480697632 -27.727201461791992 
v 27.733705520629883 2.1659910678863525 -28.798559188842773 
v 30.155563354492188 2.6263034343719482 -26.14386558532715 
v 30.742996215820312 2.165992259979248 -27.101449966430664 
v 14.872062683105469 2.1659934520721436 -25.05354881286621 
v 15.923255920410156 2.6263043880462646 -24.560535430908203 
v 13.851790428161621 2.165994882583618 -22.70224952697754 
v 15.02664852142334 2.626305341720581 -23.034086227416992 
v 13.336501121520996 2.168393850326538 -20.483686447143555 
v 14.50105094909668 2.626307249069214 -20.227697372436523 
v 11.842153549194336 2.1683948040008545 -18.947755813598633 
v 13.089155197143555 2.626307964324951 -19.10893440246582 
v 10.687909126281738 2.1707937717437744 -16.511127471923828 
v 11.831852912902832 2.6263091564178467 -17.07999038696289 
v 12.357441902160645 2.1683969497680664 -15.325997352600098 
v 13.243741035461426 2.626309633255005 -16.160329818725586 
v 16.170591354370117 2.626309394836426 -16.444759368896484 
v 15.8305025100708 2.165999412536621 -15.411325454711914 
v 13.243741035461426 2.626309633255005 -16.160329818725586 
v 12.357441902160645 2.1683969497680664 -15.325997352600098 
v 33.1751594543457 2.1659977436065674 -18.246152877807617 
v 32.237335205078125 2.626307964324951 -18.8624210357666 
v 34.916847229003906 2.168394088745117 -19.83896827697754 
v 34.1954345703125 2.6263070106506348 -20.64485740661621 
v 30.155563354492188 2.6263034343719482 -26.14386558532715 
v 30.742996215820312 2.165992259979248 -27.101449966430664 
v 32.319786071777344 2.6263043880462646 -24.636377334594727 
v 32.75262451171875 2.1659932136535645 -25.622406005859375 
v 36.27720642089844 2.1683921813964844 -22.90134620666504 
v 35.03020477294922 2.62630558013916 -22.967714309692383 
v 35.04051208496094 2.168391704559326 -23.802045822143555 
v 33.824432373046875 2.626305103302002 -23.489171981811523 
v 35.99895477294922 2.168393135070801 -21.517112731933594 
v 34.916847229003906 2.6263060569763184 -21.981685638427734 
v 36.27720642089844 2.1683921813964844 -22.90134620666504 
v 35.03020477294922 2.62630558013916 -22.967714309692383 
v 34.916847229003906 2.168394088745117 -19.83896827697754 
v 34.1954345703125 2.6263070106506348 -20.64485740661621 
v 35.99895477294922 2.168393135070801 -21.517112731933594 
v 34.916847229003906 2.6263060569763184 -21.981685638427734 
v 32.319786071777344 2.6263043880462646 -24.636377334594727 
v 32.75262451171875 2.1659932136535645 -25.622406005859375 
v 33.824432373046875 2.626305103302002 -23.489171981811523 
v 35.04051208496094 2.168391704559326 -23.802045822143555 
v 27.78523063659668 2.165999174118042 -15.866412162780762 
v 27.78523063659668 2.6263091564178467 -16.89984703063965 
v 30.371984481811523 2.165998697280884 -16.729185104370117 
v 29.8566951751709 2.6263084411621094 -18.056533813476562 
v 13.851790428161621 2.165994882583618 -22.70224952697754 
v 15.02664852142334 2.626305341720581 -23.034086227416992 
v 13.336501121520996 2.168393850326538 -20.483686447143555 
v 14.50105094909668 2.626307249069214 -20.227697372436523 
v 11.842153549194336 2.1683948040008545 -18.947755813598633 
v 13.089155197143555 2.626307964324951 -19.10893440246582 
v 10.687909126281738 2.1707937717437744 -16.511127471923828 
v 11.831852912902832 2.6263091564178467 -17.07999038696289 
v 84.32284545898438 2.3601958751678467 -10.71818733215332 
v 83.76632690429688 2.9235970973968506 -10.395832061767578 
v 84.43620300292969 2.424927234649658 -10.70870590209961 
v 84.32284545898438 3.1633424758911133 -10.376869201660156 
v 83.30256652832031 3.793872356414795 -9.959704399108887 
v 84.04458618164062 4.02163028717041 -9.969185829162598 
v 83.14797973632812 4.445979595184326 -9.656311988830566 
v 83.76632690429688 4.702507019042969 -9.637349128723145 
v 83.46745300292969 4.85594367980957 -9.523577690124512 
v 83.26133728027344 4.776827812194824 -9.53305721282959 
v 84.32284545898438 2.3601958751678467 -10.71818733215332 
v 84.43620300292969 2.424927234649658 -10.70870590209961 
v 85.24005126953125 0.44942644238471985 -11.67577075958252 
v 85.29158020019531 0.4781959652900696 -11.666290283203125 
v 85.322509765625 1.5978059768676758 -11.334454536437988 
v 85.00302124023438 2.113257884979248 -11.438746452331543 
v 85.40495300292969 1.6289728879928589 -11.3439359664917 
v 85.42556762695312 2.2043612003326416 -11.448226928710938 
v 84.79690551757812 2.8468780517578125 -11.580962181091309 
v 85.35342407226562 2.8972246646881104 -11.59044361114502 
v 84.77629089355469 3.36472749710083 -11.675772666931152 
v 85.2503662109375 3.4558305740356445 -11.694735527038574 
v 85.05455017089844 3.623652219772339 -11.732659339904785 
v 84.89996337890625 3.597280263900757 -11.723177909851074 
v 85.322509765625 1.5978059768676758 -11.334454536437988 
v 85.40495300292969 1.6289728879928589 -11.3439359664917 
v 85.60075378417969 0.005898292176425457 -11.021578788757324 
v 85.63168334960938 0.0202830471098423 -11.021578788757324 
v 86.62103271484375 2.456094264984131 -10.187247276306152 
v 86.54888916015625 2.8420841693878174 -9.988146781921387 
v 86.72409057617188 2.432119846343994 -10.196728706359863 
v 87.0435791015625 2.611928701400757 -10.10191822052002 
v 86.72409057617188 3.64762806892395 -9.5709810256958 
v 87.48672485351562 3.314382314682007 -9.741639137268066 
v 87.12602233886719 4.299735069274902 -9.239144325256348 
v 87.68252563476562 4.064785003662109 -9.35291576385498 
v 87.61039733886719 4.311722278594971 -9.229662895202637 
v 87.41458129882812 4.402825355529785 -9.182257652282715 
v 86.62103271484375 2.456094264984131 -10.187247276306152 
v 86.72409057617188 2.432119846343994 -10.196728706359863 
v 85.80686950683594 0.3223617970943451 -11.277567863464355 
v 85.8583984375 0.3127720057964325 -11.28704833984375 
v 87.35275268554688 2.1875789165496826 -11.713696479797363 
v 87.3836669921875 2.5591838359832764 -11.799025535583496 
v 87.41458129882812 2.1707966327667236 -11.704215049743652 
v 87.73405456542969 2.398554563522339 -11.761101722717285 
v 87.53825378417969 3.0051097869873047 -11.89383602142334 
v 87.95048522949219 2.7605695724487305 -11.836949348449707 
v 87.77528381347656 3.28800892829895 -11.960203170776367 
v 88.08445739746094 3.105802536010742 -11.922279357910156 
v 88.0638427734375 3.295201301574707 -11.960203170776367 
v 87.91957092285156 3.345547676086426 -11.969684600830078 
v 87.35275268554688 2.1875789165496826 -11.713696479797363 
v 87.41458129882812 2.1707966327667236 -11.704215049743652 
v 86.02330017089844 -0.04924306273460388 -11.2017183303833 
v 86.04391479492188 -0.056435439735651016 -11.2017183303833 
v 25.404582977294922 2.257105827331543 -10.206228256225586 
v 24.848072052001953 2.9044177532196045 -10.196747779846191 
v 25.517948150634766 2.319439649581909 -10.225189208984375 
v 25.394283294677734 3.127380609512329 -10.291558265686035 
v 24.38431167602539 3.8801803588867188 -10.225191116333008 
v 25.126331329345703 4.074374198913574 -10.338964462280273 
v 24.229724884033203 4.597018718719482 -10.27259635925293 
v 24.848072052001953 4.831968784332275 -10.376888275146484 
v 24.538898468017578 5.018969535827637 -10.357927322387695 
v 24.343090057373047 4.949443817138672 -10.320001602172852 
v 25.404582977294922 2.257105827331543 -10.206228256225586 
v 25.517948150634766 2.319439649581909 -10.225189208984375 
v 26.31149673461914 0.12337394803762436 -10.130379676818848 
v 26.363025665283203 0.14974592626094818 -10.130379676818848 
v 26.136295318603516 2.468081474304199 -10.481178283691406 
v 25.796207427978516 3.544537305831909 -10.338963508605957 
v 26.31149673461914 2.4872610569000244 -10.4622163772583 
v 26.60006332397461 3.5205626487731934 -10.301039695739746 
v 25.744678497314453 4.9638285636901855 -10.139862060546875 
v 26.764949798583984 4.807994365692139 -10.101937294006348 
v 25.930179595947266 5.910821914672852 -9.988166809082031 
v 26.826786041259766 5.867668151855469 -9.950241088867188 
v 26.548526763916016 6.2560553550720215 -9.912317276000977 
v 26.270275115966797 6.275234699249268 -9.921798706054688 
v 26.136295318603516 2.468081474304199 -10.481178283691406 
v 26.31149673461914 2.4872610569000244 -10.4622163772583 
v 26.125995635986328 -0.5862720012664795 -10.917304992675781 
v 26.198131561279297 -0.5790796279907227 -10.917304992675781 
v -148.51611328125 0.020316412672400475 42.8875732421875 
v -121.78288269042969 0.020347997546195984 93.92405700683594 
v -112.72406005859375 -28.67959213256836 14.634090423583984 
v -94.9156494140625 -28.679561614990234 63.71746826171875 
v -121.78288269042969 0.020347997546195984 93.92405700683594 
v -63.28717041015625 0.02036583051085472 122.73697662353516 
v -94.9156494140625 -28.679561614990234 63.71746826171875 
v -50.095733642578125 -28.67954444885254 92.79584503173828 
v -63.28717041015625 0.02036583051085472 122.73697662353516 
v 3.484107494354248 0.020369380712509155 128.4730224609375 
v -50.095733642578125 -28.67954444885254 92.79584503173828 
v 3.7005398273468018 -28.679540634155273 97.41313934326172 
v 3.484107494354248 0.020369380712509155 128.4730224609375 
v 70.2553939819336 0.02036583051085472 122.73701477050781 
v 3.7005398273468018 -28.679540634155273 97.41313934326172 
v 57.486515045166016 -28.67954444885254 92.79588317871094 
v 130.22483825683594 0.020348720252513885 95.09029388427734 
v 169.84034729003906 0.02031077817082405 33.78586959838867 
v 105.86194610595703 -28.6795597076416 68.25895690917969 
v 118.33197784423828 -28.679588317871094 21.12867546081543 
v 70.2553939819336 0.02036583051085472 122.73701477050781 
v 130.22483825683594 0.020348720252513885 95.09029388427734 
v 57.486515045166016 -28.67954444885254 92.79588317871094 
v 105.86194610595703 -28.6795597076416 68.25895690917969 
v -159.0177001953125 0.02026807889342308 -35.207801818847656 
v -148.51611328125 0.020316412672400475 42.8875732421875 
v -112.72404479980469 -28.679622650146484 -34.449283599853516 
v -112.72406005859375 -28.67959213256836 14.634090423583984 
v 169.84034729003906 0.02031077817082405 33.78586959838867 
v 178.67247009277344 0.02026807889342308 -35.207698822021484 
v 118.33197784423828 -28.679588317871094 21.12867546081543 
v 122.90776824951172 -28.679622650146484 -34.449214935302734 
v -141.72454833984375 0.020222585648298264 -108.71434783935547 
v -159.0177001953125 0.02026807889342308 -35.207801818847656 
v -104.32479858398438 -28.679656982421875 -88.48176574707031 
v -112.72404479980469 -28.679622650146484 -34.449283599853516 
v 178.67247009277344 0.02026807889342308 -35.207698822021484 
v 160.65792846679688 0.020223231986165047 -107.67134094238281 
v 122.90776824951172 -28.679622650146484 -34.449214935302734 
v 114.76620483398438 -28.679656982421875 -89.2496566772461 
v -105.58208465576172 0.020193934440612793 -155.01028442382812 
v -141.72454833984375 0.020222585648298264 -108.71434783935547 
v -84.16664123535156 -28.6796817779541 -130.97579956054688 
v -104.32479858398438 -28.679656982421875 -88.48176574707031 
v -63.287078857421875 0.02018033154308796 -176.98733520507812 
v -105.58208465576172 0.020193934440612793 -155.01028442382812 
v -50.095664978027344 -28.679691314697266 -144.4862823486328 
v -84.16664123535156 -28.6796817779541 -130.97579956054688 
v -5.203588485717773 0.02017711102962494 -182.19241333007812 
v -63.287078857421875 0.02018033154308796 -176.98733520507812 
v 3.700615406036377 -28.679697036743164 -152.8769989013672 
v -50.095664978027344 -28.679691314697266 -144.4862823486328 
v 61.56769561767578 0.0201790239661932 -179.1015625 
v -5.203588485717773 0.02017711102962494 -182.19241333007812 
v 57.4865837097168 -28.679691314697266 -144.4862518310547 
v 3.700615406036377 -28.679697036743164 -152.8769989013672 
v 120.83633422851562 0.020192671567201614 -157.0486297607422 
v 61.56769561767578 0.0201790239661932 -179.1015625 
v 98.23571014404297 -28.679683685302734 -132.615966796875 
v 57.4865837097168 -28.679691314697266 -144.4862518310547 
v 160.65792846679688 0.020223231986165047 -107.67134094238281 
v 120.83633422851562 0.020192671567201614 -157.0486297607422 
v 114.76620483398438 -28.679656982421875 -89.2496566772461 
v 98.23571014404297 -28.679683685302734 -132.615966796875 
v -112.72406005859375 -28.67959213256836 14.634090423583984 
v -94.9156494140625 -28.679561614990234 63.71746826171875 
v -57.47465515136719 -49.65730667114258 -7.011109352111816 
v -48.0551643371582 -49.65728759765625 18.95747947692871 
v -94.9156494140625 -28.679561614990234 63.71746826171875 
v -50.095733642578125 -28.67954444885254 92.79584503173828 
v -48.0551643371582 -49.65728759765625 18.95747947692871 
v -24.341524124145508 -49.65727996826172 34.33574295043945 
v -50.095733642578125 -28.67954444885254 92.79584503173828 
v 3.7005398273468018 -28.679540634155273 97.41313934326172 
v -24.341524124145508 -49.65727996826172 34.33574295043945 
v 4.123096942901611 -49.65727615356445 36.7818603515625 
v 3.7005398273468018 -28.679540634155273 97.41313934326172 
v 57.486515045166016 -28.67954444885254 92.79588317871094 
v 4.123096942901611 -49.65727615356445 36.7818603515625 
v 32.57741165161133 -49.65727996826172 34.335758209228516 
v 105.86194610595703 -28.6795597076416 68.25895690917969 
v 118.33197784423828 -28.679588317871094 21.12867546081543 
v 58.166709899902344 -49.65728759765625 21.356216430664062 
v 64.76243591308594 -49.65730285644531 -3.5789334774017334 
v 57.486515045166016 -28.67954444885254 92.79588317871094 
v 105.86194610595703 -28.6795597076416 68.25895690917969 
v 32.57741165161133 -49.65727996826172 34.335758209228516 
v 58.166709899902344 -49.65728759765625 21.356216430664062 
v -112.72404479980469 -28.679622650146484 -34.449283599853516 
v -112.72406005859375 -28.67959213256836 14.634090423583984 
v -57.474647521972656 -49.65732192993164 -32.97969436645508 
v -57.47465515136719 -49.65730667114258 -7.011109352111816 
v 118.33197784423828 -28.679588317871094 21.12867546081543 
v 122.90776824951172 -28.679622650146484 -34.449214935302734 
v 64.76243591308594 -49.65730285644531 -3.5789334774017334 
v 67.1843032836914 -49.65732192993164 -32.97965621948242 
v -104.32479858398438 -28.679656982421875 -88.48176574707031 
v -112.72404479980469 -28.679622650146484 -34.449283599853516 
v -53.032840728759766 -49.6573371887207 -61.57452392578125 
v -57.474647521972656 -49.65732192993164 -32.97969436645508 
v 122.90776824951172 -28.679622650146484 -34.449214935302734 
v 114.76620483398438 -28.679656982421875 -89.2496566772461 
v 67.1843032836914 -49.65732192993164 -32.97965621948242 
v 62.87648391723633 -49.6573371887207 -61.972694396972656 
v -84.16664123535156 -28.6796817779541 -130.97579956054688 
v -104.32479858398438 -28.679656982421875 -88.48176574707031 
v -42.3663330078125 -49.657352447509766 -84.04460144042969 
v -53.032840728759766 -49.6573371887207 -61.57452392578125 
v -50.095664978027344 -28.679691314697266 -144.4862823486328 
v -84.16664123535156 -28.6796817779541 -130.97579956054688 
v -24.341487884521484 -49.65735626220703 -91.19330596923828 
v -42.3663330078125 -49.657352447509766 -84.04460144042969 
v 3.700615406036377 -28.679697036743164 -152.8769989013672 
v -50.095664978027344 -28.679691314697266 -144.4862823486328 
v 4.1231369972229 -49.6573600769043 -95.63990783691406 
v -24.341487884521484 -49.65735626220703 -91.19330596923828 
v 57.4865837097168 -28.679691314697266 -144.4862518310547 
v 3.700615406036377 -28.679697036743164 -152.8769989013672 
v 32.577449798583984 -49.65735626220703 -91.19329071044922 
v 4.1231369972229 -49.6573600769043 -95.63990783691406 
v 98.23571014404297 -28.679683685302734 -132.615966796875 
v 57.4865837097168 -28.679691314697266 -144.4862518310547 
v 54.13717269897461 -49.657352447509766 -84.91683197021484 
v 32.577449798583984 -49.65735626220703 -91.19329071044922 
v 114.76620483398438 -28.679656982421875 -89.2496566772461 
v 98.23571014404297 -28.679683685302734 -132.615966796875 
v 62.87648391723633 -49.6573371887207 -61.972694396972656 
v 54.13717269897461 -49.657352447509766 -84.91683197021484 
v -32.256370544433594 13.633027076721191 12.557740211486816 
v -32.36973571777344 13.645014762878418 13.117119789123535 
v -32.112091064453125 14.06217098236084 12.605145454406738 
v -32.287288665771484 14.016619682312012 13.221409797668457 
v -32.967472076416016 14.165262222290039 13.591172218322754 
v -32.63768768310547 14.045390129089355 13.562729835510254 
v -32.936553955078125 14.076557159423828 13.932488441467285 
v -32.730438232421875 14.040595054626465 13.923008918762207 
v -33.52398681640625 13.637822151184082 13.2593355178833 
v -33.822853088378906 13.621040344238281 12.747360229492188 
v -33.64765548706055 13.978260040283203 13.354146003723145 
v -33.977439880371094 14.00702953338623 12.79476547241211 
v -32.43157196044922 14.088542938232422 12.06472396850586 
v -32.534629821777344 13.678579330444336 12.206939697265625 
v -32.112091064453125 14.06217098236084 12.605145454406738 
v -32.256370544433594 13.633027076721191 12.557740211486816 
v -33.142669677734375 14.083747863769531 11.865623474121094 
v -33.13236618041992 13.721732139587402 12.12160873413086 
v -32.43157196044922 14.088542938232422 12.06472396850586 
v -32.534629821777344 13.678579330444336 12.206939697265625 
v -33.791934967041016 14.05018424987793 12.187976837158203 
v -33.66826629638672 13.6546049118042 12.330192565917969 
v -33.142669677734375 14.083747863769531 11.865623474121094 
v -33.13236618041992 13.721732139587402 12.12160873413086 
v -33.977439880371094 14.00702953338623 12.79476547241211 
v -33.822853088378906 13.621040344238281 12.747360229492188 
v -33.791934967041016 14.05018424987793 12.187976837158203 
v -33.66826629638672 13.6546049118042 12.330192565917969 
v -32.27698516845703 14.498506546020508 12.6715087890625 
v -32.43157196044922 14.455353736877441 13.249855995178223 
v -32.61707305908203 14.728663444519043 12.728397369384766 
v -32.72013473510742 14.69749641418457 13.126598358154297 
v -32.43157196044922 14.455353736877441 13.249855995178223 
v -32.977779388427734 14.409802436828613 13.515324592590332 
v -32.72013473510742 14.69749641418457 13.126598358154297 
v -33.04991912841797 14.663931846618652 13.306739807128906 
v -32.977779388427734 14.409802436828613 13.515324592590332 
v -33.60643005371094 14.388225555419922 13.363624572753906 
v -33.04991912841797 14.663931846618652 13.306739807128906 
v -33.43123245239258 14.649547576904297 13.202449798583984 
v -33.60643005371094 14.388225555419922 13.363624572753906 
v -33.89499282836914 14.405006408691406 12.82320785522461 
v -33.43123245239258 14.649547576904297 13.202449798583984 
v -33.627044677734375 14.659136772155762 12.832687377929688 
v -32.5449333190918 14.515289306640625 12.15005111694336 
v -32.27698516845703 14.498506546020508 12.6715087890625 
v -32.86441421508789 14.740649223327637 12.387077331542969 
v -32.61707305908203 14.728663444519043 12.728397369384766 
v -33.89499282836914 14.405006408691406 12.82320785522461 
v -33.7301025390625 14.448160171508789 12.244861602783203 
v -33.627044677734375 14.659136772155762 12.832687377929688 
v -33.410621643066406 14.707084655761719 12.415523529052734 
v -32.36973571777344 13.645014762878418 13.117119789123535 
v -32.256370544433594 13.633027076721191 12.557740211486816 
v -32.09148025512695 13.34773063659668 13.2024507522583 
v -31.957504272460938 13.347729682922363 12.491372108459473 
v -32.936553955078125 13.67138671875 13.401551246643066 
v -32.36973571777344 13.645014762878418 13.117119789123535 
v -32.82319259643555 13.321358680725098 13.667020797729492 
v -32.09148025512695 13.34773063659668 13.2024507522583 
v -33.52398681640625 13.637822151184082 13.2593355178833 
v -32.936553955078125 13.67138671875 13.401551246643066 
v -33.75071334838867 13.33574390411377 13.448956489562988 
v -32.82319259643555 13.321358680725098 13.667020797729492 
v -33.822853088378906 13.621040344238281 12.747360229492188 
v -33.52398681640625 13.637822151184082 13.2593355178833 
v -34.183555603027344 13.330948829650879 12.747361183166504 
v -33.75071334838867 13.33574390411377 13.448956489562988 
v -32.256370544433594 13.633027076721191 12.557740211486816 
v -32.534629821777344 13.678579330444336 12.206939697265625 
v -31.957504272460938 13.347729682922363 12.491372108459473 
v -31.988422393798828 13.309370994567871 11.960434913635254 
v -32.534629821777344 13.678579330444336 12.206939697265625 
v -33.13236618041992 13.721732139587402 12.12160873413086 
v -32.4212646484375 13.587474822998047 11.808734893798828 
v -33.111751556396484 13.714539527893066 11.77081298828125 
v -33.13236618041992 13.721732139587402 12.12160873413086 
v -33.66826629638672 13.6546049118042 12.330192565917969 
v -33.111751556396484 13.714539527893066 11.77081298828125 
v -33.761016845703125 13.5682954788208 11.865623474121094 
v -33.66826629638672 13.6546049118042 12.330192565917969 
v -33.822853088378906 13.621040344238281 12.747360229492188 
v -34.16294479370117 13.297383308410645 12.06472396850586 
v -34.183555603027344 13.330948829650879 12.747361183166504 
v -32.03995132446289 12.954548835754395 13.221410751342773 
v -32.09148025512695 13.34773063659668 13.2024507522583 
v -31.875057220458984 13.016881942749023 12.462929725646973 
v -31.957504272460938 13.347729682922363 12.491372108459473 
v -32.81288528442383 12.925779342651367 13.752351760864258 
v -32.82319259643555 13.321358680725098 13.667020797729492 
v -32.03995132446289 12.954548835754395 13.221410751342773 
v -32.09148025512695 13.34773063659668 13.2024507522583 
v -33.802242279052734 12.942562103271484 13.46791934967041 
v -33.75071334838867 13.33574390411377 13.448956489562988 
v -32.81288528442383 12.925779342651367 13.752351760864258 
v -32.82319259643555 13.321358680725098 13.667020797729492 
v -34.183555603027344 13.330948829650879 12.747361183166504 
v -33.75071334838867 13.33574390411377 13.448956489562988 
v -34.25569534301758 12.997702598571777 12.73787784576416 
v -33.802242279052734 12.942562103271484 13.46791934967041 
v -31.957504272460938 13.347729682922363 12.491372108459473 
v -31.988422393798828 13.309370994567871 11.960434913635254 
v -31.875057220458984 13.016881942749023 12.462929725646973 
v -31.905975341796875 13.004894256591797 11.95095157623291 
v -32.4212646484375 13.587474822998047 11.808734893798828 
v -33.111751556396484 13.714539527893066 11.77081298828125 
v -32.524322509765625 13.613846778869629 11.514823913574219 
v -33.13236618041992 13.752899169921875 11.543266296386719 
v -34.08049774169922 13.290191650390625 11.61911392211914 
v -34.16294479370117 13.297383308410645 12.06472396850586 
v -34.15263748168945 13.004894256591797 11.600151062011719 
v -34.25569534301758 12.988112449645996 12.102645874023438 
v -34.16294479370117 13.297383308410645 12.06472396850586 
v -34.183555603027344 13.330948829650879 12.747361183166504 
v -34.25569534301758 12.988112449645996 12.102645874023438 
v -34.25569534301758 12.997702598571777 12.73787784576416 
v -32.101783752441406 12.57335376739502 13.174005508422852 
v -31.926586151123047 12.63329029083252 12.472410202026367 
v -32.26667785644531 12.2496976852417 13.060235977172852 
v -32.081172943115234 12.268877029418945 12.529294967651367 
v -32.83349609375 12.542187690734863 13.685983657836914 
v -32.101783752441406 12.57335376739502 13.174005508422852 
v -32.85410690307617 12.223325729370117 13.486883163452148 
v -32.26667785644531 12.2496976852417 13.060235977172852 
v -33.761016845703125 12.558969497680664 13.420515060424805 
v -32.83349609375 12.542187690734863 13.685983657836914 
v -33.627044677734375 12.240108489990234 13.259336471557617 
v -32.85410690307617 12.223325729370117 13.486883163452148 
v -34.19386291503906 12.614109992980957 12.73787784576416 
v -33.761016845703125 12.558969497680664 13.420515060424805 
v -34.0186653137207 12.25449275970459 12.76632022857666 
v -33.627044677734375 12.240108489990234 13.259336471557617 
v -31.926586151123047 12.63329029083252 12.472410202026367 
v -31.94719696044922 12.647674560546875 11.92250919342041 
v -32.081172943115234 12.268877029418945 12.529294967651367 
v -32.18423080444336 12.271273612976074 11.97939395904541 
v -32.534629821777344 12.326415061950684 11.16402530670166 
v -32.2975959777832 12.705212593078613 11.116619110107422 
v -32.740745544433594 12.434300422668457 10.917518615722656 
v -32.63768768310547 12.688429832458496 10.870113372802734 
v -34.10110855102539 12.666852951049805 11.61911392211914 
v -34.214473724365234 12.628495216369629 12.112130165100098 
v -33.864078521728516 12.27846622467041 11.619114875793457 
v -34.008358001708984 12.25449275970459 12.13109302520752 
v -34.214473724365234 12.628495216369629 12.112130165100098 
v -34.19386291503906 12.614109992980957 12.73787784576416 
v -34.008358001708984 12.25449275970459 12.13109302520752 
v -34.0186653137207 12.25449275970459 12.76632022857666 
v -33.0293083190918 12.048311233520508 12.074204444885254 
v -33.08083724975586 12.093862533569336 11.619114875793457 
v -34.008358001708984 12.25449275970459 12.13109302520752 
v -33.864078521728516 12.27846622467041 11.619114875793457 
v -33.0293083190918 12.048311233520508 12.074204444885254 
v -34.008358001708984 12.25449275970459 12.13109302520752 
v -32.977779388427734 12.029132843017578 12.756841659545898 
v -34.0186653137207 12.25449275970459 12.76632022857666 
v -32.18423080444336 12.271273612976074 11.97939395904541 
v -31.94719696044922 12.647674560546875 11.92250919342041 
v -32.328514099121094 12.27367115020752 11.571709632873535 
v -32.06056213378906 12.67404556274414 11.571709632873535 
v -33.89499282836914 13.328550338745117 11.211429595947266 
v -33.69918441772461 13.6282320022583 11.24935531616211 
v -34.08049774169922 13.290191650390625 11.61911392211914 
v -33.771324157714844 13.5682954788208 11.600151062011719 
v -33.95682907104492 12.700417518615723 11.145061492919922 
v -34.10110855102539 12.666852951049805 11.61911392211914 
v -33.71979522705078 12.331210136413574 11.173503875732422 
v -33.864078521728516 12.27846622467041 11.619114875793457 
v -33.08083724975586 12.093862533569336 11.619114875793457 
v -33.09114074707031 12.228119850158691 11.173504829406738 
v -33.864078521728516 12.27846622467041 11.619114875793457 
v -33.71979522705078 12.331210136413574 11.173503875732422 
v -32.328514099121094 12.27367115020752 11.571709632873535 
v -32.06056213378906 12.67404556274414 11.571709632873535 
v -32.534629821777344 12.326415061950684 11.16402530670166 
v -32.2975959777832 12.705212593078613 11.116619110107422 
v -33.977439880371094 13.040855407714844 11.154544830322266 
v -33.95682907104492 12.700417518615723 11.145061492919922 
v -33.70948791503906 13.04804801940918 10.841670989990234 
v -33.64765548706055 12.688429832458496 10.889076232910156 
v -33.64765548706055 12.688429832458496 10.889076232910156 
v -33.95682907104492 12.700417518615723 11.145061492919922 
v -33.48276138305664 12.431902885437012 10.964923858642578 
v -33.71979522705078 12.331210136413574 11.173503875732422 
v -33.70948791503906 13.04804801940918 10.841670989990234 
v -33.64765548706055 12.688429832458496 10.889076232910156 
v -33.173587799072266 13.069624900817871 10.680492401123047 
v -33.142669677734375 12.688429832458496 10.74686050415039 
v -31.905975341796875 13.004894256591797 11.95095157623291 
v -31.988422393798828 13.309370994567871 11.960434913635254 
v -32.050254821777344 13.038458824157715 11.533787727355957 
v -32.143009185791016 13.350127220153809 11.543266296386719 
v -33.13236618041992 13.752899169921875 11.543266296386719 
v -33.111751556396484 13.714539527893066 11.77081298828125 
v -33.771324157714844 13.5682954788208 11.600151062011719 
v -33.761016845703125 13.5682954788208 11.865623474121094 
v -32.977779388427734 14.409802436828613 13.515324592590332 
v -32.967472076416016 14.165262222290039 13.591172218322754 
v -33.60643005371094 14.388225555419922 13.363624572753906 
v -33.29725646972656 14.011825561523438 13.610135078430176 
v -33.52398681640625 13.637822151184082 13.2593355178833 
v -33.29725646972656 14.011825561523438 13.610135078430176 
v -32.936553955078125 13.67138671875 13.401551246643066 
v -32.91594314575195 13.896747589111328 13.619614601135254 
v -32.936553955078125 13.67138671875 13.401551246643066 
v -32.91594314575195 13.896747589111328 13.619614601135254 
v -32.36973571777344 13.645014762878418 13.117119789123535 
v -32.63768768310547 14.045390129089355 13.562729835510254 
v -32.967472076416016 14.165262222290039 13.591172218322754 
v -32.977779388427734 14.409802436828613 13.515324592590332 
v -32.63768768310547 14.045390129089355 13.562729835510254 
v -32.43157196044922 14.455353736877441 13.249855995178223 
v -32.91594314575195 13.896747589111328 13.619614601135254 
v -33.29725646972656 14.011825561523438 13.610135078430176 
v -32.91594314575195 13.96627426147461 13.941971778869629 
v -33.142669677734375 14.023813247680664 13.941971778869629 
v -33.0293083190918 12.048311233520508 12.074204444885254 
v -32.18423080444336 12.271273612976074 11.97939395904541 
v -33.08083724975586 12.093862533569336 11.619114875793457 
v -32.328514099121094 12.27367115020752 11.571709632873535 
v -33.08083724975586 12.093862533569336 11.619114875793457 
v -32.328514099121094 12.27367115020752 11.571709632873535 
v -33.09114074707031 12.228119850158691 11.173504829406738 
v -32.534629821777344 12.326415061950684 11.16402530670166 
v -32.081172943115234 12.268877029418945 12.529294967651367 
v -32.18423080444336 12.271273612976074 11.97939395904541 
v -32.977779388427734 12.029132843017578 12.756841659545898 
v -33.0293083190918 12.048311233520508 12.074204444885254 
v -31.988422393798828 13.309370994567871 11.960434913635254 
v -32.4212646484375 13.587474822998047 11.808734893798828 
v -32.143009185791016 13.350127220153809 11.543266296386719 
v -32.524322509765625 13.613846778869629 11.514823913574219 
v -32.36973571777344 13.347729682922363 11.164024353027344 
v -32.143009185791016 13.350127220153809 11.543266296386719 
v -32.64799118041992 13.666590690612793 11.220909118652344 
v -32.524322509765625 13.613846778869629 11.514823913574219 
v -34.08049774169922 13.290191650390625 11.61911392211914 
v -33.771324157714844 13.5682954788208 11.600151062011719 
v -34.16294479370117 13.297383308410645 12.06472396850586 
v -33.761016845703125 13.5682954788208 11.865623474121094 
v -32.64799118041992 13.666590690612793 11.220909118652344 
v -32.524322509765625 13.613846778869629 11.514823913574219 
v -33.142669677734375 13.879963874816895 11.268314361572266 
v -33.13236618041992 13.752899169921875 11.543266296386719 
v -33.142669677734375 13.879963874816895 11.268314361572266 
v -33.13236618041992 13.752899169921875 11.543266296386719 
v -33.69918441772461 13.6282320022583 11.24935531616211 
v -33.771324157714844 13.5682954788208 11.600151062011719 
v -32.43157196044922 14.455353736877441 13.249855995178223 
v -32.27698516845703 14.498506546020508 12.6715087890625 
v -32.287288665771484 14.016619682312012 13.221409797668457 
v -32.112091064453125 14.06217098236084 12.605145454406738 
v -33.89499282836914 14.405006408691406 12.82320785522461 
v -33.60643005371094 14.388225555419922 13.363624572753906 
v -33.977439880371094 14.00702953338623 12.79476547241211 
v -33.64765548706055 13.978260040283203 13.354146003723145 
v -32.5449333190918 14.515289306640625 12.15005111694336 
v -32.43157196044922 14.088542938232422 12.06472396850586 
v -32.27698516845703 14.498506546020508 12.6715087890625 
v -32.112091064453125 14.06217098236084 12.605145454406738 
v -33.152976989746094 14.496109962463379 11.998355865478516 
v -33.142669677734375 14.083747863769531 11.865623474121094 
v -32.5449333190918 14.515289306640625 12.15005111694336 
v -32.43157196044922 14.088542938232422 12.06472396850586 
v -33.7301025390625 14.448160171508789 12.244861602783203 
v -33.791934967041016 14.05018424987793 12.187976837158203 
v -33.152976989746094 14.496109962463379 11.998355865478516 
v -33.142669677734375 14.083747863769531 11.865623474121094 
v -33.89499282836914 14.405006408691406 12.82320785522461 
v -33.977439880371094 14.00702953338623 12.79476547241211 
v -33.7301025390625 14.448160171508789 12.244861602783203 
v -33.791934967041016 14.05018424987793 12.187976837158203 
v -32.5449333190918 14.515289306640625 12.15005111694336 
v -32.86441421508789 14.740649223327637 12.387077331542969 
v -33.152976989746094 14.496109962463379 11.998355865478516 
v -33.16328048706055 14.728662490844727 12.244861602783203 
v -33.7301025390625 14.448160171508789 12.244861602783203 
v -33.152976989746094 14.496109962463379 11.998355865478516 
v -33.410621643066406 14.707084655761719 12.415523529052734 
v -33.16328048706055 14.728662490844727 12.244861602783203 
v -32.740745544433594 12.434300422668457 10.917518615722656 
v -32.63768768310547 12.688429832458496 10.870113372802734 
v -33.111751556396484 12.534993171691895 10.80374526977539 
v -33.142669677734375 12.688429832458496 10.74686050415039 
v -33.64765548706055 12.688429832458496 10.889076232910156 
v -33.48276138305664 12.431902885437012 10.964923858642578 
v -33.142669677734375 12.688429832458496 10.74686050415039 
v -33.111751556396484 12.534993171691895 10.80374526977539 
v -32.2975959777832 13.0552396774292 11.116619110107422 
v -32.36973571777344 13.347729682922363 11.164024353027344 
v -32.60676956176758 13.057637214660645 10.822708129882812 
v -32.62738037109375 13.371703147888184 10.898555755615234 
v -32.60676956176758 13.057637214660645 10.822708129882812 
v -32.62738037109375 13.371703147888184 10.898555755615234 
v -33.173587799072266 13.069624900817871 10.680492401123047 
v -33.19419860839844 13.39567756652832 10.74686050415039 
v -34.15263748168945 13.004894256591797 11.600151062011719 
v -33.977439880371094 13.040855407714844 11.154544830322266 
v -34.08049774169922 13.290191650390625 11.61911392211914 
v -33.89499282836914 13.328550338745117 11.211429595947266 
v -32.050254821777344 13.038458824157715 11.533787727355957 
v -32.143009185791016 13.350127220153809 11.543266296386719 
v -32.2975959777832 13.0552396774292 11.116619110107422 
v -32.36973571777344 13.347729682922363 11.164024353027344 
v -33.19419860839844 13.39567756652832 10.74686050415039 
v -32.62738037109375 13.371703147888184 10.898555755615234 
v -33.173587799072266 13.82242488861084 10.879591941833496 
v -32.80257797241211 13.798450469970703 10.993366241455078 
v -33.70948791503906 13.352523803710938 10.908034324645996 
v -33.19419860839844 13.39567756652832 10.74686050415039 
v -33.585819244384766 13.779271125793457 10.993365287780762 
v -33.173587799072266 13.82242488861084 10.879591941833496 
v -33.89499282836914 13.328550338745117 11.211429595947266 
v -33.70948791503906 13.352523803710938 10.908034324645996 
v -33.69918441772461 13.6282320022583 11.24935531616211 
v -33.585819244384766 13.779271125793457 10.993365287780762 
v -32.36973571777344 13.347729682922363 11.164024353027344 
v -32.64799118041992 13.666590690612793 11.220909118652344 
v -32.62738037109375 13.371703147888184 10.898555755615234 
v -32.80257797241211 13.798450469970703 10.993366241455078 
v -32.967472076416016 14.165262222290039 13.591172218322754 
v -32.936553955078125 14.076557159423828 13.932488441467285 
v -33.29725646972656 14.011825561523438 13.610135078430176 
v -33.142669677734375 14.023813247680664 13.941971778869629 
v -32.91594314575195 13.896747589111328 13.619614601135254 
v -32.91594314575195 13.96627426147461 13.941971778869629 
v -32.63768768310547 14.045390129089355 13.562729835510254 
v -32.730438232421875 14.040595054626465 13.923008918762207 
v -32.101783752441406 12.57335376739502 13.174005508422852 
v -32.03995132446289 12.954548835754395 13.221410751342773 
v -31.926586151123047 12.63329029083252 12.472410202026367 
v -31.875057220458984 13.016881942749023 12.462929725646973 
v -32.83349609375 12.542187690734863 13.685983657836914 
v -32.81288528442383 12.925779342651367 13.752351760864258 
v -32.101783752441406 12.57335376739502 13.174005508422852 
v -32.03995132446289 12.954548835754395 13.221410751342773 
v -32.83349609375 12.542187690734863 13.685983657836914 
v -33.761016845703125 12.558969497680664 13.420515060424805 
v -32.81288528442383 12.925779342651367 13.752351760864258 
v -33.802242279052734 12.942562103271484 13.46791934967041 
v -33.761016845703125 12.558969497680664 13.420515060424805 
v -34.19386291503906 12.614109992980957 12.73787784576416 
v -33.802242279052734 12.942562103271484 13.46791934967041 
v -34.25569534301758 12.997702598571777 12.73787784576416 
v -31.94719696044922 12.647674560546875 11.92250919342041 
v -31.926586151123047 12.63329029083252 12.472410202026367 
v -31.905975341796875 13.004894256591797 11.95095157623291 
v -31.875057220458984 13.016881942749023 12.462929725646973 
v -34.214473724365234 12.628495216369629 12.112130165100098 
v -34.10110855102539 12.666852951049805 11.61911392211914 
v -34.25569534301758 12.988112449645996 12.102645874023438 
v -34.15263748168945 13.004894256591797 11.600151062011719 
v -34.19386291503906 12.614109992980957 12.73787784576416 
v -34.214473724365234 12.628495216369629 12.112130165100098 
v -34.25569534301758 12.997702598571777 12.73787784576416 
v -34.25569534301758 12.988112449645996 12.102645874023438 
v -33.70948791503906 13.352523803710938 10.908034324645996 
v -33.89499282836914 13.328550338745117 11.211429595947266 
v -33.70948791503906 13.04804801940918 10.841670989990234 
v -33.977439880371094 13.040855407714844 11.154544830322266 
v -33.70948791503906 13.352523803710938 10.908034324645996 
v -33.70948791503906 13.04804801940918 10.841670989990234 
v -33.19419860839844 13.39567756652832 10.74686050415039 
v -33.173587799072266 13.069624900817871 10.680492401123047 
v -31.94719696044922 12.647674560546875 11.92250919342041 
v -31.905975341796875 13.004894256591797 11.95095157623291 
v -32.06056213378906 12.67404556274414 11.571709632873535 
v -32.050254821777344 13.038458824157715 11.533787727355957 
v -32.2975959777832 12.705212593078613 11.116619110107422 
v -32.2975959777832 13.0552396774292 11.116619110107422 
v -32.63768768310547 12.688429832458496 10.870113372802734 
v -32.60676956176758 13.057637214660645 10.822708129882812 
v -32.63768768310547 12.688429832458496 10.870113372802734 
v -32.60676956176758 13.057637214660645 10.822708129882812 
v -33.142669677734375 12.688429832458496 10.74686050415039 
v -33.173587799072266 13.069624900817871 10.680492401123047 
v -34.10110855102539 12.666852951049805 11.61911392211914 
v -33.95682907104492 12.700417518615723 11.145061492919922 
v -34.15263748168945 13.004894256591797 11.600151062011719 
v -33.977439880371094 13.040855407714844 11.154544830322266 
v -32.06056213378906 12.67404556274414 11.571709632873535 
v -32.050254821777344 13.038458824157715 11.533787727355957 
v -32.2975959777832 12.705212593078613 11.116619110107422 
v -32.2975959777832 13.0552396774292 11.116619110107422 
v -38.73870849609375 6.03548002243042 -25.423328399658203 
v -38.86237716674805 6.052262783050537 -24.750173568725586 
v -38.72840118408203 6.651625156402588 -25.34748077392578 
v -38.91390609741211 6.594086647033691 -24.721731185913086 
v -39.047882080078125 6.687586307525635 -25.992191314697266 
v -39.058189392089844 6.14096736907959 -25.954267501831055 
v -38.72840118408203 6.651625156402588 -25.34748077392578 
v -38.73870849609375 6.03548002243042 -25.423328399658203 
v -39.75898361206055 6.680393695831299 -26.210256576538086 
v -39.74867630004883 6.205698490142822 -26.162851333618164 
v -39.047882080078125 6.687586307525635 -25.992191314697266 
v -39.058189392089844 6.14096736907959 -25.954267501831055 
v -40.387638092041016 6.637239933013916 -25.85945701599121 
v -40.356719970703125 6.1026082038879395 -25.81205177307129 
v -39.75898361206055 6.680393695831299 -26.210256576538086 
v -39.74867630004883 6.205698490142822 -26.162851333618164 
v -40.57313919067383 6.5797014236450195 -25.157859802246094 
v -40.5422248840332 6.018698215484619 -25.195783615112305 
v -40.387638092041016 6.637239933013916 -25.85945701599121 
v -40.356719970703125 6.1026082038879395 -25.81205177307129 
v -38.89329528808594 7.164679527282715 -25.28111457824707 
v -39.047882080078125 7.107141494750977 -24.683807373046875 
v -39.24369430541992 7.459566116333008 -25.214746475219727 
v -39.34675216674805 7.421207427978516 -24.816543579101562 
v -39.047882080078125 7.107141494750977 -24.683807373046875 
v -39.60439682006836 7.047204971313477 -24.418338775634766 
v -39.34675216674805 7.421207427978516 -24.816543579101562 
v -39.676536560058594 7.378053188323975 -24.626922607421875 
v -39.60439682006836 7.047204971313477 -24.418338775634766 
v -40.21243667602539 7.018435955047607 -24.579517364501953 
v -39.676536560058594 7.378053188323975 -24.626922607421875 
v -40.03723907470703 7.3588738441467285 -24.740694046020508 
v -40.21243667602539 7.018435955047607 -24.579517364501953 
v -40.48038864135742 7.040012359619141 -25.119935989379883 
v -40.03723907470703 7.3588738441467285 -24.740694046020508 
v -40.22274398803711 7.370860576629639 -25.110454559326172 
v -39.17155075073242 7.186256408691406 -25.840496063232422 
v -38.89329528808594 7.164679527282715 -25.28111457824707 
v -39.4807243347168 7.478745460510254 -25.57502555847168 
v -39.24369430541992 7.459566116333008 -25.214746475219727 
v -39.882652282714844 7.557861328125 -25.944787979125977 
v -39.769287109375 7.610605239868164 -25.973230361938477 
v -40.01662826538086 7.433194160461426 -25.55606460571289 
v -39.769287109375 7.572246074676514 -25.660356521606445 
v -40.48038864135742 7.040012359619141 -25.119935989379883 
v -40.325801849365234 7.097550868988037 -25.726722717285156 
v -40.22274398803711 7.370860576629639 -25.110454559326172 
v -40.01662826538086 7.433194160461426 -25.55606460571289 
v -38.86237716674805 6.052262783050537 -24.750173568725586 
v -38.73870849609375 6.03548002243042 -25.423328399658203 
v -38.61503982543945 5.599144458770752 -24.5605525970459 
v -38.34708786010742 5.668669700622559 -25.489696502685547 
v -39.19216537475586 6.071442127227783 -24.58899688720703 
v -38.86237716674805 6.052262783050537 -24.750173568725586 
v -39.02727127075195 5.579965114593506 -24.219236373901367 
v -38.61503982543945 5.599144458770752 -24.5605525970459 
v -39.86204147338867 6.066647052764893 -24.5036678314209 
v -39.521949768066406 6.0906219482421875 -24.418338775634766 
v -39.913570404052734 5.57277250289917 -24.114944458007812 
v -39.44981002807617 5.560785293579102 -24.09598159790039 
v -40.5422248840332 6.018698215484619 -25.195783615112305 
v -40.19182586669922 6.0402750968933105 -24.58899688720703 
v -40.84109115600586 5.647092819213867 -25.205265045166016 
v -40.3773307800293 5.582362174987793 -24.361452102661133 
v -38.73870849609375 6.03548002243042 -25.423328399658203 
v -39.058189392089844 6.14096736907959 -25.954267501831055 
v -38.34708786010742 5.668669700622559 -25.489696502685547 
v -38.55320358276367 5.709425926208496 -26.238698959350586 
v -39.058189392089844 6.14096736907959 -25.954267501831055 
v -39.74867630004883 6.205698490142822 -26.162851333618164 
v -39.047882080078125 6.08103084564209 -26.494686126708984 
v -39.738372802734375 6.145761966705322 -26.64638328552246 
v -39.74867630004883 6.205698490142822 -26.162851333618164 
v -40.356719970703125 6.1026082038879395 -25.81205177307129 
v -39.738372802734375 6.145761966705322 -26.64638328552246 
v -40.3773307800293 6.057056427001953 -26.437801361083984 
v -40.356719970703125 6.1026082038879395 -25.81205177307129 
v -40.5422248840332 6.018698215484619 -25.195783615112305 
v -40.768951416015625 5.692644119262695 -26.13440704345703 
v -40.84109115600586 5.647092819213867 -25.205265045166016 
v -38.61503982543945 5.599144458770752 -24.5605525970459 
v -38.34708786010742 5.668669700622559 -25.489696502685547 
v -38.54290008544922 5.093282222747803 -24.54159164428711 
v -38.26464080810547 5.172397136688232 -25.527620315551758 
v -39.02727127075195 5.579965114593506 -24.219236373901367 
v -38.61503982543945 5.599144458770752 -24.5605525970459 
v -38.99635314941406 5.074102878570557 -24.181310653686523 
v -38.54290008544922 5.093282222747803 -24.54159164428711 
v -39.913570404052734 5.57277250289917 -24.114944458007812 
v -39.44981002807617 5.560785293579102 -24.09598159790039 
v -39.944488525390625 5.064512729644775 -24.06753921508789 
v -39.44981002807617 5.054923057556152 -24.02961540222168 
v -40.84109115600586 5.647092819213867 -25.205265045166016 
v -40.3773307800293 5.582362174987793 -24.361452102661133 
v -40.93384552001953 5.148423194885254 -25.224225997924805 
v -40.43916702270508 5.076499938964844 -24.31404685974121 
v -38.34708786010742 5.668669700622559 -25.489696502685547 
v -38.55320358276367 5.709425926208496 -26.238698959350586 
v -38.26464080810547 5.172397136688232 -25.527620315551758 
v -38.439842224121094 5.1915764808654785 -26.295583724975586 
v -39.047882080078125 6.08103084564209 -26.494686126708984 
v -39.738372802734375 6.145761966705322 -26.64638328552246 
v -39.15093994140625 5.882041931152344 -27.035106658935547 
v -39.74867630004883 5.946773052215576 -27.148880004882812 
v -40.48038864135742 5.594347953796387 -26.87392807006836 
v -40.768951416015625 5.692644119262695 -26.13440704345703 
v -40.61436462402344 5.215550422668457 -26.87392807006836 
v -40.964759826660156 5.167602062225342 -26.08700180053711 
v -40.768951416015625 5.692644119262695 -26.13440704345703 
v -40.84109115600586 5.647092819213867 -25.205265045166016 
v -40.964759826660156 5.167602062225342 -26.08700180053711 
v -40.93384552001953 5.148423194885254 -25.224225997924805 
v -38.58412170410156 4.608996868133545 -24.61743927001953 
v -38.54290008544922 5.093282222747803 -24.54159164428711 
v -38.32647705078125 4.6593427658081055 -25.480213165283203 
v -38.26464080810547 5.172397136688232 -25.527620315551758 
v -39.02727127075195 4.589817523956299 -24.266639709472656 
v -38.99635314941406 5.074102878570557 -24.181310653686523 
v -38.58412170410156 4.608996868133545 -24.61743927001953 
v -38.54290008544922 5.093282222747803 -24.54159164428711 
v -39.934181213378906 4.582625389099121 -24.162349700927734 
v -39.944488525390625 5.064512729644775 -24.06753921508789 
v -39.460113525390625 4.570638179779053 -24.114944458007812 
v -39.44981002807617 5.054923057556152 -24.02961540222168 
v -40.93384552001953 5.148423194885254 -25.224225997924805 
v -40.43916702270508 5.076499938964844 -24.31404685974121 
v -40.89262008666992 4.637765884399414 -25.205265045166016 
v -40.39794158935547 4.592214584350586 -24.427818298339844 
v -38.32647705078125 4.6593427658081055 -25.480213165283203 
v -38.26464080810547 5.172397136688232 -25.527620315551758 
v -38.48106384277344 4.700098991394043 -26.267141342163086 
v -38.439842224121094 5.1915764808654785 -26.295583724975586 
v -39.2333869934082 4.73606014251709 -27.5944881439209 
v -39.16124725341797 5.141229152679443 -27.585006713867188 
v -39.501338958740234 4.992586612701416 -28.172832489013672 
v -39.521949768066406 5.4049482345581055 -28.229717254638672 
v -40.552528381347656 4.781611919403076 -26.89289093017578 
v -40.61436462402344 5.215550422668457 -26.87392807006836 
v -40.89262008666992 4.678522109985352 -26.068038940429688 
v -40.964759826660156 5.167602062225342 -26.08700180053711 
v -40.964759826660156 5.167602062225342 -26.08700180053711 
v -40.93384552001953 5.148423194885254 -25.224225997924805 
v -40.89262008666992 4.678522109985352 -26.068038940429688 
v -40.89262008666992 4.637765884399414 -25.205265045166016 
v -39.65592575073242 3.997645616531372 -26.11544418334961 
v -39.707454681396484 4.237390518188477 -26.90237045288086 
v -40.61436462402344 4.31171178817749 -26.0490779876709 
v -40.43916702270508 4.4723405838012695 -26.90237045288086 
v -39.65592575073242 3.997645616531372 -26.11544418334961 
v -40.61436462402344 4.31171178817749 -26.0490779876709 
v -39.60439682006836 3.9568896293640137 -25.195781707763672 
v -40.64528274536133 4.249378681182861 -25.186302185058594 
v -38.48106384277344 4.700098991394043 -26.267141342163086 
v -38.439842224121094 5.1915764808654785 -26.295583724975586 
v -38.8211555480957 4.7840094566345215 -26.94977569580078 
v -38.79023742675781 5.225140571594238 -26.959257125854492 
v -40.61436462402344 5.215550422668457 -26.87392807006836 
v -40.36702346801758 5.136434078216553 -27.547082901000977 
v -40.48038864135742 5.594347953796387 -26.87392807006836 
v -40.21243667602539 5.41693639755249 -27.556564331054688 
v -39.707454681396484 4.237390518188477 -26.90237045288086 
v -39.728065490722656 4.565840721130371 -27.575525283813477 
v -40.43916702270508 4.4723405838012695 -26.90237045288086 
v -40.23305130004883 4.738457202911377 -27.575525283813477 
v -40.02693176269531 5.4049482345581055 -28.210756301879883 
v -40.36702346801758 5.136434078216553 -27.547082901000977 
v -39.98571014404297 4.990189552307129 -28.15386962890625 
v -40.23305130004883 4.738457202911377 -27.575525283813477 
v -38.439842224121094 5.1915764808654785 -26.295583724975586 
v -38.55320358276367 5.709425926208496 -26.238698959350586 
v -38.79023742675781 5.225140571594238 -26.959257125854492 
v -38.95513153076172 5.6710662841796875 -26.978219985961914 
v -38.79023742675781 5.225140571594238 -26.959257125854492 
v -38.95513153076172 5.6710662841796875 -26.978219985961914 
v -39.16124725341797 5.141229152679443 -27.585006713867188 
v -39.315834045410156 5.464885234832764 -27.64189338684082 
v -39.74867630004883 5.946773052215576 -27.148880004882812 
v -39.738372802734375 6.145761966705322 -26.64638328552246 
v -40.315494537353516 5.824502944946289 -26.959259033203125 
v -40.3773307800293 6.057056427001953 -26.437801361083984 
v -39.60439682006836 7.047204971313477 -24.418338775634766 
v -39.56317138671875 6.73074197769165 -24.34248924255371 
v -40.21243667602539 7.018435955047607 -24.579517364501953 
v -39.82081604003906 6.529355525970459 -24.323528289794922 
v -39.86204147338867 6.066647052764893 -24.5036678314209 
v -39.82081604003906 6.529355525970459 -24.323528289794922 
v -39.521949768066406 6.0906219482421875 -24.418338775634766 
v -39.532257080078125 6.38071346282959 -24.323528289794922 
v -39.19216537475586 6.071442127227783 -24.58899688720703 
v -39.521949768066406 6.0906219482421875 -24.418338775634766 
v -39.295223236083984 6.574906826019287 -24.370933532714844 
v -39.532257080078125 6.38071346282959 -24.323528289794922 
v -39.56317138671875 6.73074197769165 -24.34248924255371 
v -39.60439682006836 7.047204971313477 -24.418338775634766 
v -39.295223236083984 6.574906826019287 -24.370933532714844 
v -39.047882080078125 7.107141494750977 -24.683807373046875 
v -39.65592575073242 3.997645616531372 -26.11544418334961 
v -38.697486877441406 4.33328914642334 -26.219736099243164 
v -39.707454681396484 4.237390518188477 -26.90237045288086 
v -38.89329528808594 4.465148448944092 -26.94977569580078 
v -39.707454681396484 4.237390518188477 -26.90237045288086 
v -38.89329528808594 4.465148448944092 -26.94977569580078 
v -39.728065490722656 4.565840721130371 -27.575525283813477 
v -39.2333869934082 4.73606014251709 -27.5944881439209 
v -38.56351089477539 4.268558025360107 -25.423328399658203 
v -38.697486877441406 4.33328914642334 -26.219736099243164 
v -39.60439682006836 3.9568896293640137 -25.195781707763672 
v -39.65592575073242 3.997645616531372 -26.11544418334961 
v -40.07846450805664 5.524820804595947 -28.694290161132812 
v -40.02693176269531 5.4049482345581055 -28.210756301879883 
v -40.03723907470703 5.285075664520264 -28.64688491821289 
v -39.98571014404297 4.990189552307129 -28.15386962890625 
v -39.769287109375 5.4049482345581055 -28.220237731933594 
v -40.02693176269531 5.4049482345581055 -28.210756301879883 
v -39.77959442138672 5.524820804595947 -28.62792205810547 
v -40.07846450805664 5.524820804595947 -28.694290161132812 
v -39.501338958740234 4.992586612701416 -28.172832489013672 
v -39.521949768066406 5.4049482345581055 -28.229717254638672 
v -39.470420837402344 5.287473201751709 -28.66584587097168 
v -39.491031646728516 5.527218341827393 -28.70376968383789 
v -39.74867630004883 4.990189552307129 -28.16335105895996 
v -39.501338958740234 4.992586612701416 -28.172832489013672 
v -39.75898361206055 5.285075664520264 -28.589998245239258 
v -39.470420837402344 5.287473201751709 -28.66584587097168 
v -39.491031646728516 5.527218341827393 -28.70376968383789 
v -39.521949768066406 5.4049482345581055 -28.229717254638672 
v -39.77959442138672 5.524820804595947 -28.62792205810547 
v -39.769287109375 5.4049482345581055 -28.220237731933594 
v -40.03723907470703 5.285075664520264 -28.64688491821289 
v -39.98571014404297 4.990189552307129 -28.15386962890625 
v -39.75898361206055 5.285075664520264 -28.589998245239258 
v -39.74867630004883 4.990189552307129 -28.16335105895996 
v -40.28458023071289 5.8508734703063965 -29.40536880493164 
v -39.77959442138672 5.587154388427734 -28.90287208557129 
v -40.07846450805664 5.524820804595947 -28.694290161132812 
v -39.77959442138672 5.524820804595947 -28.62792205810547 
v -39.264305114746094 5.853271007537842 -29.42432975769043 
v -39.77959442138672 5.587154388427734 -28.90287208557129 
v -39.470420837402344 5.287473201751709 -28.66584587097168 
v -39.75898361206055 5.285075664520264 -28.589998245239258 
v -39.264305114746094 5.853271007537842 -29.42432975769043 
v -39.491031646728516 5.527218341827393 -28.70376968383789 
v -39.77959442138672 5.587154388427734 -28.90287208557129 
v -39.77959442138672 5.524820804595947 -28.62792205810547 
v -40.28458023071289 5.8508734703063965 -29.40536880493164 
v -40.03723907470703 5.285075664520264 -28.64688491821289 
v -39.77959442138672 5.587154388427734 -28.90287208557129 
v -39.75898361206055 5.285075664520264 -28.589998245239258 
v -38.55320358276367 5.709425926208496 -26.238698959350586 
v -39.047882080078125 6.08103084564209 -26.494686126708984 
v -38.95513153076172 5.6710662841796875 -26.978219985961914 
v -39.15093994140625 5.882041931152344 -27.035106658935547 
v -40.48038864135742 5.594347953796387 -26.87392807006836 
v -40.315494537353516 5.824502944946289 -26.959259033203125 
v -40.768951416015625 5.692644119262695 -26.13440704345703 
v -40.3773307800293 6.057056427001953 -26.437801361083984 
v -39.315834045410156 5.464885234832764 -27.64189338684082 
v -39.15093994140625 5.882041931152344 -27.035106658935547 
v -39.769287109375 5.529616355895996 -27.64189338684082 
v -39.74867630004883 5.946773052215576 -27.148880004882812 
v -39.769287109375 5.529616355895996 -27.64189338684082 
v -39.74867630004883 5.946773052215576 -27.148880004882812 
v -40.21243667602539 5.41693639755249 -27.556564331054688 
v -40.315494537353516 5.824502944946289 -26.959259033203125 
v -39.047882080078125 7.107141494750977 -24.683807373046875 
v -38.89329528808594 7.164679527282715 -25.28111457824707 
v -38.91390609741211 6.594086647033691 -24.721731185913086 
v -38.72840118408203 6.651625156402588 -25.34748077392578 
v -40.48038864135742 7.040012359619141 -25.119935989379883 
v -40.21243667602539 7.018435955047607 -24.579517364501953 
v -40.57313919067383 6.5797014236450195 -25.157859802246094 
v -40.253662109375 6.543740272521973 -24.57951545715332 
v -39.17155075073242 7.186256408691406 -25.840496063232422 
v -39.047882080078125 6.687586307525635 -25.992191314697266 
v -38.89329528808594 7.164679527282715 -25.28111457824707 
v -38.72840118408203 6.651625156402588 -25.34748077392578 
v -39.769287109375 7.157486915588379 -26.001672744750977 
v -39.75898361206055 6.680393695831299 -26.210256576538086 
v -39.17155075073242 7.186256408691406 -25.840496063232422 
v -39.047882080078125 6.687586307525635 -25.992191314697266 
v -40.325801849365234 7.097550868988037 -25.726722717285156 
v -40.387638092041016 6.637239933013916 -25.85945701599121 
v -39.769287109375 7.157486915588379 -26.001672744750977 
v -39.75898361206055 6.680393695831299 -26.210256576538086 
v -40.48038864135742 7.040012359619141 -25.119935989379883 
v -40.57313919067383 6.5797014236450195 -25.157859802246094 
v -40.325801849365234 7.097550868988037 -25.726722717285156 
v -40.387638092041016 6.637239933013916 -25.85945701599121 
v -39.17155075073242 7.186256408691406 -25.840496063232422 
v -39.4807243347168 7.478745460510254 -25.57502555847168 
v -39.769287109375 7.157486915588379 -26.001672744750977 
v -39.77959442138672 7.349282741546631 -25.80257225036621 
v -40.325801849365234 7.097550868988037 -25.726722717285156 
v -39.769287109375 7.157486915588379 -26.001672744750977 
v -40.01662826538086 7.433194160461426 -25.55606460571289 
v -39.77959442138672 7.349282741546631 -25.80257225036621 
v -39.77959442138672 7.349282741546631 -25.80257225036621 
v -39.4807243347168 7.478745460510254 -25.57502555847168 
v -39.769287109375 7.457168102264404 -26.0206356048584 
v -39.62500762939453 7.572246074676514 -25.944787979125977 
v -39.769287109375 7.572246074676514 -25.660356521606445 
v -39.769287109375 7.610605239868164 -25.973230361938477 
v -39.4807243347168 7.478745460510254 -25.57502555847168 
v -39.62500762939453 7.572246074676514 -25.944787979125977 
v -39.77959442138672 7.349282741546631 -25.80257225036621 
v -39.769287109375 7.457168102264404 -26.0206356048584 
v -40.01662826538086 7.433194160461426 -25.55606460571289 
v -39.882652282714844 7.557861328125 -25.944787979125977 
v -42.55185317993164 6.301598072052002 -23.47971534729004 
v -42.37665557861328 6.318380832672119 -22.825523376464844 
v -42.50032424926758 6.91774320602417 -23.422828674316406 
v -42.386962890625 6.860205173492432 -22.778118133544922 
v -43.06714630126953 6.953704833984375 -23.868438720703125 
v -43.06714630126953 6.40708589553833 -23.821033477783203 
v -42.50032424926758 6.91774320602417 -23.422828674316406 
v -42.55185317993164 6.301598072052002 -23.47971534729004 
v -43.79885482788086 6.948910236358643 -23.74518585205078 
v -43.77824401855469 6.4718170166015625 -23.69778060913086 
v -43.06714630126953 6.953704833984375 -23.868438720703125 
v -43.06714630126953 6.40708589553833 -23.821033477783203 
v -44.211090087890625 6.903358459472656 -23.14788055419922 
v -44.169864654541016 6.371124744415283 -23.109954833984375 
v -43.79885482788086 6.948910236358643 -23.74518585205078 
v -43.77824401855469 6.4718170166015625 -23.69778060913086 
v -44.06680679321289 6.848217964172363 -22.44628143310547 
v -44.06680679321289 6.284816741943359 -22.48420524597168 
v -44.211090087890625 6.903358459472656 -23.14788055419922 
v -44.169864654541016 6.371124744415283 -23.109954833984375 
v -42.6033821105957 7.430798053741455 -23.299575805664062 
v -42.479713439941406 7.373260021209717 -22.69278907775879 
v -42.871334075927734 7.725684642791748 -23.090993881225586 
v -42.78888702392578 7.687325954437256 -22.68330955505371 
v -42.479713439941406 7.373260021209717 -22.69278907775879 
v -42.861026763916016 7.313323497772217 -22.20925521850586 
v -42.78888702392578 7.687325954437256 -22.68330955505371 
v -43.00531005859375 7.644171714782715 -22.379915237426758 
v -42.861026763916016 7.313323497772217 -22.20925521850586 
v -43.46907043457031 7.286951541900635 -22.086002349853516 
v -43.00531005859375 7.644171714782715 -22.379915237426758 
v -43.376319885253906 7.6249918937683105 -22.313547134399414 
v -43.46907043457031 7.286951541900635 -22.086002349853516 
v -43.95344161987305 7.306131362915039 -22.45576286315918 
v -43.376319885253906 7.6249918937683105 -22.313547134399414 
v -43.70610427856445 7.639376640319824 -22.569536209106445 
v -43.0877571105957 7.452374458312988 -23.678817749023438 
v -42.6033821105957 7.430798053741455 -23.299575805664062 
v -43.252647399902344 7.744863986968994 -23.309057235717773 
v -42.871334075927734 7.725684642791748 -23.090993881225586 
v -43.767940521240234 7.82397985458374 -23.46075439453125 
v -43.67518615722656 7.87912130355835 -23.546083450317383 
v -43.71641159057617 7.699312686920166 -23.053070068359375 
v -43.54121017456055 7.838364601135254 -23.26165199279785 
v -43.95344161987305 7.306131362915039 -22.45576286315918 
v -44.07711410522461 7.366066932678223 -23.072031021118164 
v -43.70610427856445 7.639376640319824 -22.569536209106445 
v -43.71641159057617 7.699312686920166 -23.053070068359375 
v -42.37665557861328 6.318380832672119 -22.825523376464844 
v -42.55185317993164 6.301598072052002 -23.47971534729004 
v -42.077789306640625 5.865262508392334 -22.7591552734375 
v -42.242679595947266 5.937185287475586 -23.707260131835938 
v -42.56216049194336 6.337560653686523 -22.46524429321289 
v -42.37665557861328 6.318380832672119 -22.825523376464844 
v -42.3148193359375 5.846083164215088 -22.304065704345703 
v -42.077789306640625 5.865262508392334 -22.7591552734375 
v -43.12897872924805 6.332766056060791 -22.104963302612305 
v -42.81980514526367 6.356740474700928 -22.23769760131836 
v -43.06714630126953 5.83889102935791 -21.820531845092773 
v -42.62399673461914 5.829301357269287 -21.96274757385254 
v -44.06680679321289 6.284816741943359 -22.48420524597168 
v -43.4999885559082 6.306394100189209 -22.095483779907227 
v -44.355369567871094 5.913211822509766 -22.351470947265625 
v -43.57212829589844 5.848481178283691 -21.792089462280273 
v -42.55185317993164 6.301598072052002 -23.47971534729004 
v -43.06714630126953 6.40708589553833 -23.821033477783203 
v -42.242679595947266 5.937185287475586 -23.707260131835938 
v -42.75796890258789 5.975544452667236 -24.28560447692871 
v -43.06714630126953 6.40708589553833 -23.821033477783203 
v -43.77824401855469 6.4718170166015625 -23.69778060913086 
v -43.304176330566406 6.34714937210083 -24.304567337036133 
v -43.98435974121094 6.4118804931640625 -24.133907318115234 
v -43.77824401855469 6.4718170166015625 -23.69778060913086 
v -44.169864654541016 6.371124744415283 -23.109954833984375 
v -43.98435974121094 6.4118804931640625 -24.133907318115234 
v -44.46873474121094 6.323175430297852 -23.669336318969727 
v -44.169864654541016 6.371124744415283 -23.109954833984375 
v -44.06680679321289 6.284816741943359 -22.48420524597168 
v -44.70576858520508 5.958763122558594 -23.21424674987793 
v -44.355369567871094 5.913211822509766 -22.351470947265625 
v -42.077789306640625 5.865262508392334 -22.7591552734375 
v -42.242679595947266 5.937185287475586 -23.707260131835938 
v -42.015953063964844 5.378579616546631 -22.74967384338379 
v -42.20145797729492 5.455297946929932 -23.77362823486328 
v -42.283905029296875 5.357003211975098 -22.27562141418457 
v -42.3148193359375 5.846083164215088 -22.304065704345703 
v -42.015953063964844 5.378579616546631 -22.74967384338379 
v -42.077789306640625 5.865262508392334 -22.7591552734375 
v -43.06714630126953 5.83889102935791 -21.820531845092773 
v -42.62399673461914 5.829301357269287 -21.96274757385254 
v -43.077449798583984 5.34981107711792 -21.75416374206543 
v -42.6033821105957 5.337823867797852 -21.905860900878906 
v -44.355369567871094 5.913211822509766 -22.351470947265625 
v -43.57212829589844 5.848481178283691 -21.792089462280273 
v -44.45842742919922 5.431324005126953 -22.323028564453125 
v -43.61335372924805 5.361798286437988 -21.72572135925293 
v -42.242679595947266 5.937185287475586 -23.707260131835938 
v -42.75796890258789 5.975544452667236 -24.28560447692871 
v -42.20145797729492 5.455297946929932 -23.77362823486328 
v -42.696136474609375 5.4744768142700195 -24.380414962768555 
v -43.304176330566406 6.34714937210083 -24.304567337036133 
v -43.98435974121094 6.4118804931640625 -24.133907318115234 
v -43.64426803588867 6.148160457611084 -24.740694046020508 
v -44.22139358520508 6.212892055511475 -24.579517364501953 
v -44.767601013183594 5.8628644943237305 -24.01065444946289 
v -44.70576858520508 5.958763122558594 -23.21424674987793 
v -44.89126968383789 5.4984517097473145 -23.953767776489258 
v -44.860355377197266 5.450503349304199 -23.090991973876953 
v -44.70576858520508 5.958763122558594 -23.21424674987793 
v -44.355369567871094 5.913211822509766 -22.351470947265625 
v -44.860355377197266 5.450503349304199 -23.090991973876953 
v -44.45842742919922 5.431324005126953 -22.323028564453125 
v -42.046871185302734 4.875114917755127 -22.778118133544922 
v -42.015953063964844 5.378579616546631 -22.74967384338379 
v -42.222068786621094 4.925461292266846 -23.707260131835938 
v -42.20145797729492 5.455297946929932 -23.77362823486328 
v -42.32512664794922 4.855935573577881 -22.304065704345703 
v -42.283905029296875 5.357003211975098 -22.27562141418457 
v -42.046871185302734 4.875114917755127 -22.778118133544922 
v -42.015953063964844 5.378579616546631 -22.74967384338379 
v -43.108367919921875 4.848743438720703 -21.811050415039062 
v -43.077449798583984 5.34981107711792 -21.75416374206543 
v -42.654911041259766 4.836756229400635 -21.96274757385254 
v -42.6033821105957 5.337823867797852 -21.905860900878906 
v -44.45842742919922 5.431324005126953 -22.323028564453125 
v -43.61335372924805 5.361798286437988 -21.72572135925293 
v -44.43781661987305 4.9038848876953125 -22.313547134399414 
v -43.6236572265625 4.8607306480407715 -21.782608032226562 
v -42.222068786621094 4.925461292266846 -23.707260131835938 
v -42.20145797729492 5.455297946929932 -23.77362823486328 
v -42.70643997192383 4.96861457824707 -24.34248924255371 
v -42.696136474609375 5.4744768142700195 -24.380414962768555 
v -43.98435974121094 5.00217866897583 -25.195783615112305 
v -43.901912689208984 5.407347679138184 -25.224227905273438 
v -44.47903823852539 5.2587056159973145 -25.603469848632812 
v -44.49964904785156 5.673464298248291 -25.641393661499023 
v -44.860355377197266 5.05012845993042 -23.982210159301758 
v -44.89126968383789 5.4984517097473145 -23.953767776489258 
v -44.819129943847656 4.94464111328125 -23.081510543823242 
v -44.860355377197266 5.450503349304199 -23.090991973876953 
v -44.860355377197266 5.450503349304199 -23.090991973876953 
v -44.45842742919922 5.431324005126953 -22.323028564453125 
v -44.819129943847656 4.94464111328125 -23.081510543823242 
v -44.43781661987305 4.9038848876953125 -22.313547134399414 
v -43.726715087890625 4.263764381408691 -23.678815841674805 
v -44.1080322265625 4.503509044647217 -24.361452102661133 
v -44.551177978515625 4.580228328704834 -23.195283889770508 
v -44.767601013183594 4.738459587097168 -24.0485782623291 
v -43.726715087890625 4.263764381408691 -23.678815841674805 
v -44.551177978515625 4.580228328704834 -23.195283889770508 
v -43.27326202392578 4.223008155822754 -22.872926712036133 
v -44.200782775878906 4.517895221710205 -22.408357620239258 
v -42.70643997192383 4.96861457824707 -24.34248924255371 
v -42.696136474609375 5.4744768142700195 -24.380414962768555 
v -43.3350944519043 5.050127983093262 -24.80706214904785 
v -43.304176330566406 5.508040904998779 -24.82602310180664 
v -44.89126968383789 5.4984517097473145 -23.953767776489258 
v -44.973716735839844 5.402553081512451 -24.655364990234375 
v -44.767601013183594 5.8628644943237305 -24.01065444946289 
v -44.829437255859375 5.6830549240112305 -24.740694046020508 
v -44.1080322265625 4.503509044647217 -24.361452102661133 
v -44.42750930786133 4.8319597244262695 -24.968238830566406 
v -44.767601013183594 4.738459587097168 -24.0485782623291 
v -44.87065887451172 5.006973743438721 -24.740694046020508 
v -44.90157699584961 5.256308078765869 -25.366443634033203 
v -44.95310592651367 5.671067237854004 -25.413848876953125 
v -44.87065887451172 5.006973743438721 -24.740694046020508 
v -44.973716735839844 5.402553081512451 -24.655364990234375 
v -42.696136474609375 5.4744768142700195 -24.380414962768555 
v -42.75796890258789 5.975544452667236 -24.28560447692871 
v -43.304176330566406 5.508040904998779 -24.82602310180664 
v -43.44845962524414 5.937184810638428 -24.77861976623535 
v -43.304176330566406 5.508040904998779 -24.82602310180664 
v -43.44845962524414 5.937184810638428 -24.77861976623535 
v -43.901912689208984 5.407347679138184 -25.224227905273438 
v -44.06680679321289 5.733401298522949 -25.20526695251465 
v -44.22139358520508 6.212892055511475 -24.579517364501953 
v -43.98435974121094 6.4118804931640625 -24.133907318115234 
v -44.654239654541016 6.0906219482421875 -24.162351608276367 
v -44.46873474121094 6.323175430297852 -23.669336318969727 
v -42.861026763916016 7.313323497772217 -22.20925521850586 
v -42.7991943359375 6.996860027313232 -22.15237045288086 
v -43.46907043457031 7.286951541900635 -22.086002349853516 
v -43.03622817993164 6.795474529266357 -22.019634246826172 
v -43.12897872924805 6.332766056060791 -22.104963302612305 
v -43.03622817993164 6.795474529266357 -22.019634246826172 
v -42.81980514526367 6.356740474700928 -22.23769760131836 
v -42.77858352661133 6.64683198928833 -22.14288902282715 
v -42.81980514526367 6.356740474700928 -22.23769760131836 
v -42.77858352661133 6.64683198928833 -22.14288902282715 
v -42.56216049194336 6.337560653686523 -22.46524429321289 
v -42.58277130126953 6.841025352478027 -22.294586181640625 
v -42.7991943359375 6.996860027313232 -22.15237045288086 
v -42.861026763916016 7.313323497772217 -22.20925521850586 
v -42.58277130126953 6.841025352478027 -22.294586181640625 
v -42.479713439941406 7.373260021209717 -22.69278907775879 
v -43.726715087890625 4.263764381408691 -23.678815841674805 
v -42.902252197265625 4.599407196044922 -24.200273513793945 
v -44.1080322265625 4.503509044647217 -24.361452102661133 
v -43.39693069458008 4.731266498565674 -24.769136428833008 
v -44.1080322265625 4.503509044647217 -24.361452102661133 
v -43.39693069458008 4.731266498565674 -24.769136428833008 
v -44.42750930786133 4.8319597244262695 -24.968238830566406 
v -43.98435974121094 5.00217866897583 -25.195783615112305 
v -42.43849182128906 4.534676551818848 -23.54608154296875 
v -42.902252197265625 4.599407196044922 -24.200273513793945 
v -43.27326202392578 4.223008155822754 -22.872926712036133 
v -43.726715087890625 4.263764381408691 -23.678815841674805 
v -45.210750579833984 5.790939807891846 -25.821535110473633 
v -44.95310592651367 5.671067237854004 -25.413848876953125 
v -45.15922164916992 5.551194667816162 -25.7930908203125 
v -44.90157699584961 5.256308078765869 -25.366443634033203 
v -44.72637939453125 5.671067237854004 -25.52762222290039 
v -44.95310592651367 5.671067237854004 -25.413848876953125 
v -44.92218780517578 5.793336868286133 -25.897382736206055 
v -45.210750579833984 5.790939807891846 -25.821535110473633 
v -44.654239654541016 5.553591728210449 -26.05855941772461 
v -44.47903823852539 5.2587056159973145 -25.603469848632812 
v -44.68515396118164 5.793336868286133 -26.087003707885742 
v -44.49964904785156 5.673464298248291 -25.641393661499023 
v -44.69546127319336 5.2587056159973145 -25.489696502685547 
v -44.47903823852539 5.2587056159973145 -25.603469848632812 
v -44.88096618652344 5.551194667816162 -25.868938446044922 
v -44.654239654541016 5.553591728210449 -26.05855941772461 
v -44.68515396118164 5.793336868286133 -26.087003707885742 
v -44.49964904785156 5.673464298248291 -25.641393661499023 
v -44.92218780517578 5.793336868286133 -25.897382736206055 
v -44.72637939453125 5.671067237854004 -25.52762222290039 
v -45.15922164916992 5.551194667816162 -25.7930908203125 
v -44.90157699584961 5.256308078765869 -25.366443634033203 
v -44.88096618652344 5.551194667816162 -25.868938446044922 
v -44.69546127319336 5.2587056159973145 -25.489696502685547 
v -45.69512176513672 6.11939001083374 -26.371435165405273 
v -45.035552978515625 5.853273391723633 -26.143890380859375 
v -45.210750579833984 5.790939807891846 -25.821535110473633 
v -44.92218780517578 5.793336868286133 -25.897382736206055 
v -44.798519134521484 6.11939001083374 -26.83600616455078 
v -45.035552978515625 5.853273391723633 -26.143890380859375 
v -44.654239654541016 5.553591728210449 -26.05855941772461 
v -44.88096618652344 5.551194667816162 -25.868938446044922 
v -44.798519134521484 6.11939001083374 -26.83600616455078 
v -44.68515396118164 5.793336868286133 -26.087003707885742 
v -45.035552978515625 5.853273391723633 -26.143890380859375 
v -44.92218780517578 5.793336868286133 -25.897382736206055 
v -45.69512176513672 6.11939001083374 -26.371435165405273 
v -45.15922164916992 5.551194667816162 -25.7930908203125 
v -45.035552978515625 5.853273391723633 -26.143890380859375 
v -44.88096618652344 5.551194667816162 -25.868938446044922 
v -42.75796890258789 5.975544452667236 -24.28560447692871 
v -43.304176330566406 6.34714937210083 -24.304567337036133 
v -43.44845962524414 5.937184810638428 -24.77861976623535 
v -43.64426803588867 6.148160457611084 -24.740694046020508 
v -44.767601013183594 5.8628644943237305 -24.01065444946289 
v -44.654239654541016 6.0906219482421875 -24.162351608276367 
v -44.70576858520508 5.958763122558594 -23.21424674987793 
v -44.46873474121094 6.323175430297852 -23.669336318969727 
v -44.06680679321289 5.733401298522949 -25.20526695251465 
v -43.64426803588867 6.148160457611084 -24.740694046020508 
v -44.46873474121094 5.795734882354736 -25.00616455078125 
v -44.22139358520508 6.212892055511475 -24.579517364501953 
v -44.46873474121094 5.795734882354736 -25.00616455078125 
v -44.22139358520508 6.212892055511475 -24.579517364501953 
v -44.829437255859375 5.6830549240112305 -24.740694046020508 
v -44.654239654541016 6.0906219482421875 -24.162351608276367 
v -42.479713439941406 7.373260021209717 -22.69278907775879 
v -42.6033821105957 7.430798053741455 -23.299575805664062 
v -42.386962890625 6.860205173492432 -22.778118133544922 
v -42.50032424926758 6.91774320602417 -23.422828674316406 
v -43.95344161987305 7.306131362915039 -22.45576286315918 
v -43.46907043457031 7.286951541900635 -22.086002349853516 
v -44.06680679321289 6.848217964172363 -22.44628143310547 
v -43.530906677246094 6.812256336212158 -22.067039489746094 
v -43.0877571105957 7.452374458312988 -23.678817749023438 
v -43.06714630126953 6.953704833984375 -23.868438720703125 
v -42.6033821105957 7.430798053741455 -23.299575805664062 
v -42.50032424926758 6.91774320602417 -23.422828674316406 
v -43.695796966552734 7.426002502441406 -23.555564880371094 
v -43.79885482788086 6.948910236358643 -23.74518585205078 
v -43.0877571105957 7.452374458312988 -23.678817749023438 
v -43.06714630126953 6.953704833984375 -23.868438720703125 
v -44.07711410522461 7.366066932678223 -23.072031021118164 
v -44.211090087890625 6.903358459472656 -23.14788055419922 
v -43.695796966552734 7.426002502441406 -23.555564880371094 
v -43.79885482788086 6.948910236358643 -23.74518585205078 
v -43.95344161987305 7.306131362915039 -22.45576286315918 
v -44.06680679321289 6.848217964172363 -22.44628143310547 
v -44.07711410522461 7.366066932678223 -23.072031021118164 
v -44.211090087890625 6.903358459472656 -23.14788055419922 
v -43.0877571105957 7.452374458312988 -23.678817749023438 
v -43.252647399902344 7.744863986968994 -23.309057235717773 
v -43.695796966552734 7.426002502441406 -23.555564880371094 
v -43.61335372924805 7.615401744842529 -23.384906768798828 
v -44.07711410522461 7.366066932678223 -23.072031021118164 
v -43.695796966552734 7.426002502441406 -23.555564880371094 
v -43.71641159057617 7.699312686920166 -23.053070068359375 
v -43.61335372924805 7.615401744842529 -23.384906768798828 
v -43.61335372924805 7.615401744842529 -23.384906768798828 
v -43.252647399902344 7.744863986968994 -23.309057235717773 
v -43.70610427856445 7.725684642791748 -23.574527740478516 
v -43.530906677246094 7.838364601135254 -23.584009170532227 
v -43.54121017456055 7.838364601135254 -23.26165199279785 
v -43.67518615722656 7.87912130355835 -23.546083450317383 
v -43.252647399902344 7.744863986968994 -23.309057235717773 
v -43.530906677246094 7.838364601135254 -23.584009170532227 
v -43.61335372924805 7.615401744842529 -23.384906768798828 
v -43.70610427856445 7.725684642791748 -23.574527740478516 
v -43.71641159057617 7.699312686920166 -23.053070068359375 
v -43.767940521240234 7.82397985458374 -23.46075439453125 
v -42.3148193359375 4.510702610015869 -22.806560516357422 
v -42.046871185302734 4.875114917755127 -22.778118133544922 
v -42.43849182128906 4.534676551818848 -23.54608154296875 
v -42.222068786621094 4.925461292266846 -23.707260131835938 
v -42.5106315612793 4.49392032623291 -22.408355712890625 
v -42.76827621459961 4.474740982055664 -22.142887115478516 
v -42.32512664794922 4.855935573577881 -22.304065704345703 
v -42.654911041259766 4.836756229400635 -21.96274757385254 
v -43.139286041259766 4.486728668212891 -22.01015281677246 
v -43.561824798583984 4.498715877532959 -22.00067138671875 
v -43.108367919921875 4.848743438720703 -21.811050415039062 
v -43.6236572265625 4.8607306480407715 -21.782608032226562 
v -43.561824798583984 4.498715877532959 -22.00067138671875 
v -44.200782775878906 4.517895221710205 -22.408357620239258 
v -43.6236572265625 4.8607306480407715 -21.782608032226562 
v -44.43781661987305 4.9038848876953125 -22.313547134399414 
v -42.43849182128906 4.534676551818848 -23.54608154296875 
v -42.222068786621094 4.925461292266846 -23.707260131835938 
v -42.902252197265625 4.599407196044922 -24.200273513793945 
v -42.70643997192383 4.96861457824707 -24.34248924255371 
v -44.551177978515625 4.580228328704834 -23.195283889770508 
v -44.767601013183594 4.738459587097168 -24.0485782623291 
v -44.819129943847656 4.94464111328125 -23.081510543823242 
v -44.860355377197266 5.05012845993042 -23.982210159301758 
v -44.200782775878906 4.517895221710205 -22.408357620239258 
v -44.551177978515625 4.580228328704834 -23.195283889770508 
v -44.43781661987305 4.9038848876953125 -22.313547134399414 
v -44.819129943847656 4.94464111328125 -23.081510543823242 
v -42.902252197265625 4.599407196044922 -24.200273513793945 
v -42.70643997192383 4.96861457824707 -24.34248924255371 
v -43.39693069458008 4.731266498565674 -24.769136428833008 
v -43.3350944519043 5.050127983093262 -24.80706214904785 
v -38.779930114746094 4.244584083557129 -24.712249755859375 
v -38.58412170410156 4.608996868133545 -24.61743927001953 
v -38.56351089477539 4.268558025360107 -25.423328399658203 
v -38.32647705078125 4.6593427658081055 -25.480213165283203 
v -39.13032913208008 4.227802276611328 -24.408855438232422 
v -39.4807243347168 4.208622455596924 -24.32352638244629 
v -39.02727127075195 4.589817523956299 -24.266639709472656 
v -39.460113525390625 4.570638179779053 -24.114944458007812 
v -39.872344970703125 4.220609664916992 -24.32352638244629 
v -40.253662109375 4.2325968742370605 -24.54159164428711 
v -39.934181213378906 4.582625389099121 -24.162349700927734 
v -40.39794158935547 4.592214584350586 -24.427818298339844 
v -40.253662109375 4.2325968742370605 -24.54159164428711 
v -40.64528274536133 4.249378681182861 -25.186302185058594 
v -40.39794158935547 4.592214584350586 -24.427818298339844 
v -40.89262008666992 4.637765884399414 -25.205265045166016 
v -38.56351089477539 4.268558025360107 -25.423328399658203 
v -38.32647705078125 4.6593427658081055 -25.480213165283203 
v -38.697486877441406 4.33328914642334 -26.219736099243164 
v -38.48106384277344 4.700098991394043 -26.267141342163086 
v -40.61436462402344 4.31171178817749 -26.0490779876709 
v -40.43916702270508 4.4723405838012695 -26.90237045288086 
v -40.89262008666992 4.678522109985352 -26.068038940429688 
v -40.552528381347656 4.781611919403076 -26.89289093017578 
v -40.64528274536133 4.249378681182861 -25.186302185058594 
v -40.61436462402344 4.31171178817749 -26.0490779876709 
v -40.89262008666992 4.637765884399414 -25.205265045166016 
v -40.89262008666992 4.678522109985352 -26.068038940429688 
v -38.697486877441406 4.33328914642334 -26.219736099243164 
v -38.48106384277344 4.700098991394043 -26.267141342163086 
v -38.89329528808594 4.465148448944092 -26.94977569580078 
v -38.8211555480957 4.7840094566345215 -26.94977569580078 
v -39.44981002807617 5.560785293579102 -24.09598159790039 
v -39.521949768066406 6.0906219482421875 -24.418338775634766 
v -39.02727127075195 5.579965114593506 -24.219236373901367 
v -39.19216537475586 6.071442127227783 -24.58899688720703 
v -40.3773307800293 5.582362174987793 -24.361452102661133 
v -40.19182586669922 6.0402750968933105 -24.58899688720703 
v -39.913570404052734 5.57277250289917 -24.114944458007812 
v -39.86204147338867 6.066647052764893 -24.5036678314209 
v -39.44981002807617 5.054923057556152 -24.02961540222168 
v -39.44981002807617 5.560785293579102 -24.09598159790039 
v -38.99635314941406 5.074102878570557 -24.181310653686523 
v -39.02727127075195 5.579965114593506 -24.219236373901367 
v -40.43916702270508 5.076499938964844 -24.31404685974121 
v -40.3773307800293 5.582362174987793 -24.361452102661133 
v -39.944488525390625 5.064512729644775 -24.06753921508789 
v -39.913570404052734 5.57277250289917 -24.114944458007812 
v -39.44981002807617 5.054923057556152 -24.02961540222168 
v -38.99635314941406 5.074102878570557 -24.181310653686523 
v -39.460113525390625 4.570638179779053 -24.114944458007812 
v -39.02727127075195 4.589817523956299 -24.266639709472656 
v -40.43916702270508 5.076499938964844 -24.31404685974121 
v -39.944488525390625 5.064512729644775 -24.06753921508789 
v -40.39794158935547 4.592214584350586 -24.427818298339844 
v -39.934181213378906 4.582625389099121 -24.162349700927734 
v -38.58412170410156 4.608996868133545 -24.61743927001953 
v -38.779930114746094 4.244584083557129 -24.712249755859375 
v -39.02727127075195 4.589817523956299 -24.266639709472656 
v -39.13032913208008 4.227802276611328 -24.408855438232422 
v -39.460113525390625 4.570638179779053 -24.114944458007812 
v -39.4807243347168 4.208622455596924 -24.32352638244629 
v -39.934181213378906 4.582625389099121 -24.162349700927734 
v -39.872344970703125 4.220609664916992 -24.32352638244629 
v -39.82081604003906 6.529355525970459 -24.323528289794922 
v -39.86204147338867 6.066647052764893 -24.5036678314209 
v -40.19182586669922 6.0402750968933105 -24.58899688720703 
v -42.62399673461914 5.829301357269287 -21.96274757385254 
v -42.3148193359375 5.846083164215088 -22.304065704345703 
v -42.81980514526367 6.356740474700928 -22.23769760131836 
v -42.56216049194336 6.337560653686523 -22.46524429321289 
v -43.57212829589844 5.848481178283691 -21.792089462280273 
v -43.06714630126953 5.83889102935791 -21.820531845092773 
v -43.4999885559082 6.306394100189209 -22.095483779907227 
v -43.12897872924805 6.332766056060791 -22.104963302612305 
v -42.6033821105957 5.337823867797852 -21.905860900878906 
v -42.283905029296875 5.357003211975098 -22.27562141418457 
v -42.62399673461914 5.829301357269287 -21.96274757385254 
v -42.3148193359375 5.846083164215088 -22.304065704345703 
v -43.61335372924805 5.361798286437988 -21.72572135925293 
v -43.077449798583984 5.34981107711792 -21.75416374206543 
v -43.57212829589844 5.848481178283691 -21.792089462280273 
v -43.06714630126953 5.83889102935791 -21.820531845092773 
v -42.654911041259766 4.836756229400635 -21.96274757385254 
v -42.32512664794922 4.855935573577881 -22.304065704345703 
v -42.6033821105957 5.337823867797852 -21.905860900878906 
v -42.283905029296875 5.357003211975098 -22.27562141418457 
v -43.6236572265625 4.8607306480407715 -21.782608032226562 
v -43.108367919921875 4.848743438720703 -21.811050415039062 
v -43.61335372924805 5.361798286437988 -21.72572135925293 
v -43.077449798583984 5.34981107711792 -21.75416374206543 
v -42.046871185302734 4.875114917755127 -22.778118133544922 
v -42.32512664794922 4.855935573577881 -22.304065704345703 
v -42.3148193359375 4.510702610015869 -22.806560516357422 
v -42.5106315612793 4.49392032623291 -22.408355712890625 
v -42.654911041259766 4.836756229400635 -21.96274757385254 
v -43.108367919921875 4.848743438720703 -21.811050415039062 
v -42.76827621459961 4.474740982055664 -22.142887115478516 
v -43.139286041259766 4.486728668212891 -22.01015281677246 
v -43.03622817993164 6.795474529266357 -22.019634246826172 
v -43.4999885559082 6.306394100189209 -22.095483779907227 
v -43.12897872924805 6.332766056060791 -22.104963302612305 
v -40.253662109375 6.543740272521973 -24.57951545715332 
v -40.19182586669922 6.0402750968933105 -24.58899688720703 
v -40.57313919067383 6.5797014236450195 -25.157859802246094 
v -40.5422248840332 6.018698215484619 -25.195783615112305 
v -44.06680679321289 6.284816741943359 -22.48420524597168 
v -44.06680679321289 6.848217964172363 -22.44628143310547 
v -43.4999885559082 6.306394100189209 -22.095483779907227 
v -43.530906677246094 6.812256336212158 -22.067039489746094 
v -43.4999885559082 6.306394100189209 -22.095483779907227 
vn 0.8692930340766907 0.4604019522666931 -0.17988695204257965 
vn 0.6791221499443054 0.525010347366333 -0.5129879117012024 
vn 0.7499838471412659 0.4949456453323364 -0.4388080835342407 
vn 0.6371991634368896 0.4132452607154846 -0.6505419611930847 
vn 0.3896161913871765 0.46427592635154724 -0.7953905463218689 
vn 0.45064011216163635 0.47968393564224243 -0.7528783679008484 
vn 0.18728066980838776 0.4487260580062866 -0.8738247752189636 
vn 0.08101246505975723 0.4873332381248474 -0.8694493174552917 
vn 0.011314278468489647 0.49873730540275574 -0.8666786551475525 
vn -0.001885571633465588 0.5287238955497742 -0.8487910628318787 
vn 0.4233076274394989 0.528723955154419 -0.7357041835784912 
vn -0.001885571633465588 0.5287238955497742 -0.8487910628318787 
vn 0.4233076274394989 0.528723955154419 -0.7357041835784912 
vn 0.7347621917724609 0.5287241339683533 -0.4249407947063446 
vn 0.7347621917724609 0.5287241339683533 -0.4249407947063446 
vn 0.8487933278083801 0.5287244319915771 -7.089828102380125e-8 
vn 0.8487933278083801 0.5287244319915771 -7.089828102380125e-8 
vn 0.7347619533538818 0.5287246704101562 0.4249405860900879 
vn 0.7347619533538818 0.5287246704101562 0.4249405860900879 
vn 0.42649975419044495 0.532428503036499 0.7311749458312988 
vn 0.4233072102069855 0.5287248492240906 0.7357037663459778 
vn -0.001886084326542914 0.5287249088287354 0.8487904071807861 
vn -0.001886084326542914 0.5287249088287354 0.8487904071807861 
vn -0.42323774099349976 0.532428503036499 0.7330679893493652 
vn -0.4265725910663605 0.5287248492240906 0.7338152527809143 
vn -0.7366431951522827 0.5287246704101562 0.4216710031032562 
vn -0.7366431951522827 0.5287246704101562 0.4216710031032562 
vn -0.8487849831581116 0.5287243723869324 -0.003772227792069316 
vn -0.8487849831581116 0.5287243723869324 -0.003772227792069316 
vn -0.7366429567337036 0.5287241339683533 -0.42167210578918457 
vn -0.7366429567337036 0.5287241339683533 -0.42167210578918457 
vn -0.42657217383384705 0.528723955154419 -0.7338161468505859 
vn -0.42657217383384705 0.528723955154419 -0.7338161468505859 
vn -0.001885571633465588 0.5287238955497742 -0.8487910628318787 
vn -0.001885571633465588 0.5287238955497742 -0.8487910628318787 
vn 0.011314278468489647 0.49873730540275574 -0.8666786551475525 
vn -0.4506697654724121 0.4835132360458374 -0.7504070401191711 
vn -0.7565410137176514 0.4873335063457489 -0.43606331944465637 
vn -0.855642557144165 0.5175532102584839 -0.003770699491724372 
vn -0.7359423637390137 0.5100564360618591 0.44523102045059204 
vn -0.4571470022201538 0.49114498496055603 0.741479754447937 
vn -0.47839242219924927 0.47584640979766846 0.7380446791648865 
vn -0.21117466688156128 0.46040257811546326 0.8622258901596069 
vn -0.2332162857055664 0.4409005343914032 0.8667269945144653 
vn -0.2531072199344635 0.4092634320259094 0.8766065239906311 
vn -0.12225832790136337 0.46040260791778564 0.8792502880096436 
vn -0.09977789968252182 0.48733431100845337 0.8674954771995544 
vn 0.2941281795501709 0.45262759923934937 0.8417931795120239 
vn 0.19440355896949768 0.4949464201927185 0.846896767616272 
vn -0.009429209865629673 0.5287249088287354 0.8487401008605957 
vn -0.18340414762496948 0.4987383484840393 0.8471255898475647 
vn -0.001886608311906457 0.54347825050354 0.8394203782081604 
vn 0.42673638463020325 0.5175536274909973 0.7416422367095947 
vn -0.6459802985191345 0.4211878478527069 0.6366392374038696 
vn -0.7546470761299133 0.5287246704101562 0.3885324001312256 
vn -0.8485527634620667 0.49494603276252747 0.18704615533351898 
vn 0.252774178981781 0.502520740032196 0.8267871141433716 
vn 0.28368711471557617 0.43697455525398254 0.8535652756690979 
vn 0.3391523063182831 0.5250111818313599 0.7806009650230408 
vn 0.723172664642334 0.5287246704101562 0.44437694549560547 
vn 0.7411215901374817 0.5250109434127808 0.41845157742500305 
vn 0.8523034453392029 0.49114465713500977 0.17987623810768127 
vn 0.8402379155158997 0.4796845614910126 0.2527897357940674 
vn 0.862328290939331 0.5062930583953857 -0.007546436507254839 
vn 0.8486592769622803 0.5287244319915771 0.015085761435329914 
vn 0.863288164138794 0.4448173940181732 -0.23847582936286926 
vn 0.08101246505975723 0.4873332381248474 -0.8694493174552917 
vn -0.23821860551834106 0.49494537711143494 -0.8356313705444336 
vn -0.26928776502609253 0.4604015350341797 -0.8458802103996277 
vn -0.43027815222740173 0.44481703639030457 -0.7854918837547302 
vn -0.6039186120033264 0.43697360157966614 -0.6665850877761841 
vn -0.7271600961685181 0.48351341485977173 -0.4872908890247345 
vn -0.8671824932098389 0.4448173940181732 -0.22390112280845642 
vn -0.8443642854690552 0.5287243723869324 -0.0865977481007576 
vn -0.8151983618736267 0.5100563764572144 0.2743968963623047 
vn 1.8690156030915644e-13 0.9999994039535522 -6.188972747622756e-7 
vn 1.8690156030915644e-13 0.9999994039535522 -6.188972747622756e-7 
vn 1.8690156030915644e-13 0.9999994039535522 -6.188972747622756e-7 
vn 1.8690156030915644e-13 0.9999994039535522 -6.188972747622756e-7 
vn 1.8690156030915644e-13 0.9999994039535522 -6.188972747622756e-7 
vn 1.8690156030915644e-13 0.9999994039535522 -6.188972747622756e-7 
vn 1.8690156030915644e-13 0.9999994039535522 -6.188972747622756e-7 
vn 1.8690156030915644e-13 0.9999994039535522 -6.188972747622756e-7 
vn 1.8690156030915644e-13 0.9999994039535522 -6.188972747622756e-7 
vn 1.8690156030915644e-13 0.9999994039535522 -6.188972747622756e-7 
vn 1.8690156030915644e-13 0.9999994039535522 -6.188972747622756e-7 
vn 1.8690156030915644e-13 0.9999994039535522 -6.188972747622756e-7 
vn 1.8690156030915644e-13 0.9999994039535522 -6.188972747622756e-7 
vn 1.8690156030915644e-13 0.9999994039535522 -6.188972747622756e-7 
vn 1.8690156030915644e-13 0.9999994039535522 -6.188972747622756e-7 
vn 1.8690156030915644e-13 0.9999994039535522 -6.188972747622756e-7 
vn 1.8690156030915644e-13 0.9999994039535522 -6.188972747622756e-7 
vn 1.8690156030915644e-13 0.9999994039535522 -6.188972747622756e-7 
vn 1.8690156030915644e-13 0.9999994039535522 -6.188972747622756e-7 
vn 1.8690156030915644e-13 0.9999994039535522 -6.188972747622756e-7 
vn 1.8690156030915644e-13 0.9999994039535522 -6.188972747622756e-7 
vn 1.8690156030915644e-13 0.9999994039535522 -6.188972747622756e-7 
vn 1.8690156030915644e-13 0.9999994039535522 -6.188972747622756e-7 
vn 1.8690156030915644e-13 0.9999994039535522 -6.188972747622756e-7 
vn 1.8690156030915644e-13 0.9999994039535522 -6.188972747622756e-7 
vn 1.8690156030915644e-13 0.9999994039535522 -6.188972747622756e-7 
vn 1.8690156030915644e-13 0.9999994039535522 -6.188972747622756e-7 
vn 1.8690156030915644e-13 0.9999994039535522 -6.188972747622756e-7 
vn 1.8690156030915644e-13 0.9999994039535522 -6.188972747622756e-7 
vn 1.8690156030915644e-13 0.9999994039535522 -6.188972747622756e-7 
vn 1.8690156030915644e-13 0.9999994039535522 -6.188972747622756e-7 
vn 1.8690156030915644e-13 0.9999994039535522 -6.188972747622756e-7 
vn 1.8690156030915644e-13 0.9999994039535522 -6.188972747622756e-7 
vn 1.8690156030915644e-13 0.9999994039535522 -6.188972747622756e-7 
vn 1.8690156030915644e-13 0.9999994039535522 -6.188972747622756e-7 
vn 1.8690156030915644e-13 0.9999994039535522 -6.188972747622756e-7 
vn 0.16317978501319885 0.40127336978912354 -0.901305079460144 
vn 0.34773048758506775 0.36088138818740845 -0.8653594851493835 
vn -0.015093532390892506 0.3972673714160919 -0.9175781011581421 
vn 0.2891167998313904 0.40926235914230347 -0.8653985857963562 
vn 0.43576985597610474 0.4172200560569763 -0.7975155711174011 
vn 0.5906423330307007 0.44481712579727173 -0.6732596755027771 
vn 0.8394069075584412 0.4012736976146698 -0.3665720820426941 
vn 0.8236064314842224 0.4012736678123474 -0.4008135497570038 
vn 0.8975965976715088 0.3445276916027069 -0.2749922275543213 
vn 0.9211081862449646 0.3892332911491394 0.007545825093984604 
vn 0.9080190062522888 0.40127384662628174 -0.12033534795045853 
vn 0.7149474024772644 0.40127429366111755 0.5725631713867188 
vn 0.0018872859654948115 0.4052717089653015 -0.9141936898231506 
vn 0.45600831508636475 0.4052717685699463 -0.7923448085784912 
vn 0.7932848334312439 0.405271977186203 -0.4543713331222534 
vn 0.9141958951950073 0.4052722752094269 2.5256950308971682e-8 
vn 0.801165759563446 0.3892335593700409 0.45456600189208984 
vn 0.7932845950126648 0.40527254343032837 0.45437130331993103 
vn 0.4834511876106262 0.3932548463344574 0.7820643186569214 
vn 0.45600783824920654 0.4052727520465851 0.7923445701599121 
vn 0.0018867339240387082 0.40527284145355225 0.9141931533813477 
vn 0.0018867339240387082 0.40527284145355225 0.9141931533813477 
vn 0.5985955595970154 0.34862688183784485 0.7212086319923401 
vn 0.5029941201210022 0.3811693489551544 0.7756971120834351 
vn 0.0018867339240387082 0.40527284145355225 0.9141931533813477 
vn -0.5914907455444336 0.40127435326576233 0.6993688941001892 
vn -0.4482777714729309 0.3852052688598633 0.8066368103027344 
vn -0.7163035869598389 0.33219337463378906 0.6136416792869568 
vn -0.7713075280189514 0.3730756938457489 0.5156537294387817 
vn -0.7758375406265259 0.3892335891723633 0.49656105041503906 
vn -0.9141881465911865 0.4052722752094269 -0.0037745365407317877 
vn -0.9141881465911865 0.4052722752094269 -0.0037745365407317877 
vn -0.7914021015167236 0.405271977186203 -0.4576427936553955 
vn -0.45927539467811584 0.4052727520465851 0.7904549837112427 
vn -0.7914023399353027 0.40527254343032837 0.4576418101787567 
vn -0.9141881465911865 0.4052722752094269 -0.0037745365407317877 
vn -0.7914021015167236 0.405271977186203 -0.4576427936553955 
vn -0.7914021015167236 0.405271977186203 -0.4576427936553955 
vn -0.45927491784095764 0.4052717685699463 -0.7904557585716248 
vn -0.45927491784095764 0.4052717685699463 -0.7904557585716248 
vn -0.015093532390892506 0.3972673714160919 -0.9175781011581421 
vn 0.0018872859654948115 0.4052717089653015 -0.9141936898231506 
vn -0.45927491784095764 0.4052717685699463 -0.7904557585716248 
vn 0.16317978501319885 0.40127336978912354 -0.901305079460144 
vn 1.8690156030915644e-13 0.9999994039535522 -6.188972747622756e-7 
vn 1.8690156030915644e-13 0.9999994039535522 -6.188972747622756e-7 
vn 1.8690156030915644e-13 0.9999994039535522 -6.188972747622756e-7 
vn 1.8690156030915644e-13 0.9999994039535522 -6.188972747622756e-7 
vn 1.8690156030915644e-13 0.9999994039535522 -6.188972747622756e-7 
vn 1.8690156030915644e-13 0.9999994039535522 -6.188972747622756e-7 
vn 1.8690156030915644e-13 0.9999994039535522 -6.188972747622756e-7 
vn 1.8690156030915644e-13 0.9999994039535522 -6.188972747622756e-7 
vn 1.8690156030915644e-13 0.9999994039535522 -6.188972747622756e-7 
vn 1.8690156030915644e-13 0.9999994039535522 -6.188972747622756e-7 
vn 1.8690156030915644e-13 0.9999994039535522 -6.188972747622756e-7 
vn 1.8690156030915644e-13 0.9999994039535522 -6.188972747622756e-7 
vn 1.8690156030915644e-13 0.9999994039535522 -6.188972747622756e-7 
vn 1.8690156030915644e-13 0.9999994039535522 -6.188972747622756e-7 
vn 1.8690156030915644e-13 0.9999994039535522 -6.188972747622756e-7 
vn 1.8690156030915644e-13 0.9999994039535522 -6.188972747622756e-7 
vn 1.8690156030915644e-13 0.9999994039535522 -6.188972747622756e-7 
vn 1.8690156030915644e-13 0.9999994039535522 -6.188972747622756e-7 
vn 1.8690156030915644e-13 0.9999994039535522 -6.188972747622756e-7 
vn 1.8690156030915644e-13 0.9999994039535522 -6.188972747622756e-7 
vn 1.8690156030915644e-13 0.9999994039535522 -6.188972747622756e-7 
vn 1.8690156030915644e-13 0.9999994039535522 -6.188972747622756e-7 
vn 1.8690156030915644e-13 0.9999994039535522 -6.188972747622756e-7 
vn 1.8690156030915644e-13 0.9999994039535522 -6.188972747622756e-7 
vn 1.8690156030915644e-13 0.9999994039535522 -6.188972747622756e-7 
vn 1.8690156030915644e-13 0.9999994039535522 -6.188972747622756e-7 
vn 1.8690156030915644e-13 0.9999994039535522 -6.188972747622756e-7 
vn 1.8690156030915644e-13 0.9999994039535522 -6.188972747622756e-7 
vn 1.8690156030915644e-13 0.9999994039535522 -6.188972747622756e-7 
vn 1.8690156030915644e-13 0.9999994039535522 -6.188972747622756e-7 
vn 1.8690156030915644e-13 0.9999994039535522 -6.188972747622756e-7 
vn 1.8690156030915644e-13 0.9999994039535522 -6.188972747622756e-7 
vn 1.8690156030915644e-13 0.9999994039535522 -6.188972747622756e-7 
vn 1.8690156030915644e-13 0.9999994039535522 -6.188972747622756e-7 
vn 1.8690156030915644e-13 0.9999994039535522 -6.188972747622756e-7 
vn 1.8690156030915644e-13 0.9999994039535522 -6.188972747622756e-7 
vn 0.0018853514920920134 0.5250111818313599 0.851092517375946 
vn 0.0018853514920920134 0.5250111818313599 0.851092517375946 
vn 0.0018853514920920134 0.5250111818313599 0.851092517375946 
vn 0.0018853514920920134 0.5250111818313599 0.851092517375946 
vn 0.0018853514920920134 0.5250111818313599 0.851092517375946 
vn 0.0018853514920920134 0.5250111818313599 0.851092517375946 
vn 0.0018853514920920134 0.5250111818313599 0.851092517375946 
vn 0.0018853514920920134 0.5250111818313599 0.851092517375946 
vn 0.0018853514920920134 0.5250111818313599 0.851092517375946 
vn 0.0018853514920920134 0.5250111818313599 0.851092517375946 
vn 0.0018853514920920134 0.5250111818313599 0.851092517375946 
vn 0.0018853514920920134 0.5250111818313599 0.851092517375946 
vn 0.0018853514920920134 0.5250111818313599 0.851092517375946 
vn 0.0018853514920920134 0.5250111818313599 0.851092517375946 
vn 0.0018853514920920134 0.5250111818313599 0.851092517375946 
vn 0.0018853514920920134 0.5250111818313599 0.851092517375946 
vn 0.0018853514920920134 0.5250111818313599 0.851092517375946 
vn 0.0018853514920920134 0.5250111818313599 0.851092517375946 
vn 0.0018853514920920134 0.5250111818313599 0.851092517375946 
vn 0.0018853514920920134 0.5250111818313599 0.851092517375946 
vn 0.0018853514920920134 0.5250111818313599 0.851092517375946 
vn 0.0018853514920920134 0.5250111818313599 0.851092517375946 
vn 0.0018853514920920134 0.5250111818313599 0.851092517375946 
vn 0.0018853514920920134 0.5250111818313599 0.851092517375946 
vn 0.0018853514920920134 0.5250111818313599 0.851092517375946 
vn 0.0018853514920920134 0.5250111818313599 0.851092517375946 
vn 0.0018853514920920134 0.5250111818313599 0.851092517375946 
vn 0.0018853514920920134 0.5250111818313599 0.851092517375946 
vn 0.0018853514920920134 0.5250111818313599 0.851092517375946 
vn 0.0018853514920920134 0.5250111818313599 0.851092517375946 
vn 0.0018853514920920134 0.5250111818313599 0.851092517375946 
vn 0.0018853514920920134 0.5250111818313599 0.851092517375946 
vn 0.0018853514920920134 0.5250111818313599 0.851092517375946 
vn 0.0018853514920920134 0.5250111818313599 0.851092517375946 
vn 0.0018853514920920134 0.5250111818313599 0.851092517375946 
vn 0.0018853514920920134 0.5250111818313599 0.851092517375946 
vn 1.8690156030915644e-13 0.9999994039535522 -6.188972747622756e-7 
vn 1.8690156030915644e-13 0.9999994039535522 -6.188972747622756e-7 
vn 1.8690156030915644e-13 0.9999994039535522 -6.188972747622756e-7 
vn 1.8690156030915644e-13 0.9999994039535522 -6.188972747622756e-7 
vn 1.8690156030915644e-13 0.9999994039535522 -6.188972747622756e-7 
vn 1.8690156030915644e-13 0.9999994039535522 -6.188972747622756e-7 
vn 1.8690156030915644e-13 0.9999994039535522 -6.188972747622756e-7 
vn 1.8690156030915644e-13 0.9999994039535522 -6.188972747622756e-7 
vn 1.8690156030915644e-13 0.9999994039535522 -6.188972747622756e-7 
vn 1.8690156030915644e-13 0.9999994039535522 -6.188972747622756e-7 
vn 1.8690156030915644e-13 0.9999994039535522 -6.188972747622756e-7 
vn 1.8690156030915644e-13 0.9999994039535522 -6.188972747622756e-7 
vn 1.8690156030915644e-13 0.9999994039535522 -6.188972747622756e-7 
vn 1.8690156030915644e-13 0.9999994039535522 -6.188972747622756e-7 
vn 1.8690156030915644e-13 0.9999994039535522 -6.188972747622756e-7 
vn 1.8690156030915644e-13 0.9999994039535522 -6.188972747622756e-7 
vn 1.8690156030915644e-13 0.9999994039535522 -6.188972747622756e-7 
vn 1.8690156030915644e-13 0.9999994039535522 -6.188972747622756e-7 
vn 1.8690156030915644e-13 0.9999994039535522 -6.188972747622756e-7 
vn 1.8690156030915644e-13 0.9999994039535522 -6.188972747622756e-7 
vn 1.8690156030915644e-13 0.9999994039535522 -6.188972747622756e-7 
vn 1.8690156030915644e-13 0.9999994039535522 -6.188972747622756e-7 
vn 1.8690156030915644e-13 0.9999994039535522 -6.188972747622756e-7 
vn 1.8690156030915644e-13 0.9999994039535522 -6.188972747622756e-7 
vn 1.8690156030915644e-13 0.9999994039535522 -6.188972747622756e-7 
vn 1.8690156030915644e-13 0.9999994039535522 -6.188972747622756e-7 
vn 1.8690156030915644e-13 0.9999994039535522 -6.188972747622756e-7 
vn 1.8690156030915644e-13 0.9999994039535522 -6.188972747622756e-7 
vn 1.8690156030915644e-13 0.9999994039535522 -6.188972747622756e-7 
vn 1.8690156030915644e-13 0.9999994039535522 -6.188972747622756e-7 
vn 1.8690156030915644e-13 0.9999994039535522 -6.188972747622756e-7 
vn 1.8690156030915644e-13 0.9999994039535522 -6.188972747622756e-7 
vn 1.8690156030915644e-13 0.9999994039535522 -6.188972747622756e-7 
vn 1.8690156030915644e-13 0.9999994039535522 -6.188972747622756e-7 
vn 1.8690156030915644e-13 0.9999994039535522 -6.188972747622756e-7 
vn 1.8690156030915644e-13 0.9999994039535522 -6.188972747622756e-7 
vn 1.8690156030915644e-13 0.9999994039535522 -6.188972747622756e-7 
vn 1.8690156030915644e-13 0.9999994039535522 -6.188972747622756e-7 
vn 1.8690156030915644e-13 0.9999994039535522 -6.188972747622756e-7 
vn 1.8690156030915644e-13 0.9999994039535522 -6.188972747622756e-7 
vn -0.23014408349990845 0.9611538648605347 -0.15236715972423553 
vn -0.3437860608100891 0.9269829988479614 -0.1500418335199356 
vn -0.4003342390060425 0.9133077263832092 -0.07483608275651932 
vn -0.5721860527992249 0.8186638951301575 -0.04890518635511398 
vn -0.10608286410570145 0.9742982983589172 -0.1987159252166748 
vn -0.12480419874191284 0.9611538052558899 -0.2461829036474228 
vn -0.020610982552170753 0.9752732515335083 -0.2200365513563156 
vn -0.020630305632948875 0.9561832547187805 -0.2920389473438263 
vn 0.018756775185465813 0.9587051272392273 -0.283780574798584 
vn 0.0543987900018692 0.9269828796386719 -0.37113651633262634 
vn 0.09074488282203674 0.9883284568786621 -0.12235576659440994 
vn 0.11156918108463287 0.9023177623748779 -0.4163816273212433 
vn 0.11156918108463287 0.9023177623748779 -0.4163816273212433 
vn 0.20485158264636993 0.9349561929702759 0.28964027762413025 
vn 0.20485158264636993 0.9349561929702759 0.28964027762413025 
vn 0.21178926527500153 0.9219869375228882 0.32416704297065735 
vn 0.20392870903015137 0.9060508012771606 0.3707880973815918 
vn 0.03506824001669884 0.9986250996589661 0.03894660621881485 
vn -0.22286881506443024 0.9658309817314148 0.13228298723697662 
vn -0.6446508765220642 0.7336171269416809 -0.21501269936561584 
vn -0.6358462572097778 0.7453815340995789 -0.20026268064975739 
vn -0.3679738938808441 0.9004260897636414 0.23200646042823792 
vn -0.04134947061538696 0.8763906359672546 0.47982126474380493 
vn 0.05264899134635925 0.8110665678977966 0.582578718662262 
vn 0.1082540899515152 0.8656608462333679 0.48878538608551025 
vn 0.2615293264389038 0.8110658526420593 -0.5232336521148682 
vn 0.2615293264389038 0.8110658526420593 -0.5232336521148682 
vn 0.2615293264389038 0.8110658526420593 -0.5232336521148682 
vn 0.3113328516483307 0.94955974817276 0.037510767579078674 
vn 0.3113328516483307 0.94955974817276 0.037510767579078674 
vn 0.3113328516483307 0.94955974817276 0.037510767579078674 
vn 0.2714565098285675 0.9318203926086426 0.24087558686733246 
vn 0.2714565098285675 0.9318203926086426 0.24087558686733246 
vn 0.2714565098285675 0.9318203926086426 0.24087558686733246 
vn 0.14384515583515167 0.7569180727005005 -0.6374813318252563 
vn 0.14384515583515167 0.7569180727005005 -0.6374813318252563 
vn 0.14384515583515167 0.7569180727005005 -0.6374813318252563 
vn 0.33006250858306885 0.9410132765769958 -0.07450944185256958 
vn 0.33006250858306885 0.9410132765769958 -0.07450944185256958 
vn 0.33006250858306885 0.9410132765769958 -0.07450944185256958 
vn -0.0917162150144577 0.9691449999809265 -0.22879019379615784 
vn -0.16128399968147278 0.9561833143234253 -0.24433542788028717 
vn -0.2410532832145691 0.9380203485488892 -0.24901802837848663 
vn -0.3441801369190216 0.8985164761543274 -0.2724097669124603 
vn 0.005605690646916628 0.9780862927436829 -0.20812161266803741 
vn 0.0018765029963105917 0.9752732515335083 -0.22099179029464722 
vn 0.07160359621047974 0.9798682928085327 -0.18635940551757812 
vn 0.08628829568624496 0.9712619781494141 -0.2218182533979416 
vn 0.12536044418811798 0.9680587649345398 -0.21713097393512726 
vn 0.16768485307693481 0.9364970326423645 -0.3079835772514343 
vn 0.07967406511306763 0.9940391778945923 -0.07441090792417526 
vn 0.1933531016111374 0.9097136855125427 -0.36747023463249207 
vn 0.1933531016111374 0.9097136855125427 -0.36747023463249207 
vn 0.026289938017725945 0.9495598673820496 0.31247973442077637 
vn 0.026289938017725945 0.9495598673820496 0.31247973442077637 
vn -0.009381964802742004 0.9509209990501404 0.30928948521614075 
vn -0.016929738223552704 0.9424830079078674 0.33382320404052734 
vn -0.005478214472532272 0.9986250996589661 0.05212092772126198 
vn -0.17803208529949188 0.983995795249939 0.00746108777821064 
vn -0.30916306376457214 0.8429664969444275 -0.4402550756931305 
vn -0.31238675117492676 0.8634645938873291 -0.39603325724601746 
vn -0.28010669350624084 0.9599388241767883 0.0075223310850560665 
vn -0.18831029534339905 0.9395260214805603 0.28605738282203674 
vn -0.15492720901966095 0.8926861882209778 0.4232111871242523 
vn -0.10401282459497452 0.9236700534820557 0.36880043148994446 
vn 0.5364162921905518 0.7246463894844055 -0.43260177969932556 
vn 0.5364162921905518 0.7246463894844055 -0.43260177969932556 
vn 0.5364162921905518 0.7246463894844055 -0.43260177969932556 
vn 0.28167828917503357 0.9253354668617249 0.25379225611686707 
vn 0.28167828917503357 0.9253354668617249 0.25379225611686707 
vn 0.28167828917503357 0.9253354668617249 0.25379225611686707 
vn 0.08525115996599197 0.9481806755065918 0.30607911944389343 
vn 0.08525115996599197 0.9481806755065918 0.30607911944389343 
vn 0.08525115996599197 0.9481806755065918 0.30607911944389343 
vn 0.46793389320373535 0.6418566107749939 -0.6075006127357483 
vn 0.46793389320373535 0.6418566107749939 -0.6075006127357483 
vn 0.46793389320373535 0.6418566107749939 -0.6075006127357483 
vn 0.36694884300231934 0.9185677766799927 0.1469036191701889 
vn 0.36694884300231934 0.9185677766799927 0.1469036191701889 
vn 0.36694884300231934 0.9185677766799927 0.1469036191701889 
vn -0.0917162150144577 0.9691449999809265 -0.22879019379615784 
vn -0.16128399968147278 0.9561833143234253 -0.24433542788028717 
vn -0.2410532832145691 0.9380203485488892 -0.24901802837848663 
vn -0.3441801369190216 0.8985164761543274 -0.2724097669124603 
vn 0.005605690646916628 0.9780862927436829 -0.20812161266803741 
vn 0.0018765029963105917 0.9752732515335083 -0.22099179029464722 
vn 0.07160359621047974 0.9798682928085327 -0.18635940551757812 
vn 0.08628829568624496 0.9712619781494141 -0.2218182533979416 
vn 0.12536044418811798 0.9680587649345398 -0.21713097393512726 
vn 0.16768485307693481 0.9364970326423645 -0.3079835772514343 
vn 0.07967406511306763 0.9940391778945923 -0.07441090792417526 
vn 0.1933531016111374 0.9097136855125427 -0.36747023463249207 
vn 0.1933531016111374 0.9097136855125427 -0.36747023463249207 
vn 0.026289938017725945 0.9495598673820496 0.31247973442077637 
vn 0.026289938017725945 0.9495598673820496 0.31247973442077637 
vn -0.009381964802742004 0.9509209990501404 0.30928948521614075 
vn -0.016929738223552704 0.9424830079078674 0.33382320404052734 
vn -0.005478214472532272 0.9986250996589661 0.05212092772126198 
vn -0.17803208529949188 0.983995795249939 0.00746108777821064 
vn -0.30916306376457214 0.8429664969444275 -0.4402550756931305 
vn -0.31238675117492676 0.8634645938873291 -0.39603325724601746 
vn -0.28010669350624084 0.9599388241767883 0.0075223310850560665 
vn -0.18831029534339905 0.9395260214805603 0.28605738282203674 
vn -0.15492720901966095 0.8926861882209778 0.4232111871242523 
vn -0.10401282459497452 0.9236700534820557 0.36880043148994446 
vn 0.5364162921905518 0.7246463894844055 -0.43260177969932556 
vn 0.5364162921905518 0.7246463894844055 -0.43260177969932556 
vn 0.5364162921905518 0.7246463894844055 -0.43260177969932556 
vn 0.28167828917503357 0.9253354668617249 0.25379225611686707 
vn 0.28167828917503357 0.9253354668617249 0.25379225611686707 
vn 0.28167828917503357 0.9253354668617249 0.25379225611686707 
vn 0.08525115996599197 0.9481806755065918 0.30607911944389343 
vn 0.08525115996599197 0.9481806755065918 0.30607911944389343 
vn 0.08525115996599197 0.9481806755065918 0.30607911944389343 
vn 0.46793389320373535 0.6418566107749939 -0.6075006127357483 
vn 0.46793389320373535 0.6418566107749939 -0.6075006127357483 
vn 0.46793389320373535 0.6418566107749939 -0.6075006127357483 
vn 0.36694884300231934 0.9185677766799927 0.1469036191701889 
vn 0.36694884300231934 0.9185677766799927 0.1469036191701889 
vn 0.36694884300231934 0.9185677766799927 0.1469036191701889 
vn -0.0917162150144577 0.9691449999809265 -0.22879019379615784 
vn -0.16128399968147278 0.9561833143234253 -0.24433542788028717 
vn -0.2410532832145691 0.9380203485488892 -0.24901802837848663 
vn -0.3441801369190216 0.8985164761543274 -0.2724097669124603 
vn 0.005605690646916628 0.9780862927436829 -0.20812161266803741 
vn 0.0018765029963105917 0.9752732515335083 -0.22099179029464722 
vn 0.07160359621047974 0.9798682928085327 -0.18635940551757812 
vn 0.08628829568624496 0.9712619781494141 -0.2218182533979416 
vn 0.12536044418811798 0.9680587649345398 -0.21713097393512726 
vn 0.16768485307693481 0.9364970326423645 -0.3079835772514343 
vn 0.07967406511306763 0.9940391778945923 -0.07441090792417526 
vn 0.1933531016111374 0.9097136855125427 -0.36747023463249207 
vn 0.1933531016111374 0.9097136855125427 -0.36747023463249207 
vn 0.026289938017725945 0.9495598673820496 0.31247973442077637 
vn 0.026289938017725945 0.9495598673820496 0.31247973442077637 
vn -0.009381964802742004 0.9509209990501404 0.30928948521614075 
vn -0.016929738223552704 0.9424830079078674 0.33382320404052734 
vn -0.005478214472532272 0.9986250996589661 0.05212092772126198 
vn -0.17803208529949188 0.983995795249939 0.00746108777821064 
vn -0.30916306376457214 0.8429664969444275 -0.4402550756931305 
vn -0.31238675117492676 0.8634645938873291 -0.39603325724601746 
vn -0.28010669350624084 0.9599388241767883 0.0075223310850560665 
vn -0.18831029534339905 0.9395260214805603 0.28605738282203674 
vn -0.15492720901966095 0.8926861882209778 0.4232111871242523 
vn -0.10401282459497452 0.9236700534820557 0.36880043148994446 
vn 0.5364162921905518 0.7246463894844055 -0.43260177969932556 
vn 0.5364162921905518 0.7246463894844055 -0.43260177969932556 
vn 0.5364162921905518 0.7246463894844055 -0.43260177969932556 
vn 0.28167828917503357 0.9253354668617249 0.25379225611686707 
vn 0.28167828917503357 0.9253354668617249 0.25379225611686707 
vn 0.28167828917503357 0.9253354668617249 0.25379225611686707 
vn 0.08525115996599197 0.9481806755065918 0.30607911944389343 
vn 0.08525115996599197 0.9481806755065918 0.30607911944389343 
vn 0.08525115996599197 0.9481806755065918 0.30607911944389343 
vn 0.46793389320373535 0.6418566107749939 -0.6075006127357483 
vn 0.46793389320373535 0.6418566107749939 -0.6075006127357483 
vn 0.46793389320373535 0.6418566107749939 -0.6075006127357483 
vn 0.36694884300231934 0.9185677766799927 0.1469036191701889 
vn 0.36694884300231934 0.9185677766799927 0.1469036191701889 
vn 0.36694884300231934 0.9185677766799927 0.1469036191701889 
vn -0.14427337050437927 0.9691449999809265 -0.19985492527484894 
vn -0.21798588335514069 0.9561833143234253 -0.19543401896953583 
vn -0.29302725195884705 0.9380203485488892 -0.18507198989391327 
vn -0.39912986755371094 0.8985165357589722 -0.18265363574028015 
vn -0.046328045427799225 0.9780862927436829 -0.20297718048095703 
vn -0.050221700221300125 0.9752732515335083 -0.2152177393436432 
vn 0.020619256421923637 0.9798682928085327 -0.19857431948184967 
vn 0.028115078806877136 0.9712619185447693 -0.23634415864944458 
vn 0.06307809799909592 0.968058705329895 -0.24265669286251068 
vn 0.08378133177757263 0.9364970326423645 -0.34051844477653503 
vn 0.0628683865070343 0.9940391778945923 -0.08906470984220505 
vn 0.1023176908493042 0.909713625907898 -0.4024312198162079 
vn 0.1023176908493042 0.909713625907898 -0.4024312198162079 
vn 0.09975922852754593 0.9495598673820496 0.297292560338974 
vn 0.09975922852754593 0.9495598673820496 0.297292560338974 
vn 0.06519092619419098 0.9509209990501404 0.3024866282939911 
vn 0.06544013321399689 0.9424830079078674 0.3277837038040161 
vn 0.009100656025111675 0.9986250996589661 0.051611825823783875 
vn -0.17058323323726654 0.983995795249939 0.05150141566991806 
vn -0.40913262963294983 0.8429665565490723 -0.3493090569972992 
vn -0.39719557762145996 0.8634646534919739 -0.3109075129032135 
vn -0.2680737376213074 0.9599388837814331 0.08156424760818481 
vn -0.10726120322942734 0.9395260810852051 0.32524538040161133 
vn -0.04511107876896858 0.8926861882209778 0.4484139680862427 
vn -0.00752351013943553 0.9236700534820557 0.383113294839859 
vn 0.41776230931282043 0.7246463298797607 -0.5480523109436035 
vn 0.41776230931282043 0.7246463298797607 -0.5480523109436035 
vn 0.41776230931282043 0.7246463298797607 -0.5480523109436035 
vn 0.33354511857032776 0.9253354072570801 0.1802801787853241 
vn 0.33354511857032776 0.9253354072570801 0.1802801787853241 
vn 0.33354511857032776 0.9253354072570801 0.1802801787853241 
vn 0.15451255440711975 0.9481806755065918 0.27762943506240845 
vn 0.15451255440711975 0.9481806755065918 0.27762943506240845 
vn 0.15451255440711975 0.9481806755065918 0.27762943506240845 
vn 0.3060298562049866 0.6418565511703491 -0.7031108140945435 
vn 0.3060298562049866 0.6418565511703491 -0.7031108140945435 
vn 0.3060298562049866 0.6418565511703491 -0.7031108140945435 
vn 0.3926859200000763 0.9185677170753479 0.04505603387951851 
vn 0.3926859200000763 0.9185677170753479 0.04505603387951851 
vn 0.3926859200000763 0.9185677170753479 0.04505603387951851 
vn 1.8690156030915644e-13 0.9999994039535522 -6.188972747622756e-7 
vn 1.8690156030915644e-13 0.9999994039535522 -6.188972747622756e-7 
vn 1.8690156030915644e-13 0.9999994039535522 -6.188972747622756e-7 
vn 1.8690156030915644e-13 0.9999994039535522 -6.188972747622756e-7 
vn 1.8690156030915644e-13 0.9999994039535522 -6.188972747622756e-7 
vn 1.8690156030915644e-13 0.9999994039535522 -6.188972747622756e-7 
vn 1.8690156030915644e-13 0.9999994039535522 -6.188972747622756e-7 
vn 1.8690156030915644e-13 0.9999994039535522 -6.188972747622756e-7 
vn 1.8690156030915644e-13 0.9999994039535522 -6.188972747622756e-7 
vn 1.8690156030915644e-13 0.9999994039535522 -6.188972747622756e-7 
vn 1.8690156030915644e-13 0.9999994039535522 -6.188972747622756e-7 
vn 1.8690156030915644e-13 0.9999994039535522 -6.188972747622756e-7 
vn 1.8690156030915644e-13 0.9999994039535522 -6.188972747622756e-7 
vn 1.8690156030915644e-13 0.9999994039535522 -6.188972747622756e-7 
vn 1.8690156030915644e-13 0.9999994039535522 -6.188972747622756e-7 
vn 1.8690156030915644e-13 0.9999994039535522 -6.188972747622756e-7 
vn 1.8690156030915644e-13 0.9999994039535522 -6.188972747622756e-7 
vn 1.8690156030915644e-13 0.9999994039535522 -6.188972747622756e-7 
vn 1.8690156030915644e-13 0.9999994039535522 -6.188972747622756e-7 
vn 1.8690156030915644e-13 0.9999994039535522 -6.188972747622756e-7 
vn 1.8690156030915644e-13 0.9999994039535522 -6.188972747622756e-7 
vn 1.8690156030915644e-13 0.9999994039535522 -6.188972747622756e-7 
vn 1.8690156030915644e-13 0.9999994039535522 -6.188972747622756e-7 
vn 1.8690156030915644e-13 0.9999994039535522 -6.188972747622756e-7 
vn 1.8690156030915644e-13 0.9999994039535522 -6.188972747622756e-7 
vn -0.19592659175395966 -0.9780863523483276 0.0704178586602211 
vn -0.19592659175395966 -0.9780863523483276 0.0704178586602211 
vn -0.19592659175395966 -0.9780863523483276 0.0704178586602211 
vn -0.10416588932275772 -0.9807312488555908 0.1652708202600479 
vn -0.10416588932275772 -0.9807312488555908 0.1652708202600479 
vn -0.10416588932275772 -0.9807312488555908 0.1652708202600479 
vn -0.020812880247831345 -0.9789866209030151 0.20285657048225403 
vn -0.020812880247831345 -0.9789866209030151 0.20285657048225403 
vn -0.020812880247831345 -0.9789866209030151 0.20285657048225403 
vn 0.01703842356801033 -0.9789866209030151 0.20320841670036316 
vn 0.01703842356801033 -0.9789866209030151 0.20320841670036316 
vn 0.01703842356801033 -0.9789866209030151 0.20320841670036316 
vn 0.2058684080839157 -0.9771673083305359 0.05254541337490082 
vn 0.2058684080839157 -0.9771673083305359 0.05254541337490082 
vn 0.2058684080839157 -0.9771673083305359 0.05254541337490082 
vn 0.09104534983634949 -0.9807312488555908 0.1728459596633911 
vn 0.09104534983634949 -0.9807312488555908 0.1728459596633911 
vn 0.09104534983634949 -0.9807312488555908 0.1728459596633911 
vn -0.22096672654151917 -0.9752733707427979 -0.003793207462877035 
vn -0.22096672654151917 -0.9752733707427979 -0.003793207462877035 
vn -0.22096672654151917 -0.9752733707427979 -0.003793207462877035 
vn 0.22047844529151917 -0.9752733707427979 0.015164469368755817 
vn 0.22047844529151917 -0.9752733707427979 0.015164469368755817 
vn 0.22047844529151917 -0.9752733707427979 0.015164469368755817 
vn -0.21836671233177185 -0.9752733707427979 -0.03400915116071701 
vn -0.21836671233177185 -0.9752733707427979 -0.03400915116071701 
vn -0.21836671233177185 -0.9752733707427979 -0.03400915116071701 
vn 0.21891838312149048 -0.9752733707427979 -0.030255451798439026 
vn 0.21891838312149048 -0.9752733707427979 -0.030255451798439026 
vn 0.21891838312149048 -0.9752733707427979 -0.030255451798439026 
vn -0.19326789677143097 -0.9771674275398254 -0.08826190233230591 
vn -0.19326789677143097 -0.9771674275398254 -0.08826190233230591 
vn -0.19326789677143097 -0.9771674275398254 -0.08826190233230591 
vn -0.07923650741577148 -0.978086531162262 -0.19252824783325195 
vn -0.07923650741577148 -0.978086531162262 -0.19252824783325195 
vn -0.07923650741577148 -0.978086531162262 -0.19252824783325195 
vn -0.030163733288645744 -0.9762297868728638 -0.21462585031986237 
vn -0.030163733288645744 -0.9762297868728638 -0.21462585031986237 
vn -0.030163733288645744 -0.9762297868728638 -0.21462585031986237 
vn 0.03016386367380619 -0.9762297868728638 -0.21462583541870117 
vn 0.03016386367380619 -0.9762297868728638 -0.21462583541870117 
vn 0.03016386367380619 -0.9762297868728638 -0.21462583541870117 
vn 0.06145310029387474 -0.978086531162262 -0.19891972839832306 
vn 0.06145310029387474 -0.978086531162262 -0.19891972839832306 
vn 0.06145310029387474 -0.978086531162262 -0.19891972839832306 
vn 0.19461561739444733 -0.9780864715576172 -0.07396277040243149 
vn 0.19461561739444733 -0.9780864715576172 -0.07396277040243149 
vn 0.19461561739444733 -0.9780864715576172 -0.07396277040243149 
vn 0.2596297264099121 0.9548951983451843 0.1441056728363037 
vn 0.2596297264099121 0.9548951983451843 0.1441056728363037 
vn 0.2596297264099121 0.9548951983451843 0.1441056728363037 
vn 0.08939214050769806 0.9349562525749207 0.34331411123275757 
vn 0.08939214050769806 0.9349562525749207 0.34331411123275757 
vn 0.08939214050769806 0.9349562525749207 0.34331411123275757 
vn -0.1344022899866104 0.9202861785888672 0.36743447184562683 
vn -0.1344022899866104 0.9202861785888672 0.36743447184562683 
vn -0.1344022899866104 0.9202861785888672 0.36743447184562683 
vn -0.3429202437400818 0.9168320298194885 0.20450834929943085 
vn -0.3429202437400818 0.9168320298194885 0.20450834929943085 
vn -0.3429202437400818 0.9168320298194885 0.20450834929943085 
vn 0.22840218245983124 0.9658308625221252 -0.12248280644416809 
vn 0.22840218245983124 0.9658308625221252 -0.12248280644416809 
vn 0.22840218245983124 0.9658308625221252 -0.12248280644416809 
vn -0.21522095799446106 0.9548949599266052 -0.20458337664604187 
vn -0.21522095799446106 0.9548949599266052 -0.20458337664604187 
vn -0.21522095799446106 0.9548949599266052 -0.20458337664604187 
vn -0.36515089869499207 0.9269829988479614 -0.08582647144794464 
vn -0.36515089869499207 0.9269829988479614 -0.08582647144794464 
vn -0.36515089869499207 0.9269829988479614 -0.08582647144794464 
vn -0.2595307230949402 0.964689314365387 0.044912852346897125 
vn -0.2595307230949402 0.964689314365387 0.044912852346897125 
vn -0.2595307230949402 0.964689314365387 0.044912852346897125 
vn 0.2737124562263489 -0.9599387645721436 0.05998251959681511 
vn 0.2737124562263489 -0.9599387645721436 0.05998251959681511 
vn 0.2737124562263489 -0.9599387645721436 0.05998251959681511 
vn 0.2033500075340271 -0.9535884261131287 0.2220737636089325 
vn 0.2033500075340271 -0.9535884261131287 0.2220737636089325 
vn 0.2033500075340271 -0.9535884261131287 0.2220737636089325 
vn -0.09633193165063858 -0.9574533104896545 0.27203312516212463 
vn -0.09633193165063858 -0.9574533104896545 0.27203312516212463 
vn -0.09633193165063858 -0.9574533104896545 0.27203312516212463 
vn -0.21054673194885254 -0.9680588245391846 0.13612902164459229 
vn -0.21054673194885254 -0.9680588245391846 0.13612902164459229 
vn -0.21054673194885254 -0.9680588245391846 0.13612902164459229 
vn -0.13848043978214264 -0.8310139775276184 -0.5387371182441711 
vn -0.13848043978214264 -0.8310139775276184 -0.5387371182441711 
vn -0.13848043978214264 -0.8310139775276184 -0.5387371182441711 
vn -0.02267761528491974 -0.7682244181632996 -0.6397778987884521 
vn -0.02267761528491974 -0.7682244181632996 -0.6397778987884521 
vn -0.02267761528491974 -0.7682244181632996 -0.6397778987884521 
vn 0.6564851999282837 -0.31980058550834656 0.6831940412521362 
vn 0.6564851999282837 -0.31980058550834656 0.6831940412521362 
vn 0.6564851999282837 -0.31980058550834656 0.6831940412521362 
vn -0.5941718220710754 0.045862991362810135 0.8030290007591248 
vn -0.5941718220710754 0.045862991362810135 0.8030290007591248 
vn -0.5941718220710754 0.045862991362810135 0.8030290007591248 
vn 0.3712058663368225 -0.6747388243675232 0.6379126906394958 
vn 0.3712058663368225 -0.6747388243675232 0.6379126906394958 
vn 0.3712058663368225 -0.6747388243675232 0.6379126906394958 
vn 0.13996268808841705 -0.8634651303291321 -0.4846000671386719 
vn 0.13996268808841705 -0.8634651303291321 -0.4846000671386719 
vn 0.13996268808841705 -0.8634651303291321 -0.4846000671386719 
vn -0.05286549776792526 -0.7682244181632996 -0.6379932165145874 
vn -0.05286549776792526 -0.7682244181632996 -0.6379932165145874 
vn -0.05286549776792526 -0.7682244181632996 -0.6379932165145874 
vn 0.31422972679138184 0.38116833567619324 -0.8694648742675781 
vn 0.31422972679138184 0.38116833567619324 -0.8694648742675781 
vn 0.31422972679138184 0.38116833567619324 -0.8694648742675781 
vn 0.5476770401000977 0.8358427882194519 -0.03762656822800636 
vn 0.5476770401000977 0.8358427882194519 -0.03762656822800636 
vn 0.5476770401000977 0.8358427882194519 -0.03762656822800636 
vn -0.5727782845497131 0.8186638951301575 -0.04139566794037819 
vn -0.5727782845497131 0.8186638951301575 -0.04139566794037819 
vn -0.5727782845497131 0.8186638951301575 -0.04139566794037819 
vn 0.6992648243904114 0.1717357337474823 0.6939271688461304 
vn 0.6992648243904114 0.1717357337474823 0.6939271688461304 
vn 0.6992648243904114 0.1717357337474823 0.6939271688461304 
vn -0.5205968618392944 -0.3972674608230591 0.7557490468025208 
vn -0.5205968618392944 -0.3972674608230591 0.7557490468025208 
vn -0.5205968618392944 -0.3972674608230591 0.7557490468025208 
vn 0.06492200493812561 0.9712619781494141 -0.2289850413799286 
vn 0.06492200493812561 0.9712619781494141 -0.2289850413799286 
vn 0.06492200493812561 0.9712619781494141 -0.2289850413799286 
vn -0.2966340482234955 0.3852042257785797 -0.873856246471405 
vn -0.2966340482234955 0.3852042257785797 -0.873856246471405 
vn -0.2966340482234955 0.3852042257785797 -0.873856246471405 
vn -0.24711966514587402 0.5138100981712341 0.8215411901473999 
vn -0.24711966514587402 0.5138100981712341 0.8215411901473999 
vn -0.24711966514587402 0.5138100981712341 0.8215411901473999 
vn 0.2971454858779907 0.5398053526878357 0.7875999808311462 
vn 0.2971454858779907 0.5398053526878357 0.7875999808311462 
vn 0.2971454858779907 0.5398053526878357 0.7875999808311462 
vn 0.7371033430099487 0.6650069355964661 -0.12018301337957382 
vn 0.7371033430099487 0.6650069355964661 -0.12018301337957382 
vn 0.7371033430099487 0.6650069355964661 -0.12018301337957382 
vn -0.7296470999717712 0.6811631321907043 0.06026047095656395 
vn -0.7296470999717712 0.6811631321907043 0.06026047095656395 
vn -0.7296470999717712 0.6811631321907043 0.06026047095656395 
vn 0.17372623085975647 0.9847649931907654 -0.007481568958610296 
vn 0.17372623085975647 0.9847649931907654 -0.007481568958610296 
vn 0.17372623085975647 0.9847649931907654 -0.007481568958610296 
vn -0.19194938242435455 -0.7336168885231018 0.651889979839325 
vn -0.19194938242435455 -0.7336168885231018 0.651889979839325 
vn -0.19194938242435455 -0.7336168885231018 0.651889979839325 
vn 0.33705267310142517 0.9253354072570801 0.17363408207893372 
vn 0.33705267310142517 0.9253354072570801 0.17363408207893372 
vn 0.33705267310142517 0.9253354072570801 0.17363408207893372 
vn 0.11712723225355148 0.9004262089729309 0.41894227266311646 
vn 0.11712723225355148 0.9004262089729309 0.41894227266311646 
vn 0.11712723225355148 0.9004262089729309 0.41894227266311646 
vn -0.17994548380374908 0.8763906359672546 0.44671911001205444 
vn -0.17994548380374908 0.8763906359672546 0.44671911001205444 
vn -0.17994548380374908 0.8763906359672546 0.44671911001205444 
vn -0.4390094578266144 0.8634650111198425 0.24839073419570923 
vn -0.4390094578266144 0.8634650111198425 0.24839073419570923 
vn -0.4390094578266144 0.8634650111198425 0.24839073419570923 
vn 0.2931191623210907 0.9439342021942139 -0.15188248455524445 
vn 0.2931191623210907 0.9439342021942139 -0.15188248455524445 
vn 0.2931191623210907 0.9439342021942139 -0.15188248455524445 
vn -0.5163486003875732 0.8545175790786743 -0.05641837790608406 
vn -0.5163486003875732 0.8545175790786743 -0.05641837790608406 
vn -0.5163486003875732 0.8545175790786743 -0.05641837790608406 
vn -0.47169315814971924 0.876390278339386 -0.09718392789363861 
vn -0.47169315814971924 0.876390278339386 -0.09718392789363861 
vn -0.47169315814971924 0.876390278339386 -0.09718392789363861 
vn 0.5004338622093201 0.7874422669410706 0.3598606288433075 
vn 0.5004338622093201 0.7874422669410706 0.3598606288433075 
vn 0.5004338622093201 0.7874422669410706 0.3598606288433075 
vn -0.5470120310783386 0.7511789798736572 0.36946865916252136 
vn -0.5470120310783386 0.7511789798736572 0.36946865916252136 
vn -0.5470120310783386 0.7511789798736572 0.36946865916252136 
vn 0.29931640625 -0.9522637128829956 0.0600195974111557 
vn 0.29931640625 -0.9522637128829956 0.0600195974111557 
vn 0.29931640625 -0.9522637128829956 0.0600195974111557 
vn 0.21933163702487946 -0.9561833143234253 0.1939224898815155 
vn 0.21933163702487946 -0.9561833143234253 0.1939224898815155 
vn 0.21933163702487946 -0.9561833143234253 0.1939224898815155 
vn -0.028287600725889206 -0.959938645362854 0.278776615858078 
vn -0.028287600725889206 -0.959938645362854 0.278776615858078 
vn -0.028287600725889206 -0.959938645362854 0.278776615858078 
vn -0.26742759346961975 -0.9535884857177734 0.13838492333889008 
vn -0.26742759346961975 -0.9535884857177734 0.13838492333889008 
vn -0.26742759346961975 -0.9535884857177734 0.13838492333889008 
vn -0.9352932572364807 -0.1285405457019806 -0.3297024369239807 
vn -0.9352932572364807 -0.1285405457019806 -0.3297024369239807 
vn -0.9352932572364807 -0.1285405457019806 -0.3297024369239807 
vn 0.13506804406642914 0.9798682928085327 -0.1470152884721756 
vn 0.13506804406642914 0.9798682928085327 -0.1470152884721756 
vn 0.13506804406642914 0.9798682928085327 -0.1470152884721756 
vn 0.8364757895469666 -0.1415286809206009 -0.5294124484062195 
vn 0.8364757895469666 -0.1415286809206009 -0.5294124484062195 
vn 0.8364757895469666 -0.1415286809206009 -0.5294124484062195 
vn -0.8444790840148926 0.4758458137512207 -0.24581597745418549 
vn -0.8444790840148926 0.4758458137512207 -0.24581597745418549 
vn -0.8444790840148926 0.4758458137512207 -0.24581597745418549 
vn -0.2929377853870392 -0.8285755515098572 -0.4771256446838379 
vn -0.2929377853870392 -0.8285755515098572 -0.4771256446838379 
vn -0.2929377853870392 -0.8285755515098572 -0.4771256446838379 
vn -0.00934064295142889 0.9780862927436829 -0.207987442612648 
vn -0.00934064295142889 0.9780862927436829 -0.207987442612648 
vn -0.00934064295142889 0.9780862927436829 -0.207987442612648 
vn -0.020789794623851776 -0.8085029125213623 -0.5881238579750061 
vn -0.020789794623851776 -0.8085029125213623 -0.5881238579750061 
vn -0.020789794623851776 -0.8085029125213623 -0.5881238579750061 
vn 0.868830680847168 0.3608816862106323 -0.3389652371406555 
vn 0.868830680847168 0.3608816862106323 -0.3389652371406555 
vn 0.868830680847168 0.3608816862106323 -0.3389652371406555 
vn -0.26578718423843384 0.9599387645721436 -0.08873342722654343 
vn -0.26578718423843384 0.9599387645721436 -0.08873342722654343 
vn -0.26578718423843384 0.9599387645721436 -0.08873342722654343 
vn 0.6631081700325012 0.006554499734193087 0.7484944462776184 
vn 0.6631081700325012 0.006554499734193087 0.7484944462776184 
vn 0.6631081700325012 0.006554499734193087 0.7484944462776184 
vn -0.516981303691864 0.03713179752230644 0.8551903963088989 
vn -0.516981303691864 0.03713179752230644 0.8551903963088989 
vn -0.516981303691864 0.03713179752230644 0.8551903963088989 
vn -0.4525640904903412 -0.8634647130966187 0.22274087369441986 
vn -0.4525640904903412 -0.8634647130966187 0.22274087369441986 
vn -0.4525640904903412 -0.8634647130966187 0.22274087369441986 
vn 0.6445282697677612 -0.7336171269416809 0.2153799831867218 
vn 0.6445282697677612 -0.7336171269416809 0.2153799831867218 
vn 0.6445282697677612 -0.7336171269416809 0.2153799831867218 
vn 0.27005434036254883 -0.8285755515098572 -0.4904406666755676 
vn 0.27005434036254883 -0.8285755515098572 -0.4904406666755676 
vn 0.27005434036254883 -0.8285755515098572 -0.4904406666755676 
vn -0.020789794623851776 -0.8085029125213623 -0.5881238579750061 
vn -0.020789794623851776 -0.8085029125213623 -0.5881238579750061 
vn -0.020789794623851776 -0.8085029125213623 -0.5881238579750061 
vn -0.00934064295142889 0.9780862927436829 -0.207987442612648 
vn -0.00934064295142889 0.9780862927436829 -0.207987442612648 
vn -0.00934064295142889 0.9780862927436829 -0.207987442612648 
vn -0.9696241617202759 -0.1372014880180359 0.20249611139297485 
vn -0.9696241617202759 -0.1372014880180359 0.20249611139297485 
vn -0.9696241617202759 -0.1372014880180359 0.20249611139297485 
vn 0.9332568049430847 0.11553046107292175 0.34012389183044434 
vn 0.9332568049430847 0.11553046107292175 0.34012389183044434 
vn 0.9332568049430847 0.11553046107292175 0.34012389183044434 
vn 0.628963053226471 0.7737889289855957 -0.07520198822021484 
vn 0.628963053226471 0.7737889289855957 -0.07520198822021484 
vn 0.628963053226471 0.7737889289855957 -0.07520198822021484 
vn 0.6839898824691772 0.49873751401901245 -0.5323702692985535 
vn 0.6839898824691772 0.49873751401901245 -0.5323702692985535 
vn 0.6839898824691772 0.49873751401901245 -0.5323702692985535 
vn -0.8015959858894348 0.4211871922016144 -0.42431679368019104 
vn -0.8015959858894348 0.4211871922016144 -0.42431679368019104 
vn -0.8015959858894348 0.4211871922016144 -0.42431679368019104 
vn -0.6914488077163696 0.7216286659240723 -0.033910371363162994 
vn -0.6914488077163696 0.7216286659240723 -0.033910371363162994 
vn -0.6914488077163696 0.7216286659240723 -0.033910371363162994 
vn 0.6571770906448364 0.13720206916332245 0.7411431670188904 
vn 0.6571770906448364 0.13720206916332245 0.7411431670188904 
vn 0.6571770906448364 0.13720206916332245 0.7411431670188904 
vn -0.5157109498977661 -0.080745168030262 0.8529486656188965 
vn -0.5157109498977661 -0.080745168030262 0.8529486656188965 
vn -0.5157109498977661 -0.080745168030262 0.8529486656188965 
vn 0.21545922756195068 0.9509209394454956 0.222093403339386 
vn 0.21545922756195068 0.9509209394454956 0.222093403339386 
vn 0.21545922756195068 0.9509209394454956 0.222093403339386 
vn 0.338883638381958 0.9333969950675964 -0.11801216006278992 
vn 0.338883638381958 0.9333969950675964 -0.11801216006278992 
vn 0.338883638381958 0.9333969950675964 -0.11801216006278992 
vn -0.7441920042037964 -0.43697431683540344 -0.5052040219306946 
vn -0.7441920042037964 -0.43697431683540344 -0.5052040219306946 
vn -0.7441920042037964 -0.43697431683540344 -0.5052040219306946 
vn -0.3968394100666046 0.9097139835357666 0.12222063541412354 
vn -0.3968394100666046 0.9097139835357666 0.12222063541412354 
vn -0.3968394100666046 0.9097139835357666 0.12222063541412354 
vn 0.6587132215499878 -0.631750762462616 -0.40864071249961853 
vn 0.6587132215499878 -0.631750762462616 -0.40864071249961853 
vn 0.6587132215499878 -0.631750762462616 -0.40864071249961853 
vn 0.3831140995025635 0.9236698150634766 0.00752293411642313 
vn 0.3831140995025635 0.9236698150634766 0.00752293411642313 
vn 0.3831140995025635 0.9236698150634766 0.00752293411642313 
vn 0.287704199552536 0.9004261493682861 0.3262788653373718 
vn 0.287704199552536 0.9004261493682861 0.3262788653373718 
vn 0.287704199552536 0.9004261493682861 0.3262788653373718 
vn 0.035703398287296295 0.8784865736961365 0.47642984986305237 
vn 0.035703398287296295 0.8784865736961365 0.47642984986305237 
vn 0.035703398287296295 0.8784865736961365 0.47642984986305237 
vn -0.28437837958335876 0.8678399324417114 0.4074084162712097 
vn -0.28437837958335876 0.8678399324417114 0.4074084162712097 
vn -0.28437837958335876 0.8678399324417114 0.4074084162712097 
vn 0.20160916447639465 0.942482590675354 -0.26660653948783875 
vn 0.20160916447639465 0.942482590675354 -0.26660653948783875 
vn 0.20160916447639465 0.942482590675354 -0.26660653948783875 
vn -0.4816310405731201 0.8590241074562073 0.1735171228647232 
vn -0.4816310405731201 0.8590241074562073 0.1735171228647232 
vn -0.4816310405731201 0.8590241074562073 0.1735171228647232 
vn -0.45959168672561646 0.8805654644966125 0.11566739529371262 
vn -0.45959168672561646 0.8805654644966125 0.11566739529371262 
vn -0.45959168672561646 0.8805654644966125 0.11566739529371262 
vn 0.6143495440483093 0.7820256352424622 0.10492745041847229 
vn 0.6143495440483093 0.7820256352424622 0.10492745041847229 
vn 0.6143495440483093 0.7820256352424622 0.10492745041847229 
vn -0.32239511609077454 0.7569187879562378 0.5684489607810974 
vn -0.32239511609077454 0.7569187879562378 0.5684489607810974 
vn -0.32239511609077454 0.7569187879562378 0.5684489607810974 
vn 0.2959820628166199 -0.9522638320922852 -0.07474710792303085 
vn 0.2959820628166199 -0.9522638320922852 -0.07474710792303085 
vn 0.2959820628166199 -0.9522638320922852 -0.07474710792303085 
vn 0.2808523178100586 -0.95489501953125 0.09641735255718231 
vn 0.2808523178100586 -0.95489501953125 0.09641735255718231 
vn 0.2808523178100586 -0.95489501953125 0.09641735255718231 
vn 0.06736888736486435 -0.9574533104896545 0.28061237931251526 
vn 0.06736888736486435 -0.9574533104896545 0.28061237931251526 
vn 0.06736888736486435 -0.9574533104896545 0.28061237931251526 
vn -0.1800357848405838 -0.9535884261131287 0.24136094748973846 
vn -0.1800357848405838 -0.9535884261131287 0.24136094748973846 
vn -0.1800357848405838 -0.9535884261131287 0.24136094748973846 
vn -0.9878157377243042 -0.09380367398262024 0.1241813525557518 
vn -0.9878157377243042 -0.09380367398262024 0.1241813525557518 
vn -0.9878157377243042 -0.09380367398262024 0.1241813525557518 
vn 0.05739112198352814 0.9798682928085327 -0.19121497869491577 
vn 0.05739112198352814 0.9798682928085327 -0.19121497869491577 
vn 0.05739112198352814 0.9798682928085327 -0.19121497869491577 
vn 0.5134863257408142 -0.1544925719499588 -0.8440751433372498 
vn 0.5134863257408142 -0.1544925719499588 -0.8440751433372498 
vn 0.5134863257408142 -0.1544925719499588 -0.8440751433372498 
vn -0.8586687445640564 0.4911446273326874 0.1465083360671997 
vn -0.8586687445640564 0.4911446273326874 0.1465083360671997 
vn -0.8586687445640564 0.4911446273326874 0.1465083360671997 
vn -0.4762577414512634 -0.8261212706565857 -0.3011666238307953 
vn -0.4762577414512634 -0.8261212706565857 -0.3011666238307953 
vn -0.4762577414512634 -0.8261212706565857 -0.3011666238307953 
vn -0.09535080939531326 0.9780862927436829 -0.18507899343967438 
vn -0.09535080939531326 0.9780862927436829 -0.18507899343967438 
vn -0.09535080939531326 0.9780862927436829 -0.18507899343967438 
vn -0.27438661456108093 -0.8085028529167175 -0.5206092596054077 
vn -0.27438661456108093 -0.8085028529167175 -0.5206092596054077 
vn -0.27438661456108093 -0.8085028529167175 -0.5206092596054077 
vn 0.6369754672050476 0.34042230248451233 -0.6916459798812866 
vn 0.6369754672050476 0.34042230248451233 -0.6916459798812866 
vn 0.6369754672050476 0.34042230248451233 -0.6916459798812866 
vn -0.27394571900367737 0.9611539840698242 0.033698637038469315 
vn -0.27394571900367737 0.9611539840698242 0.033698637038469315 
vn -0.27394571900367737 0.9611539840698242 0.033698637038469315 
vn 0.926634669303894 -0.0152920326218009 0.37565165758132935 
vn 0.926634669303894 -0.0152920326218009 0.37565165758132935 
vn 0.926634669303894 -0.0152920326218009 0.37565165758132935 
vn -0.08483224362134933 0.05459082871675491 0.9948980808258057 
vn -0.08483224362134933 0.05459082871675491 0.9948980808258057 
vn -0.08483224362134933 0.05459082871675491 0.9948980808258057 
vn -0.31239432096481323 -0.8590237498283386 0.40556982159614563 
vn -0.31239432096481323 -0.8590237498283386 0.40556982159614563 
vn -0.31239432096481323 -0.8590237498283386 0.40556982159614563 
vn 0.6604729890823364 -0.7453817129135132 -0.09044739603996277 
vn 0.6604729890823364 -0.7453817129135132 -0.09044739603996277 
vn 0.6604729890823364 -0.7453817129135132 -0.09044739603996277 
vn 0.024579115211963654 -0.828575611114502 -0.559336245059967 
vn 0.024579115211963654 -0.828575611114502 -0.559336245059967 
vn 0.024579115211963654 -0.828575611114502 -0.559336245059967 
vn -0.27438661456108093 -0.8085028529167175 -0.5206092596054077 
vn -0.27438661456108093 -0.8085028529167175 -0.5206092596054077 
vn -0.27438661456108093 -0.8085028529167175 -0.5206092596054077 
vn -0.09535080939531326 0.9780862927436829 -0.18507899343967438 
vn -0.09535080939531326 0.9780862927436829 -0.18507899343967438 
vn -0.09535080939531326 0.9780862927436829 -0.18507899343967438 
vn -0.7817783951759338 -0.1155298724770546 0.6127601265907288 
vn -0.7817783951759338 -0.1155298724770546 0.6127601265907288 
vn -0.7817783951759338 -0.1155298724770546 0.6127601265907288 
vn 0.9899912476539612 0.09380368143320084 -0.10544297844171524 
vn 0.9899912476539612 0.09380368143320084 -0.10544297844171524 
vn 0.9899912476539612 0.09380368143320084 -0.10544297844171524 
vn 0.5402578711509705 0.7654192447662354 -0.34964826703071594 
vn 0.5402578711509705 0.7654192447662354 -0.34964826703071594 
vn 0.5402578711509705 0.7654192447662354 -0.34964826703071594 
vn 0.387785941362381 0.4835132360458374 -0.7847521901130676 
vn 0.387785941362381 0.4835132360458374 -0.7847521901130676 
vn 0.387785941362381 0.4835132360458374 -0.7847521901130676 
vn -0.8969132304191589 0.44089996814727783 -0.033965371549129486 
vn -0.8969132304191589 0.44089996814727783 -0.033965371549129486 
vn -0.8969132304191589 0.44089996814727783 -0.033965371549129486 
vn -0.6230407357215881 0.7336174249649048 0.27133914828300476 
vn -0.6230407357215881 0.7336174249649048 0.27133914828300476 
vn -0.6230407357215881 0.7336174249649048 0.27133914828300476 
vn 0.9172451496124268 0.11118926852941513 0.38248932361602783 
vn 0.9172451496124268 0.11118926852941513 0.38248932361602783 
vn 0.9172451496124268 0.11118926852941513 0.38248932361602783 
vn -0.0923045203089714 -0.06331314891576767 0.9937152862548828 
vn -0.0923045203089714 -0.06331314891576767 0.9937152862548828 
vn -0.0923045203089714 -0.06331314891576767 0.9937152862548828 
vn 0.2960757613182068 0.94955974817276 0.1033162921667099 
vn 0.2960757613182068 0.94955974817276 0.1033162921667099 
vn 0.2960757613182068 0.94955974817276 0.1033162921667099 
vn 0.25595635175704956 0.9318200945854187 -0.2572869658470154 
vn 0.25595635175704956 0.9318200945854187 -0.2572869658470154 
vn 0.25595635175704956 0.9318200945854187 -0.2572869658470154 
vn -0.8997491598129272 -0.4172206223011017 -0.1279769241809845 
vn -0.8997491598129272 -0.4172206223011017 -0.1279769241809845 
vn -0.8997491598129272 -0.4172206223011017 -0.1279769241809845 
vn -0.2958538234233856 0.9133079051971436 0.27988922595977783 
vn -0.2958538234233856 0.9133079051971436 0.27988922595977783 
vn -0.2958538234233856 0.9133079051971436 0.27988922595977783 
vn 0.4068220555782318 -0.6452018022537231 -0.6466911435127258 
vn 0.4068220555782318 -0.6452018022537231 -0.6466911435127258 
vn 0.4068220555782318 -0.6452018022537231 -0.6466911435127258 
vn -0.9625800251960754 -0.2697051167488098 0.02643376775085926 
vn -0.9625800251960754 -0.2697051167488098 0.02643376775085926 
vn -0.9625800251960754 -0.2697051167488098 0.02643376775085926 
vn -0.959947943687439 -0.27810966968536377 0.03398387134075165 
vn -0.959947943687439 -0.27810966968536377 0.03398387134075165 
vn -0.959947943687439 -0.27810966968536377 0.03398387134075165 
vn 0.558606743812561 -0.06767427921295166 -0.8266667127609253 
vn 0.558606743812561 -0.06767427921295166 -0.8266667127609253 
vn 0.558606743812561 -0.06767427921295166 -0.8266667127609253 
vn 0.5145650506019592 -0.20178210735321045 -0.8333702087402344 
vn 0.5145650506019592 -0.20178210735321045 -0.8333702087402344 
vn 0.5145650506019592 -0.20178210735321045 -0.8333702087402344 
vn -0.8741214871406555 -0.2864932119846344 -0.39221543073654175 
vn -0.8741214871406555 -0.2864932119846344 -0.39221543073654175 
vn -0.8741214871406555 -0.2864932119846344 -0.39221543073654175 
vn -0.8739116787910461 -0.2823042571544647 -0.395704984664917 
vn -0.8739116787910461 -0.2823042571544647 -0.395704984664917 
vn -0.8739116787910461 -0.2823042571544647 -0.395704984664917 
vn 0.831260621547699 -0.18892641365528107 -0.5227926969528198 
vn 0.831260621547699 -0.18892641365528107 -0.5227926969528198 
vn 0.831260621547699 -0.18892641365528107 -0.5227926969528198 
vn 0.8652297258377075 -0.06331407278776169 -0.4973616302013397 
vn 0.8652297258377075 -0.06331407278776169 -0.4973616302013397 
vn 0.8652297258377075 -0.06331407278776169 -0.4973616302013397 
vn 0.4196346700191498 -0.28230348229408264 0.8626763224601746 
vn 0.4196346700191498 -0.28230348229408264 0.8626763224601746 
vn 0.4196346700191498 -0.28230348229408264 0.8626763224601746 
vn 0.11751720309257507 -0.9587051272392273 0.25898441672325134 
vn 0.11751720309257507 -0.9587051272392273 0.25898441672325134 
vn 0.11751720309257507 -0.9587051272392273 0.25898441672325134 
vn -0.1634567528963089 -0.9574533700942993 0.23783133924007416 
vn -0.1634567528963089 -0.9574533700942993 0.23783133924007416 
vn -0.1634567528963089 -0.9574533700942993 0.23783133924007416 
vn 0.2425023764371872 -0.9561833143234253 0.16402706503868103 
vn 0.2425023764371872 -0.9561833143234253 0.16402706503868103 
vn 0.2425023764371872 -0.9561833143234253 0.16402706503868103 
vn -0.01698640175163746 -0.9548949003219604 0.29645562171936035 
vn -0.01698640175163746 -0.9548949003219604 0.29645562171936035 
vn -0.01698640175163746 -0.9548949003219604 0.29645562171936035 
vn 0.8671947717666626 -0.14152805507183075 0.47743359208106995 
vn 0.8671947717666626 -0.14152805507183075 0.47743359208106995 
vn 0.8671947717666626 -0.14152805507183075 0.47743359208106995 
vn 1.5910987372080854e-7 0.849945604801178 -0.5268692970275879 
vn 1.5910987372080854e-7 0.849945604801178 -0.5268692970275879 
vn 0.501616895198822 0.7365792393684387 -0.45368558168411255 
vn 0.501616895198822 0.7365792393684387 -0.45368558168411255 
vn 0.8668992519378662 0.4251461923122406 -0.2602614462375641 
vn 0.8668992519378662 0.4251461923122406 -0.2602614462375641 
vn 0.999997615814209 0.002184692770242691 3.0063824851822574e-7 
vn 0.999997615814209 -0.002184692770242691 3.0334246048369096e-7 
vn 0.8667982816696167 -0.4251461923122406 0.26059770584106445 
vn 0.8667982816696167 -0.4251461923122406 0.26059770584106445 
vn 0.500427782535553 -0.7365792393684387 0.45499688386917114 
vn 0.500427782535553 -0.7365792393684387 0.45499688386917114 
vn -0.003779140766710043 -0.849945604801178 0.5268557667732239 
vn -0.003779140766710043 -0.849945604801178 0.5268557667732239 
vn -0.5004280209541321 -0.7365792393684387 0.45499658584594727 
vn -0.5004280209541321 -0.7365792393684387 0.45499658584594727 
vn -0.8657036423683167 -0.4251461923122406 0.2642112970352173 
vn -0.8657036423683167 -0.4251461923122406 0.2642112970352173 
vn -0.999997615814209 0.002184692770242691 -3.033422331100155e-7 
vn -0.999997615814209 -0.002184692770242691 -3.006380495662597e-7 
vn -0.8668991327285767 0.4251461923122406 -0.2602619528770447 
vn -0.8668991327285767 0.4251461923122406 -0.2602619528770447 
vn -0.5016166567802429 0.7365792393684387 -0.4536858797073364 
vn -0.5016166567802429 0.7365792393684387 -0.4536858797073364 
vn 1.5910987372080854e-7 0.849945604801178 -0.5268692970275879 
vn 1.5910987372080854e-7 0.849945604801178 -0.5268692970275879 
vn -0.599520206451416 0.5287240147590637 -0.6008540391921997 
vn -0.4329126179218292 0.536121129989624 -0.7246791124343872 
vn -0.599520206451416 0.5287240147590637 -0.6008540391921997 
vn -0.4329126179218292 0.536121129989624 -0.7246791124343872 
vn -0.020739400759339333 0.5250101685523987 -0.8508425354957581 
vn -0.03958779573440552 0.5287238955497742 -0.8478694558143616 
vn 0.34130746126174927 0.5062925815582275 -0.7919443845748901 
vn 0.32739534974098206 0.5062925219535828 -0.797796368598938 
vn 0.47942429780960083 0.4911440908908844 -0.7272749543190002 
vn 0.47942429780960083 0.4911440908908844 -0.7272749543190002 
vn -0.23311884701251984 0.4012744724750519 0.8857952356338501 
vn -0.23311884701251984 0.4012744724750519 0.8857952356338501 
vn -0.324638307094574 0.42909765243530273 0.8429021835327148 
vn -0.36955776810646057 0.44481804966926575 0.8158203959465027 
vn -0.32084473967552185 0.44481804966926575 0.8361784815788269 
vn -0.27292492985725403 0.43697455525398254 0.8570671081542969 
vn -0.14459125697612762 0.4012744724750519 0.9044727683067322 
vn -0.14459125697612762 0.4012744724750519 0.9044727683067322 
vn -0.05092320963740349 0.40527284145355225 0.9127756953239441 
vn -0.020755616948008537 0.40527284145355225 0.9139594435691833 
vn 0.20219315588474274 0.38520532846450806 0.9004074931144714 
vn 0.22966884076595306 0.3771263062953949 0.8972328901290894 
vn 0.3233847916126251 0.35271888971328735 0.8780720829963684 
vn 0.3233847916126251 0.35271888971328735 0.8780720829963684 
vn 0.6530843377113342 0.49494555592536926 -0.5731571316719055 
vn 0.6530843377113342 0.49494555592536926 -0.5731571316719055 
vn 0.6530843377113342 0.49494555592536926 -0.5731571316719055 
vn 0.6530843377113342 0.49494555592536926 -0.5731571316719055 
vn -0.7171847820281982 0.5287241339683533 -0.45397821068763733 
vn -0.7171847820281982 0.5287241339683533 -0.45397821068763733 
vn -0.7520623803138733 0.5324277877807617 -0.3884871006011963 
vn -0.7520623803138733 0.5324277877807617 -0.3884871006011963 
vn -0.6632165312767029 0.48351335525512695 -0.5712774395942688 
vn -0.7038558125495911 0.502519965171814 -0.502055823802948 
vn -0.6140779852867126 0.46814149618148804 -0.6354140043258667 
vn -0.6580334305763245 0.49494555592536926 -0.5674682855606079 
vn -0.7660735249519348 0.6418570280075073 0.03391854465007782 
vn -0.7691683769226074 0.6385002732276917 -0.026399262249469757 
vn -0.6493850946426392 0.6007869839668274 0.4662116467952728 
vn -0.6493850946426392 0.6007869839668274 0.4662116467952728 
vn 0.5242489576339722 0.2990272045135498 0.7973361015319824 
vn 0.5242489576339722 0.2990272045135498 0.7973361015319824 
vn 0.5242489576339722 0.2990272045135498 0.7973361015319824 
vn 0.5242489576339722 0.2990272045135498 0.7973361015319824 
vn 0.7098743915557861 0.5062927603721619 -0.48963794112205505 
vn 0.7098743915557861 0.5062927603721619 -0.48963794112205505 
vn 0.7098743915557861 0.5062927603721619 -0.48963794112205505 
vn 0.7098743915557861 0.5062927603721619 -0.48963794112205505 
vn 1.8690156030915644e-13 0.9999994039535522 -6.188972747622756e-7 
vn 1.8690156030915644e-13 0.9999994039535522 -6.188972747622756e-7 
vn 1.8690156030915644e-13 0.9999994039535522 -6.188972747622756e-7 
vn 1.8690156030915644e-13 0.9999994039535522 -6.188972747622756e-7 
vn 0.604680597782135 0.44872698187828064 0.6580309271812439 
vn 0.604680597782135 0.44872698187828064 0.6580309271812439 
vn 0.604680597782135 0.44872698187828064 0.6580309271812439 
vn 0.604680597782135 0.44872698187828064 0.6580309271812439 
vn 0.7306121587753296 0.5062927603721619 -0.45811888575553894 
vn 0.7306121587753296 0.5062927603721619 -0.45811888575553894 
vn 0.7306121587753296 0.5062927603721619 -0.45811888575553894 
vn 0.7306121587753296 0.5062927603721619 -0.45811888575553894 
vn 0.7486660480499268 0.597288191318512 0.2876550257205963 
vn 0.7486660480499268 0.597288191318512 0.2876550257205963 
vn 0.8023653030395508 0.5937778949737549 -0.06030922010540962 
vn 0.7983885407447815 0.5831799507141113 -0.1499214619398117 
vn 0.7233535051345825 0.47968411445617676 -0.4966510534286499 
vn 0.7233535051345825 0.47968411445617676 -0.4966510534286499 
vn -0.3314109146595001 0.8887133002281189 -0.3167874813079834 
vn -0.3314109146595001 0.8887133002281189 -0.3167874813079834 
vn -0.3314109146595001 0.8887133002281189 -0.3167874813079834 
vn -0.3314109146595001 0.8887133002281189 -0.3167874813079834 
vn -0.10205692797899246 0.9253351092338562 -0.36515501141548157 
vn -0.10205692797899246 0.9253351092338562 -0.36515501141548157 
vn -0.10205692797899246 0.9253351092338562 -0.36515501141548157 
vn -0.10205692797899246 0.9253351092338562 -0.36515501141548157 
vn 0.07837086915969849 0.928613007068634 -0.36267712712287903 
vn 0.07837086915969849 0.928613007068634 -0.36267712712287903 
vn 0.07837086915969849 0.928613007068634 -0.36267712712287903 
vn 0.07837086915969849 0.928613007068634 -0.36267712712287903 
vn 0.22201953828334808 0.9168316721916199 -0.33185210824012756 
vn 0.22201953828334808 0.9168316721916199 -0.33185210824012756 
vn 0.22201953828334808 0.9168316721916199 -0.33185210824012756 
vn 0.22201953828334808 0.9168316721916199 -0.33185210824012756 
vn -0.26445478200912476 0.8784865140914917 0.39789947867393494 
vn -0.26445478200912476 0.8784865140914917 0.39789947867393494 
vn -0.26445478200912476 0.8784865140914917 0.39789947867393494 
vn -0.26445478200912476 0.8784865140914917 0.39789947867393494 
vn -0.05625125765800476 0.8965904116630554 0.43927228450775146 
vn -0.05625125765800476 0.8965904116630554 0.43927228450775146 
vn -0.05625125765800476 0.8965904116630554 0.43927228450775146 
vn -0.05625125765800476 0.8965904116630554 0.43927228450775146 
vn -0.08593680709600449 0.8965904116630554 0.4344412386417389 
vn -0.08593680709600449 0.8965904116630554 0.4344412386417389 
vn -0.08593680709600449 0.8965904116630554 0.4344412386417389 
vn -0.08593680709600449 0.8965904116630554 0.4344412386417389 
vn 0.08585642278194427 0.9185678958892822 0.3858242928981781 
vn 0.08585642278194427 0.9185678958892822 0.3858242928981781 
vn 0.08585642278194427 0.9185678958892822 0.3858242928981781 
vn 0.08585642278194427 0.9185678958892822 0.3858242928981781 
vn 0.2958538234233856 0.9133076071739197 -0.27989035844802856 
vn 0.2958538234233856 0.9133076071739197 -0.27989035844802856 
vn 0.2958538234233856 0.9133076071739197 -0.27989035844802856 
vn 0.2958538234233856 0.9133076071739197 -0.27989035844802856 
vn -0.39486339688301086 0.8763901591300964 -0.27572110295295715 
vn -0.39486339688301086 0.8763901591300964 -0.27572110295295715 
vn -0.39486339688301086 0.8763901591300964 -0.27572110295295715 
vn -0.39486339688301086 0.8763901591300964 -0.27572110295295715 
vn -0.2911469042301178 0.8499456644058228 -0.4391182065010071 
vn -0.2911469042301178 0.8499456644058228 -0.4391182065010071 
vn -0.2911469042301178 0.8499456644058228 -0.4391182065010071 
vn -0.2911469042301178 0.8499456644058228 -0.4391182065010071 
vn -0.3533286154270172 0.8985167741775513 0.26043301820755005 
vn -0.3533286154270172 0.8985167741775513 0.26043301820755005 
vn -0.3533286154270172 0.8985167741775513 0.26043301820755005 
vn -0.3533286154270172 0.8985167741775513 0.26043301820755005 
vn -0.1046648919582367 0.8721486330032349 0.4779129922389984 
vn -0.1046648919582367 0.8721486330032349 0.4779129922389984 
vn -0.1046648919582367 0.8721486330032349 0.4779129922389984 
vn -0.1046648919582367 0.8721486330032349 0.4779129922389984 
vn 0.2387467622756958 0.898516833782196 0.3683289885520935 
vn 0.2387467622756958 0.898516833782196 0.3683289885520935 
vn 0.2387467622756958 0.898516833782196 0.3683289885520935 
vn 0.2387467622756958 0.898516833782196 0.3683289885520935 
vn 0.3766777813434601 0.8867017030715942 -0.26809126138687134 
vn 0.3766777813434601 0.8867017030715942 -0.26809126138687134 
vn 0.3766777813434601 0.8867017030715942 -0.26809126138687134 
vn 0.3766777813434601 0.8867017030715942 -0.26809126138687134 
vn 0.46418845653533936 0.7927981615066528 -0.39496737718582153 
vn 0.46418845653533936 0.7927981615066528 -0.39496737718582153 
vn 0.46418845653533936 0.7927981615066528 -0.39496737718582153 
vn 0.46418845653533936 0.7927981615066528 -0.39496737718582153 
vn 0.4175627529621124 0.8965902328491211 0.14753380417823792 
vn 0.4175627529621124 0.8965902328491211 0.14753380417823792 
vn 0.4175627529621124 0.8965902328491211 0.14753380417823792 
vn 0.4175627529621124 0.8965902328491211 0.14753380417823792 
vn 0.3489753007888794 0.892686128616333 0.2851782739162445 
vn 0.3489753007888794 0.892686128616333 0.2851782739162445 
vn 0.3489753007888794 0.892686128616333 0.2851782739162445 
vn 0.3489753007888794 0.892686128616333 0.2851782739162445 
vn 0.4119453728199005 0.8721481561660767 -0.2639272212982178 
vn 0.4119453728199005 0.8721481561660767 -0.2639272212982178 
vn 0.4119453728199005 0.8721481561660767 -0.2639272212982178 
vn 0.4119453728199005 0.8721481561660767 -0.2639272212982178 
vn 0.07849521189928055 0.9185678958892822 0.3873889446258545 
vn 0.07849521189928055 0.9185678958892822 0.3873889446258545 
vn 0.07849521189928055 0.9185678958892822 0.3873889446258545 
vn 0.07849521189928055 0.9185678958892822 0.3873889446258545 
vn -0.43031519651412964 0.886701762676239 -0.16907936334609985 
vn -0.43031519651412964 0.886701762676239 -0.16907936334609985 
vn -0.43031519651412964 0.886701762676239 -0.16907936334609985 
vn -0.43031519651412964 0.886701762676239 -0.16907936334609985 
vn -0.432552307844162 0.8429665565490723 -0.319851279258728 
vn -0.432552307844162 0.8429665565490723 -0.319851279258728 
vn -0.432552307844162 0.8429665565490723 -0.319851279258728 
vn -0.432552307844162 0.8429665565490723 -0.319851279258728 
vn 0.12982885539531708 -0.39325380325317383 0.9102168083190918 
vn 0.12982885539531708 -0.39325380325317383 0.9102168083190918 
vn 0.12982885539531708 -0.39325380325317383 0.9102168083190918 
vn 0.12982885539531708 -0.39325380325317383 0.9102168083190918 
vn 0.12982885539531708 -0.39325380325317383 0.9102168083190918 
vn 0.12982885539531708 -0.39325380325317383 0.9102168083190918 
vn 0.12982885539531708 -0.39325380325317383 0.9102168083190918 
vn 0.12982885539531708 -0.39325380325317383 0.9102168083190918 
vn 0.12982885539531708 -0.39325380325317383 0.9102168083190918 
vn 0.12982885539531708 -0.39325380325317383 0.9102168083190918 
vn 0.12982885539531708 -0.39325380325317383 0.9102168083190918 
vn 0.12982885539531708 -0.39325380325317383 0.9102168083190918 
vn 0.12982885539531708 -0.39325380325317383 0.9102168083190918 
vn 0.12982885539531708 -0.39325380325317383 0.9102168083190918 
vn 0.001886112499050796 0.19321557879447937 0.9811539053916931 
vn 0.001886112499050796 0.19321557879447937 0.9811539053916931 
vn 0.001886112499050796 0.19321557879447937 0.9811539053916931 
vn 0.001886112499050796 0.19321557879447937 0.9811539053916931 
vn 0.001886112499050796 0.19321557879447937 0.9811539053916931 
vn 0.001886112499050796 0.19321557879447937 0.9811539053916931 
vn 0.001886112499050796 0.19321557879447937 0.9811539053916931 
vn 0.001886112499050796 0.19321557879447937 0.9811539053916931 
vn 0.001886112499050796 0.19321557879447937 0.9811539053916931 
vn 0.001886112499050796 0.19321557879447937 0.9811539053916931 
vn 0.001886112499050796 0.19321557879447937 0.9811539053916931 
vn 0.001886112499050796 0.19321557879447937 0.9811539053916931 
vn 0.001886112499050796 0.19321557879447937 0.9811539053916931 
vn 0.001886112499050796 0.19321557879447937 0.9811539053916931 
vn -2.6868534064306004e-7 -0.45651838183403015 0.8897132873535156 
vn -2.6868534064306004e-7 -0.45651838183403015 0.8897132873535156 
vn -2.6868534064306004e-7 -0.45651838183403015 0.8897132873535156 
vn -2.6868534064306004e-7 -0.45651838183403015 0.8897132873535156 
vn -2.6868534064306004e-7 -0.45651838183403015 0.8897132873535156 
vn -2.6868534064306004e-7 -0.45651838183403015 0.8897132873535156 
vn -2.6868534064306004e-7 -0.45651838183403015 0.8897132873535156 
vn -2.6868534064306004e-7 -0.45651838183403015 0.8897132873535156 
vn -2.6868534064306004e-7 -0.45651838183403015 0.8897132873535156 
vn -2.6868534064306004e-7 -0.45651838183403015 0.8897132873535156 
vn -2.6868534064306004e-7 -0.45651838183403015 0.8897132873535156 
vn -2.6868534064306004e-7 -0.45651838183403015 0.8897132873535156 
vn -2.6868534064306004e-7 -0.45651838183403015 0.8897132873535156 
vn -2.6868534064306004e-7 -0.45651838183403015 0.8897132873535156 
vn -2.946687800431391e-7 0.21886855363845825 0.9757537245750427 
vn -2.946687800431391e-7 0.21886855363845825 0.9757537245750427 
vn -2.946687800431391e-7 0.21886855363845825 0.9757537245750427 
vn -2.946687800431391e-7 0.21886855363845825 0.9757537245750427 
vn -2.946687800431391e-7 0.21886855363845825 0.9757537245750427 
vn -2.946687800431391e-7 0.21886855363845825 0.9757537245750427 
vn -2.946687800431391e-7 0.21886855363845825 0.9757537245750427 
vn -2.946687800431391e-7 0.21886855363845825 0.9757537245750427 
vn -2.946687800431391e-7 0.21886855363845825 0.9757537245750427 
vn -2.946687800431391e-7 0.21886855363845825 0.9757537245750427 
vn -2.946687800431391e-7 0.21886855363845825 0.9757537245750427 
vn -2.946687800431391e-7 0.21886855363845825 0.9757537245750427 
vn -2.946687800431391e-7 0.21886855363845825 0.9757537245750427 
vn -2.946687800431391e-7 0.21886855363845825 0.9757537245750427 
vn 0.6912819147109985 0.6042736172676086 -0.3962096571922302 
vn 0.7967764139175415 0.6042738556861877 -1.333642956069525e-7 
vn 0.7967764139175415 0.6042738556861877 -1.333642956069525e-7 
vn 0.6912816762924194 0.6042740941047668 0.39620932936668396 
vn 0.6912816762924194 0.6042740941047668 0.39620932936668396 
vn 0.3962095379829407 0.6042742729187012 0.6912811398506165 
vn 0.3962095379829407 0.6042742729187012 0.6912811398506165 
vn -2.406189878456644e-7 0.604274332523346 0.7967755198478699 
vn -2.406189878456644e-7 0.604274332523346 0.7967755198478699 
vn -0.3962099552154541 0.6042742729187012 0.6912809014320374 
vn -0.3962099552154541 0.6042742729187012 0.6912809014320374 
vn -0.6912819147109985 0.6042740941047668 0.39620891213417053 
vn -0.6912819147109985 0.6042740941047668 0.39620891213417053 
vn -0.7967764139175415 0.6042738556861877 -6.146028681541793e-7 
vn -0.7967764139175415 0.6042738556861877 -6.146028681541793e-7 
vn -0.6912816762924194 0.6042736172676086 -0.39621007442474365 
vn -0.6912816762924194 0.6042736172676086 -0.39621007442474365 
vn -0.3962095379829407 0.6042734384536743 -0.6912818551063538 
vn -0.3962095379829407 0.6042734384536743 -0.6912818551063538 
vn 2.406193857495964e-7 0.6042733192443848 -0.796776294708252 
vn 2.406193857495964e-7 0.6042733192443848 -0.796776294708252 
vn 0.6912819147109985 0.6042736172676086 -0.3962096571922302 
vn 0.3962099552154541 0.6042734384536743 -0.6912816166877747 
vn 0.3962099552154541 0.6042734384536743 -0.6912816166877747 
vn 2.406193857495964e-7 0.6042733192443848 -0.796776294708252 
vn 2.406193857495964e-7 0.6042733192443848 -0.796776294708252 
vn -0.8197899460792542 0.5287242531776428 -0.2199878990650177 
vn -0.7350994348526001 0.5361213088035583 -0.41497257351875305 
vn -0.8197899460792542 0.5287242531776428 -0.2199878990650177 
vn -0.7350994348526001 0.5361213088035583 -0.41497257351875305 
vn -0.44284558296203613 0.5250102281570435 -0.7268087863922119 
vn -0.4523831903934479 0.528723955154419 -0.7181917428970337 
vn -0.10164047032594681 0.5062925219535828 -0.856350302696228 
vn -0.1091303676366806 0.5062925219535828 -0.8554280996322632 
vn 0.054695695638656616 0.49114400148391724 -0.8693588376045227 
vn 0.054695695638656616 0.49114400148391724 -0.8693588376045227 
vn 0.23676352202892303 0.4012744724750519 0.8848280310630798 
vn 0.23676352202892303 0.4012744724750519 0.8848280310630798 
vn 0.14279106259346008 0.4290976822376251 0.8918994665145874 
vn 0.08661289513111115 0.44481807947158813 0.8914223909378052 
vn 0.13898804783821106 0.44481807947158813 0.8847700357437134 
vn 0.18910153210163116 0.43697455525398254 0.8793705701828003 
vn 0.3229033350944519 0.4012744426727295 0.8571529388427734 
vn 0.3229033350944519 0.4012744426727295 0.8571529388427734 
vn 0.40947800874710083 0.40527278184890747 0.8173620104789734 
vn 0.4362439811229706 0.4052727520465851 0.8033953905105591 
vn 0.6197352409362793 0.3852051794528961 0.6837722063064575 
vn 0.6407368183135986 0.37712615728378296 0.6687536835670471 
vn 0.7146494388580322 0.352718710899353 0.6040406823158264 
vn 0.7146494388580322 0.352718710899353 0.6040406823158264 
vn 0.28138840198516846 0.4949454069137573 -0.822100043296814 
vn 0.28138840198516846 0.4949454069137573 -0.822100043296814 
vn 0.28138840198516846 0.4949454069137573 -0.822100043296814 
vn 0.28138840198516846 0.4949454069137573 -0.822100043296814 
vn -0.8481146693229675 0.5287243723869324 -0.03393644466996193 
vn -0.8481146693229675 0.5287243723869324 -0.03393644466996193 
vn -0.8457943797111511 0.5324280858039856 0.03393854573369026 
vn -0.8457943797111511 0.5324280858039856 0.03393854573369026 
vn -0.8603506088256836 0.48351362347602844 -0.1612793654203415 
vn -0.8605849742889404 0.5025202035903931 -0.08286543190479279 
vn -0.8488186001777649 0.46814173460006714 -0.24566233158111572 
vn -0.8531343936920166 0.49494579434394836 -0.16489407420158386 
vn -0.647491455078125 0.6418572664260864 0.4108203649520874 
vn -0.6807904839515686 0.6385005116462708 0.3589439392089844 
vn -0.33271029591560364 0.6007871031761169 0.7268821001052856 
vn -0.33271029591560364 0.6007871031761169 0.7268821001052856 
vn 0.8521155714988708 0.2990269958972931 0.42951324582099915 
vn 0.8521155714988708 0.2990269958972931 0.42951324582099915 
vn 0.8521155714988708 0.2990269958972931 0.42951324582099915 
vn 0.8521155714988708 0.2990269958972931 0.42951324582099915 
vn 0.36881381273269653 0.5062925815582275 -0.7795146703720093 
vn 0.36881381273269653 0.5062925815582275 -0.7795146703720093 
vn 0.36881381273269653 0.5062925815582275 -0.7795146703720093 
vn 0.36881381273269653 0.5062925815582275 -0.7795146703720093 
vn 0.2960757613182068 0.94955974817276 0.1033162921667099 
vn 0.2960757613182068 0.94955974817276 0.1033162921667099 
vn 0.2960757613182068 0.94955974817276 0.1033162921667099 
vn 0.2960757613182068 0.94955974817276 0.1033162921667099 
vn 0.8526845574378967 0.44872674345970154 0.2675313353538513 
vn 0.8526845574378967 0.44872674345970154 0.2675313353538513 
vn 0.8526845574378967 0.44872674345970154 0.2675313353538513 
vn 0.8526845574378967 0.44872674345970154 0.2675313353538513 
vn 0.4025574326515198 0.5062925815582275 -0.7626364231109619 
vn 0.4025574326515198 0.5062925815582275 -0.7626364231109619 
vn 0.4025574326515198 0.5062925815582275 -0.7626364231109619 
vn 0.4025574326515198 0.5062925815582275 -0.7626364231109619 
vn 0.7929612398147583 0.5972879528999329 -0.1202462911605835 
vn 0.7929612398147583 0.5972879528999329 -0.1202462911605835 
vn 0.6682373285293579 0.5937776565551758 -0.44820329546928406 
vn 0.6185053586959839 0.5831797122955322 -0.5266419649124146 
vn 0.3843437135219574 0.47968393564224243 -0.7887852787971497 
vn 0.3843437135219574 0.47968393564224243 -0.7887852787971497 
vn -0.44555196166038513 0.8887134790420532 -0.1080317273736 
vn -0.44555196166038513 0.8887134790420532 -0.1080317273736 
vn -0.44555196166038513 0.8887134790420532 -0.1080317273736 
vn -0.44555196166038513 0.8887134790420532 -0.1080317273736 
vn -0.2687617540359497 0.925335168838501 -0.26743385195732117 
vn -0.2687617540359497 0.925335168838501 -0.26743385195732117 
vn -0.2687617540359497 0.925335168838501 -0.26743385195732117 
vn -0.2687617540359497 0.925335168838501 -0.26743385195732117 
vn -0.11465996503829956 0.928613007068634 -0.3528877794742584 
vn -0.11465996503829956 0.928613007068634 -0.3528877794742584 
vn -0.11465996503829956 0.928613007068634 -0.3528877794742584 
vn -0.11465996503829956 0.928613007068634 -0.3528877794742584 
vn 0.031983766704797745 0.9168316125869751 -0.3979893624782562 
vn 0.031983766704797745 0.9168316125869751 -0.3979893624782562 
vn 0.031983766704797745 0.9168316125869751 -0.3979893624782562 
vn 0.031983766704797745 0.9168316125869751 -0.3979893624782562 
vn -0.03195136785507202 0.8784865736961365 0.4766962230205536 
vn -0.03195136785507202 0.8784865736961365 0.4766962230205536 
vn -0.03195136785507202 0.8784865736961365 0.4766962230205536 
vn -0.03195136785507202 0.8784865736961365 0.4766962230205536 
vn 0.17207714915275574 0.8965904116630554 0.40806111693382263 
vn 0.17207714915275574 0.8965904116630554 0.40806111693382263 
vn 0.17207714915275574 0.8965904116630554 0.40806111693382263 
vn 0.17207714915275574 0.8965904116630554 0.40806111693382263 
vn 0.14398348331451416 0.8965904116630554 0.41879963874816895 
vn 0.14398348331451416 0.8965904116630554 0.41879963874816895 
vn 0.14398348331451416 0.8965904116630554 0.41879963874816895 
vn 0.14398348331451416 0.8965904116630554 0.41879963874816895 
vn 0.2644820511341095 0.9185678958892822 0.2937365174293518 
vn 0.2644820511341095 0.9185678958892822 0.2937365174293518 
vn 0.2644820511341095 0.9185678958892822 0.2937365174293518 
vn 0.2644820511341095 0.9185678958892822 0.2937365174293518 
vn 0.11867406964302063 0.9133074879646301 -0.3895954191684723 
vn 0.11867406964302063 0.9133074879646301 -0.3895954191684723 
vn 0.11867406964302063 0.9133074879646301 -0.3895954191684723 
vn 0.11867406964302063 0.9133074879646301 -0.3895954191684723 
vn -0.47948434948921204 0.876390278339386 -0.045098450034856796 
vn -0.47948434948921204 0.876390278339386 -0.045098450034856796 
vn -0.47948434948921204 0.876390278339386 -0.045098450034856796 
vn -0.47948434948921204 0.876390278339386 -0.045098450034856796 
vn -0.46944379806518555 0.8499457836151123 -0.2391941100358963 
vn -0.46944379806518555 0.8499457836151123 -0.2391941100358963 
vn -0.46944379806518555 0.8499457836151123 -0.2391941100358963 
vn -0.46944379806518555 0.8499457836151123 -0.2391941100358963 
vn -0.1792205423116684 0.8985168933868408 0.40068215131759644 
vn -0.1792205423116684 0.8985168933868408 0.40068215131759644 
vn -0.1792205423116684 0.8985168933868408 0.40068215131759644 
vn -0.1792205423116684 0.8985168933868408 0.40068215131759644 
vn 0.1483144611120224 0.8721486330032349 0.46621716022491455 
vn 0.1483144611120224 0.8721486330032349 0.46621716022491455 
vn 0.1483144611120224 0.8721486330032349 0.46621716022491455 
vn 0.1483144611120224 0.8721486330032349 0.46621716022491455 
vn 0.3926245868206024 0.8985167741775513 0.19624602794647217 
vn 0.3926245868206024 0.8985167741775513 0.19624602794647217 
vn 0.3926245868206024 0.8985167741775513 0.19624602794647217 
vn 0.3926245868206024 0.8985167741775513 0.19624602794647217 
vn 0.19330720603466034 0.8867015838623047 -0.41998979449272156 
vn 0.19330720603466034 0.8867015838623047 -0.41998979449272156 
vn 0.19330720603466034 0.8867015838623047 -0.41998979449272156 
vn 0.19330720603466034 0.8867015838623047 -0.41998979449272156 
vn 0.20688080787658691 0.7927980422973633 -0.5732978582382202 
vn 0.20688080787658691 0.7927980422973633 -0.5732978582382202 
vn 0.20688080787658691 0.7927980422973633 -0.5732978582382202 
vn 0.20688080787658691 0.7927980422973633 -0.5732978582382202 
vn 0.4364899694919586 0.8965901136398315 -0.07484409958124161 
vn 0.4364899694919586 0.8965901136398315 -0.07484409958124161 
vn 0.4364899694919586 0.8965901136398315 -0.07484409958124161 
vn 0.4364899694919586 0.8965901136398315 -0.07484409958124161 
vn 0.4444003403186798 0.8926860094070435 0.07496055215597153 
vn 0.4444003403186798 0.8926860094070435 0.07496055215597153 
vn 0.4444003403186798 0.8926860094070435 0.07496055215597153 
vn 0.4444003403186798 0.8926860094070435 0.07496055215597153 
vn 0.2247917354106903 0.8721480369567871 -0.434540331363678 
vn 0.2247917354106903 0.8721480369567871 -0.434540331363678 
vn 0.2247917354106903 0.8721480369567871 -0.434540331363678 
vn 0.2247917354106903 0.8721480369567871 -0.434540331363678 
vn 0.2644820511341095 0.9185678958892822 0.2937365174293518 
vn 0.2644820511341095 0.9185678958892822 0.2937365174293518 
vn 0.2644820511341095 0.9185678958892822 0.2937365174293518 
vn 0.2644820511341095 0.9185678958892822 0.2937365174293518 
vn -0.45738816261291504 0.8867018818855286 0.06748975813388824 
vn -0.45738816261291504 0.8867018818855286 0.06748975813388824 
vn -0.45738816261291504 0.8867018818855286 0.06748975813388824 
vn -0.45738816261291504 0.8867018818855286 0.06748975813388824 
vn -0.5341636538505554 0.8429667353630066 -0.06383900344371796 
vn -0.5341636538505554 0.8429667353630066 -0.06383900344371796 
vn -0.5341636538505554 0.8429667353630066 -0.06383900344371796 
vn -0.5341636538505554 0.8429667353630066 -0.06383900344371796 
vn -0.502578854560852 0.5972875952720642 -0.6250288486480713 
vn -0.502578854560852 0.5972875952720642 -0.6250288486480713 
vn -0.34342220425605774 0.5902560949325562 -0.7305188179016113 
vn -0.36377543210983276 0.5902560949325562 -0.7205997705459595 
vn -0.01320266630500555 0.5616849660873413 -0.8272451162338257 
vn -0.02828739956021309 0.5616849660873413 -0.8268667459487915 
vn 0.2864491939544678 0.5507919788360596 -0.7839476466178894 
vn 0.27935025095939636 0.5507919788360596 -0.7865052223205566 
vn 0.4064836800098419 0.5471398830413818 -0.731715738773346 
vn 0.4064836800098419 0.5471398830413818 -0.731715738773346 
vn -0.19637148082256317 0.43304023146629333 0.8797233700752258 
vn -0.19637148082256317 0.43304023146629333 0.8797233700752258 
vn -0.2673182189464569 0.46814242005348206 0.8422484993934631 
vn -0.3224194049835205 0.4911450445652008 0.8092102408409119 
vn -0.279924601316452 0.4911450445652008 0.8248743414878845 
vn -0.22026824951171875 0.4719989597797394 0.8536379337310791 
vn -0.12963630259037018 0.4330402612686157 0.8920029997825623 
vn -0.12963630259037018 0.4330402612686157 0.8920029997825623 
vn -0.050905026495456696 0.43697458505630493 0.8980315327644348 
vn -0.02074849233031273 0.43697458505630493 0.8992338180541992 
vn 0.1520310491323471 0.4172210991382599 0.8959977030754089 
vn 0.1872415840625763 0.4092634320259094 0.8929965496063232 
vn 0.2586917579174042 0.3892338275909424 0.8840669989585876 
vn 0.2586917579174042 0.3892338275909424 0.8840669989585876 
vn 0.5663778185844421 0.5652947425842285 -0.5997142791748047 
vn 0.5663778185844421 0.5652947425842285 -0.5997142791748047 
vn 0.5663778185844421 0.5652947425842285 -0.5997142791748047 
vn 0.5663778185844421 0.5652947425842285 -0.5997142791748047 
vn -0.6208754181861877 0.6146656274795532 -0.4865173399448395 
vn -0.6208754181861877 0.6146656274795532 -0.4865173399448395 
vn -0.6584696769714355 0.6215351223945618 -0.42439499497413635 
vn -0.6625226140022278 0.6215351223945618 -0.41803961992263794 
vn -0.5649952292442322 0.5507920980453491 -0.6143351197242737 
vn -0.621584951877594 0.5902562737464905 -0.5150038003921509 
vn -0.5143404006958008 0.528723955154419 -0.6752066016197205 
vn -0.5706155300140381 0.5760586261749268 -0.58528071641922 
vn -0.6695057153701782 0.7424618005752563 0.022624213248491287 
vn -0.6718488931655884 0.739527702331543 -0.04143885523080826 
vn -0.5597665905952454 0.6811633706092834 0.471886545419693 
vn -0.5597665905952454 0.6811633706092834 0.471886545419693 
vn 0.44043129682540894 0.34042322635650635 0.8307414054870605 
vn 0.44043129682540894 0.34042322635650635 0.8307414054870605 
vn 0.44043129682540894 0.34042322635650635 0.8307414054870605 
vn 0.44043129682540894 0.34042322635650635 0.8307414054870605 
vn 0.6251510977745056 0.5867236256599426 -0.5147240161895752 
vn 0.6251510977745056 0.5867236256599426 -0.5147240161895752 
vn 0.6251510977745056 0.5867236256599426 -0.5147240161895752 
vn 0.6251510977745056 0.5867236256599426 -0.5147240161895752 
vn 0.10131284594535828 0.9509209990501404 0.29237601161003113 
vn 0.10131284594535828 0.9509209990501404 0.29237601161003113 
vn 0.10131284594535828 0.9509209990501404 0.29237601161003113 
vn 0.10131284594535828 0.9509209990501404 0.29237601161003113 
vn 0.5140886902809143 0.5100566148757935 0.6896043419837952 
vn 0.5140886902809143 0.5100566148757935 0.6896043419837952 
vn 0.5140886902809143 0.5100566148757935 0.6896043419837952 
vn 0.5140886902809143 0.5100566148757935 0.6896043419837952 
vn 0.6449736952781677 0.5902562737464905 -0.485392302274704 
vn 0.6449736952781677 0.5902562737464905 -0.485392302274704 
vn 0.6449736952781677 0.5902562737464905 -0.485392302274704 
vn 0.6449736952781677 0.5902562737464905 -0.485392302274704 
vn 0.6517597436904907 0.6907013654708862 0.31327322125434875 
vn 0.6517597436904907 0.6907013654708862 0.31327322125434875 
vn 0.7125914096832275 0.7001205682754517 -0.04521039128303528 
vn 0.7120451331138611 0.6843554377555847 -0.1569991260766983 
vn 0.6412675380706787 0.5616851449012756 -0.5227667093276978 
vn 0.6412675380706787 0.5616851449012756 -0.5227667093276978 
vn -0.25884169340133667 0.9185674786567688 -0.2987197935581207 
vn -0.25884169340133667 0.9185674786567688 -0.2987197935581207 
vn -0.25884169340133667 0.9185674786567688 -0.2987197935581207 
vn -0.25884169340133667 0.9185674786567688 -0.2987197935581207 
vn -0.07816624641418457 0.9380202889442444 -0.33764880895614624 
vn -0.07816624641418457 0.9380202889442444 -0.33764880895614624 
vn -0.07816624641418457 0.9380202889442444 -0.33764880895614624 
vn -0.07816624641418457 0.9380202889442444 -0.33764880895614624 
vn 0.05793485417962074 0.9410131573677063 -0.3333716094493866 
vn 0.05793485417962074 0.9410131573677063 -0.3333716094493866 
vn 0.05793485417962074 0.9410131573677063 -0.3333716094493866 
vn 0.05793485417962074 0.9410131573677063 -0.3333716094493866 
vn 0.1742502897977829 0.9364970326423645 -0.3043171763420105 
vn 0.1742502897977829 0.9364970326423645 -0.3043171763420105 
vn 0.1742502897977829 0.9364970326423645 -0.3043171763420105 
vn 0.1742502897977829 0.9364970326423645 -0.3043171763420105 
vn -0.2070186734199524 0.9041931629180908 0.37359970808029175 
vn -0.2070186734199524 0.9041931629180908 0.37359970808029175 
vn -0.2070186734199524 0.9041931629180908 0.37359970808029175 
vn -0.2070186734199524 0.9041931629180908 0.37359970808029175 
vn -0.046981774270534515 0.9115198254585266 0.4085622727870941 
vn -0.046981774270534515 0.9115198254585266 0.4085622727870941 
vn -0.046981774270534515 0.9115198254585266 0.4085622727870941 
vn -0.046981774270534515 0.9115198254585266 0.4085622727870941 
vn -0.06742504984140396 0.9133080244064331 0.4016479551792145 
vn -0.06742504984140396 0.9133080244064331 0.4016479551792145 
vn -0.06742504984140396 0.9133080244064331 0.4016479551792145 
vn -0.06742504984140396 0.9133080244064331 0.4016479551792145 
vn 0.05807329714298248 0.9318204522132874 0.358241468667984 
vn 0.05807329714298248 0.9318204522132874 0.358241468667984 
vn 0.05807329714298248 0.9318204522132874 0.358241468667984 
vn 0.05807329714298248 0.9318204522132874 0.358241468667984 
vn 0.23004001379013062 0.9380203485488892 -0.2592262625694275 
vn 0.23004001379013062 0.9380203485488892 -0.2592262625694275 
vn 0.23004001379013062 0.9380203485488892 -0.2592262625694275 
vn 0.23004001379013062 0.9380203485488892 -0.2592262625694275 
vn -0.3109081983566284 0.9133076071739197 -0.2630668580532074 
vn -0.3109081983566284 0.9133076071739197 -0.2630668580532074 
vn -0.3109081983566284 0.9133076071739197 -0.2630668580532074 
vn -0.3109081983566284 0.9133076071739197 -0.2630668580532074 
vn -0.225998654961586 0.8805651664733887 -0.41656747460365295 
vn -0.225998654961586 0.8805651664733887 -0.41656747460365295 
vn -0.225998654961586 0.8805651664733887 -0.41656747460365295 
vn -0.225998654961586 0.8805651664733887 -0.41656747460365295 
vn -0.2743101418018341 0.9302257299423218 0.24378858506679535 
vn -0.2743101418018341 0.9302257299423218 0.24378858506679535 
vn -0.2743101418018341 0.9302257299423218 0.24378858506679535 
vn -0.2743101418018341 0.9302257299423218 0.24378858506679535 
vn -0.08429040014743805 0.8907085061073303 0.44669032096862793 
vn -0.08429040014743805 0.8907085061073303 0.44669032096862793 
vn -0.08429040014743805 0.8907085061073303 0.44669032096862793 
vn -0.08429040014743805 0.8907085061073303 0.44669032096862793 
vn 0.18577681481838226 0.9202861785888672 0.34432411193847656 
vn 0.18577681481838226 0.9202861785888672 0.34432411193847656 
vn 0.18577681481838226 0.9202861785888672 0.34432411193847656 
vn 0.18577681481838226 0.9202861785888672 0.34432411193847656 
vn 0.2960892915725708 0.9219865798950195 -0.24954120814800262 
vn 0.2960892915725708 0.9219865798950195 -0.24954120814800262 
vn 0.2960892915725708 0.9219865798950195 -0.24954120814800262 
vn 0.2960892915725708 0.9219865798950195 -0.24954120814800262 
vn 0.37645769119262695 0.8453090190887451 -0.3791188895702362 
vn 0.37645769119262695 0.8453090190887451 -0.3791188895702362 
vn 0.37645769119262695 0.8453090190887451 -0.3791188895702362 
vn 0.37645769119262695 0.8453090190887451 -0.3791188895702362 
vn 0.3278200924396515 0.9333971738815308 0.14595435559749603 
vn 0.3278200924396515 0.9333971738815308 0.14595435559749603 
vn 0.3278200924396515 0.9333971738815308 0.14595435559749603 
vn 0.3278200924396515 0.9333971738815308 0.14595435559749603 
vn 0.2709547281265259 0.9236699938774109 0.2709541618824005 
vn 0.2709547281265259 0.9236699938774109 0.2709541618824005 
vn 0.2709547281265259 0.9236699938774109 0.2709541618824005 
vn 0.2709547281265259 0.9236699938774109 0.2709541618824005 
vn 0.32502493262290955 0.9115194082260132 -0.25197237730026245 
vn 0.32502493262290955 0.9115194082260132 -0.25197237730026245 
vn 0.32502493262290955 0.9115194082260132 -0.25197237730026245 
vn 0.32502493262290955 0.9115194082260132 -0.25197237730026245 
vn 0.05807329714298248 0.9318204522132874 0.358241468667984 
vn 0.05807329714298248 0.9318204522132874 0.358241468667984 
vn 0.05807329714298248 0.9318204522132874 0.358241468667984 
vn 0.05807329714298248 0.9318204522132874 0.358241468667984 
vn -0.33748677372932434 0.9269829988479614 -0.16371959447860718 
vn -0.33748677372932434 0.9269829988479614 -0.16371959447860718 
vn -0.33748677372932434 0.9269829988479614 -0.16371959447860718 
vn -0.33748677372932434 0.9269829988479614 -0.16371959447860718 
vn -0.3365630507469177 0.8887133598327637 -0.31130826473236084 
vn -0.3365630507469177 0.8887133598327637 -0.31130826473236084 
vn -0.3365630507469177 0.8887133598327637 -0.31130826473236084 
vn -0.3365630507469177 0.8887133598327637 -0.31130826473236084 
vn -0.502578854560852 0.5972875952720642 -0.6250288486480713 
vn -0.502578854560852 0.5972875952720642 -0.6250288486480713 
vn -0.34342220425605774 0.5902560949325562 -0.7305188179016113 
vn -0.36377543210983276 0.5902560949325562 -0.7205997705459595 
vn -0.01320266630500555 0.5616849660873413 -0.8272451162338257 
vn -0.02828739956021309 0.5616849660873413 -0.8268667459487915 
vn 0.2864491939544678 0.5507919788360596 -0.7839476466178894 
vn 0.27935025095939636 0.5507919788360596 -0.7865052223205566 
vn 0.4064836800098419 0.5471398830413818 -0.731715738773346 
vn 0.4064836800098419 0.5471398830413818 -0.731715738773346 
vn -0.19637148082256317 0.43304023146629333 0.8797233700752258 
vn -0.19637148082256317 0.43304023146629333 0.8797233700752258 
vn -0.2673182189464569 0.46814242005348206 0.8422484993934631 
vn -0.3224194049835205 0.4911450445652008 0.8092102408409119 
vn -0.279924601316452 0.4911450445652008 0.8248743414878845 
vn -0.22026824951171875 0.4719989597797394 0.8536379337310791 
vn -0.12963630259037018 0.4330402612686157 0.8920029997825623 
vn -0.12963630259037018 0.4330402612686157 0.8920029997825623 
vn -0.050905026495456696 0.43697458505630493 0.8980315327644348 
vn -0.02074849233031273 0.43697458505630493 0.8992338180541992 
vn 0.1520310491323471 0.4172210991382599 0.8959977030754089 
vn 0.1872415840625763 0.4092634320259094 0.8929965496063232 
vn 0.2586917579174042 0.3892338275909424 0.8840669989585876 
vn 0.2586917579174042 0.3892338275909424 0.8840669989585876 
vn 0.5663778185844421 0.5652947425842285 -0.5997142791748047 
vn 0.5663778185844421 0.5652947425842285 -0.5997142791748047 
vn 0.5663778185844421 0.5652947425842285 -0.5997142791748047 
vn 0.5663778185844421 0.5652947425842285 -0.5997142791748047 
vn -0.6208754181861877 0.6146656274795532 -0.4865173399448395 
vn -0.6208754181861877 0.6146656274795532 -0.4865173399448395 
vn -0.6584696769714355 0.6215351223945618 -0.42439499497413635 
vn -0.6625226140022278 0.6215351223945618 -0.41803961992263794 
vn -0.5649952292442322 0.5507920980453491 -0.6143351197242737 
vn -0.621584951877594 0.5902562737464905 -0.5150038003921509 
vn -0.5143404006958008 0.528723955154419 -0.6752066016197205 
vn -0.5706155300140381 0.5760586261749268 -0.58528071641922 
vn -0.6695057153701782 0.7424618005752563 0.022624213248491287 
vn -0.6718488931655884 0.739527702331543 -0.04143885523080826 
vn -0.5597665905952454 0.6811633706092834 0.471886545419693 
vn -0.5597665905952454 0.6811633706092834 0.471886545419693 
vn 0.44043129682540894 0.34042322635650635 0.8307414054870605 
vn 0.44043129682540894 0.34042322635650635 0.8307414054870605 
vn 0.44043129682540894 0.34042322635650635 0.8307414054870605 
vn 0.44043129682540894 0.34042322635650635 0.8307414054870605 
vn 0.6251510977745056 0.5867236256599426 -0.5147240161895752 
vn 0.6251510977745056 0.5867236256599426 -0.5147240161895752 
vn 0.6251510977745056 0.5867236256599426 -0.5147240161895752 
vn 0.6251510977745056 0.5867236256599426 -0.5147240161895752 
vn 0.10131284594535828 0.9509209990501404 0.29237601161003113 
vn 0.10131284594535828 0.9509209990501404 0.29237601161003113 
vn 0.10131284594535828 0.9509209990501404 0.29237601161003113 
vn 0.10131284594535828 0.9509209990501404 0.29237601161003113 
vn 0.5140886902809143 0.5100566148757935 0.6896043419837952 
vn 0.5140886902809143 0.5100566148757935 0.6896043419837952 
vn 0.5140886902809143 0.5100566148757935 0.6896043419837952 
vn 0.5140886902809143 0.5100566148757935 0.6896043419837952 
vn 0.6449736952781677 0.5902562737464905 -0.485392302274704 
vn 0.6449736952781677 0.5902562737464905 -0.485392302274704 
vn 0.6449736952781677 0.5902562737464905 -0.485392302274704 
vn 0.6449736952781677 0.5902562737464905 -0.485392302274704 
vn 0.6517597436904907 0.6907013654708862 0.31327322125434875 
vn 0.6517597436904907 0.6907013654708862 0.31327322125434875 
vn 0.7125914096832275 0.7001205682754517 -0.04521039128303528 
vn 0.7120451331138611 0.6843554377555847 -0.1569991260766983 
vn 0.6412675380706787 0.5616851449012756 -0.5227667093276978 
vn 0.6412675380706787 0.5616851449012756 -0.5227667093276978 
vn -0.25884169340133667 0.9185674786567688 -0.2987197935581207 
vn -0.25884169340133667 0.9185674786567688 -0.2987197935581207 
vn -0.25884169340133667 0.9185674786567688 -0.2987197935581207 
vn -0.25884169340133667 0.9185674786567688 -0.2987197935581207 
vn -0.07816624641418457 0.9380202889442444 -0.33764880895614624 
vn -0.07816624641418457 0.9380202889442444 -0.33764880895614624 
vn -0.07816624641418457 0.9380202889442444 -0.33764880895614624 
vn -0.07816624641418457 0.9380202889442444 -0.33764880895614624 
vn 0.05793485417962074 0.9410131573677063 -0.3333716094493866 
vn 0.05793485417962074 0.9410131573677063 -0.3333716094493866 
vn 0.05793485417962074 0.9410131573677063 -0.3333716094493866 
vn 0.05793485417962074 0.9410131573677063 -0.3333716094493866 
vn 0.1742502897977829 0.9364970326423645 -0.3043171763420105 
vn 0.1742502897977829 0.9364970326423645 -0.3043171763420105 
vn 0.1742502897977829 0.9364970326423645 -0.3043171763420105 
vn 0.1742502897977829 0.9364970326423645 -0.3043171763420105 
vn -0.2070186734199524 0.9041931629180908 0.37359970808029175 
vn -0.2070186734199524 0.9041931629180908 0.37359970808029175 
vn -0.2070186734199524 0.9041931629180908 0.37359970808029175 
vn -0.2070186734199524 0.9041931629180908 0.37359970808029175 
vn -0.046981774270534515 0.9115198254585266 0.4085622727870941 
vn -0.046981774270534515 0.9115198254585266 0.4085622727870941 
vn -0.046981774270534515 0.9115198254585266 0.4085622727870941 
vn -0.046981774270534515 0.9115198254585266 0.4085622727870941 
vn -0.06742504984140396 0.9133080244064331 0.4016479551792145 
vn -0.06742504984140396 0.9133080244064331 0.4016479551792145 
vn -0.06742504984140396 0.9133080244064331 0.4016479551792145 
vn -0.06742504984140396 0.9133080244064331 0.4016479551792145 
vn 0.05807329714298248 0.9318204522132874 0.358241468667984 
vn 0.05807329714298248 0.9318204522132874 0.358241468667984 
vn 0.05807329714298248 0.9318204522132874 0.358241468667984 
vn 0.05807329714298248 0.9318204522132874 0.358241468667984 
vn 0.23004001379013062 0.9380203485488892 -0.2592262625694275 
vn 0.23004001379013062 0.9380203485488892 -0.2592262625694275 
vn 0.23004001379013062 0.9380203485488892 -0.2592262625694275 
vn 0.23004001379013062 0.9380203485488892 -0.2592262625694275 
vn -0.3109081983566284 0.9133076071739197 -0.2630668580532074 
vn -0.3109081983566284 0.9133076071739197 -0.2630668580532074 
vn -0.3109081983566284 0.9133076071739197 -0.2630668580532074 
vn -0.3109081983566284 0.9133076071739197 -0.2630668580532074 
vn -0.225998654961586 0.8805651664733887 -0.41656747460365295 
vn -0.225998654961586 0.8805651664733887 -0.41656747460365295 
vn -0.225998654961586 0.8805651664733887 -0.41656747460365295 
vn -0.225998654961586 0.8805651664733887 -0.41656747460365295 
vn -0.2743101418018341 0.9302257299423218 0.24378858506679535 
vn -0.2743101418018341 0.9302257299423218 0.24378858506679535 
vn -0.2743101418018341 0.9302257299423218 0.24378858506679535 
vn -0.2743101418018341 0.9302257299423218 0.24378858506679535 
vn -0.08429040014743805 0.8907085061073303 0.44669032096862793 
vn -0.08429040014743805 0.8907085061073303 0.44669032096862793 
vn -0.08429040014743805 0.8907085061073303 0.44669032096862793 
vn -0.08429040014743805 0.8907085061073303 0.44669032096862793 
vn 0.18577681481838226 0.9202861785888672 0.34432411193847656 
vn 0.18577681481838226 0.9202861785888672 0.34432411193847656 
vn 0.18577681481838226 0.9202861785888672 0.34432411193847656 
vn 0.18577681481838226 0.9202861785888672 0.34432411193847656 
vn 0.2960892915725708 0.9219865798950195 -0.24954120814800262 
vn 0.2960892915725708 0.9219865798950195 -0.24954120814800262 
vn 0.2960892915725708 0.9219865798950195 -0.24954120814800262 
vn 0.2960892915725708 0.9219865798950195 -0.24954120814800262 
vn 0.37645769119262695 0.8453090190887451 -0.3791188895702362 
vn 0.37645769119262695 0.8453090190887451 -0.3791188895702362 
vn 0.37645769119262695 0.8453090190887451 -0.3791188895702362 
vn 0.37645769119262695 0.8453090190887451 -0.3791188895702362 
vn 0.3278200924396515 0.9333971738815308 0.14595435559749603 
vn 0.3278200924396515 0.9333971738815308 0.14595435559749603 
vn 0.3278200924396515 0.9333971738815308 0.14595435559749603 
vn 0.3278200924396515 0.9333971738815308 0.14595435559749603 
vn 0.2709547281265259 0.9236699938774109 0.2709541618824005 
vn 0.2709547281265259 0.9236699938774109 0.2709541618824005 
vn 0.2709547281265259 0.9236699938774109 0.2709541618824005 
vn 0.2709547281265259 0.9236699938774109 0.2709541618824005 
vn 0.32502493262290955 0.9115194082260132 -0.25197237730026245 
vn 0.32502493262290955 0.9115194082260132 -0.25197237730026245 
vn 0.32502493262290955 0.9115194082260132 -0.25197237730026245 
vn 0.32502493262290955 0.9115194082260132 -0.25197237730026245 
vn 0.05807329714298248 0.9318204522132874 0.358241468667984 
vn 0.05807329714298248 0.9318204522132874 0.358241468667984 
vn 0.05807329714298248 0.9318204522132874 0.358241468667984 
vn 0.05807329714298248 0.9318204522132874 0.358241468667984 
vn -0.33748677372932434 0.9269829988479614 -0.16371959447860718 
vn -0.33748677372932434 0.9269829988479614 -0.16371959447860718 
vn -0.33748677372932434 0.9269829988479614 -0.16371959447860718 
vn -0.33748677372932434 0.9269829988479614 -0.16371959447860718 
vn -0.3365630507469177 0.8887133598327637 -0.31130826473236084 
vn -0.3365630507469177 0.8887133598327637 -0.31130826473236084 
vn -0.3365630507469177 0.8887133598327637 -0.31130826473236084 
vn -0.3365630507469177 0.8887133598327637 -0.31130826473236084 
vn -0.502578854560852 0.5972875952720642 -0.6250288486480713 
vn -0.502578854560852 0.5972875952720642 -0.6250288486480713 
vn -0.34342220425605774 0.5902560949325562 -0.7305188179016113 
vn -0.36377543210983276 0.5902560949325562 -0.7205997705459595 
vn -0.01320266630500555 0.5616849660873413 -0.8272451162338257 
vn -0.02828739956021309 0.5616849660873413 -0.8268667459487915 
vn 0.2864491939544678 0.5507919788360596 -0.7839476466178894 
vn 0.27935025095939636 0.5507919788360596 -0.7865052223205566 
vn 0.4064836800098419 0.5471398830413818 -0.731715738773346 
vn 0.4064836800098419 0.5471398830413818 -0.731715738773346 
vn -0.19637148082256317 0.43304023146629333 0.8797233700752258 
vn -0.19637148082256317 0.43304023146629333 0.8797233700752258 
vn -0.2673182189464569 0.46814242005348206 0.8422484993934631 
vn -0.3224194049835205 0.4911450445652008 0.8092102408409119 
vn -0.279924601316452 0.4911450445652008 0.8248743414878845 
vn -0.22026824951171875 0.4719989597797394 0.8536379337310791 
vn -0.12963630259037018 0.4330402612686157 0.8920029997825623 
vn -0.12963630259037018 0.4330402612686157 0.8920029997825623 
vn -0.050905026495456696 0.43697458505630493 0.8980315327644348 
vn -0.02074849233031273 0.43697458505630493 0.8992338180541992 
vn 0.1520310491323471 0.4172210991382599 0.8959977030754089 
vn 0.1872415840625763 0.4092634320259094 0.8929965496063232 
vn 0.2586917579174042 0.3892338275909424 0.8840669989585876 
vn 0.2586917579174042 0.3892338275909424 0.8840669989585876 
vn 0.5663778185844421 0.5652947425842285 -0.5997142791748047 
vn 0.5663778185844421 0.5652947425842285 -0.5997142791748047 
vn 0.5663778185844421 0.5652947425842285 -0.5997142791748047 
vn 0.5663778185844421 0.5652947425842285 -0.5997142791748047 
vn -0.6208754181861877 0.6146656274795532 -0.4865173399448395 
vn -0.6208754181861877 0.6146656274795532 -0.4865173399448395 
vn -0.6584696769714355 0.6215351223945618 -0.42439499497413635 
vn -0.6625226140022278 0.6215351223945618 -0.41803961992263794 
vn -0.5649952292442322 0.5507920980453491 -0.6143351197242737 
vn -0.621584951877594 0.5902562737464905 -0.5150038003921509 
vn -0.5143404006958008 0.528723955154419 -0.6752066016197205 
vn -0.5706155300140381 0.5760586261749268 -0.58528071641922 
vn -0.6695057153701782 0.7424618005752563 0.022624213248491287 
vn -0.6718488931655884 0.739527702331543 -0.04143885523080826 
vn -0.5597665905952454 0.6811633706092834 0.471886545419693 
vn -0.5597665905952454 0.6811633706092834 0.471886545419693 
vn 0.44043129682540894 0.34042322635650635 0.8307414054870605 
vn 0.44043129682540894 0.34042322635650635 0.8307414054870605 
vn 0.44043129682540894 0.34042322635650635 0.8307414054870605 
vn 0.44043129682540894 0.34042322635650635 0.8307414054870605 
vn 0.6251510977745056 0.5867236256599426 -0.5147240161895752 
vn 0.6251510977745056 0.5867236256599426 -0.5147240161895752 
vn 0.6251510977745056 0.5867236256599426 -0.5147240161895752 
vn 0.6251510977745056 0.5867236256599426 -0.5147240161895752 
vn 0.10131284594535828 0.9509209990501404 0.29237601161003113 
vn 0.10131284594535828 0.9509209990501404 0.29237601161003113 
vn 0.10131284594535828 0.9509209990501404 0.29237601161003113 
vn 0.10131284594535828 0.9509209990501404 0.29237601161003113 
vn 0.5140886902809143 0.5100566148757935 0.6896043419837952 
vn 0.5140886902809143 0.5100566148757935 0.6896043419837952 
vn 0.5140886902809143 0.5100566148757935 0.6896043419837952 
vn 0.5140886902809143 0.5100566148757935 0.6896043419837952 
vn 0.6449736952781677 0.5902562737464905 -0.485392302274704 
vn 0.6449736952781677 0.5902562737464905 -0.485392302274704 
vn 0.6449736952781677 0.5902562737464905 -0.485392302274704 
vn 0.6449736952781677 0.5902562737464905 -0.485392302274704 
vn 0.6517597436904907 0.6907013654708862 0.31327322125434875 
vn 0.6517597436904907 0.6907013654708862 0.31327322125434875 
vn 0.7125914096832275 0.7001205682754517 -0.04521039128303528 
vn 0.7120451331138611 0.6843554377555847 -0.1569991260766983 
vn 0.6412675380706787 0.5616851449012756 -0.5227667093276978 
vn 0.6412675380706787 0.5616851449012756 -0.5227667093276978 
vn -0.25884169340133667 0.9185674786567688 -0.2987197935581207 
vn -0.25884169340133667 0.9185674786567688 -0.2987197935581207 
vn -0.25884169340133667 0.9185674786567688 -0.2987197935581207 
vn -0.25884169340133667 0.9185674786567688 -0.2987197935581207 
vn -0.07816624641418457 0.9380202889442444 -0.33764880895614624 
vn -0.07816624641418457 0.9380202889442444 -0.33764880895614624 
vn -0.07816624641418457 0.9380202889442444 -0.33764880895614624 
vn -0.07816624641418457 0.9380202889442444 -0.33764880895614624 
vn 0.05793485417962074 0.9410131573677063 -0.3333716094493866 
vn 0.05793485417962074 0.9410131573677063 -0.3333716094493866 
vn 0.05793485417962074 0.9410131573677063 -0.3333716094493866 
vn 0.05793485417962074 0.9410131573677063 -0.3333716094493866 
vn 0.1742502897977829 0.9364970326423645 -0.3043171763420105 
vn 0.1742502897977829 0.9364970326423645 -0.3043171763420105 
vn 0.1742502897977829 0.9364970326423645 -0.3043171763420105 
vn 0.1742502897977829 0.9364970326423645 -0.3043171763420105 
vn -0.2070186734199524 0.9041931629180908 0.37359970808029175 
vn -0.2070186734199524 0.9041931629180908 0.37359970808029175 
vn -0.2070186734199524 0.9041931629180908 0.37359970808029175 
vn -0.2070186734199524 0.9041931629180908 0.37359970808029175 
vn -0.046981774270534515 0.9115198254585266 0.4085622727870941 
vn -0.046981774270534515 0.9115198254585266 0.4085622727870941 
vn -0.046981774270534515 0.9115198254585266 0.4085622727870941 
vn -0.046981774270534515 0.9115198254585266 0.4085622727870941 
vn -0.06742504984140396 0.9133080244064331 0.4016479551792145 
vn -0.06742504984140396 0.9133080244064331 0.4016479551792145 
vn -0.06742504984140396 0.9133080244064331 0.4016479551792145 
vn -0.06742504984140396 0.9133080244064331 0.4016479551792145 
vn 0.05807329714298248 0.9318204522132874 0.358241468667984 
vn 0.05807329714298248 0.9318204522132874 0.358241468667984 
vn 0.05807329714298248 0.9318204522132874 0.358241468667984 
vn 0.05807329714298248 0.9318204522132874 0.358241468667984 
vn 0.23004001379013062 0.9380203485488892 -0.2592262625694275 
vn 0.23004001379013062 0.9380203485488892 -0.2592262625694275 
vn 0.23004001379013062 0.9380203485488892 -0.2592262625694275 
vn 0.23004001379013062 0.9380203485488892 -0.2592262625694275 
vn -0.3109081983566284 0.9133076071739197 -0.2630668580532074 
vn -0.3109081983566284 0.9133076071739197 -0.2630668580532074 
vn -0.3109081983566284 0.9133076071739197 -0.2630668580532074 
vn -0.3109081983566284 0.9133076071739197 -0.2630668580532074 
vn -0.225998654961586 0.8805651664733887 -0.41656747460365295 
vn -0.225998654961586 0.8805651664733887 -0.41656747460365295 
vn -0.225998654961586 0.8805651664733887 -0.41656747460365295 
vn -0.225998654961586 0.8805651664733887 -0.41656747460365295 
vn -0.2743101418018341 0.9302257299423218 0.24378858506679535 
vn -0.2743101418018341 0.9302257299423218 0.24378858506679535 
vn -0.2743101418018341 0.9302257299423218 0.24378858506679535 
vn -0.2743101418018341 0.9302257299423218 0.24378858506679535 
vn -0.08429040014743805 0.8907085061073303 0.44669032096862793 
vn -0.08429040014743805 0.8907085061073303 0.44669032096862793 
vn -0.08429040014743805 0.8907085061073303 0.44669032096862793 
vn -0.08429040014743805 0.8907085061073303 0.44669032096862793 
vn 0.18577681481838226 0.9202861785888672 0.34432411193847656 
vn 0.18577681481838226 0.9202861785888672 0.34432411193847656 
vn 0.18577681481838226 0.9202861785888672 0.34432411193847656 
vn 0.18577681481838226 0.9202861785888672 0.34432411193847656 
vn 0.2960892915725708 0.9219865798950195 -0.24954120814800262 
vn 0.2960892915725708 0.9219865798950195 -0.24954120814800262 
vn 0.2960892915725708 0.9219865798950195 -0.24954120814800262 
vn 0.2960892915725708 0.9219865798950195 -0.24954120814800262 
vn 0.37645769119262695 0.8453090190887451 -0.3791188895702362 
vn 0.37645769119262695 0.8453090190887451 -0.3791188895702362 
vn 0.37645769119262695 0.8453090190887451 -0.3791188895702362 
vn 0.37645769119262695 0.8453090190887451 -0.3791188895702362 
vn 0.3278200924396515 0.9333971738815308 0.14595435559749603 
vn 0.3278200924396515 0.9333971738815308 0.14595435559749603 
vn 0.3278200924396515 0.9333971738815308 0.14595435559749603 
vn 0.3278200924396515 0.9333971738815308 0.14595435559749603 
vn 0.2709547281265259 0.9236699938774109 0.2709541618824005 
vn 0.2709547281265259 0.9236699938774109 0.2709541618824005 
vn 0.2709547281265259 0.9236699938774109 0.2709541618824005 
vn 0.2709547281265259 0.9236699938774109 0.2709541618824005 
vn 0.32502493262290955 0.9115194082260132 -0.25197237730026245 
vn 0.32502493262290955 0.9115194082260132 -0.25197237730026245 
vn 0.32502493262290955 0.9115194082260132 -0.25197237730026245 
vn 0.32502493262290955 0.9115194082260132 -0.25197237730026245 
vn 0.05807329714298248 0.9318204522132874 0.358241468667984 
vn 0.05807329714298248 0.9318204522132874 0.358241468667984 
vn 0.05807329714298248 0.9318204522132874 0.358241468667984 
vn 0.05807329714298248 0.9318204522132874 0.358241468667984 
vn -0.33748677372932434 0.9269829988479614 -0.16371959447860718 
vn -0.33748677372932434 0.9269829988479614 -0.16371959447860718 
vn -0.33748677372932434 0.9269829988479614 -0.16371959447860718 
vn -0.33748677372932434 0.9269829988479614 -0.16371959447860718 
vn -0.3365630507469177 0.8887133598327637 -0.31130826473236084 
vn -0.3365630507469177 0.8887133598327637 -0.31130826473236084 
vn -0.3365630507469177 0.8887133598327637 -0.31130826473236084 
vn -0.3365630507469177 0.8887133598327637 -0.31130826473236084 
vn 0.12982885539531708 -0.39325380325317383 0.9102168083190918 
vn 0.12982885539531708 -0.39325380325317383 0.9102168083190918 
vn 0.12982885539531708 -0.39325380325317383 0.9102168083190918 
vn 0.12982885539531708 -0.39325380325317383 0.9102168083190918 
vn 0.12982885539531708 -0.39325380325317383 0.9102168083190918 
vn 0.12982885539531708 -0.39325380325317383 0.9102168083190918 
vn 0.12982885539531708 -0.39325380325317383 0.9102168083190918 
vn 0.12982885539531708 -0.39325380325317383 0.9102168083190918 
vn 0.12982885539531708 -0.39325380325317383 0.9102168083190918 
vn 0.12982885539531708 -0.39325380325317383 0.9102168083190918 
vn 0.12982885539531708 -0.39325380325317383 0.9102168083190918 
vn 0.12982885539531708 -0.39325380325317383 0.9102168083190918 
vn 0.12982885539531708 -0.39325380325317383 0.9102168083190918 
vn 0.12982885539531708 -0.39325380325317383 0.9102168083190918 
vn 0.001886112499050796 0.19321557879447937 0.9811539053916931 
vn 0.001886112499050796 0.19321557879447937 0.9811539053916931 
vn 0.001886112499050796 0.19321557879447937 0.9811539053916931 
vn 0.001886112499050796 0.19321557879447937 0.9811539053916931 
vn 0.001886112499050796 0.19321557879447937 0.9811539053916931 
vn 0.001886112499050796 0.19321557879447937 0.9811539053916931 
vn 0.001886112499050796 0.19321557879447937 0.9811539053916931 
vn 0.001886112499050796 0.19321557879447937 0.9811539053916931 
vn 0.001886112499050796 0.19321557879447937 0.9811539053916931 
vn 0.001886112499050796 0.19321557879447937 0.9811539053916931 
vn 0.001886112499050796 0.19321557879447937 0.9811539053916931 
vn 0.001886112499050796 0.19321557879447937 0.9811539053916931 
vn 0.001886112499050796 0.19321557879447937 0.9811539053916931 
vn 0.001886112499050796 0.19321557879447937 0.9811539053916931 
vn 0.12982885539531708 -0.39325380325317383 0.9102168083190918 
vn 0.12982885539531708 -0.39325380325317383 0.9102168083190918 
vn 0.12982885539531708 -0.39325380325317383 0.9102168083190918 
vn 0.12982885539531708 -0.39325380325317383 0.9102168083190918 
vn 0.12982885539531708 -0.39325380325317383 0.9102168083190918 
vn 0.12982885539531708 -0.39325380325317383 0.9102168083190918 
vn 0.12982885539531708 -0.39325380325317383 0.9102168083190918 
vn 0.12982885539531708 -0.39325380325317383 0.9102168083190918 
vn 0.12982885539531708 -0.39325380325317383 0.9102168083190918 
vn 0.12982885539531708 -0.39325380325317383 0.9102168083190918 
vn 0.12982885539531708 -0.39325380325317383 0.9102168083190918 
vn 0.12982885539531708 -0.39325380325317383 0.9102168083190918 
vn 0.12982885539531708 -0.39325380325317383 0.9102168083190918 
vn 0.12982885539531708 -0.39325380325317383 0.9102168083190918 
vn 0.001886112499050796 0.19321557879447937 0.9811539053916931 
vn 0.001886112499050796 0.19321557879447937 0.9811539053916931 
vn 0.001886112499050796 0.19321557879447937 0.9811539053916931 
vn 0.001886112499050796 0.19321557879447937 0.9811539053916931 
vn 0.001886112499050796 0.19321557879447937 0.9811539053916931 
vn 0.001886112499050796 0.19321557879447937 0.9811539053916931 
vn 0.001886112499050796 0.19321557879447937 0.9811539053916931 
vn 0.001886112499050796 0.19321557879447937 0.9811539053916931 
vn 0.001886112499050796 0.19321557879447937 0.9811539053916931 
vn 0.001886112499050796 0.19321557879447937 0.9811539053916931 
vn 0.001886112499050796 0.19321557879447937 0.9811539053916931 
vn 0.001886112499050796 0.19321557879447937 0.9811539053916931 
vn 0.001886112499050796 0.19321557879447937 0.9811539053916931 
vn 0.001886112499050796 0.19321557879447937 0.9811539053916931 
vn 0.12982885539531708 -0.39325380325317383 0.9102168083190918 
vn 0.12982885539531708 -0.39325380325317383 0.9102168083190918 
vn 0.12982885539531708 -0.39325380325317383 0.9102168083190918 
vn 0.12982885539531708 -0.39325380325317383 0.9102168083190918 
vn 0.12982885539531708 -0.39325380325317383 0.9102168083190918 
vn 0.12982885539531708 -0.39325380325317383 0.9102168083190918 
vn 0.12982885539531708 -0.39325380325317383 0.9102168083190918 
vn 0.12982885539531708 -0.39325380325317383 0.9102168083190918 
vn 0.12982885539531708 -0.39325380325317383 0.9102168083190918 
vn 0.12982885539531708 -0.39325380325317383 0.9102168083190918 
vn 0.12982885539531708 -0.39325380325317383 0.9102168083190918 
vn 0.12982885539531708 -0.39325380325317383 0.9102168083190918 
vn 0.12982885539531708 -0.39325380325317383 0.9102168083190918 
vn 0.12982885539531708 -0.39325380325317383 0.9102168083190918 
vn 0.001886112499050796 0.19321557879447937 0.9811539053916931 
vn 0.001886112499050796 0.19321557879447937 0.9811539053916931 
vn 0.001886112499050796 0.19321557879447937 0.9811539053916931 
vn 0.001886112499050796 0.19321557879447937 0.9811539053916931 
vn 0.001886112499050796 0.19321557879447937 0.9811539053916931 
vn 0.001886112499050796 0.19321557879447937 0.9811539053916931 
vn 0.001886112499050796 0.19321557879447937 0.9811539053916931 
vn 0.001886112499050796 0.19321557879447937 0.9811539053916931 
vn 0.001886112499050796 0.19321557879447937 0.9811539053916931 
vn 0.001886112499050796 0.19321557879447937 0.9811539053916931 
vn 0.001886112499050796 0.19321557879447937 0.9811539053916931 
vn 0.001886112499050796 0.19321557879447937 0.9811539053916931 
vn 0.001886112499050796 0.19321557879447937 0.9811539053916931 
vn 0.001886112499050796 0.19321557879447937 0.9811539053916931 
vn -0.6434907913208008 0.5972877144813538 -0.47871315479278564 
vn -0.6434907913208008 0.5972877144813538 -0.47871315479278564 
vn -0.5150033831596375 0.5902561545372009 -0.6215852499008179 
vn -0.5265362858772278 0.5902562141418457 -0.6118465662002563 
vn -0.21443749964237213 0.5616849660873413 -0.7990778684616089 
vn -0.2289750576019287 0.5616849660873413 -0.7950341701507568 
vn 0.08098810911178589 0.5507919788360596 -0.8307033181190491 
vn 0.08098810911178589 0.5507919788360596 -0.8307033181190491 
vn 0.210866779088974 0.5471398234367371 -0.8100444674491882 
vn 0.210866779088974 0.5471398234367371 -0.8100444674491882 
vn 0.028274904936552048 0.4330402612686157 0.9009302854537964 
vn 0.028274904936552048 0.4330402612686157 0.9009302854537964 
vn -0.05277468264102936 0.46814244985580444 0.8820750117301941 
vn -0.1110474243760109 0.4911450743675232 0.8639697432518005 
vn -0.06599216163158417 0.4911450743675232 0.868573784828186 
vn -0.00377358659170568 0.47199898958206177 0.8815903067588806 
vn 0.09596885740756989 0.4330402612686157 0.8962504863739014 
vn 0.09596885740756989 0.4330402612686157 0.8962504863739014 
vn 0.17432191967964172 0.43697455525398254 0.8824193477630615 
vn 0.203827902674675 0.43697455525398254 0.8760743141174316 
vn 0.3681504726409912 0.4172210693359375 0.8308975696563721 
vn 0.4007299244403839 0.40926340222358704 0.8197060227394104 
vn 0.4724976122379303 0.3892337679862976 0.7907225489616394 
vn 0.4724976122379303 0.3892337679862976 0.7907225489616394 
vn 0.40260565280914307 0.5652946829795837 -0.7199649810791016 
vn 0.40260565280914307 0.5652946829795837 -0.7199649810791016 
vn 0.40260565280914307 0.5652946829795837 -0.7199649810791016 
vn 0.40260565280914307 0.5652946829795837 -0.7199649810791016 
vn -0.7215104103088379 0.614665687084198 -0.31876033544540405 
vn -0.7215104103088379 0.614665687084198 -0.31876033544540405 
vn -0.7406170964241028 0.6215352416038513 -0.2553032636642456 
vn -0.7453926801681519 0.6215352416038513 -0.24100440740585327 
vn -0.7008445262908936 0.5507922172546387 -0.4532597064971924 
vn -0.7305186986923218 0.5902563333511353 -0.3434228003025055 
vn -0.6647873520851135 0.5287240743637085 -0.5277384519577026 
vn -0.6972992420196533 0.5760587453842163 -0.42653194069862366 
vn -0.643520176410675 0.7424618601799011 0.18609505891799927 
vn -0.6602376699447632 0.7395278215408325 0.1310884803533554 
vn -0.42113375663757324 0.6811634302139282 0.5988836884498596 
vn -0.42113375663757324 0.6811634302139282 0.5988836884498596 
vn 0.631404459476471 0.3404231369495392 0.6967350244522095 
vn 0.631404459476471 0.3404231369495392 0.6967350244522095 
vn 0.631404459476471 0.3404231369495392 0.6967350244522095 
vn 0.631404459476471 0.3404231369495392 0.6967350244522095 
vn 0.4775041937828064 0.5867235064506531 -0.654021680355072 
vn 0.4775041937828064 0.5867235064506531 -0.654021680355072 
vn 0.4775041937828064 0.5867235064506531 -0.654021680355072 
vn 0.4775041937828064 0.5867235064506531 -0.654021680355072 
vn 0.16858141124248505 0.9509209990501404 0.2594771981239319 
vn 0.16858141124248505 0.9509209990501404 0.2594771981239319 
vn 0.16858141124248505 0.9509209990501404 0.2594771981239319 
vn 0.16858141124248505 0.9509209990501404 0.2594771981239319 
vn 0.671138346195221 0.5100564956665039 0.5379730463027954 
vn 0.671138346195221 0.5100564956665039 0.5379730463027954 
vn 0.671138346195221 0.5100564956665039 0.5379730463027954 
vn 0.671138346195221 0.5100564956665039 0.5379730463027954 
vn 0.5091695189476013 0.5902561545372009 -0.6263729929924011 
vn 0.5091695189476013 0.5902561545372009 -0.6263729929924011 
vn 0.5091695189476013 0.5902561545372009 -0.6263729929924011 
vn 0.5091695189476013 0.5902561545372009 -0.6263729929924011 
vn 0.7090142369270325 0.6907012462615967 0.14223182201385498 
vn 0.7090142369270325 0.6907012462615967 0.14223182201385498 
vn 0.678492546081543 0.7001204490661621 -0.22243767976760864 
vn 0.6517158150672913 0.6843553185462952 -0.3269916772842407 
vn 0.49450793862342834 0.5616850256919861 -0.663303017616272 
vn 0.49450793862342834 0.5616850256919861 -0.663303017616272 
vn -0.32413920760154724 0.9185675382614136 -0.226199671626091 
vn -0.32413920760154724 0.9185675382614136 -0.226199671626091 
vn -0.32413920760154724 0.9185675382614136 -0.226199671626091 
vn -0.32413920760154724 0.9185675382614136 -0.226199671626091 
vn -0.15566816926002502 0.9380202889442444 -0.30965158343315125 
vn -0.15566816926002502 0.9380202889442444 -0.30965158343315125 
vn -0.15566816926002502 0.9380202889442444 -0.30965158343315125 
vn -0.15566816926002502 0.9380202889442444 -0.30965158343315125 
vn -0.024394234642386436 0.9410131573677063 -0.3374877870082855 
vn -0.024394234642386436 0.9410131573677063 -0.3374877870082855 
vn -0.024394234642386436 0.9410131573677063 -0.3374877870082855 
vn -0.024394234642386436 0.9410131573677063 -0.3374877870082855 
vn 0.09106369316577911 0.9364970326423645 -0.3386436402797699 
vn 0.09106369316577911 0.9364970326423645 -0.3386436402797699 
vn 0.09106369316577911 0.9364970326423645 -0.3386436402797699 
vn 0.09106369316577911 0.9364970326423645 -0.3386436402797699 
vn -0.10963978618383408 0.9041932225227356 0.4128105342388153 
vn -0.10963978618383408 0.9041932225227356 0.4128105342388153 
vn -0.10963978618383408 0.9041932225227356 0.4128105342388153 
vn -0.10963978618383408 0.9041932225227356 0.4128105342388153 
vn 0.05818866938352585 0.9115198254585266 0.4071173071861267 
vn 0.05818866938352585 0.9115198254585266 0.4071173071861267 
vn 0.05818866938352585 0.9115198254585266 0.4071173071861267 
vn 0.05818866938352585 0.9115198254585266 0.4071173071861267 
vn 0.030077707022428513 0.9133080244064331 0.4061557948589325 
vn 0.030077707022428513 0.9133080244064331 0.4061557948589325 
vn 0.030077707022428513 0.9133080244064331 0.4061557948589325 
vn 0.030077707022428513 0.9133080244064331 0.4061557948589325 
vn 0.15138384699821472 0.9318204522132874 0.32983696460723877 
vn 0.15138384699821472 0.9318204522132874 0.32983696460723877 
vn 0.15138384699821472 0.9318204522132874 0.32983696460723877 
vn 0.15138384699821472 0.9318204522132874 0.32983696460723877 
vn 0.16234023869037628 0.9380202889442444 -0.3062063455581665 
vn 0.16234023869037628 0.9380202889442444 -0.3062063455581665 
vn 0.16234023869037628 0.9380202889442444 -0.3062063455581665 
vn 0.16234023869037628 0.9380202889442444 -0.3062063455581665 
vn -0.36457201838493347 0.9133076667785645 -0.18153588473796844 
vn -0.36457201838493347 0.9133076667785645 -0.18153588473796844 
vn -0.36457201838493347 0.9133076667785645 -0.18153588473796844 
vn -0.36457201838493347 0.9133076667785645 -0.18153588473796844 
vn -0.31804928183555603 0.8805651664733887 -0.35135236382484436 
vn -0.31804928183555603 0.8805651664733887 -0.35135236382484436 
vn -0.31804928183555603 0.8805651664733887 -0.35135236382484436 
vn -0.31804928183555603 0.8805651664733887 -0.35135236382484436 
vn -0.20680496096611023 0.9302257299423218 0.3031674921512604 
vn -0.20680496096611023 0.9302257299423218 0.3031674921512604 
vn -0.20680496096611023 0.9302257299423218 0.3031674921512604 
vn -0.20680496096611023 0.9302257299423218 0.3031674921512604 
vn 0.028241967782378197 0.8907085061073303 0.4536953568458557 
vn 0.028241967782378197 0.8907085061073303 0.4536953568458557 
vn 0.028241967782378197 0.8907085061073303 0.4536953568458557 
vn 0.028241967782378197 0.8907085061073303 0.4536953568458557 
vn 0.2651284635066986 0.9202861189842224 0.2877136170864105 
vn 0.2651284635066986 0.9202861189842224 0.2877136170864105 
vn 0.2651284635066986 0.9202861189842224 0.2877136170864105 
vn 0.2651284635066986 0.9202861189842224 0.2877136170864105 
vn 0.2242378145456314 0.9219865202903748 -0.31568512320518494 
vn 0.2242378145456314 0.9219865202903748 -0.31568512320518494 
vn 0.2242378145456314 0.9219865202903748 -0.31568512320518494 
vn 0.2242378145456314 0.9219865202903748 -0.31568512320518494 
vn 0.2693082094192505 0.8453089594841003 -0.46143755316734314 
vn 0.2693082094192505 0.8453089594841003 -0.46143755316734314 
vn 0.2693082094192505 0.8453089594841003 -0.46143755316734314 
vn 0.2693082094192505 0.8453089594841003 -0.46143755316734314 
vn 0.35381853580474854 0.933397114276886 0.05984342470765114 
vn 0.35381853580474854 0.933397114276886 0.05984342470765114 
vn 0.35381853580474854 0.933397114276886 0.05984342470765114 
vn 0.35381853580474854 0.933397114276886 0.05984342470765114 
vn 0.3305893838405609 0.9236699342727661 0.19376122951507568 
vn 0.3305893838405609 0.9236699342727661 0.19376122951507568 
vn 0.3305893838405609 0.9236699342727661 0.19376122951507568 
vn 0.3305893838405609 0.9236699342727661 0.19376122951507568 
vn 0.2504810690879822 0.9115193486213684 -0.32617565989494324 
vn 0.2504810690879822 0.9115193486213684 -0.32617565989494324 
vn 0.2504810690879822 0.9115193486213684 -0.32617565989494324 
vn 0.2504810690879822 0.9115193486213684 -0.32617565989494324 
vn 0.1445120871067047 0.9318204522132874 0.33290502429008484 
vn 0.1445120871067047 0.9318204522132874 0.33290502429008484 
vn 0.1445120871067047 0.9318204522132874 0.33290502429008484 
vn 0.1445120871067047 0.9318204522132874 0.33290502429008484 
vn -0.36680009961128235 0.9269830584526062 -0.07847961038351059 
vn -0.36680009961128235 0.9269830584526062 -0.07847961038351059 
vn -0.36680009961128235 0.9269830584526062 -0.07847961038351059 
vn -0.36680009961128235 0.9269830584526062 -0.07847961038351059 
vn -0.40225934982299805 0.8887133598327637 -0.21994292736053467 
vn -0.40225934982299805 0.8887133598327637 -0.21994292736053467 
vn -0.40225934982299805 0.8887133598327637 -0.21994292736053467 
vn -0.40225934982299805 0.8887133598327637 -0.21994292736053467 
vn 0.12982885539531708 -0.39325380325317383 0.9102168083190918 
vn 0.12982885539531708 -0.39325380325317383 0.9102168083190918 
vn 0.12982885539531708 -0.39325380325317383 0.9102168083190918 
vn 0.12982885539531708 -0.39325380325317383 0.9102168083190918 
vn 0.12982885539531708 -0.39325380325317383 0.9102168083190918 
vn 0.12982885539531708 -0.39325380325317383 0.9102168083190918 
vn 0.12982885539531708 -0.39325380325317383 0.9102168083190918 
vn 0.12982885539531708 -0.39325380325317383 0.9102168083190918 
vn 0.12982885539531708 -0.39325380325317383 0.9102168083190918 
vn 0.12982885539531708 -0.39325380325317383 0.9102168083190918 
vn 0.12982885539531708 -0.39325380325317383 0.9102168083190918 
vn 0.12982885539531708 -0.39325380325317383 0.9102168083190918 
vn 0.12982885539531708 -0.39325380325317383 0.9102168083190918 
vn 0.12982885539531708 -0.39325380325317383 0.9102168083190918 
vn 0.001886112499050796 0.19321557879447937 0.9811539053916931 
vn 0.001886112499050796 0.19321557879447937 0.9811539053916931 
vn 0.001886112499050796 0.19321557879447937 0.9811539053916931 
vn 0.001886112499050796 0.19321557879447937 0.9811539053916931 
vn 0.001886112499050796 0.19321557879447937 0.9811539053916931 
vn 0.001886112499050796 0.19321557879447937 0.9811539053916931 
vn 0.001886112499050796 0.19321557879447937 0.9811539053916931 
vn 0.001886112499050796 0.19321557879447937 0.9811539053916931 
vn 0.001886112499050796 0.19321557879447937 0.9811539053916931 
vn 0.001886112499050796 0.19321557879447937 0.9811539053916931 
vn 0.001886112499050796 0.19321557879447937 0.9811539053916931 
vn 0.001886112499050796 0.19321557879447937 0.9811539053916931 
vn 0.001886112499050796 0.19321557879447937 0.9811539053916931 
vn 0.001886112499050796 0.19321557879447937 0.9811539053916931 
vn -2.6868534064306004e-7 -0.45651838183403015 0.8897132873535156 
vn -2.6868534064306004e-7 -0.45651838183403015 0.8897132873535156 
vn -2.6868534064306004e-7 -0.45651838183403015 0.8897132873535156 
vn -2.6868534064306004e-7 -0.45651838183403015 0.8897132873535156 
vn -2.6868534064306004e-7 -0.45651838183403015 0.8897132873535156 
vn -2.6868534064306004e-7 -0.45651838183403015 0.8897132873535156 
vn -2.6868534064306004e-7 -0.45651838183403015 0.8897132873535156 
vn -2.6868534064306004e-7 -0.45651838183403015 0.8897132873535156 
vn -2.6868534064306004e-7 -0.45651838183403015 0.8897132873535156 
vn -2.6868534064306004e-7 -0.45651838183403015 0.8897132873535156 
vn -2.6868534064306004e-7 -0.45651838183403015 0.8897132873535156 
vn -2.6868534064306004e-7 -0.45651838183403015 0.8897132873535156 
vn -2.6868534064306004e-7 -0.45651838183403015 0.8897132873535156 
vn -2.6868534064306004e-7 -0.45651838183403015 0.8897132873535156 
vn -2.946687800431391e-7 0.21886855363845825 0.9757537245750427 
vn -2.946687800431391e-7 0.21886855363845825 0.9757537245750427 
vn -2.946687800431391e-7 0.21886855363845825 0.9757537245750427 
vn -2.946687800431391e-7 0.21886855363845825 0.9757537245750427 
vn -2.946687800431391e-7 0.21886855363845825 0.9757537245750427 
vn -2.946687800431391e-7 0.21886855363845825 0.9757537245750427 
vn -2.946687800431391e-7 0.21886855363845825 0.9757537245750427 
vn -2.946687800431391e-7 0.21886855363845825 0.9757537245750427 
vn -2.946687800431391e-7 0.21886855363845825 0.9757537245750427 
vn -2.946687800431391e-7 0.21886855363845825 0.9757537245750427 
vn -2.946687800431391e-7 0.21886855363845825 0.9757537245750427 
vn -2.946687800431391e-7 0.21886855363845825 0.9757537245750427 
vn -2.946687800431391e-7 0.21886855363845825 0.9757537245750427 
vn -2.946687800431391e-7 0.21886855363845825 0.9757537245750427 
vn 0.12979450821876526 0.09380435943603516 0.9870931506156921 
vn 0.12979450821876526 0.09380435943603516 0.9870931506156921 
vn 0.12979450821876526 0.09380435943603516 0.9870931506156921 
vn 0.12979450821876526 0.09380435943603516 0.9870931506156921 
vn 0.12979450821876526 0.09380435943603516 0.9870931506156921 
vn 0.12979450821876526 0.09380435943603516 0.9870931506156921 
vn 0.12979450821876526 0.09380435943603516 0.9870931506156921 
vn 0.12979450821876526 0.09380435943603516 0.9870931506156921 
vn 0.12979450821876526 0.09380435943603516 0.9870931506156921 
vn 0.12979450821876526 0.09380435943603516 0.9870931506156921 
vn 0.12979450821876526 0.09380435943603516 0.9870931506156921 
vn 0.12979450821876526 0.09380435943603516 0.9870931506156921 
vn 0.12979450821876526 0.09380435943603516 0.9870931506156921 
vn 0.12979450821876526 0.09380435943603516 0.9870931506156921 
vn -0.052814505994319916 -0.14152774214744568 0.9885237812995911 
vn -0.052814505994319916 -0.14152774214744568 0.9885237812995911 
vn -0.052814505994319916 -0.14152774214744568 0.9885237812995911 
vn -0.052814505994319916 -0.14152774214744568 0.9885237812995911 
vn -0.052814505994319916 -0.14152774214744568 0.9885237812995911 
vn -0.052814505994319916 -0.14152774214744568 0.9885237812995911 
vn -0.052814505994319916 -0.14152774214744568 0.9885237812995911 
vn -0.052814505994319916 -0.14152774214744568 0.9885237812995911 
vn -0.052814505994319916 -0.14152774214744568 0.9885237812995911 
vn -0.052814505994319916 -0.14152774214744568 0.9885237812995911 
vn -0.052814505994319916 -0.14152774214744568 0.9885237812995911 
vn -0.052814505994319916 -0.14152774214744568 0.9885237812995911 
vn -0.052814505994319916 -0.14152774214744568 0.9885237812995911 
vn -0.052814505994319916 -0.14152774214744568 0.9885237812995911 
vn -0.5278865694999695 -0.816146731376648 0.2350304275751114 
vn -0.5278865694999695 -0.816146731376648 0.2350304275751114 
vn -0.5278865694999695 -0.816146731376648 0.2350304275751114 
vn -0.5278865694999695 -0.816146731376648 0.2350304275751114 
vn -0.30724823474884033 -0.7820252180099487 0.5422489643096924 
vn -0.30724823474884033 -0.7820252180099487 0.5422489643096924 
vn -0.30724823474884033 -0.7820252180099487 0.5422489643096924 
vn -0.30724823474884033 -0.7820252180099487 0.5422489643096924 
vn -0.058496005833148956 -0.733616828918457 0.6770401000976562 
vn -0.058496005833148956 -0.733616828918457 0.6770401000976562 
vn -0.058496005833148956 -0.733616828918457 0.6770401000976562 
vn -0.058496005833148956 -0.733616828918457 0.6770401000976562 
vn 0.0547301359474659 -0.733616828918457 0.6773549318313599 
vn 0.0547301359474659 -0.733616828918457 0.6773549318313599 
vn 0.0547301359474659 -0.733616828918457 0.6773549318313599 
vn 0.0547301359474659 -0.733616828918457 0.6773549318313599 
vn 0.501164972782135 -0.8310135006904602 0.24134889245033264 
vn 0.501164972782135 -0.8310135006904602 0.24134889245033264 
vn 0.501164972782135 -0.8310135006904602 0.24134889245033264 
vn 0.501164972782135 -0.8310135006904602 0.24134889245033264 
vn 0.2794332206249237 -0.7597662806510925 0.5870869755744934 
vn 0.2794332206249237 -0.7597662806510925 0.5870869755744934 
vn 0.2794332206249237 -0.7597662806510925 0.5870869755744934 
vn 0.2794332206249237 -0.7597662806510925 0.5870869755744934 
vn -0.5616647005081177 -0.8261210322380066 0.0453425757586956 
vn -0.5616647005081177 -0.8261210322380066 0.0453425757586956 
vn -0.5616647005081177 -0.8261210322380066 0.0453425757586956 
vn -0.5616647005081177 -0.8261210322380066 0.0453425757586956 
vn 0.46710070967674255 -0.8826277256011963 0.05276601389050484 
vn 0.46710070967674255 -0.8826277256011963 0.05276601389050484 
vn 0.46710070967674255 -0.8826277256011963 0.05276601389050484 
vn 0.46710070967674255 -0.8826277256011963 0.05276601389050484 
vn -0.5417646765708923 -0.8334362506866455 -0.10896842181682587 
vn -0.5417646765708923 -0.8334362506866455 -0.10896842181682587 
vn -0.5417646765708923 -0.8334362506866455 -0.10896842181682587 
vn -0.5417646765708923 -0.8334362506866455 -0.10896842181682587 
vn 0.475488543510437 -0.8742777109146118 -0.0977146252989769 
vn 0.475488543510437 -0.8742777109146118 -0.0977146252989769 
vn 0.475488543510437 -0.8742777109146118 -0.0977146252989769 
vn 0.475488543510437 -0.8742777109146118 -0.0977146252989769 
vn -0.5207575559616089 -0.7874422073364258 -0.3297656178474426 
vn -0.5207575559616089 -0.7874422073364258 -0.3297656178474426 
vn -0.5207575559616089 -0.7874422073364258 -0.3297656178474426 
vn -0.5207575559616089 -0.7874422073364258 -0.3297656178474426 
vn -0.27472221851348877 -0.7540561556816101 -0.5965951681137085 
vn -0.27472221851348877 -0.7540561556816101 -0.5965951681137085 
vn -0.27472221851348877 -0.7540561556816101 -0.5965951681137085 
vn -0.27472221851348877 -0.7540561556816101 -0.5965951681137085 
vn -0.07919923961162567 -0.7453820705413818 -0.6619152426719666 
vn -0.07919923961162567 -0.7453820705413818 -0.6619152426719666 
vn -0.07919923961162567 -0.7453820705413818 -0.6619152426719666 
vn -0.07919923961162567 -0.7453820705413818 -0.6619152426719666 
vn 0.060338716953992844 -0.7395281195640564 -0.670414924621582 
vn 0.060338716953992844 -0.7395281195640564 -0.670414924621582 
vn 0.060338716953992844 -0.7395281195640564 -0.670414924621582 
vn 0.060338716953992844 -0.7395281195640564 -0.670414924621582 
vn 0.2150215208530426 -0.7482877373695374 -0.6275587677955627 
vn 0.2150215208530426 -0.7482877373695374 -0.6275587677955627 
vn 0.2150215208530426 -0.7482877373695374 -0.6275587677955627 
vn 0.2150215208530426 -0.7482877373695374 -0.6275587677955627 
vn 0.49269288778305054 -0.8161470890045166 -0.30192169547080994 
vn 0.49269288778305054 -0.8161470890045166 -0.30192169547080994 
vn 0.49269288778305054 -0.8161470890045166 -0.30192169547080994 
vn 0.49269288778305054 -0.8161470890045166 -0.30192169547080994 
vn -0.3152276277542114 -0.9424827098846436 0.11116086691617966 
vn -0.3152276277542114 -0.9424827098846436 0.11116086691617966 
vn -0.3152276277542114 -0.9424827098846436 0.11116086691617966 
vn -0.3152276277542114 -0.9424827098846436 0.11116086691617966 
vn -0.17177814245224 -0.9481803178787231 0.2672922611236572 
vn -0.17177814245224 -0.9481803178787231 0.2672922611236572 
vn -0.17177814245224 -0.9481803178787231 0.2672922611236572 
vn -0.17177814245224 -0.9481803178787231 0.2672922611236572 
vn -0.024541880935430527 -0.9453675150871277 0.3250795304775238 
vn -0.024541880935430527 -0.9453675150871277 0.3250795304775238 
vn -0.024541880935430527 -0.9453675150871277 0.3250795304775238 
vn -0.024541880935430527 -0.9453675150871277 0.3250795304775238 
vn 0.02646772935986519 -0.9439340829849243 0.32906943559646606 
vn 0.02646772935986519 -0.9439340829849243 0.32906943559646606 
vn 0.02646772935986519 -0.9439340829849243 0.32906943559646606 
vn 0.02646772935986519 -0.9439340829849243 0.32906943559646606 
vn 0.32626017928123474 -0.9410132765769958 0.08970634639263153 
vn 0.32626017928123474 -0.9410132765769958 0.08970634639263153 
vn 0.32626017928123474 -0.9410132765769958 0.08970634639263153 
vn 0.32626017928123474 -0.9410132765769958 0.08970634639263153 
vn 0.13897791504859924 -0.9495595097541809 0.28110602498054504 
vn 0.13897791504859924 -0.9495595097541809 0.28110602498054504 
vn 0.13897791504859924 -0.9495595097541809 0.28110602498054504 
vn 0.13897791504859924 -0.9495595097541809 0.28110602498054504 
vn -0.3547419011592865 -0.9349560141563416 -0.0037774809170514345 
vn -0.3547419011592865 -0.9349560141563416 -0.0037774809170514345 
vn -0.3547419011592865 -0.9349560141563416 -0.0037774809170514345 
vn -0.3547419011592865 -0.9349560141563416 -0.0037774809170514345 
vn 0.35347530245780945 -0.9349560141563416 0.03018832765519619 
vn 0.35347530245780945 -0.9349560141563416 0.03018832765519619 
vn 0.35347530245780945 -0.9349560141563416 0.03018832765519619 
vn 0.35347530245780945 -0.9349560141563416 0.03018832765519619 
vn -0.3549424707889557 -0.933397114276886 -0.05276975780725479 
vn -0.3549424707889557 -0.933397114276886 -0.05276975780725479 
vn -0.3549424707889557 -0.933397114276886 -0.05276975780725479 
vn -0.3549424707889557 -0.933397114276886 -0.05276975780725479 
vn 0.3508264124393463 -0.9349560737609863 -0.05269591137766838 
vn 0.3508264124393463 -0.9349560737609863 -0.05269591137766838 
vn 0.3508264124393463 -0.9349560737609863 -0.05269591137766838 
vn 0.3508264124393463 -0.9349560737609863 -0.05269591137766838 
vn -0.3080909252166748 -0.9395259618759155 -0.14956538379192352 
vn -0.3080909252166748 -0.9395259618759155 -0.14956538379192352 
vn -0.3080909252166748 -0.9395259618759155 -0.14956538379192352 
vn -0.3080909252166748 -0.9395259618759155 -0.14956538379192352 
vn -0.12178129702806473 -0.9424829483032227 -0.3112778663635254 
vn -0.12178129702806473 -0.9424829483032227 -0.3112778663635254 
vn -0.12178129702806473 -0.9424829483032227 -0.3112778663635254 
vn -0.12178129702806473 -0.9424829483032227 -0.3112778663635254 
vn -0.052722543478012085 -0.9380207061767578 -0.3425437808036804 
vn -0.052722543478012085 -0.9380207061767578 -0.3425437808036804 
vn -0.052722543478012085 -0.9380207061767578 -0.3425437808036804 
vn -0.052722543478012085 -0.9380207061767578 -0.3425437808036804 
vn 0.0527227520942688 -0.9380207061767578 -0.34254375100135803 
vn 0.0527227520942688 -0.9380207061767578 -0.34254375100135803 
vn 0.0527227520942688 -0.9380207061767578 -0.34254375100135803 
vn 0.0527227520942688 -0.9380207061767578 -0.34254375100135803 
vn 0.09152820706367493 -0.9410135746002197 -0.325752854347229 
vn 0.09152820706367493 -0.9410135746002197 -0.325752854347229 
vn 0.09152820706367493 -0.9410135746002197 -0.325752854347229 
vn 0.09152820706367493 -0.9410135746002197 -0.325752854347229 
vn 0.316943496465683 -0.9410133957862854 -0.11848834156990051 
vn 0.316943496465683 -0.9410133957862854 -0.11848834156990051 
vn 0.316943496465683 -0.9410133957862854 -0.11848834156990051 
vn 0.316943496465683 -0.9410133957862854 -0.11848834156990051 
vn 0.9292274713516235 -0.29902657866477966 0.21706964075565338 
vn 0.9292274713516235 -0.29902657866477966 0.21706964075565338 
vn 0.9292274713516235 -0.29902657866477966 0.21706964075565338 
vn 0.9292274713516235 -0.29902657866477966 0.21706964075565338 
vn 0.28391966223716736 0.9467832446098328 0.15162445604801178 
vn 0.28391966223716736 0.9467832446098328 0.15162445604801178 
vn 0.28391966223716736 0.9467832446098328 0.15162445604801178 
vn 0.28391966223716736 0.9467832446098328 0.15162445604801178 
vn -0.7990669012069702 -0.38116857409477234 0.46497541666030884 
vn -0.7990669012069702 -0.38116857409477234 0.46497541666030884 
vn -0.7990669012069702 -0.38116857409477234 0.46497541666030884 
vn -0.7990669012069702 -0.38116857409477234 0.46497541666030884 
vn 0.7838068008422852 -0.3073544502258301 -0.5396106243133545 
vn 0.7838068008422852 -0.3073544502258301 -0.5396106243133545 
vn 0.7838068008422852 -0.3073544502258301 -0.5396106243133545 
vn 0.7838068008422852 -0.3073544502258301 -0.5396106243133545 
vn 0.17453879117965698 -0.4719989597797394 -0.8641481399536133 
vn 0.17453879117965698 -0.4719989597797394 -0.8641481399536133 
vn 0.17453879117965698 -0.4719989597797394 -0.8641481399536133 
vn 0.17453879117965698 -0.4719989597797394 -0.8641481399536133 
vn -0.3279167413711548 -0.4796849191188812 -0.8138623237609863 
vn -0.3279167413711548 -0.4796849191188812 -0.8138623237609863 
vn -0.3279167413711548 -0.4796849191188812 -0.8138623237609863 
vn -0.3279167413711548 -0.4796849191188812 -0.8138623237609863 
vn -0.8847097158432007 -0.34042292833328247 -0.3184346854686737 
vn -0.8847097158432007 -0.34042292833328247 -0.3184346854686737 
vn -0.8847097158432007 -0.34042292833328247 -0.3184346854686737 
vn -0.8847097158432007 -0.34042292833328247 -0.3184346854686737 
vn 0.5669915080070496 0.7954540252685547 0.21394556760787964 
vn 0.5669915080070496 0.7954540252685547 0.21394556760787964 
vn 0.5669915080070496 0.7954540252685547 0.21394556760787964 
vn 0.5669915080070496 0.7954540252685547 0.21394556760787964 
vn 0.2813870310783386 0.6715083718299866 0.685490071773529 
vn 0.2813870310783386 0.6715083718299866 0.685490071773529 
vn 0.2813870310783386 0.6715083718299866 0.685490071773529 
vn 0.2813870310783386 0.6715083718299866 0.685490071773529 
vn -0.22332382202148438 0.5972884893417358 0.7703062891960144 
vn -0.22332382202148438 0.5972884893417358 0.7703062891960144 
vn -0.22332382202148438 0.5972884893417358 0.7703062891960144 
vn -0.22332382202148438 0.5972884893417358 0.7703062891960144 
vn -0.6551743745803833 0.6617376804351807 0.3644847571849823 
vn -0.6551743745803833 0.6617376804351807 0.3644847571849823 
vn -0.6551743745803833 0.6617376804351807 0.3644847571849823 
vn -0.6551743745803833 0.6617376804351807 0.3644847571849823 
vn 0.4700721502304077 0.8476355671882629 -0.2460593283176422 
vn 0.4700721502304077 0.8476355671882629 -0.2460593283176422 
vn 0.4700721502304077 0.8476355671882629 -0.2460593283176422 
vn 0.4700721502304077 0.8476355671882629 -0.2460593283176422 
vn -0.6247463822364807 0.7626002430915833 -0.16772612929344177 
vn -0.6247463822364807 0.7626002430915833 -0.16772612929344177 
vn -0.6247463822364807 0.7626002430915833 -0.16772612929344177 
vn -0.6247463822364807 0.7626002430915833 -0.16772612929344177 
vn 0.7056676745414734 0.6969941854476929 0.1274031698703766 
vn 0.7056676745414734 0.6969941854476929 0.1274031698703766 
vn 0.7056676745414734 0.6969941854476929 0.1274031698703766 
vn 0.7056676745414734 0.6969941854476929 0.1274031698703766 
vn 0.3962095379829407 0.6042742729187012 0.6912811398506165 
vn 0.3962095379829407 0.6042742729187012 0.6912811398506165 
vn 0.3962095379829407 0.6042742729187012 0.6912811398506165 
vn 0.3962095379829407 0.6042742729187012 0.6912811398506165 
vn -0.19969989359378815 0.5760594606399536 0.7926375269889832 
vn -0.19969989359378815 0.5760594606399536 0.7926375269889832 
vn -0.19969989359378815 0.5760594606399536 0.7926375269889832 
vn -0.19969989359378815 0.5760594606399536 0.7926375269889832 
vn -0.6098759770393372 0.7063336968421936 0.3593650162220001 
vn -0.6098759770393372 0.7063336968421936 0.3593650162220001 
vn -0.6098759770393372 0.7063336968421936 0.3593650162220001 
vn -0.6098759770393372 0.7063336968421936 0.3593650162220001 
vn 0.5562187433242798 0.8085024356842041 -0.19220750033855438 
vn 0.5562187433242798 0.8085024356842041 -0.19220750033855438 
vn 0.5562187433242798 0.8085024356842041 -0.19220750033855438 
vn 0.5562187433242798 0.8085024356842041 -0.19220750033855438 
vn 0.13889756798744202 0.9847649335861206 -0.1046152412891388 
vn 0.13889756798744202 0.9847649335861206 -0.1046152412891388 
vn 0.13889756798744202 0.9847649335861206 -0.1046152412891388 
vn 0.13889756798744202 0.9847649335861206 -0.1046152412891388 
vn -0.20138081908226013 0.9752733111381531 -0.09103049337863922 
vn -0.20138081908226013 0.9752733111381531 -0.09103049337863922 
vn -0.20138081908226013 0.9752733111381531 -0.09103049337863922 
vn -0.20138081908226013 0.9752733111381531 -0.09103049337863922 
vn -0.5881141424179077 0.8033289909362793 -0.0937204584479332 
vn -0.5881141424179077 0.8033289909362793 -0.0937204584479332 
vn -0.5881141424179077 0.8033289909362793 -0.0937204584479332 
vn -0.5881141424179077 0.8033289909362793 -0.0937204584479332 
vn 0.9608972072601318 0.18892621994018555 0.20244354009628296 
vn 0.9608972072601318 0.18892621994018555 0.20244354009628296 
vn 0.9608972072601318 0.18892621994018555 0.20244354009628296 
vn 0.9608972072601318 0.18892621994018555 0.20244354009628296 
vn 0.5390495657920837 0.1544925570487976 0.827983558177948 
vn 0.5390495657920837 0.1544925570487976 0.827983558177948 
vn 0.5390495657920837 0.1544925570487976 0.827983558177948 
vn 0.5390495657920837 0.1544925570487976 0.827983558177948 
vn -0.25023677945137024 0.15449263155460358 0.9557784199714661 
vn -0.25023677945137024 0.15449263155460358 0.9557784199714661 
vn -0.25023677945137024 0.15449263155460358 0.9557784199714661 
vn -0.25023677945137024 0.15449263155460358 0.9557784199714661 
vn -0.8410426378250122 0.15017397701740265 0.5197063684463501 
vn -0.8410426378250122 0.15017397701740265 0.5197063684463501 
vn -0.8410426378250122 0.15017397701740265 0.5197063684463501 
vn -0.8410426378250122 0.15017397701740265 0.5197063684463501 
vn 0.9599892497062683 0.2697050869464874 -0.07536343485116959 
vn 0.9599892497062683 0.2697050869464874 -0.07536343485116959 
vn 0.9599892497062683 0.2697050869464874 -0.07536343485116959 
vn 0.9599892497062683 0.2697050869464874 -0.07536343485116959 
vn 0.19936828315258026 0.9771674275398254 0.07345033437013626 
vn 0.19936828315258026 0.9771674275398254 0.07345033437013626 
vn 0.19936828315258026 0.9771674275398254 0.07345033437013626 
vn 0.19936828315258026 0.9771674275398254 0.07345033437013626 
vn -0.9459711909294128 0.26970502734184265 -0.17999319732189178 
vn -0.9459711909294128 0.26970502734184265 -0.17999319732189178 
vn -0.9459711909294128 0.26970502734184265 -0.17999319732189178 
vn -0.9459711909294128 0.26970502734184265 -0.17999319732189178 
vn -0.9673252105712891 0.25283488631248474 -0.01887824758887291 
vn -0.9673252105712891 0.25283488631248474 -0.01887824758887291 
vn -0.9673252105712891 0.25283488631248474 -0.01887824758887291 
vn -0.9673252105712891 0.25283488631248474 -0.01887824758887291 
vn 0.8749557733535767 -0.4290969669818878 0.22433876991271973 
vn 0.8749557733535767 -0.4290969669818878 0.22433876991271973 
vn 0.8749557733535767 -0.4290969669818878 0.22433876991271973 
vn 0.8749557733535767 -0.4290969669818878 0.22433876991271973 
vn 0.5103803873062134 -0.4987373948097229 0.7005510926246643 
vn 0.5103803873062134 -0.4987373948097229 0.7005510926246643 
vn 0.5103803873062134 -0.4987373948097229 0.7005510926246643 
vn 0.5103803873062134 -0.4987373948097229 0.7005510926246643 
vn -0.2440279871225357 -0.49873730540275574 0.8316912055015564 
vn -0.2440279871225357 -0.49873730540275574 0.8316912055015564 
vn -0.2440279871225357 -0.49873730540275574 0.8316912055015564 
vn -0.2440279871225357 -0.49873730540275574 0.8316912055015564 
vn -0.7529768347740173 -0.42514604330062866 0.5022710561752319 
vn -0.7529768347740173 -0.42514604330062866 0.5022710561752319 
vn -0.7529768347740173 -0.42514604330062866 0.5022710561752319 
vn -0.7529768347740173 -0.42514604330062866 0.5022710561752319 
vn 0.8710784316062927 -0.4796844720840454 -0.10547482967376709 
vn 0.8710784316062927 -0.4796844720840454 -0.10547482967376709 
vn 0.8710784316062927 -0.4796844720840454 -0.10547482967376709 
vn 0.8710784316062927 -0.4796844720840454 -0.10547482967376709 
vn 0.5811485648155212 -0.4132460951805115 -0.701065719127655 
vn 0.5811485648155212 -0.4132460951805115 -0.701065719127655 
vn 0.5811485648155212 -0.4132460951805115 -0.701065719127655 
vn 0.5811485648155212 -0.4132460951805115 -0.701065719127655 
vn -0.838820219039917 -0.49114468693733215 -0.2348557859659195 
vn -0.838820219039917 -0.49114468693733215 -0.2348557859659195 
vn -0.838820219039917 -0.49114468693733215 -0.2348557859659195 
vn -0.838820219039917 -0.49114468693733215 -0.2348557859659195 
vn -0.8916997909545898 -0.4526270925998688 1.0844642517326974e-8 
vn -0.8916997909545898 -0.4526270925998688 1.0844642517326974e-8 
vn -0.8916997909545898 -0.4526270925998688 1.0844642517326974e-8 
vn -0.8916997909545898 -0.4526270925998688 1.0844642517326974e-8 
vn -0.22096090018749237 -0.9712621569633484 -0.0884588211774826 
vn -0.22096090018749237 -0.9712621569633484 -0.0884588211774826 
vn -0.22096090018749237 -0.9712621569633484 -0.0884588211774826 
vn -0.22096090018749237 -0.9712621569633484 -0.0884588211774826 
vn -0.20788773894309998 -0.9780864119529724 -0.011336077004671097 
vn -0.20788773894309998 -0.9780864119529724 -0.011336077004671097 
vn -0.20788773894309998 -0.9780864119529724 -0.011336077004671097 
vn -0.20788773894309998 -0.9780864119529724 -0.011336077004671097 
vn 0.7882241010665894 -0.5434778928756714 -0.28867626190185547 
vn 0.7882241010665894 -0.5434778928756714 -0.28867626190185547 
vn 0.7882241010665894 -0.5434778928756714 -0.28867626190185547 
vn 0.7882241010665894 -0.5434778928756714 -0.28867626190185547 
vn -0.7431652545928955 0.6485334038734436 -0.16464899480342865 
vn -0.7431652545928955 0.6485334038734436 -0.16464899480342865 
vn -0.7431652545928955 0.6485334038734436 -0.16464899480342865 
vn -0.7431652545928955 0.6485334038734436 -0.16464899480342865 
vn -0.8002530932426453 -0.5175533890724182 -0.30287453532218933 
vn -0.8002530932426453 -0.5175533890724182 -0.30287453532218933 
vn -0.8002530932426453 -0.5175533890724182 -0.30287453532218933 
vn -0.8002530932426453 -0.5175533890724182 -0.30287453532218933 
vn -0.19782893359661102 -0.9522639513015747 -0.2324994057416916 
vn -0.19782893359661102 -0.9522639513015747 -0.2324994057416916 
vn -0.19782893359661102 -0.9522639513015747 -0.2324994057416916 
vn -0.19782893359661102 -0.9522639513015747 -0.2324994057416916 
vn 0.7410722374916077 -0.513809859752655 -0.4322161078453064 
vn 0.7410722374916077 -0.513809859752655 -0.4322161078453064 
vn 0.7410722374916077 -0.513809859752655 -0.4322161078453064 
vn 0.7410722374916077 -0.513809859752655 -0.4322161078453064 
vn -0.6992349624633789 -0.1285407841205597 -0.7032403945922852 
vn -0.6992349624633789 -0.1285407841205597 -0.7032403945922852 
vn -0.6992349624633789 -0.1285407841205597 -0.7032403945922852 
vn -0.6992349624633789 -0.1285407841205597 -0.7032403945922852 
vn -0.5321222543716431 -0.4604024887084961 -0.7105452418327332 
vn -0.5321222543716431 -0.4604024887084961 -0.7105452418327332 
vn -0.5321222543716431 -0.4604024887084961 -0.7105452418327332 
vn -0.5321222543716431 -0.4604024887084961 -0.7105452418327332 
vn -0.27194616198539734 -0.18463417887687683 -0.9444333910942078 
vn -0.27194616198539734 -0.18463417887687683 -0.9444333910942078 
vn -0.27194616198539734 -0.18463417887687683 -0.9444333910942078 
vn -0.27194616198539734 -0.18463417887687683 -0.9444333910942078 
vn 0.9145614504814148 0.2823038399219513 -0.2896232306957245 
vn 0.9145614504814148 0.2823038399219513 -0.2896232306957245 
vn 0.9145614504814148 0.2823038399219513 -0.2896232306957245 
vn 0.9145614504814148 0.2823038399219513 -0.2896232306957245 
vn -0.24041876196861267 0.9669541716575623 0.08483683317899704 
vn -0.24041876196861267 0.9669541716575623 0.08483683317899704 
vn -0.24041876196861267 0.9669541716575623 0.08483683317899704 
vn -0.24041876196861267 0.9669541716575623 0.08483683317899704 
vn -0.20014840364456177 0.373075932264328 0.9059546589851379 
vn -0.20014840364456177 0.373075932264328 0.9059546589851379 
vn -0.20014840364456177 0.373075932264328 0.9059546589851379 
vn -0.20014840364456177 0.373075932264328 0.9059546589851379 
vn -0.17230921983718872 -0.6384998559951782 0.7500841617584229 
vn -0.17230921983718872 -0.6384998559951782 0.7500841617584229 
vn -0.17230921983718872 -0.6384998559951782 0.7500841617584229 
vn -0.17230921983718872 -0.6384998559951782 0.7500841617584229 
vn 0.3654453456401825 -0.6007862091064453 0.7109884023666382 
vn 0.3654453456401825 -0.6007862091064453 0.7109884023666382 
vn 0.3654453456401825 -0.6007862091064453 0.7109884023666382 
vn 0.3654453456401825 -0.6007862091064453 0.7109884023666382 
vn 0.3175711929798126 0.40926340222358704 0.8553659319877625 
vn 0.3175711929798126 0.40926340222358704 0.8553659319877625 
vn 0.3175711929798126 0.40926340222358704 0.8553659319877625 
vn 0.3175711929798126 0.40926340222358704 0.8553659319877625 
vn -0.2706683278083801 -0.9453675746917725 0.18170738220214844 
vn -0.2706683278083801 -0.9453675746917725 0.18170738220214844 
vn -0.2706683278083801 -0.9453675746917725 0.18170738220214844 
vn -0.2706683278083801 -0.9453675746917725 0.18170738220214844 
vn 0.23466572165489197 -0.9658309817314148 -0.11000601947307587 
vn 0.23466572165489197 -0.9658309817314148 -0.11000601947307587 
vn 0.23466572165489197 -0.9658309817314148 -0.11000601947307587 
vn 0.23466572165489197 -0.9658309817314148 -0.11000601947307587 
vn 0.1904088705778122 -0.9481806755065918 -0.2543555498123169 
vn 0.1904088705778122 -0.9481806755065918 -0.2543555498123169 
vn 0.1904088705778122 -0.9481806755065918 -0.2543555498123169 
vn 0.1904088705778122 -0.9481806755065918 -0.2543555498123169 
vn 0.24661393463611603 -0.9680588841438293 -0.04519297927618027 
vn 0.24661393463611603 -0.9680588841438293 -0.04519297927618027 
vn 0.24661393463611603 -0.9680588841438293 -0.04519297927618027 
vn 0.24661393463611603 -0.9680588841438293 -0.04519297927618027 
vn 0.5689589381217957 0.8136141896247864 -0.11965281516313553 
vn 0.5689589381217957 0.8136141896247864 -0.11965281516313553 
vn 0.5689589381217957 0.8136141896247864 -0.11965281516313553 
vn 0.5689589381217957 0.8136141896247864 -0.11965281516313553 
vn 0.6300687789916992 0.7276506423950195 -0.27117735147476196 
vn 0.6300687789916992 0.7276506423950195 -0.27117735147476196 
vn 0.6300687789916992 0.7276506423950195 -0.27117735147476196 
vn 0.6300687789916992 0.7276506423950195 -0.27117735147476196 
vn -0.6259879469871521 0.7765492796897888 -0.07148104906082153 
vn -0.6259879469871521 0.7765492796897888 -0.07148104906082153 
vn -0.6259879469871521 0.7765492796897888 -0.07148104906082153 
vn -0.6259879469871521 0.7765492796897888 -0.07148104906082153 
vn 0.3097999095916748 0.9253354668617249 0.21858009696006775 
vn 0.3097999095916748 0.9253354668617249 0.21858009696006775 
vn 0.3097999095916748 0.9253354668617249 0.21858009696006775 
vn 0.3097999095916748 0.9253354668617249 0.21858009696006775 
vn -0.3250075578689575 0.9133079051971436 0.24543346464633942 
vn -0.3250075578689575 0.9133079051971436 0.24543346464633942 
vn -0.3250075578689575 0.9133079051971436 0.24543346464633942 
vn -0.3250075578689575 0.9133079051971436 0.24543346464633942 
vn 0.9190031290054321 0.28230419754981995 0.2752043604850769 
vn 0.9190031290054321 0.28230419754981995 0.2752043604850769 
vn 0.9190031290054321 0.28230419754981995 0.2752043604850769 
vn 0.9190031290054321 0.28230419754981995 0.2752043604850769 
vn -0.8685135245323181 0.10684598237276077 0.4840121865272522 
vn -0.8685135245323181 0.10684598237276077 0.4840121865272522 
vn -0.8685135245323181 0.10684598237276077 0.4840121865272522 
vn -0.8685135245323181 0.10684598237276077 0.4840121865272522 
vn 0.831783652305603 0.34452760219573975 -0.43524283170700073 
vn 0.831783652305603 0.34452760219573975 -0.43524283170700073 
vn 0.831783652305603 0.34452760219573975 -0.43524283170700073 
vn 0.831783652305603 0.34452760219573975 -0.43524283170700073 
vn 0.23156476020812988 0.2781091034412384 -0.9322187900543213 
vn 0.23156476020812988 0.2781091034412384 -0.9322187900543213 
vn 0.23156476020812988 0.2781091034412384 -0.9322187900543213 
vn 0.23156476020812988 0.2781091034412384 -0.9322187900543213 
vn -0.4180546998977661 0.2443699836730957 -0.8749357461929321 
vn -0.4180546998977661 0.2443699836730957 -0.8749357461929321 
vn -0.4180546998977661 0.2443699836730957 -0.8749357461929321 
vn -0.4180546998977661 0.2443699836730957 -0.8749357461929321 
vn -0.944990336894989 0.20178143680095673 -0.25744396448135376 
vn -0.944990336894989 0.20178143680095673 -0.25744396448135376 
vn -0.944990336894989 0.20178143680095673 -0.25744396448135376 
vn -0.944990336894989 0.20178143680095673 -0.25744396448135376 
vn 0.16208969056606293 0.7710134983062744 -0.6158441305160522 
vn 0.16208969056606293 0.7710134983062744 -0.6158441305160522 
vn 0.16208969056606293 0.7710134983062744 -0.6158441305160522 
vn 0.16208969056606293 0.7710134983062744 -0.6158441305160522 
vn -0.35696303844451904 0.7216283082962036 -0.5931516289710999 
vn -0.35696303844451904 0.7216283082962036 -0.5931516289710999 
vn -0.35696303844451904 0.7216283082962036 -0.5931516289710999 
vn -0.35696303844451904 0.7216283082962036 -0.5931516289710999 
vn 0.21347016096115112 -0.2823046147823334 -0.9352717995643616 
vn 0.21347016096115112 -0.2823046147823334 -0.9352717995643616 
vn 0.21347016096115112 -0.2823046147823334 -0.9352717995643616 
vn 0.21347016096115112 -0.2823046147823334 -0.9352717995643616 
vn -0.255413681268692 -0.39726847410202026 -0.8814422488212585 
vn -0.255413681268692 -0.39726847410202026 -0.8814422488212585 
vn -0.255413681268692 -0.39726847410202026 -0.8814422488212585 
vn -0.255413681268692 -0.39726847410202026 -0.8814422488212585 
vn 0.6917341947555542 0.24013087153434753 -0.6810582280158997 
vn 0.6917341947555542 0.24013087153434753 -0.6810582280158997 
vn 0.6917341947555542 0.24013087153434753 -0.6810582280158997 
vn 0.6917341947555542 0.24013087153434753 -0.6810582280158997 
vn 0.24621747434139252 0.22312872111797333 -0.9431804418563843 
vn 0.24621747434139252 0.22312872111797333 -0.9431804418563843 
vn 0.24621747434139252 0.22312872111797333 -0.9431804418563843 
vn 0.24621747434139252 0.22312872111797333 -0.9431804418563843 
vn -0.8905346989631653 0.29485419392585754 -0.3464227020740509 
vn -0.8905346989631653 0.29485419392585754 -0.3464227020740509 
vn -0.8905346989631653 0.29485419392585754 -0.3464227020740509 
vn -0.8905346989631653 0.29485419392585754 -0.3464227020740509 
vn 0.8267852663993835 0.2781093716621399 -0.4889589846134186 
vn 0.8267852663993835 0.2781093716621399 -0.4889589846134186 
vn 0.8267852663993835 0.2781093716621399 -0.4889589846134186 
vn 0.8267852663993835 0.2781093716621399 -0.4889589846134186 
vn 0.2790345251560211 0.29902616143226624 -0.9125359654426575 
vn 0.2790345251560211 0.29902616143226624 -0.9125359654426575 
vn 0.2790345251560211 0.29902616143226624 -0.9125359654426575 
vn 0.2790345251560211 0.29902616143226624 -0.9125359654426575 
vn -0.30575892329216003 0.28230345249176025 -0.9092937707901001 
vn -0.30575892329216003 0.28230345249176025 -0.9092937707901001 
vn -0.30575892329216003 0.28230345249176025 -0.9092937707901001 
vn -0.30575892329216003 0.28230345249176025 -0.9092937707901001 
vn -0.8401610851287842 0.42909690737724304 -0.3316696584224701 
vn -0.8401610851287842 0.42909690737724304 -0.3316696584224701 
vn -0.8401610851287842 0.42909690737724304 -0.3316696584224701 
vn -0.8401610851287842 0.42909690737724304 -0.3316696584224701 
vn 0.7202701568603516 0.543477475643158 -0.43109455704689026 
vn 0.7202701568603516 0.543477475643158 -0.43109455704689026 
vn 0.7202701568603516 0.543477475643158 -0.43109455704689026 
vn 0.7202701568603516 0.543477475643158 -0.43109455704689026 
vn -0.3514181673526764 0.9150786995887756 0.19782614707946777 
vn -0.3514181673526764 0.9150786995887756 0.19782614707946777 
vn -0.3514181673526764 0.9150786995887756 0.19782614707946777 
vn -0.3514181673526764 0.9150786995887756 0.19782614707946777 
vn 0.45002231001853943 -0.8805652856826782 0.14860571920871735 
vn 0.45002231001853943 -0.8805652856826782 0.14860571920871735 
vn 0.45002231001853943 -0.8805652856826782 0.14860571920871735 
vn 0.45002231001853943 -0.8805652856826782 0.14860571920871735 
vn 0.9654516577720642 -0.15449191629886627 0.20984576642513275 
vn 0.9654516577720642 -0.15449191629886627 0.20984576642513275 
vn 0.9654516577720642 -0.15449191629886627 0.20984576642513275 
vn 0.9654516577720642 -0.15449191629886627 0.20984576642513275 
vn 0.5591932535171509 -0.17603760957717896 0.8101313710212708 
vn 0.5591932535171509 -0.17603760957717896 0.8101313710212708 
vn 0.5591932535171509 -0.17603760957717896 0.8101313710212708 
vn 0.5591932535171509 -0.17603760957717896 0.8101313710212708 
vn -0.27384045720100403 -0.16311931610107422 0.9478408694267273 
vn -0.27384045720100403 -0.16311931610107422 0.9478408694267273 
vn -0.27384045720100403 -0.16311931610107422 0.9478408694267273 
vn -0.27384045720100403 -0.16311931610107422 0.9478408694267273 
vn -0.8449857831001282 -0.1501733362674713 0.5132705569267273 
vn -0.8449857831001282 -0.1501733362674713 0.5132705569267273 
vn -0.8449857831001282 -0.1501733362674713 0.5132705569267273 
vn -0.8449857831001282 -0.1501733362674713 0.5132705569267273 
vn 0.9902952909469604 -0.12854038178920746 -0.05284416303038597 
vn 0.9902952909469604 -0.12854038178920746 -0.05284416303038597 
vn 0.9902952909469604 -0.12854038178920746 -0.05284416303038597 
vn 0.9902952909469604 -0.12854038178920746 -0.05284416303038597 
vn -0.9680517911911011 -0.13720174133777618 -0.2098841518163681 
vn -0.9680517911911011 -0.13720174133777618 -0.2098841518163681 
vn -0.9680517911911011 -0.13720174133777618 -0.2098841518163681 
vn -0.9680517911911011 -0.13720174133777618 -0.2098841518163681 
vn -0.9898190498352051 -0.14152833819389343 0.015096135437488556 
vn -0.9898190498352051 -0.14152833819389343 0.015096135437488556 
vn -0.9898190498352051 -0.14152833819389343 0.015096135437488556 
vn -0.9898190498352051 -0.14152833819389343 0.015096135437488556 
vn -0.7879573702812195 0.23588711023330688 -0.5687530636787415 
vn -0.7879573702812195 0.23588711023330688 -0.5687530636787415 
vn -0.7879573702812195 0.23588711023330688 -0.5687530636787415 
vn -0.7879573702812195 0.23588711023330688 -0.5687530636787415 
vn -0.2971811592578888 0.1974995881319046 -0.9341713786125183 
vn -0.2971811592578888 0.1974995881319046 -0.9341713786125183 
vn -0.2971811592578888 0.1974995881319046 -0.9341713786125183 
vn -0.2971811592578888 0.1974995881319046 -0.9341713786125183 
vn 0.9447179436683655 -0.07639001309871674 -0.3188612461090088 
vn 0.9447179436683655 -0.07639001309871674 -0.3188612461090088 
vn 0.9447179436683655 -0.07639001309871674 -0.3188612461090088 
vn 0.9447179436683655 -0.07639001309871674 -0.3188612461090088 
vn 0.6472558379173279 -0.08074616640806198 -0.7579836249351501 
vn 0.6472558379173279 -0.08074616640806198 -0.7579836249351501 
vn 0.6472558379173279 -0.08074616640806198 -0.7579836249351501 
vn 0.6472558379173279 -0.08074616640806198 -0.7579836249351501 
vn 0.23182976245880127 -0.14152894914150238 -0.9624049663543701 
vn 0.23182976245880127 -0.14152894914150238 -0.9624049663543701 
vn 0.23182976245880127 -0.14152894914150238 -0.9624049663543701 
vn 0.23182976245880127 -0.14152894914150238 -0.9624049663543701 
vn -0.9347431063652039 -0.10250052064657211 -0.340218722820282 
vn -0.9347431063652039 -0.10250052064657211 -0.340218722820282 
vn -0.9347431063652039 -0.10250052064657211 -0.340218722820282 
vn -0.9347431063652039 -0.10250052064657211 -0.340218722820282 
vn 0.8696134090423584 -0.05022713541984558 -0.4911714494228363 
vn 0.8696134090423584 -0.05022713541984558 -0.4911714494228363 
vn 0.8696134090423584 -0.05022713541984558 -0.4911714494228363 
vn 0.8696134090423584 -0.05022713541984558 -0.4911714494228363 
vn 0.9726632833480835 0.010923398658633232 0.23196275532245636 
vn 0.9726632833480835 0.010923398658633232 0.23196275532245636 
vn 0.9726632833480835 0.010923398658633232 0.23196275532245636 
vn 0.9726632833480835 0.010923398658633232 0.23196275532245636 
vn 0.8783342242240906 0.002184396842494607 -0.47804170846939087 
vn 0.8783342242240906 0.002184396842494607 -0.47804170846939087 
vn 0.8783342242240906 0.002184396842494607 -0.47804170846939087 
vn 0.8783342242240906 0.002184396842494607 -0.47804170846939087 
vn 0.2848251760005951 -0.08510062098503113 -0.9547939300537109 
vn 0.2848251760005951 -0.08510062098503113 -0.9547939300537109 
vn 0.2848251760005951 -0.08510062098503113 -0.9547939300537109 
vn 0.2848251760005951 -0.08510062098503113 -0.9547939300537109 
vn -0.47936156392097473 -0.11118956655263901 -0.8705449104309082 
vn -0.47936156392097473 -0.11118956655263901 -0.8705449104309082 
vn -0.47936156392097473 -0.11118956655263901 -0.8705449104309082 
vn -0.47936156392097473 -0.11118956655263901 -0.8705449104309082 
vn -0.9602291584014893 -0.06331393122673035 -0.271939754486084 
vn -0.9602291584014893 -0.06331393122673035 -0.271939754486084 
vn -0.9602291584014893 -0.06331393122673035 -0.271939754486084 
vn -0.9602291584014893 -0.06331393122673035 -0.271939754486084 
vn 0.6606420874595642 0.7124925851821899 0.2364436835050583 
vn 0.6606420874595642 0.7124925851821899 0.2364436835050583 
vn 0.6606420874595642 0.7124925851821899 0.2364436835050583 
vn 0.6606420874595642 0.7124925851821899 0.2364436835050583 
vn 0.31759214401245117 0.5760594606399536 0.7531863451004028 
vn 0.31759214401245117 0.5760594606399536 0.7531863451004028 
vn 0.31759214401245117 0.5760594606399536 0.7531863451004028 
vn 0.31759214401245117 0.5760594606399536 0.7531863451004028 
vn -0.24912294745445251 0.4987383484840393 0.8301786780357361 
vn -0.24912294745445251 0.4987383484840393 0.8301786780357361 
vn -0.24912294745445251 0.4987383484840393 0.8301786780357361 
vn -0.24912294745445251 0.4987383484840393 0.8301786780357361 
vn -0.7370285391807556 0.5580652952194214 0.38124993443489075 
vn -0.7370285391807556 0.5580652952194214 0.38124993443489075 
vn -0.7370285391807556 0.5580652952194214 0.38124993443489075 
vn -0.7370285391807556 0.5580652952194214 0.38124993443489075 
vn 0.5586943626403809 0.7820253968238831 -0.27621740102767944 
vn 0.5586943626403809 0.7820253968238831 -0.27621740102767944 
vn 0.5586943626403809 0.7820253968238831 -0.27621740102767944 
vn 0.5586943626403809 0.7820253968238831 -0.27621740102767944 
vn -0.4326149821281433 0.8926860094070435 0.12631289660930634 
vn -0.4326149821281433 0.8926860094070435 0.12631289660930634 
vn -0.4326149821281433 0.8926860094070435 0.12631289660930634 
vn -0.4326149821281433 0.8926860094070435 0.12631289660930634 
vn -0.7267700433731079 0.6650068759918213 -0.17196103930473328 
vn -0.7267700433731079 0.6650068759918213 -0.17196103930473328 
vn -0.7267700433731079 0.6650068759918213 -0.17196103930473328 
vn -0.7267700433731079 0.6650068759918213 -0.17196103930473328 
vn 0.7551260590553284 0.6215355396270752 0.20851299166679382 
vn 0.7551260590553284 0.6215355396270752 0.20851299166679382 
vn 0.7551260590553284 0.6215355396270752 0.20851299166679382 
vn 0.7551260590553284 0.6215355396270752 0.20851299166679382 
vn 0.4547204375267029 0.5902569890022278 0.6669520139694214 
vn 0.4547204375267029 0.5902569890022278 0.6669520139694214 
vn 0.4547204375267029 0.5902569890022278 0.6669520139694214 
vn 0.4547204375267029 0.5902569890022278 0.6669520139694214 
vn -0.1258588284254074 0.5688944458961487 0.8127222657203674 
vn -0.1258588284254074 0.5688944458961487 0.8127222657203674 
vn -0.1258588284254074 0.5688944458961487 0.8127222657203674 
vn -0.1258588284254074 0.5688944458961487 0.8127222657203674 
vn -0.7260170578956604 0.5434780120849609 0.42134344577789307 
vn -0.7260170578956604 0.5434780120849609 0.42134344577789307 
vn -0.7260170578956604 0.5434780120849609 0.42134344577789307 
vn -0.7260170578956604 0.5434780120849609 0.42134344577789307 
vn 0.620282769203186 0.7654193639755249 -0.1714109182357788 
vn 0.620282769203186 0.7654193639755249 -0.1714109182357788 
vn 0.620282769203186 0.7654193639755249 -0.1714109182357788 
vn 0.620282769203186 0.7654193639755249 -0.1714109182357788 
vn 0.11883127689361572 0.9862468838691711 -0.11486990004777908 
vn 0.11883127689361572 0.9862468838691711 -0.11486990004777908 
vn 0.11883127689361572 0.9862468838691711 -0.11486990004777908 
vn 0.11883127689361572 0.9862468838691711 -0.11486990004777908 
vn -0.190487802028656 0.9771673083305359 -0.09411301463842392 
vn -0.190487802028656 0.9771673083305359 -0.09411301463842392 
vn -0.190487802028656 0.9771673083305359 -0.09411301463842392 
vn -0.190487802028656 0.9771673083305359 -0.09411301463842392 
vn -0.7203053832054138 0.6907011270523071 -0.06396463513374329 
vn -0.7203053832054138 0.6907011270523071 -0.06396463513374329 
vn -0.7203053832054138 0.6907011270523071 -0.06396463513374329 
vn -0.7203053832054138 0.6907011270523071 -0.06396463513374329 
vn 0.9520416855812073 0.13287241756916046 0.27561116218566895 
vn 0.9520416855812073 0.13287241756916046 0.27561116218566895 
vn 0.9520416855812073 0.13287241756916046 0.27561116218566895 
vn 0.9520416855812073 0.13287241756916046 0.27561116218566895 
vn 0.620466411113739 0.11118950694799423 0.7763102054595947 
vn 0.620466411113739 0.11118950694799423 0.7763102054595947 
vn 0.620466411113739 0.11118950694799423 0.7763102054595947 
vn 0.620466411113739 0.11118950694799423 0.7763102054595947 
vn -0.060322824865579605 0.10684630274772644 0.992443323135376 
vn -0.060322824865579605 0.10684630274772644 0.992443323135376 
vn -0.060322824865579605 0.10684630274772644 0.992443323135376 
vn -0.060322824865579605 0.10684630274772644 0.992443323135376 
vn -0.8598133325576782 0.1415286511182785 0.49060195684432983 
vn -0.8598133325576782 0.1415286511182785 0.49060195684432983 
vn -0.8598133325576782 0.1415286511182785 0.49060195684432983 
vn -0.8598133325576782 0.1415286511182785 0.49060195684432983 
vn 0.9507265686988831 0.2060590237379074 -0.2316431999206543 
vn 0.9507265686988831 0.2060590237379074 -0.2316431999206543 
vn 0.9507265686988831 0.2060590237379074 -0.2316431999206543 
vn 0.9507265686988831 0.2060590237379074 -0.2316431999206543 
vn 0.16253697872161865 0.915078341960907 -0.36906930804252625 
vn 0.16253697872161865 0.915078341960907 -0.36906930804252625 
vn 0.16253697872161865 0.915078341960907 -0.36906930804252625 
vn 0.16253697872161865 0.915078341960907 -0.36906930804252625 
vn -0.8775815367698669 0.2990264892578125 -0.3747446537017822 
vn -0.8775815367698669 0.2990264892578125 -0.3747446537017822 
vn -0.8775815367698669 0.2990264892578125 -0.3747446537017822 
vn -0.8775815367698669 0.2990264892578125 -0.3747446537017822 
vn -0.9628247022628784 0.2697051167488098 -0.015087981708347797 
vn -0.9628247022628784 0.2697051167488098 -0.015087981708347797 
vn -0.9628247022628784 0.2697051167488098 -0.015087981708347797 
vn -0.9628247022628784 0.2697051167488098 -0.015087981708347797 
vn 0.9573164582252502 -0.10684552043676376 0.2685687839984894 
vn 0.9573164582252502 -0.10684552043676376 0.2685687839984894 
vn 0.9573164582252502 -0.10684552043676376 0.2685687839984894 
vn 0.9573164582252502 -0.10684552043676376 0.2685687839984894 
vn 0.6209476590156555 -0.17173482477664948 0.7648074626922607 
vn 0.6209476590156555 -0.17173482477664948 0.7648074626922607 
vn 0.6209476590156555 -0.17173482477664948 0.7648074626922607 
vn 0.6209476590156555 -0.17173482477664948 0.7648074626922607 
vn -0.08677239716053009 -0.18033696711063385 0.9797692894935608 
vn -0.08677239716053009 -0.18033696711063385 0.9797692894935608 
vn -0.08677239716053009 -0.18033696711063385 0.9797692894935608 
vn -0.08677239716053009 -0.18033696711063385 0.9797692894935608 
vn -0.8586897850036621 -0.12420567870140076 0.4972167909145355 
vn -0.8586897850036621 -0.12420567870140076 0.4972167909145355 
vn -0.8586897850036621 -0.12420567870140076 0.4972167909145355 
vn -0.8586897850036621 -0.12420567870140076 0.4972167909145355 
vn 0.9724780321121216 -0.11553037166595459 -0.20233410596847534 
vn 0.9724780321121216 -0.11553037166595459 -0.20233410596847534 
vn 0.9724780321121216 -0.11553037166595459 -0.20233410596847534 
vn 0.9724780321121216 -0.11553037166595459 -0.20233410596847534 
vn 0.8703092336654663 -0.08945304900407791 -0.48431360721588135 
vn 0.8703092336654663 -0.08945304900407791 -0.48431360721588135 
vn 0.8703092336654663 -0.08945304900407791 -0.48431360721588135 
vn 0.8703092336654663 -0.08945304900407791 -0.48431360721588135 
vn -0.9069736003875732 -0.13287249207496643 -0.3996792733669281 
vn -0.9069736003875732 -0.13287249207496643 -0.3996792733669281 
vn -0.9069736003875732 -0.13287249207496643 -0.3996792733669281 
vn -0.9069736003875732 -0.13287249207496643 -0.3996792733669281 
vn -0.9932394623756409 -0.11553023755550385 0.011319554410874844 
vn -0.9932394623756409 -0.11553023755550385 0.011319554410874844 
vn -0.9932394623756409 -0.11553023755550385 0.011319554410874844 
vn -0.9932394623756409 -0.11553023755550385 0.011319554410874844 
vn -0.30970174074172974 -0.9185678362846375 -0.2455948144197464 
vn -0.30970174074172974 -0.9185678362846375 -0.2455948144197464 
vn -0.30970174074172974 -0.9185678362846375 -0.2455948144197464 
vn -0.30970174074172974 -0.9185678362846375 -0.2455948144197464 
vn -0.29289156198501587 -0.9548951387405396 -0.048874422907829285 
vn -0.29289156198501587 -0.9548951387405396 -0.048874422907829285 
vn -0.29289156198501587 -0.9548951387405396 -0.048874422907829285 
vn -0.29289156198501587 -0.9548951387405396 -0.048874422907829285 
vn 0.8817533850669861 -0.08074598759412766 -0.4647480845451355 
vn 0.8817533850669861 -0.08074598759412766 -0.4647480845451355 
vn 0.8817533850669861 -0.08074598759412766 -0.4647480845451355 
vn 0.8817533850669861 -0.08074598759412766 -0.4647480845451355 
vn -0.841447651386261 0.37307512760162354 -0.3908713757991791 
vn -0.841447651386261 0.37307512760162354 -0.3908713757991791 
vn -0.841447651386261 0.37307512760162354 -0.3908713757991791 
vn -0.841447651386261 0.37307512760162354 -0.3908713757991791 
vn -0.28193411231040955 -0.8612528443336487 -0.4227948486804962 
vn -0.28193411231040955 -0.8612528443336487 -0.4227948486804962 
vn -0.28193411231040955 -0.8612528443336487 -0.4227948486804962 
vn -0.28193411231040955 -0.8612528443336487 -0.4227948486804962 
vn -0.8535094261169434 -0.20178189873695374 -0.48042213916778564 
vn -0.8535094261169434 -0.20178189873695374 -0.48042213916778564 
vn -0.8535094261169434 -0.20178189873695374 -0.48042213916778564 
vn -0.8535094261169434 -0.20178189873695374 -0.48042213916778564 
vn 0.8493247032165527 0.26549482345581055 -0.45624518394470215 
vn 0.8493247032165527 0.26549482345581055 -0.45624518394470215 
vn 0.8493247032165527 0.26549482345581055 -0.45624518394470215 
vn 0.8493247032165527 0.26549482345581055 -0.45624518394470215 
vn 0.8055492639541626 0.28230369091033936 -0.5209554433822632 
vn 0.8055492639541626 0.28230369091033936 -0.5209554433822632 
vn 0.8055492639541626 0.28230369091033936 -0.5209554433822632 
vn 0.8055492639541626 0.28230369091033936 -0.5209554433822632 
vn -0.28311941027641296 0.8805651664733887 -0.38006213307380676 
vn -0.28311941027641296 0.8805651664733887 -0.38006213307380676 
vn -0.28311941027641296 0.8805651664733887 -0.38006213307380676 
vn -0.28311941027641296 0.8805651664733887 -0.38006213307380676 
vn -0.2187359482049942 0.2654956877231598 0.9389703869819641 
vn -0.2187359482049942 0.2654956877231598 0.9389703869819641 
vn -0.2187359482049942 0.2654956877231598 0.9389703869819641 
vn -0.2187359482049942 0.2654956877231598 0.9389703869819641 
vn -0.2004738599061966 -0.34452730417251587 0.9171204566955566 
vn -0.2004738599061966 -0.34452730417251587 0.9171204566955566 
vn -0.2004738599061966 -0.34452730417251587 0.9171204566955566 
vn -0.2004738599061966 -0.34452730417251587 0.9171204566955566 
vn 0.4196346700191498 -0.28230348229408264 0.8626763224601746 
vn 0.4196346700191498 -0.28230348229408264 0.8626763224601746 
vn 0.4196346700191498 -0.28230348229408264 0.8626763224601746 
vn 0.4196346700191498 -0.28230348229408264 0.8626763224601746 
vn 0.3570081889629364 0.3156585991382599 0.8791494369506836 
vn 0.3570081889629364 0.3156585991382599 0.8791494369506836 
vn 0.3570081889629364 0.3156585991382599 0.8791494369506836 
vn 0.3570081889629364 0.3156585991382599 0.8791494369506836 
vn 0.26961320638656616 -0.9236699938774109 -0.27228906750679016 
vn 0.26961320638656616 -0.9236699938774109 -0.27228906750679016 
vn 0.26961320638656616 -0.9236699938774109 -0.27228906750679016 
vn 0.26961320638656616 -0.9236699938774109 -0.27228906750679016 
vn 0.24132025241851807 -0.8567792773246765 -0.45573315024375916 
vn 0.24132025241851807 -0.8567792773246765 -0.45573315024375916 
vn 0.24132025241851807 -0.8567792773246765 -0.45573315024375916 
vn 0.24132025241851807 -0.8567792773246765 -0.45573315024375916 
vn 0.2919233441352844 -0.9522638320922852 -0.08929305523633957 
vn 0.2919233441352844 -0.9522638320922852 -0.08929305523633957 
vn 0.2919233441352844 -0.9522638320922852 -0.08929305523633957 
vn 0.2919233441352844 -0.9522638320922852 -0.08929305523633957 
vn -0.9917276501655579 -0.11118898540735245 0.06413398683071136 
vn -0.9917276501655579 -0.11118898540735245 0.06413398683071136 
vn -0.9917276501655579 -0.11118898540735245 0.06413398683071136 
vn -0.9917276501655579 -0.11118898540735245 0.06413398683071136 
vn -0.0300240870565176 0.9646894931793213 0.2616707384586334 
vn -0.0300240870565176 0.9646894931793213 0.2616707384586334 
vn -0.0300240870565176 0.9646894931793213 0.2616707384586334 
vn -0.0300240870565176 0.9646894931793213 0.2616707384586334 
vn 0.9944016337394714 0.054590269923210144 0.09047257900238037 
vn 0.9944016337394714 0.054590269923210144 0.09047257900238037 
vn 0.9944016337394714 0.054590269923210144 0.09047257900238037 
vn 0.9944016337394714 0.054590269923210144 0.09047257900238037 
vn -0.08847865462303162 -0.8382338285446167 -0.5380839705467224 
vn -0.08847865462303162 -0.8382338285446167 -0.5380839705467224 
vn -0.08847865462303162 -0.8382338285446167 -0.5380839705467224 
vn -0.08847865462303162 -0.8382338285446167 -0.5380839705467224 
vn 0.03748399019241333 0.9646894931793213 0.26070669293403625 
vn 0.03748399019241333 0.9646894931793213 0.26070669293403625 
vn 0.03748399019241333 0.9646894931793213 0.26070669293403625 
vn 0.03748399019241333 0.9646894931793213 0.26070669293403625 
vn 0.05474352836608887 -0.8382338285446167 -0.542555034160614 
vn 0.05474352836608887 -0.8382338285446167 -0.542555034160614 
vn 0.05474352836608887 -0.8382338285446167 -0.542555034160614 
vn 0.05474352836608887 -0.8382338285446167 -0.542555034160614 
vn 0.059843823313713074 0.9333972930908203 0.35381779074668884 
vn 0.059843823313713074 0.9333972930908203 0.35381779074668884 
vn 0.059843823313713074 0.9333972930908203 0.35381779074668884 
vn 0.059843823313713074 0.9333972930908203 0.35381779074668884 
vn -0.22618597745895386 -0.7365798950195312 -0.6374078392982483 
vn -0.22618597745895386 -0.7365798950195312 -0.6374078392982483 
vn -0.22618597745895386 -0.7365798950195312 -0.6374078392982483 
vn -0.22618597745895386 -0.7365798950195312 -0.6374078392982483 
vn -0.052421096712350845 0.9333972930908203 0.35499343276023865 
vn -0.052421096712350845 0.9333972930908203 0.35499343276023865 
vn -0.052421096712350845 0.9333972930908203 0.35499343276023865 
vn -0.052421096712350845 0.9333972930908203 0.35499343276023865 
vn 0.21717071533203125 -0.7336176633834839 -0.6439261436462402 
vn 0.21717071533203125 -0.7336176633834839 -0.6439261436462402 
vn 0.21717071533203125 -0.7336176633834839 -0.6439261436462402 
vn 0.21717071533203125 -0.7336176633834839 -0.6439261436462402 
vn 0.6957549452781677 0.6077492833137512 -0.3828384280204773 
vn 0.6957549452781677 0.6077492833137512 -0.3828384280204773 
vn 0.6957549452781677 0.6077492833137512 -0.3828384280204773 
vn 0.6957549452781677 0.6077492833137512 -0.3828384280204773 
vn -0.7849568724632263 0.5100559592247009 -0.3516889810562134 
vn -0.7849568724632263 0.5100559592247009 -0.3516889810562134 
vn -0.7849568724632263 0.5100559592247009 -0.3516889810562134 
vn -0.7849568724632263 0.5100559592247009 -0.3516889810562134 
vn 0.16208969056606293 0.7710134983062744 -0.6158441305160522 
vn 0.16208969056606293 0.7710134983062744 -0.6158441305160522 
vn 0.16208969056606293 0.7710134983062744 -0.6158441305160522 
vn 0.16208969056606293 0.7710134983062744 -0.6158441305160522 
vn -0.330012708902359 0.7395273447036743 -0.5866768956184387 
vn -0.330012708902359 0.7395273447036743 -0.5866768956184387 
vn -0.330012708902359 0.7395273447036743 -0.5866768956184387 
vn -0.330012708902359 0.7395273447036743 -0.5866768956184387 
vn 0.9274433255195618 0.25283506512641907 0.27554160356521606 
vn 0.9274433255195618 0.25283506512641907 0.27554160356521606 
vn 0.9274433255195618 0.25283506512641907 0.27554160356521606 
vn 0.9274433255195618 0.25283506512641907 0.27554160356521606 
vn -0.8803701996803284 0.11118931323289871 0.4610693156719208 
vn -0.8803701996803284 0.11118931323289871 0.4610693156719208 
vn -0.8803701996803284 0.11118931323289871 0.4610693156719208 
vn -0.8803701996803284 0.11118931323289871 0.4610693156719208 
vn 0.8532825112342834 0.3321927487850189 -0.40194109082221985 
vn 0.8532825112342834 0.3321927487850189 -0.40194109082221985 
vn 0.8532825112342834 0.3321927487850189 -0.40194109082221985 
vn 0.8532825112342834 0.3321927487850189 -0.40194109082221985 
vn 0.24964962899684906 0.3690173625946045 -0.8952653408050537 
vn 0.24964962899684906 0.3690173625946045 -0.8952653408050537 
vn 0.24964962899684906 0.3690173625946045 -0.8952653408050537 
vn 0.24964962899684906 0.3690173625946045 -0.8952653408050537 
vn -0.4606670141220093 0.33219248056411743 -0.8230632543563843 
vn -0.4606670141220093 0.33219248056411743 -0.8230632543563843 
vn -0.4606670141220093 0.33219248056411743 -0.8230632543563843 
vn -0.4606670141220093 0.33219248056411743 -0.8230632543563843 
vn -0.9516122937202454 0.2060590237379074 -0.22797727584838867 
vn -0.9516122937202454 0.2060590237379074 -0.22797727584838867 
vn -0.9516122937202454 0.2060590237379074 -0.22797727584838867 
vn -0.9516122937202454 0.2060590237379074 -0.22797727584838867 
vn 0.1587461233139038 0.7306405901908875 -0.6640503406524658 
vn 0.1587461233139038 0.7306405901908875 -0.6640503406524658 
vn 0.1587461233139038 0.7306405901908875 -0.6640503406524658 
vn 0.1587461233139038 0.7306405901908875 -0.6640503406524658 
vn -0.39350882172584534 0.6682634949684143 -0.6313269138336182 
vn -0.39350882172584534 0.6682634949684143 -0.6313269138336182 
vn -0.39350882172584534 0.6682634949684143 -0.6313269138336182 
vn -0.39350882172584534 0.6682634949684143 -0.6313269138336182 
vn 0.6217997670173645 -0.6843557953834534 -0.38081681728363037 
vn 0.6217997670173645 -0.6843557953834534 -0.38081681728363037 
vn 0.6217997670173645 -0.6843557953834534 -0.38081681728363037 
vn 0.6217997670173645 -0.6843557953834534 -0.38081681728363037 
vn 0.2621228098869324 0.9561834931373596 0.1303977370262146 
vn 0.2621228098869324 0.9561834931373596 0.1303977370262146 
vn 0.2621228098869324 0.9561834931373596 0.1303977370262146 
vn 0.2621228098869324 0.9561834931373596 0.1303977370262146 
vn -0.6914841532707214 -0.6077497601509094 -0.39049872756004333 
vn -0.6914841532707214 -0.6077497601509094 -0.39049872756004333 
vn -0.6914841532707214 -0.6077497601509094 -0.39049872756004333 
vn -0.6914841532707214 -0.6077497601509094 -0.39049872756004333 
vn 0.974257230758667 -0.01966112293303013 -0.22458013892173767 
vn 0.974257230758667 -0.01966112293303013 -0.22458013892173767 
vn 0.974257230758667 -0.01966112293303013 -0.22458013892173767 
vn 0.974257230758667 -0.01966112293303013 -0.22458013892173767 
vn 0.5801958441734314 -0.028397714719176292 -0.813981294631958 
vn 0.5801958441734314 -0.028397714719176292 -0.813981294631958 
vn 0.5801958441734314 -0.028397714719176292 -0.813981294631958 
vn 0.5801958441734314 -0.028397714719176292 -0.813981294631958 
vn -0.16337886452674866 -0.09380435943603516 -0.9820931553840637 
vn -0.16337886452674866 -0.09380435943603516 -0.9820931553840637 
vn -0.16337886452674866 -0.09380435943603516 -0.9820931553840637 
vn -0.16337886452674866 -0.09380435943603516 -0.9820931553840637 
vn -0.8159605264663696 -0.09380410611629486 -0.5704460740089417 
vn -0.8159605264663696 -0.09380410611629486 -0.5704460740089417 
vn -0.8159605264663696 -0.09380410611629486 -0.5704460740089417 
vn -0.8159605264663696 -0.09380410611629486 -0.5704460740089417 
vn -0.9830918312072754 -0.03276444226503372 0.180157870054245 
vn -0.9830918312072754 -0.03276444226503372 0.180157870054245 
vn -0.9830918312072754 -0.03276444226503372 0.180157870054245 
vn -0.9830918312072754 -0.03276444226503372 0.180157870054245 
vn 0.7069576978683472 0.7032337188720703 -0.07531606405973434 
vn 0.7069576978683472 0.7032337188720703 -0.07531606405973434 
vn 0.7069576978683472 0.7032337188720703 -0.07531606405973434 
vn 0.7069576978683472 0.7032337188720703 -0.07531606405973434 
vn 0.6207497715950012 0.5688942670822144 0.539470374584198 
vn 0.6207497715950012 0.5688942670822144 0.539470374584198 
vn 0.6207497715950012 0.5688942670822144 0.539470374584198 
vn 0.6207497715950012 0.5688942670822144 0.539470374584198 
vn 0.13900066912174225 0.5062935948371887 0.851084291934967 
vn 0.13900066912174225 0.5062935948371887 0.851084291934967 
vn 0.13900066912174225 0.5062935948371887 0.851084291934967 
vn 0.13900066912174225 0.5062935948371887 0.851084291934967 
vn -0.48441773653030396 0.5760594010353088 0.658402681350708 
vn -0.48441773653030396 0.5760594010353088 0.658402681350708 
vn -0.48441773653030396 0.5760594010353088 0.658402681350708 
vn -0.48441773653030396 0.5760594010353088 0.658402681350708 
vn 0.385615736246109 0.7737886905670166 -0.5025440454483032 
vn 0.385615736246109 0.7737886905670166 -0.5025440454483032 
vn 0.385615736246109 0.7737886905670166 -0.5025440454483032 
vn 0.385615736246109 0.7737886905670166 -0.5025440454483032 
vn -0.33210134506225586 0.8946467638015747 0.2988556921482086 
vn -0.33210134506225586 0.8946467638015747 0.2988556921482086 
vn -0.33210134506225586 0.8946467638015747 0.2988556921482086 
vn -0.33210134506225586 0.8946467638015747 0.2988556921482086 
vn -0.7134140133857727 0.6811631917953491 0.16448885202407837 
vn -0.7134140133857727 0.6811631917953491 0.16448885202407837 
vn -0.7134140133857727 0.6811631917953491 0.16448885202407837 
vn -0.7134140133857727 0.6811631917953491 0.16448885202407837 
vn 0.7798639535903931 0.6077494025230408 -0.1498412787914276 
vn 0.7798639535903931 0.6077494025230408 -0.1498412787914276 
vn 0.7798639535903931 0.6077494025230408 -0.1498412787914276 
vn 0.7798639535903931 0.6077494025230408 -0.1498412787914276 
vn 0.7458289861679077 0.5287246704101562 0.40520215034484863 
vn 0.7458289861679077 0.5287246704101562 0.40520215034484863 
vn 0.7458289861679077 0.5287246704101562 0.40520215034484863 
vn 0.7458289861679077 0.5287246704101562 0.40520215034484863 
vn 0.28866177797317505 0.5100566744804382 0.8102564215660095 
vn 0.28866177797317505 0.5100566744804382 0.8102564215660095 
vn 0.28866177797317505 0.5100566744804382 0.8102564215660095 
vn 0.28866177797317505 0.5100566744804382 0.8102564215660095 
vn -0.45767244696617126 0.5580654740333557 0.6921689510345459 
vn -0.45767244696617126 0.5580654740333557 0.6921689510345459 
vn -0.45767244696617126 0.5580654740333557 0.6921689510345459 
vn -0.45767244696617126 0.5580654740333557 0.6921689510345459 
vn 0.4885815680027008 0.75691819190979 -0.43400686979293823 
vn 0.4885815680027008 0.75691819190979 -0.43400686979293823 
vn 0.4885815680027008 0.75691819190979 -0.43400686979293823 
vn 0.4885815680027008 0.75691819190979 -0.43400686979293823 
vn 0.056722406297922134 0.9862468242645264 -0.1552371382713318 
vn 0.056722406297922134 0.9862468242645264 -0.1552371382713318 
vn 0.056722406297922134 0.9862468242645264 -0.1552371382713318 
vn 0.056722406297922134 0.9862468242645264 -0.1552371382713318 
vn -0.2124682515859604 0.9771673679351807 -6.689300562356948e-7 
vn -0.2124682515859604 0.9771673679351807 -6.689300562356948e-7 
vn -0.2124682515859604 0.9771673679351807 -6.689300562356948e-7 
vn -0.2124682515859604 0.9771673679351807 -6.689300562356948e-7 
vn -0.6624667048454285 0.7032338976860046 0.25806817412376404 
vn -0.6624667048454285 0.7032338976860046 0.25806817412376404 
vn -0.6624667048454285 0.7032338976860046 0.25806817412376404 
vn -0.6624667048454285 0.7032338976860046 0.25806817412376404 
vn 0.9804523587226868 0.10684558004140854 -0.16521859169006348 
vn 0.9804523587226868 0.10684558004140854 -0.16521859169006348 
vn 0.9804523587226868 0.10684558004140854 -0.16521859169006348 
vn 0.9804523587226868 0.10684558004140854 -0.16521859169006348 
vn 0.8729468584060669 0.0981532633304596 0.47783833742141724 
vn 0.8729468584060669 0.0981532633304596 0.47783833742141724 
vn 0.8729468584060669 0.0981532633304596 0.47783833742141724 
vn 0.8729468584060669 0.0981532633304596 0.47783833742141724 
vn 0.3027888536453247 0.11118961125612259 0.9465488195419312 
vn 0.3027888536453247 0.11118961125612259 0.9465488195419312 
vn 0.3027888536453247 0.11118961125612259 0.9465488195419312 
vn 0.3027888536453247 0.11118961125612259 0.9465488195419312 
vn -0.5592608451843262 0.16312040388584137 0.8127841949462891 
vn -0.5592608451843262 0.16312040388584137 0.8127841949462891 
vn -0.5592608451843262 0.16312040388584137 0.8127841949462891 
vn -0.5592608451843262 0.16312040388584137 0.8127841949462891 
vn 0.7571700215339661 0.18463319540023804 -0.6265808939933777 
vn 0.7571700215339661 0.18463319540023804 -0.6265808939933777 
vn 0.7571700215339661 0.18463319540023804 -0.6265808939933777 
vn 0.7571700215339661 0.18463319540023804 -0.6265808939933777 
vn -0.013155504129827023 0.9150782823562622 -0.40306001901626587 
vn -0.013155504129827023 0.9150782823562622 -0.40306001901626587 
vn -0.013155504129827023 0.9150782823562622 -0.40306001901626587 
vn -0.013155504129827023 0.9150782823562622 -0.40306001901626587 
vn -0.9462156295776367 0.3198010325431824 0.049021873623132706 
vn -0.9462156295776367 0.3198010325431824 0.049021873623132706 
vn -0.9462156295776367 0.3198010325431824 0.049021873623132706 
vn -0.9462156295776367 0.3198010325431824 0.049021873623132706 
vn -0.8666871190071106 0.29067671298980713 0.4054136574268341 
vn -0.8666871190071106 0.29067671298980713 0.4054136574268341 
vn -0.8666871190071106 0.29067671298980713 0.4054136574268341 
vn -0.8666871190071106 0.29067671298980713 0.4054136574268341 
vn 0.9804797768592834 -0.05895266681909561 -0.18757393956184387 
vn 0.9804797768592834 -0.05895266681909561 -0.18757393956184387 
vn 0.9804797768592834 -0.05895266681909561 -0.18757393956184387 
vn 0.9804797768592834 -0.05895266681909561 -0.18757393956184387 
vn 0.8666132688522339 -0.08945244550704956 0.4908965229988098 
vn 0.8666132688522339 -0.08945244550704956 0.4908965229988098 
vn 0.8666132688522339 -0.08945244550704956 0.4908965229988098 
vn 0.8666132688522339 -0.08945244550704956 0.4908965229988098 
vn 0.3008754253387451 -0.12420540302991867 0.9455400109291077 
vn 0.3008754253387451 -0.12420540302991867 0.9455400109291077 
vn 0.3008754253387451 -0.12420540302991867 0.9455400109291077 
vn 0.3008754253387451 -0.12420540302991867 0.9455400109291077 
vn -0.5632776021957397 -0.050226323306560516 0.8247392177581787 
vn -0.5632776021957397 -0.050226323306560516 0.8247392177581787 
vn -0.5632776021957397 -0.050226323306560516 0.8247392177581787 
vn -0.5632776021957397 -0.050226323306560516 0.8247392177581787 
vn 0.7877834439277649 -0.08074607700109482 -0.6106364130973816 
vn 0.7877834439277649 -0.08074607700109482 -0.6106364130973816 
vn 0.7877834439277649 -0.08074607700109482 -0.6106364130973816 
vn 0.7877834439277649 -0.08074607700109482 -0.6106364130973816 
vn 0.5662469267845154 -0.10684619098901749 -0.8172805309295654 
vn 0.5662469267845154 -0.10684619098901749 -0.8172805309295654 
vn 0.5662469267845154 -0.10684619098901749 -0.8172805309295654 
vn 0.5662469267845154 -0.10684619098901749 -0.8172805309295654 
vn -0.9957929253578186 -0.08510001003742218 0.03397597372531891 
vn -0.9957929253578186 -0.08510001003742218 0.03397597372531891 
vn -0.9957929253578186 -0.08510001003742218 0.03397597372531891 
vn -0.9957929253578186 -0.08510001003742218 0.03397597372531891 
vn -0.8924883604049683 -0.05458993837237358 0.4477545917034149 
vn -0.8924883604049683 -0.05458993837237358 0.4477545917034149 
vn -0.8924883604049683 -0.05458993837237358 0.4477545917034149 
vn -0.8924883604049683 -0.05458993837237358 0.4477545917034149 
vn -0.3848651051521301 -0.9185677170753479 -0.09006140381097794 
vn -0.3848651051521301 -0.9185677170753479 -0.09006140381097794 
vn -0.3848651051521301 -0.9185677170753479 -0.09006140381097794 
vn -0.3848651051521301 -0.9185677170753479 -0.09006140381097794 
vn -0.2843260169029236 -0.95489501953125 0.08563312143087387 
vn -0.2843260169029236 -0.95489501953125 0.08563312143087387 
vn -0.2843260169029236 -0.95489501953125 0.08563312143087387 
vn -0.2843260169029236 -0.95489501953125 0.08563312143087387 
vn 0.5844675302505493 -0.06331426650285721 -0.8089426755905151 
vn 0.5844675302505493 -0.06331426650285721 -0.8089426755905151 
vn 0.5844675302505493 -0.06331426650285721 -0.8089426755905151 
vn 0.5844675302505493 -0.06331426650285721 -0.8089426755905151 
vn -0.9193059206008911 0.3932543694972992 0.015082204714417458 
vn -0.9193059206008911 0.3932543694972992 0.015082204714417458 
vn -0.9193059206008911 0.3932543694972992 0.015082204714417458 
vn -0.9193059206008911 0.3932543694972992 0.015082204714417458 
vn -0.44522371888160706 -0.859024167060852 -0.2526901960372925 
vn -0.44522371888160706 -0.859024167060852 -0.2526901960372925 
vn -0.44522371888160706 -0.859024167060852 -0.2526901960372925 
vn -0.44522371888160706 -0.859024167060852 -0.2526901960372925 
vn -0.9803582429885864 -0.18892613053321838 -0.05660919472575188 
vn -0.9803582429885864 -0.18892613053321838 -0.05660919472575188 
vn -0.9803582429885864 -0.18892613053321838 -0.05660919472575188 
vn -0.9803582429885864 -0.18892613053321838 -0.05660919472575188 
vn 0.564146876335144 0.24437002837657928 -0.7886828780174255 
vn 0.564146876335144 0.24437002837657928 -0.7886828780174255 
vn 0.564146876335144 0.24437002837657928 -0.7886828780174255 
vn 0.564146876335144 0.24437002837657928 -0.7886828780174255 
vn 0.4956378936767578 0.26127949357032776 -0.8282965421676636 
vn 0.4956378936767578 0.26127949357032776 -0.8282965421676636 
vn 0.4956378936767578 0.26127949357032776 -0.8282965421676636 
vn 0.4956378936767578 0.26127949357032776 -0.8282965421676636 
vn -0.4167650640010834 0.8826276659965515 -0.21742664277553558 
vn -0.4167650640010834 0.8826276659965515 -0.21742664277553558 
vn -0.4167650640010834 0.8826276659965515 -0.21742664277553558 
vn -0.4167650640010834 0.8826276659965515 -0.21742664277553558 
vn 0.21873588860034943 0.27391061186790466 0.9365503191947937 
vn 0.21873588860034943 0.27391061186790466 0.9365503191947937 
vn 0.21873588860034943 0.27391061186790466 0.9365503191947937 
vn 0.21873588860034943 0.27391061186790466 0.9365503191947937 
vn 0.33995601534843445 -0.27390947937965393 0.8996679186820984 
vn 0.33995601534843445 -0.27390947937965393 0.8996679186820984 
vn 0.33995601534843445 -0.27390947937965393 0.8996679186820984 
vn 0.33995601534843445 -0.27390947937965393 0.8996679186820984 
vn 0.6874614953994751 -0.2528344988822937 0.6807869076728821 
vn 0.6874614953994751 -0.2528344988822937 0.6807869076728821 
vn 0.6874614953994751 -0.2528344988822937 0.6807869076728821 
vn 0.6874614953994751 -0.2528344988822937 0.6807869076728821 
vn 0.710768461227417 0.30319371819496155 0.634729266166687 
vn 0.710768461227417 0.30319371819496155 0.634729266166687 
vn 0.710768461227417 0.30319371819496155 0.634729266166687 
vn 0.710768461227417 0.30319371819496155 0.634729266166687 
vn 0.12433222681283951 -0.9253355264663696 -0.3581821918487549 
vn 0.12433222681283951 -0.9253355264663696 -0.3581821918487549 
vn 0.12433222681283951 -0.9253355264663696 -0.3581821918487549 
vn 0.12433222681283951 -0.9253355264663696 -0.3581821918487549 
vn 0.011325213126838207 -0.8590242862701416 -0.5118083357810974 
vn 0.011325213126838207 -0.8590242862701416 -0.5118083357810974 
vn 0.011325213126838207 -0.8590242862701416 -0.5118083357810974 
vn 0.011325213126838207 -0.8590242862701416 -0.5118083357810974 
vn 0.225001260638237 -0.9522638916969299 -0.20631708204746246 
vn 0.225001260638237 -0.9522638916969299 -0.20631708204746246 
vn 0.225001260638237 -0.9522638916969299 -0.20631708204746246 
vn 0.225001260638237 -0.9522638916969299 -0.20631708204746246 
vn -0.8647470474243164 -0.08945244550704956 0.49417662620544434 
vn -0.8647470474243164 -0.08945244550704956 0.49417662620544434 
vn -0.8647470474243164 -0.08945244550704956 0.49417662620544434 
vn -0.8647470474243164 -0.08945244550704956 0.49417662620544434 
vn 0.08851142227649689 0.9646894931793213 0.2480701059103012 
vn 0.08851142227649689 0.9646894931793213 0.2480701059103012 
vn 0.08851142227649689 0.9646894931793213 0.2480701059103012 
vn 0.08851142227649689 0.9646894931793213 0.2480701059103012 
vn 0.9345143437385559 0.032764334231615067 -0.3544140160083771 
vn 0.9345143437385559 0.032764334231615067 -0.3544140160083771 
vn 0.9345143437385559 0.032764334231615067 -0.3544140160083771 
vn 0.9345143437385559 0.032764334231615067 -0.3544140160083771 
vn -0.31280624866485596 -0.8358430862426758 -0.4511290490627289 
vn -0.31280624866485596 -0.8358430862426758 -0.4511290490627289 
vn -0.31280624866485596 -0.8358430862426758 -0.4511290490627289 
vn -0.31280624866485596 -0.8358430862426758 -0.4511290490627289 
vn 0.14866770803928375 0.9646894335746765 0.21741899847984314 
vn 0.14866770803928375 0.9646894335746765 0.21741899847984314 
vn 0.14866770803928375 0.9646894335746765 0.21741899847984314 
vn 0.14866770803928375 0.9646894335746765 0.21741899847984314 
vn -0.1906469315290451 -0.8382338285446167 -0.5108978748321533 
vn -0.1906469315290451 -0.8382338285446167 -0.5108978748321533 
vn -0.1906469315290451 -0.8382338285446167 -0.5108978748321533 
vn -0.1906469315290451 -0.8382338285446167 -0.5108978748321533 
vn 0.2109230011701584 0.9333972334861755 0.2903100550174713 
vn 0.2109230011701584 0.9333972334861755 0.2903100550174713 
vn 0.2109230011701584 0.9333972334861755 0.2903100550174713 
vn 0.2109230011701584 0.9333972334861755 0.2903100550174713 
vn -0.4864969849586487 -0.7336175441741943 -0.47447341680526733 
vn -0.4864969849586487 -0.7336175441741943 -0.47447341680526733 
vn -0.4864969849586487 -0.7336175441741943 -0.47447341680526733 
vn -0.4864969849586487 -0.7336175441741943 -0.47447341680526733 
vn 0.11088872700929642 0.9333972930908203 0.3412799835205078 
vn 0.11088872700929642 0.9333972930908203 0.3412799835205078 
vn 0.11088872700929642 0.9333972930908203 0.3412799835205078 
vn 0.11088872700929642 0.9333972930908203 0.3412799835205078 
vn -0.08671914786100388 -0.7365798950195312 -0.6707671880722046 
vn -0.08671914786100388 -0.7365798950195312 -0.6707671880722046 
vn -0.08671914786100388 -0.7365798950195312 -0.6707671880722046 
vn -0.08671914786100388 -0.7365798950195312 -0.6707671880722046 
vn 0.4575589597225189 0.5937775373458862 -0.661866307258606 
vn 0.4575589597225189 0.5937775373458862 -0.661866307258606 
vn 0.4575589597225189 0.5937775373458862 -0.661866307258606 
vn 0.4575589597225189 0.5937775373458862 -0.661866307258606 
vn -0.8483827710151672 0.5287244319915771 0.02639675699174404 
vn -0.8483827710151672 0.5287244319915771 0.02639675699174404 
vn -0.8483827710151672 0.5287244319915771 0.02639675699174404 
vn -0.8483827710151672 0.5287244319915771 0.02639675699174404 
vn -0.12908302247524261 0.7710134983062744 -0.6235980987548828 
vn -0.12908302247524261 0.7710134983062744 -0.6235980987548828 
vn -0.12908302247524261 0.7710134983062744 -0.6235980987548828 
vn -0.12908302247524261 0.7710134983062744 -0.6235980987548828 
vn -0.5498194098472595 0.7424615025520325 -0.382686048746109 
vn -0.5498194098472595 0.7424615025520325 -0.382686048746109 
vn -0.5498194098472595 0.7424615025520325 -0.382686048746109 
vn -0.5498194098472595 0.7424615025520325 -0.382686048746109 
vn 0.9629004597663879 0.21886785328388214 -0.15785925090312958 
vn 0.9629004597663879 0.21886785328388214 -0.15785925090312958 
vn 0.9629004597663879 0.21886785328388214 -0.15785925090312958 
vn 0.9629004597663879 0.21886785328388214 -0.15785925090312958 
vn -0.5855269432067871 0.14152884483337402 0.7982023358345032 
vn -0.5855269432067871 0.14152884483337402 0.7982023358345032 
vn -0.5855269432067871 0.14152884483337402 0.7982023358345032 
vn -0.5855269432067871 0.14152884483337402 0.7982023358345032 
vn 0.5958268642425537 0.3031928539276123 -0.7436825037002563 
vn 0.5958268642425537 0.3031928539276123 -0.7436825037002563 
vn 0.5958268642425537 0.3031928539276123 -0.7436825037002563 
vn 0.5958268642425537 0.3031928539276123 -0.7436825037002563 
vn -0.1706034392118454 0.36088132858276367 -0.9168739914894104 
vn -0.1706034392118454 0.36088132858276367 -0.9168739914894104 
vn -0.1706034392118454 0.36088132858276367 -0.9168739914894104 
vn -0.1706034392118454 0.36088132858276367 -0.9168739914894104 
vn -0.7691202759742737 0.34452754259109497 -0.5382882952690125 
vn -0.7691202759742737 0.34452754259109497 -0.5382882952690125 
vn -0.7691202759742737 0.34452754259109497 -0.5382882952690125 
vn -0.7691202759742737 0.34452754259109497 -0.5382882952690125 
vn -0.9480712413787842 0.2358875870704651 0.21334917843341827 
vn -0.9480712413787842 0.2358875870704651 0.21334917843341827 
vn -0.9480712413787842 0.2358875870704651 0.21334917843341827 
vn -0.9480712413787842 0.2358875870704651 0.21334917843341827 
vn -0.14948749542236328 0.7276503443717957 -0.6694604158401489 
vn -0.14948749542236328 0.7276503443717957 -0.6694604158401489 
vn -0.14948749542236328 0.7276503443717957 -0.6694604158401489 
vn -0.14948749542236328 0.7276503443717957 -0.6694604158401489 
vn -0.626571774482727 0.6747390031814575 -0.39004403352737427 
vn -0.626571774482727 0.6747390031814575 -0.39004403352737427 
vn -0.626571774482727 0.6747390031814575 -0.39004403352737427 
vn -0.626571774482727 0.6747390031814575 -0.39004403352737427 
vn 0.3848361372947693 -0.6938546299934387 -0.6086590886116028 
vn 0.3848361372947693 -0.6938546299934387 -0.6086590886116028 
vn 0.3848361372947693 -0.6938546299934387 -0.6086590886116028 
vn 0.3848361372947693 -0.6938546299934387 -0.6086590886116028 
vn 0.2968461513519287 0.9548950791358948 0.007521826773881912 
vn 0.2968461513519287 0.9548950791358948 0.007521826773881912 
vn 0.2968461513519287 0.9548950791358948 0.007521826773881912 
vn 0.2968461513519287 0.9548950791358948 0.007521826773881912 
vn -0.8031297922134399 -0.5937779545783997 -0.04908981919288635 
vn -0.8031297922134399 -0.5937779545783997 -0.04908981919288635 
vn -0.8031297922134399 -0.5937779545783997 -0.04908981919288635 
vn -0.8031297922134399 -0.5937779545783997 -0.04908981919288635 
vn 0.820586621761322 -0.5471404194831848 -0.1651502400636673 
vn 0.820586621761322 -0.5471404194831848 -0.1651502400636673 
vn 0.820586621761322 -0.5471404194831848 -0.1651502400636673 
vn 0.820586621761322 -0.5471404194831848 -0.1651502400636673 
vn 0.6396390795707703 -0.4987374544143677 0.5849120020866394 
vn 0.6396390795707703 -0.4987374544143677 0.5849120020866394 
vn 0.6396390795707703 -0.4987374544143677 0.5849120020866394 
vn 0.6396390795707703 -0.4987374544143677 0.5849120020866394 
vn 0.020763905718922615 -0.49494537711143494 0.8686752319335938 
vn 0.020763905718922615 -0.49494537711143494 0.8686752319335938 
vn 0.020763905718922615 -0.49494537711143494 0.8686752319335938 
vn 0.020763905718922615 -0.49494537711143494 0.8686752319335938 
vn -0.4878784120082855 -0.4873333275318146 0.7242098450660706 
vn -0.4878784120082855 -0.4873333275318146 0.7242098450660706 
vn -0.4878784120082855 -0.4873333275318146 0.7242098450660706 
vn -0.4878784120082855 -0.4873333275318146 0.7242098450660706 
vn 0.6455007791519165 -0.5616858005523682 -0.5175299048423767 
vn 0.6455007791519165 -0.5616858005523682 -0.5175299048423767 
vn 0.6455007791519165 -0.5616858005523682 -0.5175299048423767 
vn 0.6455007791519165 -0.5616858005523682 -0.5175299048423767 
vn -0.8774556517601013 -0.47584593296051025 0.06034860759973526 
vn -0.8774556517601013 -0.47584593296051025 0.06034860759973526 
vn -0.8774556517601013 -0.47584593296051025 0.06034860759973526 
vn -0.8774556517601013 -0.47584593296051025 0.06034860759973526 
vn -0.7483215928077698 -0.5831798911094666 0.31609418988227844 
vn -0.7483215928077698 -0.5831798911094666 0.31609418988227844 
vn -0.7483215928077698 -0.5831798911094666 0.31609418988227844 
vn -0.7483215928077698 -0.5831798911094666 0.31609418988227844 
vn 0.5714098215103149 -0.4092633128166199 -0.7113322019577026 
vn 0.5714098215103149 -0.4092633128166199 -0.7113322019577026 
vn 0.5714098215103149 -0.4092633128166199 -0.7113322019577026 
vn 0.5714098215103149 -0.4092633128166199 -0.7113322019577026 
vn 0.8418022990226746 -0.4911443889141083 0.22393245995044708 
vn 0.8418022990226746 -0.4911443889141083 0.22393245995044708 
vn 0.8418022990226746 -0.4911443889141083 0.22393245995044708 
vn 0.8418022990226746 -0.4911443889141083 0.22393245995044708 
vn 0.27493634819984436 -0.45651841163635254 0.8461676836013794 
vn 0.27493634819984436 -0.45651841163635254 0.8461676836013794 
vn 0.27493634819984436 -0.45651841163635254 0.8461676836013794 
vn 0.27493634819984436 -0.45651841163635254 0.8461676836013794 
vn -0.45256248116493225 -0.42514586448669434 0.783860445022583 
vn -0.45256248116493225 -0.42514586448669434 0.783860445022583 
vn -0.45256248116493225 -0.42514586448669434 0.783860445022583 
vn -0.45256248116493225 -0.42514586448669434 0.783860445022583 
vn -0.767888069152832 -0.4487262964248657 0.4571565091609955 
vn -0.767888069152832 -0.4487262964248657 0.4571565091609955 
vn -0.767888069152832 -0.4487262964248657 0.4571565091609955 
vn -0.767888069152832 -0.4487262964248657 0.4571565091609955 
vn 0.8349120616912842 -0.5175533294677734 -0.1872432380914688 
vn 0.8349120616912842 -0.5175533294677734 -0.1872432380914688 
vn 0.8349120616912842 -0.5175533294677734 -0.1872432380914688 
vn 0.8349120616912842 -0.5175533294677734 -0.1872432380914688 
vn -0.8204826712608337 -0.4681420922279358 -0.32810166478157043 
vn -0.8204826712608337 -0.4681420922279358 -0.32810166478157043 
vn -0.8204826712608337 -0.4681420922279358 -0.32810166478157043 
vn -0.8204826712608337 -0.4681420922279358 -0.32810166478157043 
vn -0.8236432075500488 -0.5652951598167419 -0.045308783650398254 
vn -0.8236432075500488 -0.5652951598167419 -0.045308783650398254 
vn -0.8236432075500488 -0.5652951598167419 -0.045308783650398254 
vn -0.8236432075500488 -0.5652951598167419 -0.045308783650398254 
vn 0.8442391157150269 -0.37712597846984863 -0.3808358609676361 
vn 0.8442391157150269 -0.37712597846984863 -0.3808358609676361 
vn 0.8442391157150269 -0.37712597846984863 -0.3808358609676361 
vn 0.8442391157150269 -0.37712597846984863 -0.3808358609676361 
vn 0.29644763469696045 0.5831805467605591 0.7563188672065735 
vn 0.29644763469696045 0.5831805467605591 0.7563188672065735 
vn 0.29644763469696045 0.5831805467605591 0.7563188672065735 
vn 0.29644763469696045 0.5831805467605591 0.7563188672065735 
vn -0.317684531211853 0.5724824070930481 0.7558699250221252 
vn -0.317684531211853 0.5724824070930481 0.7558699250221252 
vn -0.317684531211853 0.5724824070930481 0.7558699250221252 
vn -0.317684531211853 0.5724824070930481 0.7558699250221252 
vn 0.29718467593193054 0.10684627294540405 0.9488224387168884 
vn 0.29718467593193054 0.10684627294540405 0.9488224387168884 
vn 0.29718467593193054 0.10684627294540405 0.9488224387168884 
vn 0.29718467593193054 0.10684627294540405 0.9488224387168884 
vn -0.4476867616176605 0.11986981332302094 0.8861189484596252 
vn -0.4476867616176605 0.11986981332302094 0.8861189484596252 
vn -0.4476867616176605 0.11986981332302094 0.8861189484596252 
vn -0.4476867616176605 0.11986981332302094 0.8861189484596252 
vn 0.3099310100078583 -0.17603753507137299 0.934319257736206 
vn 0.3099310100078583 -0.17603753507137299 0.934319257736206 
vn 0.3099310100078583 -0.17603753507137299 0.934319257736206 
vn 0.3099310100078583 -0.17603753507137299 0.934319257736206 
vn -0.46065598726272583 -0.20605863630771637 0.8633278608322144 
vn -0.46065598726272583 -0.20605863630771637 0.8633278608322144 
vn -0.46065598726272583 -0.20605863630771637 0.8633278608322144 
vn -0.46065598726272583 -0.20605863630771637 0.8633278608322144 
vn 0.5828515291213989 -0.4642760157585144 0.6668816208839417 
vn 0.5828515291213989 -0.4642760157585144 0.6668816208839417 
vn 0.5828515291213989 -0.4642760157585144 0.6668816208839417 
vn 0.5828515291213989 -0.4642760157585144 0.6668816208839417 
vn -0.062297578901052475 -0.44872602820396423 0.891494631767273 
vn -0.062297578901052475 -0.44872602820396423 0.891494631767273 
vn -0.062297578901052475 -0.44872602820396423 0.891494631767273 
vn -0.062297578901052475 -0.44872602820396423 0.891494631767273 
vn -0.20961201190948486 -0.34862586855888367 0.9135215282440186 
vn -0.20961201190948486 -0.34862586855888367 0.9135215282440186 
vn -0.20961201190948486 -0.34862586855888367 0.9135215282440186 
vn 0.6133468151092529 0.5212873220443726 0.5933502316474915 
vn 0.6133468151092529 0.5212873220443726 0.5933502316474915 
vn 0.6133468151092529 0.5212873220443726 0.5933502316474915 
vn 0.6133468151092529 0.5212873220443726 0.5933502316474915 
vn 0.02073661796748638 0.5212874412536621 0.8531284332275391 
vn 0.02073661796748638 0.5212874412536621 0.8531284332275391 
vn 0.02073661796748638 0.5212874412536621 0.8531284332275391 
vn 0.02073661796748638 0.5212874412536621 0.8531284332275391 
vn 0.7375316023826599 0.09815337508916855 0.6681411266326904 
vn 0.7375316023826599 0.09815337508916855 0.6681411266326904 
vn 0.7375316023826599 0.09815337508916855 0.6681411266326904 
vn 0.7375316023826599 0.09815337508916855 0.6681411266326904 
vn 0.05657793581485748 0.12420660257339478 0.9906414151191711 
vn 0.05657793581485748 0.12420660257339478 0.9906414151191711 
vn 0.05657793581485748 0.12420660257339478 0.9906414151191711 
vn 0.05657793581485748 0.12420660257339478 0.9906414151191711 
vn 0.7331773638725281 -0.12853993475437164 0.6677783131599426 
vn 0.7331773638725281 -0.12853993475437164 0.6677783131599426 
vn 0.7331773638725281 -0.12853993475437164 0.6677783131599426 
vn 0.7331773638725281 -0.12853993475437164 0.6677783131599426 
vn 0.05094292387366295 -0.11118841171264648 0.9924921989440918 
vn 0.05094292387366295 -0.11118841171264648 0.9924921989440918 
vn 0.05094292387366295 -0.11118841171264648 0.9924921989440918 
vn 0.05094292387366295 -0.11118841171264648 0.9924921989440918 
vn 0.7448269724845886 -0.5398045778274536 0.3922285735607147 
vn 0.7448269724845886 -0.5398045778274536 0.3922285735607147 
vn 0.7448269724845886 -0.5398045778274536 0.3922285735607147 
vn 0.7448269724845886 -0.5398045778274536 0.3922285735607147 
vn 0.26917764544487 -0.4911440312862396 0.828444242477417 
vn 0.26917764544487 -0.4911440312862396 0.828444242477417 
vn 0.26917764544487 -0.4911440312862396 0.828444242477417 
vn 0.26917764544487 -0.4911440312862396 0.828444242477417 
vn 0.04150738567113876 -0.18463298678398132 0.9819300174713135 
vn 0.04150738567113876 -0.18463298678398132 0.9819300174713135 
vn 0.04150738567113876 -0.18463298678398132 0.9819300174713135 
vn -0.8692959547042847 -0.09815266728401184 0.4844483435153961 
vn -0.8692959547042847 -0.09815266728401184 0.4844483435153961 
vn -0.8692959547042847 -0.09815266728401184 0.4844483435153961 
vn -0.8692959547042847 -0.09815266728401184 0.4844483435153961 
vn -0.5710581541061401 -0.06767325848340988 0.8181149363517761 
vn -0.5710581541061401 -0.06767325848340988 0.8181149363517761 
vn -0.5710581541061401 -0.06767325848340988 0.8181149363517761 
vn -0.5710581541061401 -0.06767325848340988 0.8181149363517761 
vn -0.5710581541061401 -0.06767325848340988 0.8181149363517761 
vt 0.5110946297645569 0.83222895860672 
vt 0.5241657495498657 0.8486934900283813 
vt 0.48998886346817017 0.8694844245910645 
vt 0.5367572903633118 0.8770557045936584 
vt 0.5528264045715332 0.9132295846939087 
vt 0.5146921873092651 0.9247667789459229 
vt 0.5567837357521057 0.9364241361618042 
vt 0.5648183226585388 0.9837746620178223 
vt 0.5248852968215942 0.9849764704704285 
vt 0.46972253918647766 0.9865387678146362 
vt 0.46180790662765503 0.9406304359436035 
vt 0.3746267855167389 0.989182710647583 
vt 0.37078937888145447 0.9680312275886536 
vt 0.4428606927394867 0.8980870246887207 
vt 0.36167553067207336 0.947600781917572 
vt 0.41384029388427734 0.8617929816246033 
vt 0.34764501452445984 0.9300546646118164 
vt 0.3296571671962738 0.916474461555481 
vt 0.3766654133796692 0.8337912559509277 
vt 0.3336144983768463 0.8161249756813049 
vt 0.30891117453575134 0.9079416990280151 
vt 0.28756558895111084 0.8097555041313171 
vt 0.28660622239112854 0.9049372673034668 
vt 0.24139676988124847 0.8152837157249451 
vt 0.2644212245941162 0.9075812101364136 
vt 0.19798609614372253 0.8321087956428528 
vt 0.24343539774417877 0.9157533645629883 
vt 0.16021160781383514 0.8593894243240356 
vt 0.22520771622657776 0.9288528561592102 
vt 0.13059161603450775 0.8952027559280396 
vt 0.21081742644309998 0.9461586475372314 
vt 0.11056514829397202 0.9372653961181641 
vt 0.2014637440443039 0.9653872847557068 
vt 0.10301024466753006 0.9831737875938416 
vt 0.19798609614372253 0.9856975674629211 
vt 0.04796742647886276 0.981731653213501 
vt 0.057920705527067184 0.9209210276603699 
vt 0.08406304568052292 0.8656387329101562 
vt 0.12255704402923584 0.819129467010498 
vt 0.17160391807556152 0.7836766242980957 
vt 0.227965846657753 0.7616838812828064 
vt 0.21837233006954193 0.7229862213134766 
vt 0.24559393525123596 0.7197414040565491 
vt 0.272575706243515 0.7382490038871765 
vt 0.254108190536499 0.718779981136322 
vt 0.28840503096580505 0.7146939039230347 
vt 0.28828510642051697 0.7348839640617371 
vt 0.3101103603839874 0.7176983952522278 
vt 0.29667943716049194 0.7401718497276306 
vt 0.2880452573299408 0.7545933127403259 
vt 0.27101677656173706 0.756636381149292 
vt 0.2879253327846527 0.7693753242492676 
vt 0.3480047583580017 0.7628856897354126 
vt 0.1901913583278656 0.73392254114151 
vt 0.1525367945432663 0.7485843896865845 
vt 0.1393457055091858 0.7580785155296326 
vt 0.30579328536987305 0.7569969296455383 
vt 0.3265392780303955 0.7198615670204163 
vt 0.358437716960907 0.72430819272995 
vt 0.4236736595630646 0.7511081099510193 
vt 0.4040069282054901 0.785839855670929 
vt 0.4470578730106354 0.7686542868614197 
vt 0.46048879623413086 0.7787492871284485 
vt 0.45233428478240967 0.8221338987350464 
vt 0.48015549778938293 0.7935312986373901 
vt 0.500901460647583 0.8194899559020996 
vt 0.008034399710595608 0.980650007724762 
vt 0.011032374575734138 0.9622626304626465 
vt 0.014390107244253159 0.9420725703239441 
vt 0.01978646218776703 0.9090233445167542 
vt 0.03861374408006668 0.8690037131309509 
vt 0.05024588853120804 0.8442468643188477 
vt 0.07075203955173492 0.8194899559020996 
vt 0.09533543139696121 0.7899259328842163 
vt 0.12579485774040222 0.767933189868927 
vt 0.2879253327846527 0.9298142790794373 
vt 0.2879253327846527 0.9862984418869019 
vt 0.2596244513988495 0.9373855590820312 
vt 0.2596244513988495 0.9373855590820312 
vt 0.23887847363948822 0.9580563902854919 
vt 0.2879253327846527 0.9862984418869019 
vt 0.23887847363948822 0.9580563902854919 
vt 0.2879253327846527 0.9862984418869019 
vt 0.23132358491420746 0.9862984418869019 
vt 0.23132358491420746 0.9862984418869019 
vt 0.23887847363948822 0.9580563902854919 
vt 0.2879253327846527 0.9862984418869019 
vt 0.23887847363948822 0.9580563902854919 
vt 0.2879253327846527 0.9862984418869019 
vt 0.2596244513988495 0.9373855590820312 
vt 0.2596244513988495 0.9373855590820312 
vt 0.2879253327846527 0.9298142790794373 
vt 0.2879253327846527 0.9862984418869019 
vt 0.2879253327846527 0.9298142790794373 
vt 0.2879253327846527 0.9862984418869019 
vt 0.3162262439727783 0.9373855590820312 
vt 0.3162262439727783 0.9373855590820312 
vt 0.3368523120880127 0.9580563902854919 
vt 0.2879253327846527 0.9862984418869019 
vt 0.3368523120880127 0.9580563902854919 
vt 0.2879253327846527 0.9862984418869019 
vt 0.34440720081329346 0.9862984418869019 
vt 0.34440720081329346 0.9862984418869019 
vt 0.3368523120880127 0.9580563902854919 
vt 0.2879253327846527 0.9862984418869019 
vt 0.3368523120880127 0.9580563902854919 
vt 0.2879253327846527 0.9862984418869019 
vt 0.3162262439727783 0.9373855590820312 
vt 0.3162262439727783 0.9373855590820312 
vt 0.2879253327846527 0.9298142790794373 
vt 0.2879253327846527 0.9862984418869019 
vt 0.9272135496139526 0.9396689534187317 
vt 0.9226565957069397 0.9289730787277222 
vt 0.8712113499641418 0.9573352932929993 
vt 0.9116240739822388 0.9036152958869934 
vt 0.8605385422706604 0.932578444480896 
vt 0.9046687483787537 0.8938807845115662 
vt 0.8888394832611084 0.8717678189277649 
vt 0.8448292016983032 0.9107058644294739 
vt 0.8743292689323425 0.8585481643676758 
vt 0.8250425457954407 0.89267897605896 
vt 0.8598190546035767 0.8453284502029419 
vt 0.8260018825531006 0.8254989385604858 
vt 0.8012985587120056 0.9793280363082886 
vt 0.7967416644096375 0.9687523245811462 
vt 0.7900261878967285 0.9593783617019653 
vt 0.7815119624137878 0.9515666961669922 
vt 0.801778256893158 0.8790987730026245 
vt 0.7715587019920349 0.9457980990409851 
vt 0.7762355208396912 0.8705660700798035 
vt 0.7606460452079773 0.9421927332878113 
vt 0.7494935989379883 0.8676817417144775 
vt 0.7492537498474121 0.9409909248352051 
vt 0.8094530701637268 0.8199706673622131 
vt 0.7887070775032043 0.813240647315979 
vt 0.7497333884239197 0.8089142441749573 
vt 0.7107597589492798 0.8128801584243774 
vt 0.7227516174316406 0.8704458475112915 
vt 0.6936113238334656 0.8184083700180054 
vt 0.6733450293540955 0.8248980641365051 
vt 0.6972088813781738 0.878618061542511 
vt 0.6394079327583313 0.844487190246582 
vt 0.673824667930603 0.8920781016349792 
vt 0.6102676391601562 0.8706862330436707 
vt 0.7377415299415588 0.9420725703239441 
vt 0.7268288731575012 0.9456779360771179 
vt 0.7168756127357483 0.9513263702392578 
vt 0.6539181470870972 0.9099847674369812 
vt 0.7082414627075195 0.959017813205719 
vt 0.6380888223648071 0.9317371845245361 
vt 0.7015259861946106 0.9683917760848999 
vt 0.6271762251853943 0.9563738703727722 
vt 0.6968491077423096 0.978847324848175 
vt 0.5871232748031616 0.9024134874343872 
vt 0.5712939500808716 0.9383470416069031 
vt 0.7492537498474121 0.9501245617866516 
vt 0.7317455410957336 0.9548115134239197 
vt 0.7492537498474121 0.9852167963981628 
vt 0.7317455410957336 0.9548115134239197 
vt 0.7492537498474121 0.9852167963981628 
vt 0.7189142107963562 0.9676706790924072 
vt 0.7189142107963562 0.9676706790924072 
vt 0.7142373919487 0.9852167963981628 
vt 0.7492537498474121 0.9852167963981628 
vt 0.7142373919487 0.9853370189666748 
vt 0.7492537498474121 0.9853370189666748 
vt 0.7189142107963562 0.9677908420562744 
vt 0.7189142107963562 0.9677908420562744 
vt 0.7317455410957336 0.9549317359924316 
vt 0.7492537498474121 0.9853370189666748 
vt 0.7317455410957336 0.9549317359924316 
vt 0.7492537498474121 0.9853370189666748 
vt 0.7492537498474121 0.9502447247505188 
vt 0.7492537498474121 0.9502447247505188 
vt 0.7668818235397339 0.9549317359924316 
vt 0.7492537498474121 0.9853370189666748 
vt 0.7668818235397339 0.9549317359924316 
vt 0.7492537498474121 0.9853370189666748 
vt 0.7797131538391113 0.9677908420562744 
vt 0.7797131538391113 0.9677908420562744 
vt 0.7843900322914124 0.9853370189666748 
vt 0.7492537498474121 0.9853370189666748 
vt 0.7843900322914124 0.9852167963981628 
vt 0.7492537498474121 0.9852167963981628 
vt 0.7797131538391113 0.9676706790924072 
vt 0.7797131538391113 0.9676706790924072 
vt 0.7668818235397339 0.9548115134239197 
vt 0.7492537498474121 0.9852167963981628 
vt 0.7668818235397339 0.9548115134239197 
vt 0.7492537498474121 0.9852167963981628 
vt 0.7492537498474121 0.9501245617866516 
vt 0.634731113910675 0.779350221157074 
vt 0.6271762251853943 0.8074721097946167 
vt 0.5786089897155762 0.779350221157074 
vt 0.6271762251853943 0.8074721097946167 
vt 0.5786089897155762 0.779350221157074 
vt 0.6066700220108032 0.8280227184295654 
vt 0.6066700220108032 0.8280227184295654 
vt 0.5786089897155762 0.8354737758636475 
vt 0.5786089897155762 0.779350221157074 
vt 0.5786089897155762 0.8354737758636475 
vt 0.5786089897155762 0.779350221157074 
vt 0.5505479574203491 0.8280227184295654 
vt 0.5505479574203491 0.8280227184295654 
vt 0.5300418138504028 0.8074721097946167 
vt 0.5786089897155762 0.779350221157074 
vt 0.5300418138504028 0.8074721097946167 
vt 0.5786089897155762 0.779350221157074 
vt 0.5224869251251221 0.779350221157074 
vt 0.5224869251251221 0.779350221157074 
vt 0.5300418138504028 0.7513484954833984 
vt 0.5786089897155762 0.779350221157074 
vt 0.5300418138504028 0.7513484954833984 
vt 0.5786089897155762 0.779350221157074 
vt 0.5505479574203491 0.7307978868484497 
vt 0.5505479574203491 0.7307978868484497 
vt 0.5786089897155762 0.7232266068458557 
vt 0.5786089897155762 0.779350221157074 
vt 0.5786089897155762 0.7232266068458557 
vt 0.5786089897155762 0.779350221157074 
vt 0.6066700220108032 0.7307978868484497 
vt 0.6066700220108032 0.7307978868484497 
vt 0.6271762251853943 0.7513484954833984 
vt 0.5786089897155762 0.779350221157074 
vt 0.6271762251853943 0.7513484954833984 
vt 0.5786089897155762 0.779350221157074 
vt 0.634731113910675 0.779350221157074 
vt 0.5372369289398193 0.35788244009017944 
vt 0.5199686288833618 0.4089585244655609 
vt 0.4898689389228821 0.40066617727279663 
vt 0.5049787163734436 0.451141357421875 
vt 0.5169706344604492 0.26726746559143066 
vt 0.44010254740715027 0.3114933371543884 
vt 0.4610883891582489 0.19672240316867828 
vt 0.39117559790611267 0.22027748823165894 
vt 0.40964314341545105 0.1677592694759369 
vt 0.32318153977394104 0.138075053691864 
vt 0.2735350728034973 0.23842450976371765 
vt 0.25710615515708923 0.1287010908126831 
vt 0.22736625373363495 0.15874584019184113 
vt 0.1575733870267868 0.2828907370567322 
vt 0.13874611258506775 0.22832947969436646 
vt 0.16632747650146484 0.3375721871852875 
vt 0.22820568084716797 0.4209764301776886 
vt 0.3376917243003845 0.3658142685890198 
vt 0.40340733528137207 0.48611342906951904 
vt 0.4571310579776764 0.5112308263778687 
vt 0.45125502347946167 0.5537742376327515 
vt 0.4227142930030823 0.5959570407867432 
vt 0.3838605582714081 0.5873041749000549 
vt 0.3472852408885956 0.546563446521759 
vt 0.3030351400375366 0.5244505405426025 
vt 0.22736625373363495 0.15874584019184113 
vt 0.21417516469955444 0.13458986580371857 
vt 0.25710615515708923 0.1287010908126831 
vt 0.15061809122562408 0.1758112609386444 
vt 0.22736625373363495 0.15874584019184113 
vt 0.1708844006061554 0.15093420445919037 
vt 0.1575733870267868 0.2828907370567322 
vt 0.2735350728034973 0.23842450976371765 
vt 0.16632747650146484 0.3375721871852875 
vt 0.22736625373363495 0.15874584019184113 
vt 0.21417516469955444 0.13458986580371857 
vt 0.18839257955551147 0.13338807225227356 
vt 0.1708844006061554 0.15093420445919037 
vt 0.18839257955551147 0.13338807225227356 
vt 0.22736625373363495 0.15874584019184113 
vt 0.5372369289398193 0.35788244009017944 
vt 0.4898689389228821 0.40066617727279663 
vt 0.5199686288833618 0.4089585244655609 
vt 0.5049787163734436 0.451141357421875 
vt 0.5169706344604492 0.26726746559143066 
vt 0.44010254740715027 0.3114933371543884 
vt 0.4610883891582489 0.19672240316867828 
vt 0.39117559790611267 0.22027748823165894 
vt 0.40964314341545105 0.1677592694759369 
vt 0.32318153977394104 0.138075053691864 
vt 0.2735350728034973 0.23842450976371765 
vt 0.25710615515708923 0.1287010908126831 
vt 0.22736625373363495 0.15874584019184113 
vt 0.1575733870267868 0.2828907370567322 
vt 0.13874611258506775 0.22832947969436646 
vt 0.16632747650146484 0.3375721871852875 
vt 0.22820568084716797 0.4209764301776886 
vt 0.3376917243003845 0.3658142685890198 
vt 0.40340733528137207 0.48611342906951904 
vt 0.4571310579776764 0.5112308263778687 
vt 0.45125502347946167 0.5537742376327515 
vt 0.4227142930030823 0.5959570407867432 
vt 0.3838605582714081 0.5873041749000549 
vt 0.3472852408885956 0.546563446521759 
vt 0.3030351400375366 0.5244505405426025 
vt 0.22736625373363495 0.15874584019184113 
vt 0.21417516469955444 0.13458986580371857 
vt 0.25710615515708923 0.1287010908126831 
vt 0.15061809122562408 0.1758112609386444 
vt 0.22736625373363495 0.15874584019184113 
vt 0.1708844006061554 0.15093420445919037 
vt 0.1575733870267868 0.2828907370567322 
vt 0.2735350728034973 0.23842450976371765 
vt 0.16632747650146484 0.3375721871852875 
vt 0.22736625373363495 0.15874584019184113 
vt 0.21417516469955444 0.13458986580371857 
vt 0.18839257955551147 0.13338807225227356 
vt 0.1708844006061554 0.15093420445919037 
vt 0.18839257955551147 0.13338807225227356 
vt 0.22736625373363495 0.15874584019184113 
vt 0.5372369289398193 0.35788244009017944 
vt 0.4898689389228821 0.40066617727279663 
vt 0.5199686288833618 0.4089585244655609 
vt 0.5049787163734436 0.451141357421875 
vt 0.5169706344604492 0.26726746559143066 
vt 0.44010254740715027 0.3114933371543884 
vt 0.4610883891582489 0.19672240316867828 
vt 0.39117559790611267 0.22027748823165894 
vt 0.40964314341545105 0.1677592694759369 
vt 0.32318153977394104 0.138075053691864 
vt 0.2735350728034973 0.23842450976371765 
vt 0.25710615515708923 0.1287010908126831 
vt 0.22736625373363495 0.15874584019184113 
vt 0.1575733870267868 0.2828907370567322 
vt 0.13874611258506775 0.22832947969436646 
vt 0.16632747650146484 0.3375721871852875 
vt 0.22820568084716797 0.4209764301776886 
vt 0.3376917243003845 0.3658142685890198 
vt 0.40340733528137207 0.48611342906951904 
vt 0.4571310579776764 0.5112308263778687 
vt 0.45125502347946167 0.5537742376327515 
vt 0.4227142930030823 0.5959570407867432 
vt 0.3838605582714081 0.5873041749000549 
vt 0.3472852408885956 0.546563446521759 
vt 0.3030351400375366 0.5244505405426025 
vt 0.22736625373363495 0.15874584019184113 
vt 0.21417516469955444 0.13458986580371857 
vt 0.25710615515708923 0.1287010908126831 
vt 0.15061809122562408 0.1758112609386444 
vt 0.22736625373363495 0.15874584019184113 
vt 0.1708844006061554 0.15093420445919037 
vt 0.1575733870267868 0.2828907370567322 
vt 0.2735350728034973 0.23842450976371765 
vt 0.16632747650146484 0.3375721871852875 
vt 0.22736625373363495 0.15874584019184113 
vt 0.21417516469955444 0.13458986580371857 
vt 0.18839257955551147 0.13338807225227356 
vt 0.1708844006061554 0.15093420445919037 
vt 0.18839257955551147 0.13338807225227356 
vt 0.22736625373363495 0.15874584019184113 
vt 0.5372369289398193 0.35788244009017944 
vt 0.4898689389228821 0.40066617727279663 
vt 0.5199686288833618 0.4089585244655609 
vt 0.5049787163734436 0.451141357421875 
vt 0.5169706344604492 0.26726746559143066 
vt 0.44010254740715027 0.3114933371543884 
vt 0.4610883891582489 0.19672240316867828 
vt 0.39117559790611267 0.22027748823165894 
vt 0.40964314341545105 0.1677592694759369 
vt 0.32318153977394104 0.138075053691864 
vt 0.2735350728034973 0.23842450976371765 
vt 0.25710615515708923 0.1287010908126831 
vt 0.22736625373363495 0.15874584019184113 
vt 0.1575733870267868 0.2828907370567322 
vt 0.13874611258506775 0.22832947969436646 
vt 0.16632747650146484 0.3375721871852875 
vt 0.22820568084716797 0.4209764301776886 
vt 0.3376917243003845 0.3658142685890198 
vt 0.40340733528137207 0.48611342906951904 
vt 0.4571310579776764 0.5112308263778687 
vt 0.45125502347946167 0.5537742376327515 
vt 0.4227142930030823 0.5959570407867432 
vt 0.3838605582714081 0.5873041749000549 
vt 0.3472852408885956 0.546563446521759 
vt 0.3030351400375366 0.5244505405426025 
vt 0.22736625373363495 0.15874584019184113 
vt 0.21417516469955444 0.13458986580371857 
vt 0.25710615515708923 0.1287010908126831 
vt 0.15061809122562408 0.1758112609386444 
vt 0.22736625373363495 0.15874584019184113 
vt 0.1708844006061554 0.15093420445919037 
vt 0.1575733870267868 0.2828907370567322 
vt 0.2735350728034973 0.23842450976371765 
vt 0.16632747650146484 0.3375721871852875 
vt 0.22736625373363495 0.15874584019184113 
vt 0.21417516469955444 0.13458986580371857 
vt 0.18839257955551147 0.13338807225227356 
vt 0.1708844006061554 0.15093420445919037 
vt 0.18839257955551147 0.13338807225227356 
vt 0.22736625373363495 0.15874584019184113 
vt 0.5372369289398193 0.35788244009017944 
vt 0.4898689389228821 0.40066617727279663 
vt 0.5199686288833618 0.4089585244655609 
vt 0.5049787163734436 0.451141357421875 
vt 0.5169706344604492 0.26726746559143066 
vt 0.44010254740715027 0.3114933371543884 
vt 0.4610883891582489 0.19672240316867828 
vt 0.39117559790611267 0.22027748823165894 
vt 0.40964314341545105 0.1677592694759369 
vt 0.32318153977394104 0.138075053691864 
vt 0.2735350728034973 0.23842450976371765 
vt 0.25710615515708923 0.1287010908126831 
vt 0.22736625373363495 0.15874584019184113 
vt 0.1575733870267868 0.2828907370567322 
vt 0.13874611258506775 0.22832947969436646 
vt 0.16632747650146484 0.3375721871852875 
vt 0.22820568084716797 0.4209764301776886 
vt 0.3376917243003845 0.3658142685890198 
vt 0.40340733528137207 0.48611342906951904 
vt 0.4571310579776764 0.5112308263778687 
vt 0.45125502347946167 0.5537742376327515 
vt 0.4227142930030823 0.5959570407867432 
vt 0.3838605582714081 0.5873041749000549 
vt 0.3472852408885956 0.546563446521759 
vt 0.3030351400375366 0.5244505405426025 
vt 0.22736625373363495 0.15874584019184113 
vt 0.21417516469955444 0.13458986580371857 
vt 0.25710615515708923 0.1287010908126831 
vt 0.15061809122562408 0.1758112609386444 
vt 0.22736625373363495 0.15874584019184113 
vt 0.1708844006061554 0.15093420445919037 
vt 0.1575733870267868 0.2828907370567322 
vt 0.2735350728034973 0.23842450976371765 
vt 0.16632747650146484 0.3375721871852875 
vt 0.22736625373363495 0.15874584019184113 
vt 0.21417516469955444 0.13458986580371857 
vt 0.18839257955551147 0.13338807225227356 
vt 0.1708844006061554 0.15093420445919037 
vt 0.18839257955551147 0.13338807225227356 
vt 0.22736625373363495 0.15874584019184113 
vt 0.5372369289398193 0.35788244009017944 
vt 0.4898689389228821 0.40066617727279663 
vt 0.5199686288833618 0.4089585244655609 
vt 0.5049787163734436 0.451141357421875 
vt 0.5169706344604492 0.26726746559143066 
vt 0.44010254740715027 0.3114933371543884 
vt 0.4610883891582489 0.19672240316867828 
vt 0.39117559790611267 0.22027748823165894 
vt 0.40964314341545105 0.1677592694759369 
vt 0.32318153977394104 0.138075053691864 
vt 0.2735350728034973 0.23842450976371765 
vt 0.25710615515708923 0.1287010908126831 
vt 0.22736625373363495 0.15874584019184113 
vt 0.1575733870267868 0.2828907370567322 
vt 0.13874611258506775 0.22832947969436646 
vt 0.16632747650146484 0.3375721871852875 
vt 0.22820568084716797 0.4209764301776886 
vt 0.3376917243003845 0.3658142685890198 
vt 0.40340733528137207 0.48611342906951904 
vt 0.4571310579776764 0.5112308263778687 
vt 0.45125502347946167 0.5537742376327515 
vt 0.4227142930030823 0.5959570407867432 
vt 0.3838605582714081 0.5873041749000549 
vt 0.3472852408885956 0.546563446521759 
vt 0.3030351400375366 0.5244505405426025 
vt 0.22736625373363495 0.15874584019184113 
vt 0.21417516469955444 0.13458986580371857 
vt 0.25710615515708923 0.1287010908126831 
vt 0.15061809122562408 0.1758112609386444 
vt 0.22736625373363495 0.15874584019184113 
vt 0.1708844006061554 0.15093420445919037 
vt 0.1575733870267868 0.2828907370567322 
vt 0.2735350728034973 0.23842450976371765 
vt 0.16632747650146484 0.3375721871852875 
vt 0.22736625373363495 0.15874584019184113 
vt 0.21417516469955444 0.13458986580371857 
vt 0.18839257955551147 0.13338807225227356 
vt 0.1708844006061554 0.15093420445919037 
vt 0.18839257955551147 0.13338807225227356 
vt 0.22736625373363495 0.15874584019184113 
vt 0.350043386220932 0.3292798399925232 
vt 0.3745068609714508 0.3292798399925232 
vt 0.350043386220932 0.3047633171081543 
vt 0.3745068609714508 0.3047633171081543 
vt 0.3989703357219696 0.3292798399925232 
vt 0.3989703357219696 0.3047633171081543 
vt 0.4235537350177765 0.3292798399925232 
vt 0.4235537350177765 0.3047633171081543 
vt 0.4480172097682953 0.3047633171081543 
vt 0.4480172097682953 0.3292798399925232 
vt 0.4480172097682953 0.3536761701107025 
vt 0.4235537350177765 0.3536761701107025 
vt 0.4480172097682953 0.3781926929950714 
vt 0.3989703357219696 0.3536761701107025 
vt 0.3745068609714508 0.3536761701107025 
vt 0.350043386220932 0.3536761701107025 
vt 0.3745068609714508 0.3781926929950714 
vt 0.350043386220932 0.3781926929950714 
vt 0.350043386220932 0.4027092158794403 
vt 0.3745068609714508 0.4027092158794403 
vt 0.3989703357219696 0.4027092158794403 
vt 0.3989703357219696 0.3781926929950714 
vt 0.4235537350177765 0.3781926929950714 
vt 0.4480172097682953 0.4027092158794403 
vt 0.4235537350177765 0.4027092158794403 
vt 0.350043386220932 0.3047633171081543 
vt 0.350043386220932 0.3292798399925232 
vt 0.3989703357219696 0.3536761701107025 
vt 0.3745068609714508 0.3047633171081543 
vt 0.3989703357219696 0.3536761701107025 
vt 0.350043386220932 0.3047633171081543 
vt 0.3989703357219696 0.3047633171081543 
vt 0.3745068609714508 0.3047633171081543 
vt 0.3989703357219696 0.3536761701107025 
vt 0.4235537350177765 0.3047633171081543 
vt 0.3989703357219696 0.3536761701107025 
vt 0.3989703357219696 0.3047633171081543 
vt 0.4480172097682953 0.3292798399925232 
vt 0.4480172097682953 0.3047633171081543 
vt 0.3989703357219696 0.3536761701107025 
vt 0.4480172097682953 0.3047633171081543 
vt 0.3989703357219696 0.3536761701107025 
vt 0.4235537350177765 0.3047633171081543 
vt 0.350043386220932 0.3292798399925232 
vt 0.350043386220932 0.3536761701107025 
vt 0.3989703357219696 0.3536761701107025 
vt 0.4480172097682953 0.3536761701107025 
vt 0.3989703357219696 0.3536761701107025 
vt 0.4480172097682953 0.3292798399925232 
vt 0.350043386220932 0.3536761701107025 
vt 0.350043386220932 0.3781926929950714 
vt 0.3989703357219696 0.3536761701107025 
vt 0.4480172097682953 0.3781926929950714 
vt 0.3989703357219696 0.3536761701107025 
vt 0.4480172097682953 0.3536761701107025 
vt 0.350043386220932 0.3781926929950714 
vt 0.350043386220932 0.4027092158794403 
vt 0.3989703357219696 0.3536761701107025 
vt 0.350043386220932 0.4027092158794403 
vt 0.3989703357219696 0.3536761701107025 
vt 0.3745068609714508 0.4027092158794403 
vt 0.3745068609714508 0.4027092158794403 
vt 0.3989703357219696 0.4027092158794403 
vt 0.3989703357219696 0.3536761701107025 
vt 0.3989703357219696 0.4027092158794403 
vt 0.3989703357219696 0.3536761701107025 
vt 0.4235537350177765 0.4027092158794403 
vt 0.4235537350177765 0.4027092158794403 
vt 0.4480172097682953 0.4027092158794403 
vt 0.3989703357219696 0.3536761701107025 
vt 0.4480172097682953 0.4027092158794403 
vt 0.3989703357219696 0.3536761701107025 
vt 0.4480172097682953 0.3781926929950714 
vt 0.6528388857841492 0.521926760673523 
vt 0.6403672695159912 0.5292577147483826 
vt 0.6573957800865173 0.5339446663856506 
vt 0.6573957800865173 0.5339446663856506 
vt 0.6546376347541809 0.5450011491775513 
vt 0.6403672695159912 0.5292577147483826 
vt 0.6546376347541809 0.5450011491775513 
vt 0.6403672695159912 0.5292577147483826 
vt 0.6573957800865173 0.5339446663856506 
vt 0.6573957800865173 0.5339446663856506 
vt 0.6528388857841492 0.521926760673523 
vt 0.6403672695159912 0.5292577147483826 
vt 0.6528388857841492 0.521926760673523 
vt 0.6414465308189392 0.5118317604064941 
vt 0.6403672695159912 0.5292577147483826 
vt 0.6328123807907104 0.5151967406272888 
vt 0.6403672695159912 0.5292577147483826 
vt 0.6414465308189392 0.5118317604064941 
vt 0.6414465308189392 0.5118317604064941 
vt 0.6528388857841492 0.521926760673523 
vt 0.6403672695159912 0.5292577147483826 
vt 0.6915727257728577 0.5601437091827393 
vt 0.6894141435623169 0.5514907836914062 
vt 0.6854568123817444 0.5553365349769592 
vt 0.7449366450309753 0.4821475148200989 
vt 0.7527313828468323 0.5019770860671997 
vt 0.7783940434455872 0.48539236187934875 
vt 0.7527313828468323 0.5019770860671997 
vt 0.7783940434455872 0.48539236187934875 
vt 0.7699997425079346 0.5185617804527283 
vt 0.7699997425079346 0.5185617804527283 
vt 0.7527313828468323 0.5019770860671997 
vt 0.7783940434455872 0.48539236187934875 
vt 0.7527313828468323 0.5019770860671997 
vt 0.7783940434455872 0.48539236187934875 
vt 0.7449366450309753 0.4821475148200989 
vt 0.7297069430351257 0.40186795592308044 
vt 0.7479346394538879 0.40258902311325073 
vt 0.7329447269439697 0.41364550590515137 
vt 0.7297069430351257 0.40186795592308044 
vt 0.7285077571868896 0.3884079158306122 
vt 0.7479346394538879 0.40258902311325073 
vt 0.6992475390434265 0.5216864347457886 
vt 0.6840177774429321 0.5263733863830566 
vt 0.6871356964111328 0.542837917804718 
vt 0.6698673367500305 0.5316612720489502 
vt 0.6871356964111328 0.542837917804718 
vt 0.6840177774429321 0.5263733863830566 
vt 0.6915727257728577 0.5601437091827393 
vt 0.6938511729240417 0.5537742376327515 
vt 0.6894141435623169 0.5514907836914062 
vt 0.7329447269439697 0.41364550590515137 
vt 0.7297069430351257 0.40186795592308044 
vt 0.7479346394538879 0.40258902311325073 
vt 0.7479346394538879 0.40258902311325073 
vt 0.7297069430351257 0.40186795592308044 
vt 0.7285077571868896 0.3884079158306122 
vt 0.6524791121482849 0.404752254486084 
vt 0.668428361415863 0.3951379358768463 
vt 0.6731051802635193 0.4078769087791443 
vt 0.6780218482017517 0.48046502470970154 
vt 0.6981682181358337 0.46520230174064636 
vt 0.680540144443512 0.4591933488845825 
vt 0.680540144443512 0.4591933488845825 
vt 0.6780218482017517 0.48046502470970154 
vt 0.6981682181358337 0.46520230174064636 
vt 0.6840177774429321 0.5263733863830566 
vt 0.6698673367500305 0.5316612720489502 
vt 0.6871356964111328 0.542837917804718 
vt 0.6840177774429321 0.5263733863830566 
vt 0.6871356964111328 0.542837917804718 
vt 0.6992475390434265 0.5216864347457886 
vt 0.6414465308189392 0.5118317604064941 
vt 0.6328123807907104 0.5151967406272888 
vt 0.6403672695159912 0.5292577147483826 
vt 0.6731051802635193 0.4078769087791443 
vt 0.668428361415863 0.3951379358768463 
vt 0.6524791121482849 0.404752254486084 
vt 0.6775421500205994 0.42061588168144226 
vt 0.6585949659347534 0.420856237411499 
vt 0.6524791121482849 0.404752254486084 
vt 0.6585949659347534 0.420856237411499 
vt 0.6524791121482849 0.404752254486084 
vt 0.6775421500205994 0.42061588168144226 
vt 0.6775421500205994 0.42061588168144226 
vt 0.6731051802635193 0.4078769087791443 
vt 0.6524791121482849 0.404752254486084 
vt 0.6775421500205994 0.42061588168144226 
vt 0.6731051802635193 0.4078769087791443 
vt 0.6524791121482849 0.404752254486084 
vt 0.6854568123817444 0.5553365349769592 
vt 0.6915727257728577 0.5601437091827393 
vt 0.6894141435623169 0.5514907836914062 
vt 0.6938511729240417 0.5537742376327515 
vt 0.6894141435623169 0.5514907836914062 
vt 0.6915727257728577 0.5601437091827393 
vt 0.9351282119750977 0.8068711757659912 
vt 0.946760356426239 0.8245375156402588 
vt 0.9517969489097595 0.8014631271362305 
vt 0.9517969489097595 0.8014631271362305 
vt 0.9666668772697449 0.805789589881897 
vt 0.946760356426239 0.8245375156402588 
vt 0.9666668772697449 0.805789589881897 
vt 0.946760356426239 0.8245375156402588 
vt 0.9517969489097595 0.8014631271362305 
vt 0.9517969489097595 0.8014631271362305 
vt 0.9351282119750977 0.8068711757659912 
vt 0.946760356426239 0.8245375156402588 
vt 0.9351282119750977 0.8068711757659912 
vt 0.9224167466163635 0.8227348327636719 
vt 0.946760356426239 0.8245375156402588 
vt 0.9274533987045288 0.8348729014396667 
vt 0.946760356426239 0.8245375156402588 
vt 0.9224167466163635 0.8227348327636719 
vt 0.9224167466163635 0.8227348327636719 
vt 0.9351282119750977 0.8068711757659912 
vt 0.946760356426239 0.8245375156402588 
vt 0.9665469527244568 0.7615637183189392 
vt 0.9902909398078918 0.7568767070770264 
vt 0.9762604236602783 0.7724999785423279 
vt 0.9902909398078918 0.7568767070770264 
vt 0.9762604236602783 0.7724999785423279 
vt 0.9665469527244568 0.7615637183189392 
vt 0.8847622275352478 0.6844087839126587 
vt 0.8853617906570435 0.6400627493858337 
vt 0.9107846617698669 0.6725110411643982 
vt 0.9107846617698669 0.6725110411643982 
vt 0.9213374853134155 0.6603729724884033 
vt 0.8853617906570435 0.6400627493858337 
vt 0.9317704439163208 0.6483550667762756 
vt 0.8853617906570435 0.6400627493858337 
vt 0.9213374853134155 0.6603729724884033 
vt 0.9107846617698669 0.6725110411643982 
vt 0.8847622275352478 0.6844087839126587 
vt 0.8853617906570435 0.6400627493858337 
vt 0.8286401033401489 0.7365664839744568 
vt 0.8252823948860168 0.7180588841438293 
vt 0.7986603379249573 0.7383691668510437 
vt 0.7677212357521057 0.7526704668998718 
vt 0.7889469265937805 0.7711780071258545 
vt 0.7971014380455017 0.753872275352478 
vt 0.7986603379249573 0.7383691668510437 
vt 0.7942233681678772 0.7202221155166626 
vt 0.8252823948860168 0.7180588841438293 
vt 0.7677212357521057 0.7526704668998718 
vt 0.7986603379249573 0.7383691668510437 
vt 0.7971014380455017 0.753872275352478 
vt 0.76808100938797 0.7351243495941162 
vt 0.7942233681678772 0.7202221155166626 
vt 0.7809123396873474 0.702675998210907 
vt 0.7677212357521057 0.7526704668998718 
vt 0.7889469265937805 0.7711780071258545 
vt 0.7672415971755981 0.7633664011955261 
vt 0.76808100938797 0.7351243495941162 
vt 0.7624448537826538 0.7257503867149353 
vt 0.7809123396873474 0.702675998210907 
vt 0.7971014380455017 0.753872275352478 
vt 0.7986603379249573 0.7383691668510437 
vt 0.7677212357521057 0.7526704668998718 
vt 0.7971014380455017 0.753872275352478 
vt 0.7677212357521057 0.7526704668998718 
vt 0.7889469265937805 0.7711780071258545 
vt 0.9389656186103821 0.7443780899047852 
vt 0.9442420601844788 0.7652892470359802 
vt 0.9665469527244568 0.7615637183189392 
vt 0.949998140335083 0.7843977212905884 
vt 0.9665469527244568 0.7615637183189392 
vt 0.9442420601844788 0.7652892470359802 
vt 0.9665469527244568 0.7615637183189392 
vt 0.9733823537826538 0.7495458126068115 
vt 0.9902909398078918 0.7568767070770264 
vt 0.9902909398078918 0.7568767070770264 
vt 0.9665469527244568 0.7615637183189392 
vt 0.9733823537826538 0.7495458126068115 
vt 0.7942233681678772 0.7202221155166626 
vt 0.7809123396873474 0.702675998210907 
vt 0.76808100938797 0.7351243495941162 
vt 0.7809123396873474 0.702675998210907 
vt 0.7624448537826538 0.7257503867149353 
vt 0.76808100938797 0.7351243495941162 
vt 0.7889469265937805 0.7711780071258545 
vt 0.7677212357521057 0.7526704668998718 
vt 0.7672415971755981 0.7633664011955261 
vt 0.7450565695762634 0.7571170926094055 
vt 0.7458959817886353 0.7473825812339783 
vt 0.7106398344039917 0.7663708925247192 
vt 0.7458959817886353 0.7473825812339783 
vt 0.7106398344039917 0.7663708925247192 
vt 0.7450565695762634 0.7571170926094055 
vt 0.8797256350517273 0.7740623354911804 
vt 0.852384090423584 0.7710578441619873 
vt 0.8642560839653015 0.7495458126068115 
vt 0.8272010684013367 0.7661305069923401 
vt 0.8297193646430969 0.7549538612365723 
vt 0.7971014380455017 0.753872275352478 
vt 0.7971014380455017 0.753872275352478 
vt 0.8272010684013367 0.7661305069923401 
vt 0.8297193646430969 0.7549538612365723 
vt 0.852384090423584 0.7710578441619873 
vt 0.8642560839653015 0.7495458126068115 
vt 0.8797256350517273 0.7740623354911804 
vt 0.9442420601844788 0.7652892470359802 
vt 0.9665469527244568 0.7615637183189392 
vt 0.949998140335083 0.7843977212905884 
vt 0.9442420601844788 0.7652892470359802 
vt 0.9389656186103821 0.7443780899047852 
vt 0.9665469527244568 0.7615637183189392 
vt 0.9105448126792908 0.8542217016220093 
vt 0.9157013297080994 0.8395598530769348 
vt 0.9188191890716553 0.8443670272827148 
vt 0.9224167466163635 0.8227348327636719 
vt 0.9274533987045288 0.8348729014396667 
vt 0.946760356426239 0.8245375156402588 
vt 0.9105448126792908 0.8542217016220093 
vt 0.9157013297080994 0.8395598530769348 
vt 0.9080265164375305 0.840761661529541 
vt 0.9188191890716553 0.8443670272827148 
vt 0.9105448126792908 0.8542217016220093 
vt 0.9157013297080994 0.8395598530769348 
vt 0.9080265164375305 0.840761661529541 
vt 0.9157013297080994 0.8395598530769348 
vt 0.9105448126792908 0.8542217016220093 
vt 0.09485575556755066 0.7090454697608948 
vt 0.08502239733934402 0.7258705496788025 
vt 0.10612814128398895 0.7207028269767761 
vt 0.10612814128398895 0.7207028269767761 
vt 0.10852652043104172 0.7346435785293579 
vt 0.08502239733934402 0.7258705496788025 
vt 0.10852652043104172 0.7346435785293579 
vt 0.08502239733934402 0.7258705496788025 
vt 0.10612814128398895 0.7207028269767761 
vt 0.10612814128398895 0.7207028269767761 
vt 0.09485575556755066 0.7090454697608948 
vt 0.08502239733934402 0.7258705496788025 
vt 0.09485575556755066 0.7090454697608948 
vt 0.07662806659936905 0.7049593925476074 
vt 0.08502239733934402 0.7258705496788025 
vt 0.06871341168880463 0.7140929698944092 
vt 0.08502239733934402 0.7258705496788025 
vt 0.07662806659936905 0.7049593925476074 
vt 0.07662806659936905 0.7049593925476074 
vt 0.09485575556755066 0.7090454697608948 
vt 0.08502239733934402 0.7258705496788025 
vt 0.14486198127269745 0.7166167497634888 
vt 0.15841282904148102 0.7342830896377563 
vt 0.13982537388801575 0.7289952039718628 
vt 0.15841282904148102 0.7342830896377563 
vt 0.13982537388801575 0.7289952039718628 
vt 0.14486198127269745 0.7166167497634888 
vt 0.17544132471084595 0.6179497838020325 
vt 0.21225646138191223 0.600523829460144 
vt 0.19546779990196228 0.6353757381439209 
vt 0.19546779990196228 0.6353757381439209 
vt 0.210577592253685 0.6410241723060608 
vt 0.21225646138191223 0.600523829460144 
vt 0.22424834966659546 0.6453506350517273 
vt 0.21225646138191223 0.600523829460144 
vt 0.210577592253685 0.6410241723060608 
vt 0.19546779990196228 0.6353757381439209 
vt 0.17544132471084595 0.6179497838020325 
vt 0.21225646138191223 0.600523829460144 
vt 0.10912611335515976 0.5931929349899292 
vt 0.12363631278276443 0.5826171636581421 
vt 0.09617486596107483 0.5689167380332947 
vt 0.07183130830526352 0.5492073893547058 
vt 0.06511584669351578 0.5742046236991882 
vt 0.08274393528699875 0.5738440752029419 
vt 0.09617486596107483 0.5689167380332947 
vt 0.10924603790044785 0.5578603148460388 
vt 0.12363631278276443 0.5826171636581421 
vt 0.07183130830526352 0.5492073893547058 
vt 0.09617486596107483 0.5689167380332947 
vt 0.08274393528699875 0.5738440752029419 
vt 0.08646142482757568 0.5423572063446045 
vt 0.10924603790044785 0.5578603148460388 
vt 0.11835987865924835 0.5398334264755249 
vt 0.07183130830526352 0.5492073893547058 
vt 0.06511584669351578 0.5742046236991882 
vt 0.06271746754646301 0.553173303604126 
vt 0.08646142482757568 0.5423572063446045 
vt 0.09185778349637985 0.5338245034217834 
vt 0.11835987865924835 0.5398334264755249 
vt 0.08274393528699875 0.5738440752029419 
vt 0.09617486596107483 0.5689167380332947 
vt 0.07183130830526352 0.5492073893547058 
vt 0.08274393528699875 0.5738440752029419 
vt 0.07183130830526352 0.5492073893547058 
vt 0.06511584669351578 0.5742046236991882 
vt 0.14785996079444885 0.6869325637817383 
vt 0.13287007808685303 0.6996715068817139 
vt 0.14486198127269745 0.7166167497634888 
vt 0.11943914741277695 0.7121701240539551 
vt 0.14486198127269745 0.7166167497634888 
vt 0.13287007808685303 0.6996715068817139 
vt 0.14486198127269745 0.7166167497634888 
vt 0.1576933115720749 0.7174580097198486 
vt 0.15841282904148102 0.7342830896377563 
vt 0.15841282904148102 0.7342830896377563 
vt 0.14486198127269745 0.7166167497634888 
vt 0.1576933115720749 0.7174580097198486 
vt 0.10924603790044785 0.5578603148460388 
vt 0.11835987865924835 0.5398334264755249 
vt 0.08646142482757568 0.5423572063446045 
vt 0.11835987865924835 0.5398334264755249 
vt 0.09185778349637985 0.5338245034217834 
vt 0.08646142482757568 0.5423572063446045 
vt 0.06511584669351578 0.5742046236991882 
vt 0.07183130830526352 0.5492073893547058 
vt 0.06271746754646301 0.553173303604126 
vt 0.05899997428059578 0.5322621464729309 
vt 0.06739430129528046 0.5290173292160034 
vt 0.037534475326538086 0.5077456831932068 
vt 0.06739430129528046 0.5290173292160034 
vt 0.037534475326538086 0.5077456831932068 
vt 0.05899997428059578 0.5322621464729309 
vt 0.0995325967669487 0.6501577496528625 
vt 0.09101834893226624 0.6263623237609863 
vt 0.11344320327043533 0.6274439096450806 
vt 0.08490248024463654 0.6036484837532043 
vt 0.09509559720754623 0.6012449264526367 
vt 0.08274393528699875 0.5738440752029419 
vt 0.08274393528699875 0.5738440752029419 
vt 0.08490248024463654 0.6036484837532043 
vt 0.09509559720754623 0.6012449264526367 
vt 0.09101834893226624 0.6263623237609863 
vt 0.11344320327043533 0.6274439096450806 
vt 0.0995325967669487 0.6501577496528625 
vt 0.13287007808685303 0.6996715068817139 
vt 0.14486198127269745 0.7166167497634888 
vt 0.11943914741277695 0.7121701240539551 
vt 0.13287007808685303 0.6996715068817139 
vt 0.14785996079444885 0.6869325637817383 
vt 0.14486198127269745 0.7166167497634888 
vt 0.04592880234122276 0.7079638838768005 
vt 0.06007924675941467 0.7062813639640808 
vt 0.05744102969765663 0.7108481526374817 
vt 0.07662806659936905 0.7049593925476074 
vt 0.06871341168880463 0.7140929698944092 
vt 0.08502239733934402 0.7258705496788025 
vt 0.04592880234122276 0.7079638838768005 
vt 0.06007924675941467 0.7062813639640808 
vt 0.05612191930413246 0.7005127668380737 
vt 0.05744102969765663 0.7108481526374817 
vt 0.04592880234122276 0.7079638838768005 
vt 0.06007924675941467 0.7062813639640808 
vt 0.05612191930413246 0.7005127668380737 
vt 0.06007924675941467 0.7062813639640808 
vt 0.04592880234122276 0.7079638838768005 
vt 0.09617486596107483 0.5689167380332947 
vt 0.10924603790044785 0.5578603148460388 
vt 0.12363631278276443 0.5826171636581421 
vt 0.10924603790044785 0.5578603148460388 
vt 0.12363631278276443 0.5826171636581421 
vt 0.1332298368215561 0.5744450092315674 
vt 0.09617486596107483 0.5689167380332947 
vt 0.10912611335515976 0.5927122235298157 
vt 0.12363631278276443 0.5826171636581421 
vt 0.12363631278276443 0.5826171636581421 
vt 0.10924603790044785 0.5578603148460388 
vt 0.1332298368215561 0.5744450092315674 
vt 0.7942233681678772 0.7202221155166626 
vt 0.82192462682724 0.7048392295837402 
vt 0.8252823948860168 0.7180588841438293 
vt 0.7986603379249573 0.7383691668510437 
vt 0.8252823948860168 0.7180588841438293 
vt 0.7942233681678772 0.7202221155166626 
vt 0.8252823948860168 0.7180588841438293 
vt 0.82192462682724 0.7048392295837402 
vt 0.7942233681678772 0.7202221155166626 
vt 0.7986603379249573 0.7383691668510437 
vt 0.8252823948860168 0.7180588841438293 
vt 0.8282803893089294 0.7363260984420776 
vt 0.9546749591827393 0.7410131096839905 
vt 0.9389656186103821 0.7443780899047852 
vt 0.9665469527244568 0.7615637183189392 
vt 0.9213374853134155 0.6603729724884033 
vt 0.8853617906570435 0.6400627493858337 
vt 0.9317704439163208 0.6483550667762756 
vt 0.9213374853134155 0.6603729724884033 
vt 0.9107846617698669 0.6725110411643982 
vt 0.8853617906570435 0.6400627493858337 
vt 0.210577592253685 0.6410241723060608 
vt 0.21225646138191223 0.600523829460144 
vt 0.22424834966659546 0.6453506350517273 
vt 0.210577592253685 0.6410241723060608 
vt 0.19546779990196228 0.6353757381439209 
vt 0.21225646138191223 0.600523829460144 
vt 0.15709371864795685 0.6984696984291077 
vt 0.14486198127269745 0.7166167497634888 
vt 0.14785996079444885 0.6869325637817383 
vt 0.9629493951797485 0.9645460247993469 
vt 0.9824962019920349 0.9645460247993469 
vt 0.9629493951797485 0.9663487076759338 
vt 0.9824962019920349 0.9663487076759338 
vt 0.9629493951797485 0.9680312275886536 
vt 0.9824962019920349 0.9680312275886536 
vt 0.9629493951797485 0.9698339104652405 
vt 0.9824962019920349 0.9698339104652405 
vt 0.9629493951797485 0.9716365933418274 
vt 0.9824962019920349 0.9716365933418274 
vt 0.9629493951797485 0.9734392762184143 
vt 0.9824962019920349 0.9734392762184143 
vt 0.9629493951797485 0.975121796131134 
vt 0.9824962019920349 0.975121796131134 
vt 0.9629493951797485 0.976924479007721 
vt 0.9824962019920349 0.976924479007721 
vt 0.9629493951797485 0.9787271618843079 
vt 0.9824962019920349 0.9787271618843079 
vt 0.9629493951797485 0.9805298447608948 
vt 0.9824962019920349 0.9805298447608948 
vt 0.9629493951797485 0.9822123646736145 
vt 0.9824962019920349 0.9822123646736145 
vt 0.9629493951797485 0.9840150475502014 
vt 0.9824962019920349 0.9840150475502014 
vt 0.9629493951797485 0.9858177304267883 
vt 0.9824962019920349 0.9858177304267883 
vt 0.5576231479644775 0.4197746217250824 
vt 0.5710541009902954 0.3429802358150482 
vt 0.6298143863677979 0.44008487462997437 
vt 0.6445644497871399 0.340456485748291 
vt 0.5498284697532654 0.2506827712059021 
vt 0.616743266582489 0.22147928178310394 
vt 0.4939461946487427 0.17821483314037323 
vt 0.545991063117981 0.12641768157482147 
vt 0.42379358410835266 0.1318257451057434 
vt 0.4568912088871002 0.06560711562633514 
vt 0.37414711713790894 0.6994311809539795 
vt 0.38002315163612366 0.6243192553520203 
vt 0.2942810654640198 0.652441143989563 
vt 0.3245006501674652 0.581655740737915 
vt 0.22760608792304993 0.6028072237968445 
vt 0.27125659584999084 0.5437993407249451 
vt 0.19294950366020203 0.441166490316391 
vt 0.13275015354156494 0.48467129468917847 
vt 0.13586805760860443 0.35848334431648254 
vt 0.06775406002998352 0.38287967443466187 
vt 0.11823996156454086 0.2934665083885193 
vt 0.043770261108875275 0.3004368841648102 
vt 0.10289032757282257 0.22039766609668732 
vt 0.032977551221847534 0.21378782391548157 
vt 0.42379358410835266 0.1318257451057434 
vt 0.3355332016944885 0.10118009895086288 
vt 0.4568912088871002 0.06560711562633514 
vt 0.34740516543388367 0.027390191331505775 
vt 0.5576231479644775 0.4197746217250824 
vt 0.6298143863677979 0.44008487462997437 
vt 0.5294421911239624 0.48226770758628845 
vt 0.5956375002861023 0.5188021063804626 
vt 0.5545052886009216 0.5841795206069946 
vt 0.4939461946487427 0.5349060893058777 
vt 0.4734400510787964 0.5856216549873352 
vt 0.5199686288833618 0.6461918354034424 
vt 0.45221439003944397 0.7018347382545471 
vt 0.4306289553642273 0.6305685639381409 
vt 0.37414711713790894 0.6994311809539795 
vt 0.38002315163612366 0.6243192553520203 
vt 0.04736783355474472 0.1438436359167099 
vt 0.032977551221847534 0.21378782391548157 
vt 0.11332327872514725 0.17244625091552734 
vt 0.10289032757282257 0.22039766609668732 
vt 0.2694578170776367 0.09264738857746124 
vt 0.3355332016944885 0.10118009895086288 
vt 0.26274237036705017 0.017655692994594574 
vt 0.34740516543388367 0.027390191331505775 
vt 0.13874611258506775 0.22832947969436646 
vt 0.2735350728034973 0.23842450976371765 
vt 0.15061809122562408 0.1758112609386444 
vt 0.22736625373363495 0.15874584019184113 
vt 0.13562822341918945 0.13326789438724518 
vt 0.07758741825819016 0.08315324783325195 
vt 0.11332327872514725 0.17244625091552734 
vt 0.04736783355474472 0.1438436359167099 
vt 0.17016488313674927 0.02666911855340004 
vt 0.19654706120491028 0.0985361635684967 
vt 0.26274237036705017 0.017655692994594574 
vt 0.2694578170776367 0.09264738857746124 
vt 0.07758741825819016 0.08315324783325195 
vt 0.13562822341918945 0.13326789438724518 
vt 0.11919931322336197 0.0432538203895092 
vt 0.16189047694206238 0.10598725825548172 
vt 0.17016488313674927 0.02666911855340004 
vt 0.19654706120491028 0.0985361635684967 
vt 0.5199686288833618 0.4089585244655609 
vt 0.5576231479644775 0.4197746217250824 
vt 0.5372369289398193 0.35788244009017944 
vt 0.5710541009902954 0.3429802358150482 
vt 0.5372369289398193 0.35788244009017944 
vt 0.5710541009902954 0.3429802358150482 
vt 0.5169706344604492 0.26726746559143066 
vt 0.5498284697532654 0.2506827712059021 
vt 0.5169706344604492 0.26726746559143066 
vt 0.5498284697532654 0.2506827712059021 
vt 0.4610883891582489 0.19672240316867828 
vt 0.4939461946487427 0.17821483314037323 
vt 0.4610883891582489 0.19672240316867828 
vt 0.4939461946487427 0.17821483314037323 
vt 0.40964314341545105 0.1677592694759369 
vt 0.42379358410835266 0.1318257451057434 
vt 0.3030351400375366 0.5244505405426025 
vt 0.27125659584999084 0.5437993407249451 
vt 0.3472852408885956 0.546563446521759 
vt 0.3245006501674652 0.581655740737915 
vt 0.22820568084716797 0.4209764301776886 
vt 0.19294950366020203 0.441166490316391 
vt 0.3030351400375366 0.5244505405426025 
vt 0.27125659584999084 0.5437993407249451 
vt 0.16632747650146484 0.3375721871852875 
vt 0.13586805760860443 0.35848334431648254 
vt 0.22820568084716797 0.4209764301776886 
vt 0.19294950366020203 0.441166490316391 
vt 0.13874611258506775 0.22832947969436646 
vt 0.10289032757282257 0.22039766609668732 
vt 0.1575733870267868 0.2828907370567322 
vt 0.11823996156454086 0.2934665083885193 
vt 0.40964314341545105 0.1677592694759369 
vt 0.42379358410835266 0.1318257451057434 
vt 0.32318153977394104 0.138075053691864 
vt 0.3355332016944885 0.10118009895086288 
vt 0.5576231479644775 0.4197746217250824 
vt 0.5199686288833618 0.4089585244655609 
vt 0.5294421911239624 0.48226770758628845 
vt 0.5049787163734436 0.451141357421875 
vt 0.4939461946487427 0.5349060893058777 
vt 0.4571310579776764 0.5112308263778687 
vt 0.4734400510787964 0.5856216549873352 
vt 0.45125502347946167 0.5537742376327515 
vt 0.4306289553642273 0.6305685639381409 
vt 0.4227142930030823 0.5959570407867432 
vt 0.38002315163612366 0.6243192553520203 
vt 0.3838605582714081 0.5873041749000549 
vt 0.3472852408885956 0.546563446521759 
vt 0.3245006501674652 0.581655740737915 
vt 0.3838605582714081 0.5873041749000549 
vt 0.38002315163612366 0.6243192553520203 
vt 0.10289032757282257 0.22039766609668732 
vt 0.13874611258506775 0.22832947969436646 
vt 0.11332327872514725 0.17244625091552734 
vt 0.15061809122562408 0.1758112609386444 
vt 0.32318153977394104 0.138075053691864 
vt 0.3355332016944885 0.10118009895086288 
vt 0.25710615515708923 0.1287010908126831 
vt 0.2694578170776367 0.09264738857746124 
vt 0.16189047694206238 0.10598725825548172 
vt 0.18839257955551147 0.13338807225227356 
vt 0.19654706120491028 0.0985361635684967 
vt 0.21417516469955444 0.13458986580371857 
vt 0.13562822341918945 0.13326789438724518 
vt 0.1708844006061554 0.15093420445919037 
vt 0.16189047694206238 0.10598725825548172 
vt 0.18839257955551147 0.13338807225227356 
vt 0.11332327872514725 0.17244625091552734 
vt 0.15061809122562408 0.1758112609386444 
vt 0.13562822341918945 0.13326789438724518 
vt 0.1708844006061554 0.15093420445919037 
vt 0.25710615515708923 0.1287010908126831 
vt 0.2694578170776367 0.09264738857746124 
vt 0.21417516469955444 0.13458986580371857 
vt 0.19654706120491028 0.0985361635684967 
vt 0.13586805760860443 0.35848334431648254 
vt 0.16632747650146484 0.3375721871852875 
vt 0.11823996156454086 0.2934665083885193 
vt 0.1575733870267868 0.2828907370567322 
vt 0.5294421911239624 0.48226770758628845 
vt 0.5049787163734436 0.451141357421875 
vt 0.4939461946487427 0.5349060893058777 
vt 0.4571310579776764 0.5112308263778687 
vt 0.4734400510787964 0.5856216549873352 
vt 0.45125502347946167 0.5537742376327515 
vt 0.4306289553642273 0.6305685639381409 
vt 0.4227142930030823 0.5959570407867432 
vt 0.023983627557754517 0.5544952750205994 
vt 0.012111646123230457 0.5937938094139099 
vt 0.030219415202736855 0.5550962090492249 
vt 0.04089220613241196 0.5928323864936829 
vt 0.010792536661028862 0.6457111239433289 
vt 0.047727588564157486 0.6398223638534546 
vt 0.018107596784830093 0.6800823211669922 
vt 0.05024588853120804 0.6785200238227844 
vt 0.040412530303001404 0.6925809383392334 
vt 0.030219415202736855 0.6934221982955933 
vt 0.01690840534865856 0.433595210313797 
vt 0.032258037477731705 0.433595210313797 
vt 0.01690840534865856 0.322910338640213 
vt 0.032258037477731705 0.322910338640213 
vt 0.023983627557754517 0.5544952750205994 
vt 0.012111646123230457 0.5937938094139099 
vt 0.030219415202736855 0.5550962090492249 
vt 0.04089220613241196 0.5928323864936829 
vt 0.010792536661028862 0.6457111239433289 
vt 0.047727588564157486 0.6398223638534546 
vt 0.018107596784830093 0.6800823211669922 
vt 0.05024588853120804 0.6785200238227844 
vt 0.040412530303001404 0.6925809383392334 
vt 0.030219415202736855 0.6934221982955933 
vt 0.01690840534865856 0.433595210313797 
vt 0.032258037477731705 0.433595210313797 
vt 0.01690840534865856 0.322910338640213 
vt 0.032258037477731705 0.322910338640213 
vt 0.023983627557754517 0.5544952750205994 
vt 0.012111646123230457 0.5937938094139099 
vt 0.030219415202736855 0.5550962090492249 
vt 0.04089220613241196 0.5928323864936829 
vt 0.010792536661028862 0.6457111239433289 
vt 0.047727588564157486 0.6398223638534546 
vt 0.018107596784830093 0.6800823211669922 
vt 0.05024588853120804 0.6785200238227844 
vt 0.040412530303001404 0.6925809383392334 
vt 0.030219415202736855 0.6934221982955933 
vt 0.01690840534865856 0.433595210313797 
vt 0.032258037477731705 0.433595210313797 
vt 0.01690840534865856 0.322910338640213 
vt 0.032258037477731705 0.322910338640213 
vt 0.023983627557754517 0.5544952750205994 
vt 0.012111646123230457 0.5937938094139099 
vt 0.030219415202736855 0.5550962090492249 
vt 0.04089220613241196 0.5928323864936829 
vt 0.010792536661028862 0.6457111239433289 
vt 0.047727588564157486 0.6398223638534546 
vt 0.018107596784830093 0.6800823211669922 
vt 0.05024588853120804 0.6785200238227844 
vt 0.040412530303001404 0.6925809383392334 
vt 0.030219415202736855 0.6934221982955933 
vt 0.01690840534865856 0.433595210313797 
vt 0.032258037477731705 0.433595210313797 
vt 0.01690840534865856 0.322910338640213 
vt 0.032258037477731705 0.322910338640213 
vt 0.7240707278251648 0.5808144807815552 
vt 0.8501056432723999 0.608095109462738 
vt 0.7763554453849792 0.53815096616745 
vt 0.9052683711051941 0.5325025320053101 
vt 0.8161685466766357 0.48358967900276184 
vt 0.9394452571868896 0.4454929232597351 
vt 0.8408718705177307 0.420856237411499 
vt 0.9503579139709473 0.35271474719047546 
vt 0.8487865328788757 0.3537963628768921 
vt 0.9374066591262817 0.260056734085083 
vt 0.8394328355789185 0.2869768440723419 
vt 0.9013110399246216 0.17376820743083954 
vt 0.8134104013442993 0.224844291806221 
vt 0.8443495035171509 0.09961777180433273 
vt 0.7723981142044067 0.17136463522911072 
vt 0.770359456539154 0.042292386293411255 
vt 0.7190341353416443 0.13014324009418488 
vt 0.6841377019882202 0.005878150928765535 
vt 0.656916081905365 0.10394421219825745 
vt 0.5900012850761414 0.0047965398989617825 
vt 0.5916801691055298 0.09445007145404816 
vt 0.7777944803237915 0.6671029925346375 
vt 0.662672221660614 0.6089363694190979 
vt 0.6928918361663818 0.7060409784317017 
vt 0.5975562334060669 0.6221560835838318 
vt 0.5983956456184387 0.705440104007721 
vt 0.5576231479644775 0.4197746217250824 
vt 0.5710541009902954 0.3429802358150482 
vt 0.6298143863677979 0.44008487462997437 
vt 0.6445644497871399 0.340456485748291 
vt 0.5498284697532654 0.2506827712059021 
vt 0.616743266582489 0.22147928178310394 
vt 0.4939461946487427 0.17821483314037323 
vt 0.545991063117981 0.12641768157482147 
vt 0.42379358410835266 0.1318257451057434 
vt 0.4568912088871002 0.06560711562633514 
vt 0.37414711713790894 0.6994311809539795 
vt 0.38002315163612366 0.6243192553520203 
vt 0.2942810654640198 0.652441143989563 
vt 0.3245006501674652 0.581655740737915 
vt 0.22760608792304993 0.6028072237968445 
vt 0.27125659584999084 0.5437993407249451 
vt 0.19294950366020203 0.441166490316391 
vt 0.13275015354156494 0.48467129468917847 
vt 0.13586805760860443 0.35848334431648254 
vt 0.06775406002998352 0.38287967443466187 
vt 0.11823996156454086 0.2934665083885193 
vt 0.043770261108875275 0.3004368841648102 
vt 0.10289032757282257 0.22039766609668732 
vt 0.032977551221847534 0.21378782391548157 
vt 0.42379358410835266 0.1318257451057434 
vt 0.3355332016944885 0.10118009895086288 
vt 0.4568912088871002 0.06560711562633514 
vt 0.34740516543388367 0.027390191331505775 
vt 0.5576231479644775 0.4197746217250824 
vt 0.6298143863677979 0.44008487462997437 
vt 0.5294421911239624 0.48226770758628845 
vt 0.5956375002861023 0.5188021063804626 
vt 0.5545052886009216 0.5841795206069946 
vt 0.4939461946487427 0.5349060893058777 
vt 0.4734400510787964 0.5856216549873352 
vt 0.5199686288833618 0.6461918354034424 
vt 0.45221439003944397 0.7018347382545471 
vt 0.4306289553642273 0.6305685639381409 
vt 0.37414711713790894 0.6994311809539795 
vt 0.38002315163612366 0.6243192553520203 
vt 0.04736783355474472 0.1438436359167099 
vt 0.032977551221847534 0.21378782391548157 
vt 0.11332327872514725 0.17244625091552734 
vt 0.10289032757282257 0.22039766609668732 
vt 0.2694578170776367 0.09264738857746124 
vt 0.3355332016944885 0.10118009895086288 
vt 0.26274237036705017 0.017655692994594574 
vt 0.34740516543388367 0.027390191331505775 
vt 0.13874611258506775 0.22832947969436646 
vt 0.2735350728034973 0.23842450976371765 
vt 0.15061809122562408 0.1758112609386444 
vt 0.22736625373363495 0.15874584019184113 
vt 0.13562822341918945 0.13326789438724518 
vt 0.07758741825819016 0.08315324783325195 
vt 0.11332327872514725 0.17244625091552734 
vt 0.04736783355474472 0.1438436359167099 
vt 0.17016488313674927 0.02666911855340004 
vt 0.19654706120491028 0.0985361635684967 
vt 0.26274237036705017 0.017655692994594574 
vt 0.2694578170776367 0.09264738857746124 
vt 0.07758741825819016 0.08315324783325195 
vt 0.13562822341918945 0.13326789438724518 
vt 0.11919931322336197 0.0432538203895092 
vt 0.16189047694206238 0.10598725825548172 
vt 0.17016488313674927 0.02666911855340004 
vt 0.19654706120491028 0.0985361635684967 
vt 0.5199686288833618 0.4089585244655609 
vt 0.5576231479644775 0.4197746217250824 
vt 0.5372369289398193 0.35788244009017944 
vt 0.5710541009902954 0.3429802358150482 
vt 0.5372369289398193 0.35788244009017944 
vt 0.5710541009902954 0.3429802358150482 
vt 0.5169706344604492 0.26726746559143066 
vt 0.5498284697532654 0.2506827712059021 
vt 0.5169706344604492 0.26726746559143066 
vt 0.5498284697532654 0.2506827712059021 
vt 0.4610883891582489 0.19672240316867828 
vt 0.4939461946487427 0.17821483314037323 
vt 0.4610883891582489 0.19672240316867828 
vt 0.4939461946487427 0.17821483314037323 
vt 0.40964314341545105 0.1677592694759369 
vt 0.42379358410835266 0.1318257451057434 
vt 0.3030351400375366 0.5244505405426025 
vt 0.27125659584999084 0.5437993407249451 
vt 0.3472852408885956 0.546563446521759 
vt 0.3245006501674652 0.581655740737915 
vt 0.22820568084716797 0.4209764301776886 
vt 0.19294950366020203 0.441166490316391 
vt 0.3030351400375366 0.5244505405426025 
vt 0.27125659584999084 0.5437993407249451 
vt 0.16632747650146484 0.3375721871852875 
vt 0.13586805760860443 0.35848334431648254 
vt 0.22820568084716797 0.4209764301776886 
vt 0.19294950366020203 0.441166490316391 
vt 0.13874611258506775 0.22832947969436646 
vt 0.10289032757282257 0.22039766609668732 
vt 0.1575733870267868 0.2828907370567322 
vt 0.11823996156454086 0.2934665083885193 
vt 0.40964314341545105 0.1677592694759369 
vt 0.42379358410835266 0.1318257451057434 
vt 0.32318153977394104 0.138075053691864 
vt 0.3355332016944885 0.10118009895086288 
vt 0.5576231479644775 0.4197746217250824 
vt 0.5199686288833618 0.4089585244655609 
vt 0.5294421911239624 0.48226770758628845 
vt 0.5049787163734436 0.451141357421875 
vt 0.4939461946487427 0.5349060893058777 
vt 0.4571310579776764 0.5112308263778687 
vt 0.4734400510787964 0.5856216549873352 
vt 0.45125502347946167 0.5537742376327515 
vt 0.4306289553642273 0.6305685639381409 
vt 0.4227142930030823 0.5959570407867432 
vt 0.38002315163612366 0.6243192553520203 
vt 0.3838605582714081 0.5873041749000549 
vt 0.3472852408885956 0.546563446521759 
vt 0.3245006501674652 0.581655740737915 
vt 0.3838605582714081 0.5873041749000549 
vt 0.38002315163612366 0.6243192553520203 
vt 0.10289032757282257 0.22039766609668732 
vt 0.13874611258506775 0.22832947969436646 
vt 0.11332327872514725 0.17244625091552734 
vt 0.15061809122562408 0.1758112609386444 
vt 0.32318153977394104 0.138075053691864 
vt 0.3355332016944885 0.10118009895086288 
vt 0.25710615515708923 0.1287010908126831 
vt 0.2694578170776367 0.09264738857746124 
vt 0.16189047694206238 0.10598725825548172 
vt 0.18839257955551147 0.13338807225227356 
vt 0.19654706120491028 0.0985361635684967 
vt 0.21417516469955444 0.13458986580371857 
vt 0.13562822341918945 0.13326789438724518 
vt 0.1708844006061554 0.15093420445919037 
vt 0.16189047694206238 0.10598725825548172 
vt 0.18839257955551147 0.13338807225227356 
vt 0.11332327872514725 0.17244625091552734 
vt 0.15061809122562408 0.1758112609386444 
vt 0.13562822341918945 0.13326789438724518 
vt 0.1708844006061554 0.15093420445919037 
vt 0.25710615515708923 0.1287010908126831 
vt 0.2694578170776367 0.09264738857746124 
vt 0.21417516469955444 0.13458986580371857 
vt 0.19654706120491028 0.0985361635684967 
vt 0.13586805760860443 0.35848334431648254 
vt 0.16632747650146484 0.3375721871852875 
vt 0.11823996156454086 0.2934665083885193 
vt 0.1575733870267868 0.2828907370567322 
vt 0.5294421911239624 0.48226770758628845 
vt 0.5049787163734436 0.451141357421875 
vt 0.4939461946487427 0.5349060893058777 
vt 0.4571310579776764 0.5112308263778687 
vt 0.4734400510787964 0.5856216549873352 
vt 0.45125502347946167 0.5537742376327515 
vt 0.4306289553642273 0.6305685639381409 
vt 0.4227142930030823 0.5959570407867432 
vt 0.5576231479644775 0.4197746217250824 
vt 0.6298143863677979 0.44008487462997437 
vt 0.5710541009902954 0.3429802358150482 
vt 0.6445644497871399 0.340456485748291 
vt 0.5498284697532654 0.2506827712059021 
vt 0.616743266582489 0.22147928178310394 
vt 0.4939461946487427 0.17821483314037323 
vt 0.545991063117981 0.12641768157482147 
vt 0.42379358410835266 0.1318257451057434 
vt 0.4568912088871002 0.06560711562633514 
vt 0.37414711713790894 0.6994311809539795 
vt 0.38002315163612366 0.6243192553520203 
vt 0.2942810654640198 0.652441143989563 
vt 0.3245006501674652 0.581655740737915 
vt 0.22760608792304993 0.6028072237968445 
vt 0.27125659584999084 0.5437993407249451 
vt 0.19294950366020203 0.441166490316391 
vt 0.13275015354156494 0.48467129468917847 
vt 0.13586805760860443 0.35848334431648254 
vt 0.06775406002998352 0.38287967443466187 
vt 0.11823996156454086 0.2934665083885193 
vt 0.043770261108875275 0.3004368841648102 
vt 0.10289032757282257 0.22039766609668732 
vt 0.032977551221847534 0.21378782391548157 
vt 0.42379358410835266 0.1318257451057434 
vt 0.3355332016944885 0.10118009895086288 
vt 0.4568912088871002 0.06560711562633514 
vt 0.34740516543388367 0.027390191331505775 
vt 0.5576231479644775 0.4197746217250824 
vt 0.6298143863677979 0.44008487462997437 
vt 0.5294421911239624 0.48226770758628845 
vt 0.5956375002861023 0.5188021063804626 
vt 0.5545052886009216 0.5841795206069946 
vt 0.4939461946487427 0.5349060893058777 
vt 0.4734400510787964 0.5856216549873352 
vt 0.5199686288833618 0.6461918354034424 
vt 0.45221439003944397 0.7018347382545471 
vt 0.4306289553642273 0.6305685639381409 
vt 0.37414711713790894 0.6994311809539795 
vt 0.38002315163612366 0.6243192553520203 
vt 0.04736783355474472 0.1438436359167099 
vt 0.032977551221847534 0.21378782391548157 
vt 0.11332327872514725 0.17244625091552734 
vt 0.10289032757282257 0.22039766609668732 
vt 0.2694578170776367 0.09264738857746124 
vt 0.3355332016944885 0.10118009895086288 
vt 0.26274237036705017 0.017655692994594574 
vt 0.34740516543388367 0.027390191331505775 
vt 0.13874611258506775 0.22832947969436646 
vt 0.2735350728034973 0.23842450976371765 
vt 0.15061809122562408 0.1758112609386444 
vt 0.22736625373363495 0.15874584019184113 
vt 0.13562822341918945 0.13326789438724518 
vt 0.07758741825819016 0.08315324783325195 
vt 0.11332327872514725 0.17244625091552734 
vt 0.04736783355474472 0.1438436359167099 
vt 0.17016488313674927 0.02666911855340004 
vt 0.19654706120491028 0.0985361635684967 
vt 0.26274237036705017 0.017655692994594574 
vt 0.2694578170776367 0.09264738857746124 
vt 0.07758741825819016 0.08315324783325195 
vt 0.13562822341918945 0.13326789438724518 
vt 0.11919931322336197 0.0432538203895092 
vt 0.16189047694206238 0.10598725825548172 
vt 0.17016488313674927 0.02666911855340004 
vt 0.19654706120491028 0.0985361635684967 
vt 0.5199686288833618 0.4089585244655609 
vt 0.5576231479644775 0.4197746217250824 
vt 0.5372369289398193 0.35788244009017944 
vt 0.5710541009902954 0.3429802358150482 
vt 0.5372369289398193 0.35788244009017944 
vt 0.5710541009902954 0.3429802358150482 
vt 0.5169706344604492 0.26726746559143066 
vt 0.5498284697532654 0.2506827712059021 
vt 0.5169706344604492 0.26726746559143066 
vt 0.5498284697532654 0.2506827712059021 
vt 0.4610883891582489 0.19672240316867828 
vt 0.4939461946487427 0.17821483314037323 
vt 0.4610883891582489 0.19672240316867828 
vt 0.4939461946487427 0.17821483314037323 
vt 0.40964314341545105 0.1677592694759369 
vt 0.42379358410835266 0.1318257451057434 
vt 0.3030351400375366 0.5244505405426025 
vt 0.27125659584999084 0.5437993407249451 
vt 0.3472852408885956 0.546563446521759 
vt 0.3245006501674652 0.581655740737915 
vt 0.22820568084716797 0.4209764301776886 
vt 0.19294950366020203 0.441166490316391 
vt 0.3030351400375366 0.5244505405426025 
vt 0.27125659584999084 0.5437993407249451 
vt 0.16632747650146484 0.3375721871852875 
vt 0.13586805760860443 0.35848334431648254 
vt 0.22820568084716797 0.4209764301776886 
vt 0.19294950366020203 0.441166490316391 
vt 0.13874611258506775 0.22832947969436646 
vt 0.10289032757282257 0.22039766609668732 
vt 0.1575733870267868 0.2828907370567322 
vt 0.11823996156454086 0.2934665083885193 
vt 0.40964314341545105 0.1677592694759369 
vt 0.42379358410835266 0.1318257451057434 
vt 0.32318153977394104 0.138075053691864 
vt 0.3355332016944885 0.10118009895086288 
vt 0.5576231479644775 0.4197746217250824 
vt 0.5199686288833618 0.4089585244655609 
vt 0.5294421911239624 0.48226770758628845 
vt 0.5049787163734436 0.451141357421875 
vt 0.4939461946487427 0.5349060893058777 
vt 0.4571310579776764 0.5112308263778687 
vt 0.4734400510787964 0.5856216549873352 
vt 0.45125502347946167 0.5537742376327515 
vt 0.4306289553642273 0.6305685639381409 
vt 0.4227142930030823 0.5959570407867432 
vt 0.38002315163612366 0.6243192553520203 
vt 0.3838605582714081 0.5873041749000549 
vt 0.3472852408885956 0.546563446521759 
vt 0.3245006501674652 0.581655740737915 
vt 0.3838605582714081 0.5873041749000549 
vt 0.38002315163612366 0.6243192553520203 
vt 0.10289032757282257 0.22039766609668732 
vt 0.13874611258506775 0.22832947969436646 
vt 0.11332327872514725 0.17244625091552734 
vt 0.15061809122562408 0.1758112609386444 
vt 0.32318153977394104 0.138075053691864 
vt 0.3355332016944885 0.10118009895086288 
vt 0.25710615515708923 0.1287010908126831 
vt 0.2694578170776367 0.09264738857746124 
vt 0.16189047694206238 0.10598725825548172 
vt 0.18839257955551147 0.13338807225227356 
vt 0.19654706120491028 0.0985361635684967 
vt 0.21417516469955444 0.13458986580371857 
vt 0.13562822341918945 0.13326789438724518 
vt 0.1708844006061554 0.15093420445919037 
vt 0.16189047694206238 0.10598725825548172 
vt 0.18839257955551147 0.13338807225227356 
vt 0.11332327872514725 0.17244625091552734 
vt 0.15061809122562408 0.1758112609386444 
vt 0.13562822341918945 0.13326789438724518 
vt 0.1708844006061554 0.15093420445919037 
vt 0.25710615515708923 0.1287010908126831 
vt 0.2694578170776367 0.09264738857746124 
vt 0.21417516469955444 0.13458986580371857 
vt 0.19654706120491028 0.0985361635684967 
vt 0.13586805760860443 0.35848334431648254 
vt 0.16632747650146484 0.3375721871852875 
vt 0.11823996156454086 0.2934665083885193 
vt 0.1575733870267868 0.2828907370567322 
vt 0.5294421911239624 0.48226770758628845 
vt 0.5049787163734436 0.451141357421875 
vt 0.4939461946487427 0.5349060893058777 
vt 0.4571310579776764 0.5112308263778687 
vt 0.4734400510787964 0.5856216549873352 
vt 0.45125502347946167 0.5537742376327515 
vt 0.4306289553642273 0.6305685639381409 
vt 0.4227142930030823 0.5959570407867432 
vt 0.5576231479644775 0.4197746217250824 
vt 0.6298143863677979 0.44008487462997437 
vt 0.5710541009902954 0.3429802358150482 
vt 0.6445644497871399 0.340456485748291 
vt 0.5498284697532654 0.2506827712059021 
vt 0.616743266582489 0.22147928178310394 
vt 0.4939461946487427 0.17821483314037323 
vt 0.545991063117981 0.12641768157482147 
vt 0.42379358410835266 0.1318257451057434 
vt 0.4568912088871002 0.06560711562633514 
vt 0.37414711713790894 0.6994311809539795 
vt 0.38002315163612366 0.6243192553520203 
vt 0.2942810654640198 0.652441143989563 
vt 0.3245006501674652 0.581655740737915 
vt 0.22760608792304993 0.6028072237968445 
vt 0.27125659584999084 0.5437993407249451 
vt 0.19294950366020203 0.441166490316391 
vt 0.13275015354156494 0.48467129468917847 
vt 0.13586805760860443 0.35848334431648254 
vt 0.06775406002998352 0.38287967443466187 
vt 0.11823996156454086 0.2934665083885193 
vt 0.043770261108875275 0.3004368841648102 
vt 0.10289032757282257 0.22039766609668732 
vt 0.032977551221847534 0.21378782391548157 
vt 0.42379358410835266 0.1318257451057434 
vt 0.3355332016944885 0.10118009895086288 
vt 0.4568912088871002 0.06560711562633514 
vt 0.34740516543388367 0.027390191331505775 
vt 0.5576231479644775 0.4197746217250824 
vt 0.6298143863677979 0.44008487462997437 
vt 0.5294421911239624 0.48226770758628845 
vt 0.5956375002861023 0.5188021063804626 
vt 0.5545052886009216 0.5841795206069946 
vt 0.4939461946487427 0.5349060893058777 
vt 0.4734400510787964 0.5856216549873352 
vt 0.5199686288833618 0.6461918354034424 
vt 0.45221439003944397 0.7018347382545471 
vt 0.4306289553642273 0.6305685639381409 
vt 0.37414711713790894 0.6994311809539795 
vt 0.38002315163612366 0.6243192553520203 
vt 0.04736783355474472 0.1438436359167099 
vt 0.032977551221847534 0.21378782391548157 
vt 0.11332327872514725 0.17244625091552734 
vt 0.10289032757282257 0.22039766609668732 
vt 0.2694578170776367 0.09264738857746124 
vt 0.3355332016944885 0.10118009895086288 
vt 0.26274237036705017 0.017655692994594574 
vt 0.34740516543388367 0.027390191331505775 
vt 0.13874611258506775 0.22832947969436646 
vt 0.2735350728034973 0.23842450976371765 
vt 0.15061809122562408 0.1758112609386444 
vt 0.22736625373363495 0.15874584019184113 
vt 0.13562822341918945 0.13326789438724518 
vt 0.07758741825819016 0.08315324783325195 
vt 0.11332327872514725 0.17244625091552734 
vt 0.04736783355474472 0.1438436359167099 
vt 0.17016488313674927 0.02666911855340004 
vt 0.19654706120491028 0.0985361635684967 
vt 0.26274237036705017 0.017655692994594574 
vt 0.2694578170776367 0.09264738857746124 
vt 0.07758741825819016 0.08315324783325195 
vt 0.13562822341918945 0.13326789438724518 
vt 0.11919931322336197 0.0432538203895092 
vt 0.16189047694206238 0.10598725825548172 
vt 0.17016488313674927 0.02666911855340004 
vt 0.19654706120491028 0.0985361635684967 
vt 0.5199686288833618 0.4089585244655609 
vt 0.5576231479644775 0.4197746217250824 
vt 0.5372369289398193 0.35788244009017944 
vt 0.5710541009902954 0.3429802358150482 
vt 0.5372369289398193 0.35788244009017944 
vt 0.5710541009902954 0.3429802358150482 
vt 0.5169706344604492 0.26726746559143066 
vt 0.5498284697532654 0.2506827712059021 
vt 0.5169706344604492 0.26726746559143066 
vt 0.5498284697532654 0.2506827712059021 
vt 0.4610883891582489 0.19672240316867828 
vt 0.4939461946487427 0.17821483314037323 
vt 0.4610883891582489 0.19672240316867828 
vt 0.4939461946487427 0.17821483314037323 
vt 0.40964314341545105 0.1677592694759369 
vt 0.42379358410835266 0.1318257451057434 
vt 0.3030351400375366 0.5244505405426025 
vt 0.27125659584999084 0.5437993407249451 
vt 0.3472852408885956 0.546563446521759 
vt 0.3245006501674652 0.581655740737915 
vt 0.22820568084716797 0.4209764301776886 
vt 0.19294950366020203 0.441166490316391 
vt 0.3030351400375366 0.5244505405426025 
vt 0.27125659584999084 0.5437993407249451 
vt 0.16632747650146484 0.3375721871852875 
vt 0.13586805760860443 0.35848334431648254 
vt 0.22820568084716797 0.4209764301776886 
vt 0.19294950366020203 0.441166490316391 
vt 0.13874611258506775 0.22832947969436646 
vt 0.10289032757282257 0.22039766609668732 
vt 0.1575733870267868 0.2828907370567322 
vt 0.11823996156454086 0.2934665083885193 
vt 0.40964314341545105 0.1677592694759369 
vt 0.42379358410835266 0.1318257451057434 
vt 0.32318153977394104 0.138075053691864 
vt 0.3355332016944885 0.10118009895086288 
vt 0.5576231479644775 0.4197746217250824 
vt 0.5199686288833618 0.4089585244655609 
vt 0.5294421911239624 0.48226770758628845 
vt 0.5049787163734436 0.451141357421875 
vt 0.4939461946487427 0.5349060893058777 
vt 0.4571310579776764 0.5112308263778687 
vt 0.4734400510787964 0.5856216549873352 
vt 0.45125502347946167 0.5537742376327515 
vt 0.4306289553642273 0.6305685639381409 
vt 0.4227142930030823 0.5959570407867432 
vt 0.38002315163612366 0.6243192553520203 
vt 0.3838605582714081 0.5873041749000549 
vt 0.3472852408885956 0.546563446521759 
vt 0.3245006501674652 0.581655740737915 
vt 0.3838605582714081 0.5873041749000549 
vt 0.38002315163612366 0.6243192553520203 
vt 0.10289032757282257 0.22039766609668732 
vt 0.13874611258506775 0.22832947969436646 
vt 0.11332327872514725 0.17244625091552734 
vt 0.15061809122562408 0.1758112609386444 
vt 0.32318153977394104 0.138075053691864 
vt 0.3355332016944885 0.10118009895086288 
vt 0.25710615515708923 0.1287010908126831 
vt 0.2694578170776367 0.09264738857746124 
vt 0.16189047694206238 0.10598725825548172 
vt 0.18839257955551147 0.13338807225227356 
vt 0.19654706120491028 0.0985361635684967 
vt 0.21417516469955444 0.13458986580371857 
vt 0.13562822341918945 0.13326789438724518 
vt 0.1708844006061554 0.15093420445919037 
vt 0.16189047694206238 0.10598725825548172 
vt 0.18839257955551147 0.13338807225227356 
vt 0.11332327872514725 0.17244625091552734 
vt 0.15061809122562408 0.1758112609386444 
vt 0.13562822341918945 0.13326789438724518 
vt 0.1708844006061554 0.15093420445919037 
vt 0.25710615515708923 0.1287010908126831 
vt 0.2694578170776367 0.09264738857746124 
vt 0.21417516469955444 0.13458986580371857 
vt 0.19654706120491028 0.0985361635684967 
vt 0.13586805760860443 0.35848334431648254 
vt 0.16632747650146484 0.3375721871852875 
vt 0.11823996156454086 0.2934665083885193 
vt 0.1575733870267868 0.2828907370567322 
vt 0.5294421911239624 0.48226770758628845 
vt 0.5049787163734436 0.451141357421875 
vt 0.4939461946487427 0.5349060893058777 
vt 0.4571310579776764 0.5112308263778687 
vt 0.4734400510787964 0.5856216549873352 
vt 0.45125502347946167 0.5537742376327515 
vt 0.4306289553642273 0.6305685639381409 
vt 0.4227142930030823 0.5959570407867432 
vt 0.5576231479644775 0.4197746217250824 
vt 0.6298143863677979 0.44008487462997437 
vt 0.5710541009902954 0.3429802358150482 
vt 0.6445644497871399 0.340456485748291 
vt 0.5498284697532654 0.2506827712059021 
vt 0.616743266582489 0.22147928178310394 
vt 0.4939461946487427 0.17821483314037323 
vt 0.545991063117981 0.12641768157482147 
vt 0.42379358410835266 0.1318257451057434 
vt 0.4568912088871002 0.06560711562633514 
vt 0.37414711713790894 0.6994311809539795 
vt 0.38002315163612366 0.6243192553520203 
vt 0.2942810654640198 0.652441143989563 
vt 0.3245006501674652 0.581655740737915 
vt 0.22760608792304993 0.6028072237968445 
vt 0.27125659584999084 0.5437993407249451 
vt 0.19294950366020203 0.441166490316391 
vt 0.13275015354156494 0.48467129468917847 
vt 0.13586805760860443 0.35848334431648254 
vt 0.06775406002998352 0.38287967443466187 
vt 0.11823996156454086 0.2934665083885193 
vt 0.043770261108875275 0.3004368841648102 
vt 0.10289032757282257 0.22039766609668732 
vt 0.032977551221847534 0.21378782391548157 
vt 0.42379358410835266 0.1318257451057434 
vt 0.3355332016944885 0.10118009895086288 
vt 0.4568912088871002 0.06560711562633514 
vt 0.34740516543388367 0.027390191331505775 
vt 0.5576231479644775 0.4197746217250824 
vt 0.6298143863677979 0.44008487462997437 
vt 0.5294421911239624 0.48226770758628845 
vt 0.5956375002861023 0.5188021063804626 
vt 0.5545052886009216 0.5841795206069946 
vt 0.4939461946487427 0.5349060893058777 
vt 0.4734400510787964 0.5856216549873352 
vt 0.5199686288833618 0.6461918354034424 
vt 0.45221439003944397 0.7018347382545471 
vt 0.4306289553642273 0.6305685639381409 
vt 0.37414711713790894 0.6994311809539795 
vt 0.38002315163612366 0.6243192553520203 
vt 0.04736783355474472 0.1438436359167099 
vt 0.032977551221847534 0.21378782391548157 
vt 0.11332327872514725 0.17244625091552734 
vt 0.10289032757282257 0.22039766609668732 
vt 0.2694578170776367 0.09264738857746124 
vt 0.3355332016944885 0.10118009895086288 
vt 0.26274237036705017 0.017655692994594574 
vt 0.34740516543388367 0.027390191331505775 
vt 0.13874611258506775 0.22832947969436646 
vt 0.2735350728034973 0.23842450976371765 
vt 0.15061809122562408 0.1758112609386444 
vt 0.22736625373363495 0.15874584019184113 
vt 0.13562822341918945 0.13326789438724518 
vt 0.07758741825819016 0.08315324783325195 
vt 0.11332327872514725 0.17244625091552734 
vt 0.04736783355474472 0.1438436359167099 
vt 0.17016488313674927 0.02666911855340004 
vt 0.19654706120491028 0.0985361635684967 
vt 0.26274237036705017 0.017655692994594574 
vt 0.2694578170776367 0.09264738857746124 
vt 0.07758741825819016 0.08315324783325195 
vt 0.13562822341918945 0.13326789438724518 
vt 0.11919931322336197 0.0432538203895092 
vt 0.16189047694206238 0.10598725825548172 
vt 0.17016488313674927 0.02666911855340004 
vt 0.19654706120491028 0.0985361635684967 
vt 0.5199686288833618 0.4089585244655609 
vt 0.5576231479644775 0.4197746217250824 
vt 0.5372369289398193 0.35788244009017944 
vt 0.5710541009902954 0.3429802358150482 
vt 0.5372369289398193 0.35788244009017944 
vt 0.5710541009902954 0.3429802358150482 
vt 0.5169706344604492 0.26726746559143066 
vt 0.5498284697532654 0.2506827712059021 
vt 0.5169706344604492 0.26726746559143066 
vt 0.5498284697532654 0.2506827712059021 
vt 0.4610883891582489 0.19672240316867828 
vt 0.4939461946487427 0.17821483314037323 
vt 0.4610883891582489 0.19672240316867828 
vt 0.4939461946487427 0.17821483314037323 
vt 0.40964314341545105 0.1677592694759369 
vt 0.42379358410835266 0.1318257451057434 
vt 0.3030351400375366 0.5244505405426025 
vt 0.27125659584999084 0.5437993407249451 
vt 0.3472852408885956 0.546563446521759 
vt 0.3245006501674652 0.581655740737915 
vt 0.22820568084716797 0.4209764301776886 
vt 0.19294950366020203 0.441166490316391 
vt 0.3030351400375366 0.5244505405426025 
vt 0.27125659584999084 0.5437993407249451 
vt 0.16632747650146484 0.3375721871852875 
vt 0.13586805760860443 0.35848334431648254 
vt 0.22820568084716797 0.4209764301776886 
vt 0.19294950366020203 0.441166490316391 
vt 0.13874611258506775 0.22832947969436646 
vt 0.10289032757282257 0.22039766609668732 
vt 0.1575733870267868 0.2828907370567322 
vt 0.11823996156454086 0.2934665083885193 
vt 0.40964314341545105 0.1677592694759369 
vt 0.42379358410835266 0.1318257451057434 
vt 0.32318153977394104 0.138075053691864 
vt 0.3355332016944885 0.10118009895086288 
vt 0.5576231479644775 0.4197746217250824 
vt 0.5199686288833618 0.4089585244655609 
vt 0.5294421911239624 0.48226770758628845 
vt 0.5049787163734436 0.451141357421875 
vt 0.4939461946487427 0.5349060893058777 
vt 0.4571310579776764 0.5112308263778687 
vt 0.4734400510787964 0.5856216549873352 
vt 0.45125502347946167 0.5537742376327515 
vt 0.4306289553642273 0.6305685639381409 
vt 0.4227142930030823 0.5959570407867432 
vt 0.38002315163612366 0.6243192553520203 
vt 0.3838605582714081 0.5873041749000549 
vt 0.3472852408885956 0.546563446521759 
vt 0.3245006501674652 0.581655740737915 
vt 0.3838605582714081 0.5873041749000549 
vt 0.38002315163612366 0.6243192553520203 
vt 0.10289032757282257 0.22039766609668732 
vt 0.13874611258506775 0.22832947969436646 
vt 0.11332327872514725 0.17244625091552734 
vt 0.15061809122562408 0.1758112609386444 
vt 0.32318153977394104 0.138075053691864 
vt 0.3355332016944885 0.10118009895086288 
vt 0.25710615515708923 0.1287010908126831 
vt 0.2694578170776367 0.09264738857746124 
vt 0.16189047694206238 0.10598725825548172 
vt 0.18839257955551147 0.13338807225227356 
vt 0.19654706120491028 0.0985361635684967 
vt 0.21417516469955444 0.13458986580371857 
vt 0.13562822341918945 0.13326789438724518 
vt 0.1708844006061554 0.15093420445919037 
vt 0.16189047694206238 0.10598725825548172 
vt 0.18839257955551147 0.13338807225227356 
vt 0.11332327872514725 0.17244625091552734 
vt 0.15061809122562408 0.1758112609386444 
vt 0.13562822341918945 0.13326789438724518 
vt 0.1708844006061554 0.15093420445919037 
vt 0.25710615515708923 0.1287010908126831 
vt 0.2694578170776367 0.09264738857746124 
vt 0.21417516469955444 0.13458986580371857 
vt 0.19654706120491028 0.0985361635684967 
vt 0.13586805760860443 0.35848334431648254 
vt 0.16632747650146484 0.3375721871852875 
vt 0.11823996156454086 0.2934665083885193 
vt 0.1575733870267868 0.2828907370567322 
vt 0.5294421911239624 0.48226770758628845 
vt 0.5049787163734436 0.451141357421875 
vt 0.4939461946487427 0.5349060893058777 
vt 0.4571310579776764 0.5112308263778687 
vt 0.4734400510787964 0.5856216549873352 
vt 0.45125502347946167 0.5537742376327515 
vt 0.4306289553642273 0.6305685639381409 
vt 0.4227142930030823 0.5959570407867432 
vt 0.023983627557754517 0.5544952750205994 
vt 0.012111646123230457 0.5937938094139099 
vt 0.030219415202736855 0.5550962090492249 
vt 0.04089220613241196 0.5928323864936829 
vt 0.010792536661028862 0.6457111239433289 
vt 0.047727588564157486 0.6398223638534546 
vt 0.018107596784830093 0.6800823211669922 
vt 0.05024588853120804 0.6785200238227844 
vt 0.040412530303001404 0.6925809383392334 
vt 0.030219415202736855 0.6934221982955933 
vt 0.01690840534865856 0.433595210313797 
vt 0.032258037477731705 0.433595210313797 
vt 0.01690840534865856 0.322910338640213 
vt 0.032258037477731705 0.322910338640213 
vt 0.023983627557754517 0.5544952750205994 
vt 0.012111646123230457 0.5937938094139099 
vt 0.030219415202736855 0.5550962090492249 
vt 0.04089220613241196 0.5928323864936829 
vt 0.010792536661028862 0.6457111239433289 
vt 0.047727588564157486 0.6398223638534546 
vt 0.018107596784830093 0.6800823211669922 
vt 0.05024588853120804 0.6785200238227844 
vt 0.040412530303001404 0.6925809383392334 
vt 0.030219415202736855 0.6934221982955933 
vt 0.01690840534865856 0.433595210313797 
vt 0.032258037477731705 0.433595210313797 
vt 0.01690840534865856 0.322910338640213 
vt 0.032258037477731705 0.322910338640213 
vt 0.023983627557754517 0.5544952750205994 
vt 0.012111646123230457 0.5937938094139099 
vt 0.030219415202736855 0.5550962090492249 
vt 0.04089220613241196 0.5928323864936829 
vt 0.010792536661028862 0.6457111239433289 
vt 0.047727588564157486 0.6398223638534546 
vt 0.018107596784830093 0.6800823211669922 
vt 0.05024588853120804 0.6785200238227844 
vt 0.040412530303001404 0.6925809383392334 
vt 0.030219415202736855 0.6934221982955933 
vt 0.01690840534865856 0.433595210313797 
vt 0.032258037477731705 0.433595210313797 
vt 0.01690840534865856 0.322910338640213 
vt 0.032258037477731705 0.322910338640213 
vt 0.023983627557754517 0.5544952750205994 
vt 0.012111646123230457 0.5937938094139099 
vt 0.030219415202736855 0.5550962090492249 
vt 0.04089220613241196 0.5928323864936829 
vt 0.010792536661028862 0.6457111239433289 
vt 0.047727588564157486 0.6398223638534546 
vt 0.018107596784830093 0.6800823211669922 
vt 0.05024588853120804 0.6785200238227844 
vt 0.040412530303001404 0.6925809383392334 
vt 0.030219415202736855 0.6934221982955933 
vt 0.01690840534865856 0.433595210313797 
vt 0.032258037477731705 0.433595210313797 
vt 0.01690840534865856 0.322910338640213 
vt 0.032258037477731705 0.322910338640213 
vt 0.023983627557754517 0.5544952750205994 
vt 0.012111646123230457 0.5937938094139099 
vt 0.030219415202736855 0.5550962090492249 
vt 0.04089220613241196 0.5928323864936829 
vt 0.010792536661028862 0.6457111239433289 
vt 0.047727588564157486 0.6398223638534546 
vt 0.018107596784830093 0.6800823211669922 
vt 0.05024588853120804 0.6785200238227844 
vt 0.040412530303001404 0.6925809383392334 
vt 0.030219415202736855 0.6934221982955933 
vt 0.01690840534865856 0.433595210313797 
vt 0.032258037477731705 0.433595210313797 
vt 0.01690840534865856 0.322910338640213 
vt 0.032258037477731705 0.322910338640213 
vt 0.023983627557754517 0.5544952750205994 
vt 0.012111646123230457 0.5937938094139099 
vt 0.030219415202736855 0.5550962090492249 
vt 0.04089220613241196 0.5928323864936829 
vt 0.010792536661028862 0.6457111239433289 
vt 0.047727588564157486 0.6398223638534546 
vt 0.018107596784830093 0.6800823211669922 
vt 0.05024588853120804 0.6785200238227844 
vt 0.040412530303001404 0.6925809383392334 
vt 0.030219415202736855 0.6934221982955933 
vt 0.01690840534865856 0.433595210313797 
vt 0.032258037477731705 0.433595210313797 
vt 0.01690840534865856 0.322910338640213 
vt 0.032258037477731705 0.322910338640213 
vt 0.5576231479644775 0.4197746217250824 
vt 0.6298143863677979 0.44008487462997437 
vt 0.5710541009902954 0.3429802358150482 
vt 0.6445644497871399 0.340456485748291 
vt 0.5498284697532654 0.2506827712059021 
vt 0.616743266582489 0.22147928178310394 
vt 0.4939461946487427 0.17821483314037323 
vt 0.545991063117981 0.12641768157482147 
vt 0.42379358410835266 0.1318257451057434 
vt 0.4568912088871002 0.06560711562633514 
vt 0.37414711713790894 0.6994311809539795 
vt 0.38002315163612366 0.6243192553520203 
vt 0.2942810654640198 0.652441143989563 
vt 0.3245006501674652 0.581655740737915 
vt 0.22760608792304993 0.6028072237968445 
vt 0.27125659584999084 0.5437993407249451 
vt 0.19294950366020203 0.441166490316391 
vt 0.13275015354156494 0.48467129468917847 
vt 0.13586805760860443 0.35848334431648254 
vt 0.06775406002998352 0.38287967443466187 
vt 0.11823996156454086 0.2934665083885193 
vt 0.043770261108875275 0.3004368841648102 
vt 0.10289032757282257 0.22039766609668732 
vt 0.032977551221847534 0.21378782391548157 
vt 0.42379358410835266 0.1318257451057434 
vt 0.3355332016944885 0.10118009895086288 
vt 0.4568912088871002 0.06560711562633514 
vt 0.34740516543388367 0.027390191331505775 
vt 0.5576231479644775 0.4197746217250824 
vt 0.6298143863677979 0.44008487462997437 
vt 0.5294421911239624 0.48226770758628845 
vt 0.5956375002861023 0.5188021063804626 
vt 0.5545052886009216 0.5841795206069946 
vt 0.4939461946487427 0.5349060893058777 
vt 0.4734400510787964 0.5856216549873352 
vt 0.5199686288833618 0.6461918354034424 
vt 0.45221439003944397 0.7018347382545471 
vt 0.4306289553642273 0.6305685639381409 
vt 0.37414711713790894 0.6994311809539795 
vt 0.38002315163612366 0.6243192553520203 
vt 0.04736783355474472 0.1438436359167099 
vt 0.032977551221847534 0.21378782391548157 
vt 0.11332327872514725 0.17244625091552734 
vt 0.10289032757282257 0.22039766609668732 
vt 0.2694578170776367 0.09264738857746124 
vt 0.3355332016944885 0.10118009895086288 
vt 0.26274237036705017 0.017655692994594574 
vt 0.34740516543388367 0.027390191331505775 
vt 0.13874611258506775 0.22832947969436646 
vt 0.2735350728034973 0.23842450976371765 
vt 0.15061809122562408 0.1758112609386444 
vt 0.22736625373363495 0.15874584019184113 
vt 0.13562822341918945 0.13326789438724518 
vt 0.07758741825819016 0.08315324783325195 
vt 0.11332327872514725 0.17244625091552734 
vt 0.04736783355474472 0.1438436359167099 
vt 0.17016488313674927 0.02666911855340004 
vt 0.19654706120491028 0.0985361635684967 
vt 0.26274237036705017 0.017655692994594574 
vt 0.2694578170776367 0.09264738857746124 
vt 0.07758741825819016 0.08315324783325195 
vt 0.13562822341918945 0.13326789438724518 
vt 0.11919931322336197 0.0432538203895092 
vt 0.16189047694206238 0.10598725825548172 
vt 0.17016488313674927 0.02666911855340004 
vt 0.19654706120491028 0.0985361635684967 
vt 0.5199686288833618 0.4089585244655609 
vt 0.5576231479644775 0.4197746217250824 
vt 0.5372369289398193 0.35788244009017944 
vt 0.5710541009902954 0.3429802358150482 
vt 0.5372369289398193 0.35788244009017944 
vt 0.5710541009902954 0.3429802358150482 
vt 0.5169706344604492 0.26726746559143066 
vt 0.5498284697532654 0.2506827712059021 
vt 0.5169706344604492 0.26726746559143066 
vt 0.5498284697532654 0.2506827712059021 
vt 0.4610883891582489 0.19672240316867828 
vt 0.4939461946487427 0.17821483314037323 
vt 0.4610883891582489 0.19672240316867828 
vt 0.4939461946487427 0.17821483314037323 
vt 0.40964314341545105 0.1677592694759369 
vt 0.42379358410835266 0.1318257451057434 
vt 0.3030351400375366 0.5244505405426025 
vt 0.27125659584999084 0.5437993407249451 
vt 0.3472852408885956 0.546563446521759 
vt 0.3245006501674652 0.581655740737915 
vt 0.22820568084716797 0.4209764301776886 
vt 0.19294950366020203 0.441166490316391 
vt 0.3030351400375366 0.5244505405426025 
vt 0.27125659584999084 0.5437993407249451 
vt 0.16632747650146484 0.3375721871852875 
vt 0.13586805760860443 0.35848334431648254 
vt 0.22820568084716797 0.4209764301776886 
vt 0.19294950366020203 0.441166490316391 
vt 0.13874611258506775 0.22832947969436646 
vt 0.10289032757282257 0.22039766609668732 
vt 0.1575733870267868 0.2828907370567322 
vt 0.11823996156454086 0.2934665083885193 
vt 0.40964314341545105 0.1677592694759369 
vt 0.42379358410835266 0.1318257451057434 
vt 0.32318153977394104 0.138075053691864 
vt 0.3355332016944885 0.10118009895086288 
vt 0.5576231479644775 0.4197746217250824 
vt 0.5199686288833618 0.4089585244655609 
vt 0.5294421911239624 0.48226770758628845 
vt 0.5049787163734436 0.451141357421875 
vt 0.4939461946487427 0.5349060893058777 
vt 0.4571310579776764 0.5112308263778687 
vt 0.4734400510787964 0.5856216549873352 
vt 0.45125502347946167 0.5537742376327515 
vt 0.4306289553642273 0.6305685639381409 
vt 0.4227142930030823 0.5959570407867432 
vt 0.38002315163612366 0.6243192553520203 
vt 0.3838605582714081 0.5873041749000549 
vt 0.3472852408885956 0.546563446521759 
vt 0.3245006501674652 0.581655740737915 
vt 0.3838605582714081 0.5873041749000549 
vt 0.38002315163612366 0.6243192553520203 
vt 0.10289032757282257 0.22039766609668732 
vt 0.13874611258506775 0.22832947969436646 
vt 0.11332327872514725 0.17244625091552734 
vt 0.15061809122562408 0.1758112609386444 
vt 0.32318153977394104 0.138075053691864 
vt 0.3355332016944885 0.10118009895086288 
vt 0.25710615515708923 0.1287010908126831 
vt 0.2694578170776367 0.09264738857746124 
vt 0.16189047694206238 0.10598725825548172 
vt 0.18839257955551147 0.13338807225227356 
vt 0.19654706120491028 0.0985361635684967 
vt 0.21417516469955444 0.13458986580371857 
vt 0.13562822341918945 0.13326789438724518 
vt 0.1708844006061554 0.15093420445919037 
vt 0.16189047694206238 0.10598725825548172 
vt 0.18839257955551147 0.13338807225227356 
vt 0.11332327872514725 0.17244625091552734 
vt 0.15061809122562408 0.1758112609386444 
vt 0.13562822341918945 0.13326789438724518 
vt 0.1708844006061554 0.15093420445919037 
vt 0.25710615515708923 0.1287010908126831 
vt 0.2694578170776367 0.09264738857746124 
vt 0.21417516469955444 0.13458986580371857 
vt 0.19654706120491028 0.0985361635684967 
vt 0.13586805760860443 0.35848334431648254 
vt 0.16632747650146484 0.3375721871852875 
vt 0.11823996156454086 0.2934665083885193 
vt 0.1575733870267868 0.2828907370567322 
vt 0.5294421911239624 0.48226770758628845 
vt 0.5049787163734436 0.451141357421875 
vt 0.4939461946487427 0.5349060893058777 
vt 0.4571310579776764 0.5112308263778687 
vt 0.4734400510787964 0.5856216549873352 
vt 0.45125502347946167 0.5537742376327515 
vt 0.4306289553642273 0.6305685639381409 
vt 0.4227142930030823 0.5959570407867432 
vt 0.023983627557754517 0.5544952750205994 
vt 0.012111646123230457 0.5937938094139099 
vt 0.030219415202736855 0.5550962090492249 
vt 0.04089220613241196 0.5928323864936829 
vt 0.010792536661028862 0.6457111239433289 
vt 0.047727588564157486 0.6398223638534546 
vt 0.018107596784830093 0.6800823211669922 
vt 0.05024588853120804 0.6785200238227844 
vt 0.040412530303001404 0.6925809383392334 
vt 0.030219415202736855 0.6934221982955933 
vt 0.01690840534865856 0.433595210313797 
vt 0.032258037477731705 0.433595210313797 
vt 0.01690840534865856 0.322910338640213 
vt 0.032258037477731705 0.322910338640213 
vt 0.023983627557754517 0.5544952750205994 
vt 0.012111646123230457 0.5937938094139099 
vt 0.030219415202736855 0.5550962090492249 
vt 0.04089220613241196 0.5928323864936829 
vt 0.010792536661028862 0.6457111239433289 
vt 0.047727588564157486 0.6398223638534546 
vt 0.018107596784830093 0.6800823211669922 
vt 0.05024588853120804 0.6785200238227844 
vt 0.040412530303001404 0.6925809383392334 
vt 0.030219415202736855 0.6934221982955933 
vt 0.01690840534865856 0.433595210313797 
vt 0.032258037477731705 0.433595210313797 
vt 0.01690840534865856 0.322910338640213 
vt 0.032258037477731705 0.322910338640213 
vt 0.023983627557754517 0.5544952750205994 
vt 0.012111646123230457 0.5937938094139099 
vt 0.030219415202736855 0.5550962090492249 
vt 0.04089220613241196 0.5928323864936829 
vt 0.010792536661028862 0.6457111239433289 
vt 0.047727588564157486 0.6398223638534546 
vt 0.018107596784830093 0.6800823211669922 
vt 0.05024588853120804 0.6785200238227844 
vt 0.040412530303001404 0.6925809383392334 
vt 0.030219415202736855 0.6934221982955933 
vt 0.01690840534865856 0.433595210313797 
vt 0.032258037477731705 0.433595210313797 
vt 0.01690840534865856 0.322910338640213 
vt 0.032258037477731705 0.322910338640213 
vt 0.023983627557754517 0.5544952750205994 
vt 0.012111646123230457 0.5937938094139099 
vt 0.030219415202736855 0.5550962090492249 
vt 0.04089220613241196 0.5928323864936829 
vt 0.010792536661028862 0.6457111239433289 
vt 0.047727588564157486 0.6398223638534546 
vt 0.018107596784830093 0.6800823211669922 
vt 0.05024588853120804 0.6785200238227844 
vt 0.040412530303001404 0.6925809383392334 
vt 0.030219415202736855 0.6934221982955933 
vt 0.01690840534865856 0.433595210313797 
vt 0.032258037477731705 0.433595210313797 
vt 0.01690840534865856 0.322910338640213 
vt 0.032258037477731705 0.322910338640213 
vt 0.023983627557754517 0.5544952750205994 
vt 0.012111646123230457 0.5937938094139099 
vt 0.030219415202736855 0.5550962090492249 
vt 0.04089220613241196 0.5928323864936829 
vt 0.010792536661028862 0.6457111239433289 
vt 0.047727588564157486 0.6398223638534546 
vt 0.018107596784830093 0.6800823211669922 
vt 0.05024588853120804 0.6785200238227844 
vt 0.040412530303001404 0.6925809383392334 
vt 0.030219415202736855 0.6934221982955933 
vt 0.01690840534865856 0.433595210313797 
vt 0.032258037477731705 0.433595210313797 
vt 0.01690840534865856 0.322910338640213 
vt 0.032258037477731705 0.322910338640213 
vt 0.023983627557754517 0.5544952750205994 
vt 0.012111646123230457 0.5937938094139099 
vt 0.030219415202736855 0.5550962090492249 
vt 0.04089220613241196 0.5928323864936829 
vt 0.010792536661028862 0.6457111239433289 
vt 0.047727588564157486 0.6398223638534546 
vt 0.018107596784830093 0.6800823211669922 
vt 0.05024588853120804 0.6785200238227844 
vt 0.040412530303001404 0.6925809383392334 
vt 0.030219415202736855 0.6934221982955933 
vt 0.01690840534865856 0.433595210313797 
vt 0.032258037477731705 0.433595210313797 
vt 0.01690840534865856 0.322910338640213 
vt 0.032258037477731705 0.322910338640213 
vt 0.350043386220932 0.3292798399925232 
vt 0.350043386220932 0.3047633171081543 
vt 0.350043386220932 0.3292798399925232 
vt 0.350043386220932 0.3047633171081543 
vt 0.350043386220932 0.3047633171081543 
vt 0.3745068609714508 0.3047633171081543 
vt 0.350043386220932 0.3047633171081543 
vt 0.3745068609714508 0.3047633171081543 
vt 0.3745068609714508 0.3047633171081543 
vt 0.3989703357219696 0.3047633171081543 
vt 0.3745068609714508 0.3047633171081543 
vt 0.3989703357219696 0.3047633171081543 
vt 0.3989703357219696 0.3047633171081543 
vt 0.4235537350177765 0.3047633171081543 
vt 0.3989703357219696 0.3047633171081543 
vt 0.4235537350177765 0.3047633171081543 
vt 0.4480172097682953 0.3047633171081543 
vt 0.4480172097682953 0.3292798399925232 
vt 0.4480172097682953 0.3047633171081543 
vt 0.4480172097682953 0.3292798399925232 
vt 0.4235537350177765 0.3047633171081543 
vt 0.4480172097682953 0.3047633171081543 
vt 0.4235537350177765 0.3047633171081543 
vt 0.4480172097682953 0.3047633171081543 
vt 0.350043386220932 0.3536761701107025 
vt 0.350043386220932 0.3292798399925232 
vt 0.350043386220932 0.3536761701107025 
vt 0.350043386220932 0.3292798399925232 
vt 0.4480172097682953 0.3292798399925232 
vt 0.4480172097682953 0.3536761701107025 
vt 0.4480172097682953 0.3292798399925232 
vt 0.4480172097682953 0.3536761701107025 
vt 0.350043386220932 0.3781926929950714 
vt 0.350043386220932 0.3536761701107025 
vt 0.350043386220932 0.3781926929950714 
vt 0.350043386220932 0.3536761701107025 
vt 0.4480172097682953 0.3536761701107025 
vt 0.4480172097682953 0.3781926929950714 
vt 0.4480172097682953 0.3536761701107025 
vt 0.4480172097682953 0.3781926929950714 
vt 0.350043386220932 0.4027092158794403 
vt 0.350043386220932 0.3781926929950714 
vt 0.350043386220932 0.4027092158794403 
vt 0.350043386220932 0.3781926929950714 
vt 0.3745068609714508 0.4027092158794403 
vt 0.350043386220932 0.4027092158794403 
vt 0.3745068609714508 0.4027092158794403 
vt 0.350043386220932 0.4027092158794403 
vt 0.3989703357219696 0.4027092158794403 
vt 0.3745068609714508 0.4027092158794403 
vt 0.3989703357219696 0.4027092158794403 
vt 0.3745068609714508 0.4027092158794403 
vt 0.4235537350177765 0.4027092158794403 
vt 0.3989703357219696 0.4027092158794403 
vt 0.4235537350177765 0.4027092158794403 
vt 0.3989703357219696 0.4027092158794403 
vt 0.4480172097682953 0.4027092158794403 
vt 0.4235537350177765 0.4027092158794403 
vt 0.4480172097682953 0.4027092158794403 
vt 0.4235537350177765 0.4027092158794403 
vt 0.4480172097682953 0.3781926929950714 
vt 0.4480172097682953 0.4027092158794403 
vt 0.4480172097682953 0.3781926929950714 
vt 0.4480172097682953 0.4027092158794403 
vt 0.350043386220932 0.3292798399925232 
vt 0.350043386220932 0.3047633171081543 
vt 0.350043386220932 0.3292798399925232 
vt 0.350043386220932 0.3047633171081543 
vt 0.350043386220932 0.3047633171081543 
vt 0.3745068609714508 0.3047633171081543 
vt 0.350043386220932 0.3047633171081543 
vt 0.3745068609714508 0.3047633171081543 
vt 0.3745068609714508 0.3047633171081543 
vt 0.3989703357219696 0.3047633171081543 
vt 0.3745068609714508 0.3047633171081543 
vt 0.3989703357219696 0.3047633171081543 
vt 0.3989703357219696 0.3047633171081543 
vt 0.4235537350177765 0.3047633171081543 
vt 0.3989703357219696 0.3047633171081543 
vt 0.4235537350177765 0.3047633171081543 
vt 0.4480172097682953 0.3047633171081543 
vt 0.4480172097682953 0.3292798399925232 
vt 0.4480172097682953 0.3047633171081543 
vt 0.4480172097682953 0.3292798399925232 
vt 0.4235537350177765 0.3047633171081543 
vt 0.4480172097682953 0.3047633171081543 
vt 0.4235537350177765 0.3047633171081543 
vt 0.4480172097682953 0.3047633171081543 
vt 0.350043386220932 0.3536761701107025 
vt 0.350043386220932 0.3292798399925232 
vt 0.350043386220932 0.3536761701107025 
vt 0.350043386220932 0.3292798399925232 
vt 0.4480172097682953 0.3292798399925232 
vt 0.4480172097682953 0.3536761701107025 
vt 0.4480172097682953 0.3292798399925232 
vt 0.4480172097682953 0.3536761701107025 
vt 0.350043386220932 0.3781926929950714 
vt 0.350043386220932 0.3536761701107025 
vt 0.350043386220932 0.3781926929950714 
vt 0.350043386220932 0.3536761701107025 
vt 0.4480172097682953 0.3536761701107025 
vt 0.4480172097682953 0.3781926929950714 
vt 0.4480172097682953 0.3536761701107025 
vt 0.4480172097682953 0.3781926929950714 
vt 0.350043386220932 0.4027092158794403 
vt 0.350043386220932 0.3781926929950714 
vt 0.350043386220932 0.4027092158794403 
vt 0.350043386220932 0.3781926929950714 
vt 0.3745068609714508 0.4027092158794403 
vt 0.350043386220932 0.4027092158794403 
vt 0.3745068609714508 0.4027092158794403 
vt 0.350043386220932 0.4027092158794403 
vt 0.3989703357219696 0.4027092158794403 
vt 0.3745068609714508 0.4027092158794403 
vt 0.3989703357219696 0.4027092158794403 
vt 0.3745068609714508 0.4027092158794403 
vt 0.4235537350177765 0.4027092158794403 
vt 0.3989703357219696 0.4027092158794403 
vt 0.4235537350177765 0.4027092158794403 
vt 0.3989703357219696 0.4027092158794403 
vt 0.4480172097682953 0.4027092158794403 
vt 0.4235537350177765 0.4027092158794403 
vt 0.4480172097682953 0.4027092158794403 
vt 0.4235537350177765 0.4027092158794403 
vt 0.4480172097682953 0.3781926929950714 
vt 0.4480172097682953 0.4027092158794403 
vt 0.4480172097682953 0.3781926929950714 
vt 0.4480172097682953 0.4027092158794403 
vt 0.6908531785011292 0.4976506233215332 
vt 0.6992475390434265 0.5216864347457886 
vt 0.6762230396270752 0.5072649121284485 
vt 0.6840177774429321 0.5263733863830566 
vt 0.679460883140564 0.5505293607711792 
vt 0.6871356964111328 0.542837917804718 
vt 0.6854568123817444 0.5553365349769592 
vt 0.6894141435623169 0.5514907836914062 
vt 0.6992475390434265 0.5216864347457886 
vt 0.6908531785011292 0.4976506233215332 
vt 0.6840177774429321 0.5263733863830566 
vt 0.6762230396270752 0.5072649121284485 
vt 0.6632718443870544 0.4921223819255829 
vt 0.6780218482017517 0.48046502470970154 
vt 0.6762230396270752 0.5072649121284485 
vt 0.6908531785011292 0.4976506233215332 
vt 0.6454038619995117 0.4787825047969818 
vt 0.6583551168441772 0.4686874747276306 
vt 0.6632718443870544 0.4921223819255829 
vt 0.6780218482017517 0.48046502470970154 
vt 0.6632718443870544 0.4921223819255829 
vt 0.6780218482017517 0.48046502470970154 
vt 0.6454038619995117 0.4787825047969818 
vt 0.6583551168441772 0.4686874747276306 
vt 0.6762230396270752 0.5072649121284485 
vt 0.6908531785011292 0.4976506233215332 
vt 0.6632718443870544 0.4921223819255829 
vt 0.6780218482017517 0.48046502470970154 
vt 0.663751482963562 0.515316903591156 
vt 0.6698673367500305 0.5316612720489502 
vt 0.6528388857841492 0.521926760673523 
vt 0.6573957800865173 0.5339446663856506 
vt 0.6698673367500305 0.5316612720489502 
vt 0.668428361415863 0.5501688122749329 
vt 0.6573957800865173 0.5339446663856506 
vt 0.6546376347541809 0.5450011491775513 
vt 0.668428361415863 0.5501688122749329 
vt 0.6698673367500305 0.5316612720489502 
vt 0.6546376347541809 0.5450011491775513 
vt 0.6573957800865173 0.5339446663856506 
vt 0.6698673367500305 0.5316612720489502 
vt 0.663751482963562 0.515316903591156 
vt 0.6573957800865173 0.5339446663856506 
vt 0.6528388857841492 0.521926760673523 
vt 0.6519994139671326 0.5022174119949341 
vt 0.663751482963562 0.515316903591156 
vt 0.6414465308189392 0.5118317604064941 
vt 0.6528388857841492 0.521926760673523 
vt 0.663751482963562 0.515316903591156 
vt 0.6519994139671326 0.5022174119949341 
vt 0.6528388857841492 0.521926760673523 
vt 0.6414465308189392 0.5118317604064941 
vt 0.6992475390434265 0.5216864347457886 
vt 0.6908531785011292 0.4976506233215332 
vt 0.715436577796936 0.5177205204963684 
vt 0.703204870223999 0.49104076623916626 
vt 0.7044040560722351 0.5448809862136841 
vt 0.6992475390434265 0.5216864347457886 
vt 0.7256296873092651 0.545722246170044 
vt 0.715436577796936 0.5177205204963684 
vt 0.6992475390434265 0.5216864347457886 
vt 0.7044040560722351 0.5448809862136841 
vt 0.715436577796936 0.5177205204963684 
vt 0.7256296873092651 0.545722246170044 
vt 0.6908531785011292 0.4976506233215332 
vt 0.6992475390434265 0.5216864347457886 
vt 0.703204870223999 0.49104076623916626 
vt 0.715436577796936 0.5177205204963684 
vt 0.6908531785011292 0.4976506233215332 
vt 0.6780218482017517 0.48046502470970154 
vt 0.703204870223999 0.49104076623916626 
vt 0.6981682181358337 0.46520230174064636 
vt 0.6780218482017517 0.48046502470970154 
vt 0.6583551168441772 0.4686874747276306 
vt 0.680540144443512 0.4591933488845825 
vt 0.6595543026924133 0.45138171315193176 
vt 0.6583551168441772 0.4686874747276306 
vt 0.6780218482017517 0.48046502470970154 
vt 0.6595543026924133 0.45138171315193176 
vt 0.680540144443512 0.4591933488845825 
vt 0.6780218482017517 0.48046502470970154 
vt 0.6908531785011292 0.4976506233215332 
vt 0.6981682181358337 0.46520230174064636 
vt 0.703204870223999 0.49104076623916626 
vt 0.7279081344604492 0.5147160291671753 
vt 0.715436577796936 0.5177205204963684 
vt 0.7159162759780884 0.4887573719024658 
vt 0.703204870223999 0.49104076623916626 
vt 0.7408593893051147 0.5409150719642639 
vt 0.7256296873092651 0.545722246170044 
vt 0.7279081344604492 0.5147160291671753 
vt 0.715436577796936 0.5177205204963684 
vt 0.7275484204292297 0.5142353177070618 
vt 0.715436577796936 0.5177205204963684 
vt 0.7414590120315552 0.5412756204605103 
vt 0.7256296873092651 0.545722246170044 
vt 0.703204870223999 0.49104076623916626 
vt 0.715436577796936 0.5177205204963684 
vt 0.7159162759780884 0.4883968234062195 
vt 0.7275484204292297 0.5142353177070618 
vt 0.703204870223999 0.49104076623916626 
vt 0.6981682181358337 0.46520230174064636 
vt 0.7159162759780884 0.4887573719024658 
vt 0.7108796834945679 0.46351978182792664 
vt 0.680540144443512 0.4591933488845825 
vt 0.6595543026924133 0.45138171315193176 
vt 0.6798206567764282 0.4392436146736145 
vt 0.65943443775177 0.43587860465049744 
vt 0.6949304342269897 0.44140684604644775 
vt 0.6981682181358337 0.46520230174064636 
vt 0.7072820663452148 0.4398445188999176 
vt 0.7109995484352112 0.4632794260978699 
vt 0.6981682181358337 0.46520230174064636 
vt 0.703204870223999 0.49104076623916626 
vt 0.7109995484352112 0.4632794260978699 
vt 0.7159162759780884 0.4883968234062195 
vt 0.7394203543663025 0.5091878175735474 
vt 0.7275484204292297 0.48358967900276184 
vt 0.7527313828468323 0.5019770860671997 
vt 0.7449366450309753 0.4821475148200989 
vt 0.7548899054527283 0.5332236289978027 
vt 0.7394203543663025 0.5091878175735474 
vt 0.7699997425079346 0.5185617804527283 
vt 0.7527313828468323 0.5019770860671997 
vt 0.7389407157897949 0.5087071061134338 
vt 0.7562090158462524 0.5340648293495178 
vt 0.7527313828468323 0.5019770860671997 
vt 0.7699997425079346 0.5185617804527283 
vt 0.7277882099151611 0.4833493232727051 
vt 0.7389407157897949 0.5087071061134338 
vt 0.7449366450309753 0.4821475148200989 
vt 0.7527313828468323 0.5019770860671997 
vt 0.7275484204292297 0.48358967900276184 
vt 0.7228715419769287 0.4606354832649231 
vt 0.7449366450309753 0.4821475148200989 
vt 0.7430179715156555 0.45787137746810913 
vt 0.7329447269439697 0.41364550590515137 
vt 0.7155565023422241 0.41953426599502563 
vt 0.7297069430351257 0.40186795592308044 
vt 0.7161560654640198 0.40258902311325073 
vt 0.7192739844322205 0.4392436146736145 
vt 0.7229914665222168 0.46015477180480957 
vt 0.7397801280021667 0.4343162775039673 
vt 0.7430179715156555 0.45787137746810913 
vt 0.7229914665222168 0.46015477180480957 
vt 0.7277882099151611 0.4833493232727051 
vt 0.7430179715156555 0.45787137746810913 
vt 0.7449366450309753 0.4821475148200989 
vt 0.7728777527809143 0.4516220688819885 
vt 0.7628045678138733 0.4249423146247864 
vt 0.7430179715156555 0.45787137746810913 
vt 0.7397801280021667 0.4343162775039673 
vt 0.7728777527809143 0.4516220688819885 
vt 0.7430179715156555 0.45787137746810913 
vt 0.7783940434455872 0.48539236187934875 
vt 0.7449366450309753 0.4821475148200989 
vt 0.7430179715156555 0.45787137746810913 
vt 0.7228715419769287 0.4606354832649231 
vt 0.7397801280021667 0.4343162775039673 
vt 0.7186744213104248 0.4391234517097473 
vt 0.6924121379852295 0.42013517022132874 
vt 0.6775421500205994 0.42061588168144226 
vt 0.6949304342269897 0.44140684604644775 
vt 0.6798206567764282 0.4392436146736145 
vt 0.7155565023422241 0.41929391026496887 
vt 0.7192739844322205 0.4392436146736145 
vt 0.7329447269439697 0.41364550590515137 
vt 0.7397801280021667 0.4343162775039673 
vt 0.7628045678138733 0.4249423146247864 
vt 0.7479346394538879 0.40258902311325073 
vt 0.7397801280021667 0.4343162775039673 
vt 0.7329447269439697 0.41364550590515137 
vt 0.7397801280021667 0.4343162775039673 
vt 0.7186744213104248 0.4391234517097473 
vt 0.7329447269439697 0.41364550590515137 
vt 0.7155565023422241 0.41953426599502563 
vt 0.7039243578910828 0.418452650308609 
vt 0.7155565023422241 0.41929391026496887 
vt 0.7033247351646423 0.40258902311325073 
vt 0.7157963514328003 0.40198814868927 
vt 0.7157963514328003 0.40198814868927 
vt 0.7155565023422241 0.41929391026496887 
vt 0.7297069430351257 0.40186795592308044 
vt 0.7329447269439697 0.41364550590515137 
vt 0.7033247351646423 0.40258902311325073 
vt 0.7157963514328003 0.40198814868927 
vt 0.7021255493164062 0.3850429058074951 
vt 0.717595100402832 0.3852832615375519 
vt 0.7108796834945679 0.46351978182792664 
vt 0.6981682181358337 0.46520230174064636 
vt 0.7069223523139954 0.439724326133728 
vt 0.6949304342269897 0.44140684604644775 
vt 0.65943443775177 0.43587860465049744 
vt 0.6595543026924133 0.45138171315193176 
vt 0.6798206567764282 0.4392436146736145 
vt 0.680540144443512 0.4591933488845825 
vt 0.668428361415863 0.5501688122749329 
vt 0.679460883140564 0.5505293607711792 
vt 0.6698673367500305 0.5316612720489502 
vt 0.6871356964111328 0.542837917804718 
vt 0.6992475390434265 0.5216864347457886 
vt 0.6871356964111328 0.542837917804718 
vt 0.7044040560722351 0.5448809862136841 
vt 0.6962495446205139 0.5474047064781189 
vt 0.7044040560722351 0.5448809862136841 
vt 0.6962495446205139 0.5474047064781189 
vt 0.6992475390434265 0.5216864347457886 
vt 0.6871356964111328 0.542837917804718 
vt 0.679460883140564 0.5505293607711792 
vt 0.668428361415863 0.5501688122749329 
vt 0.6871356964111328 0.542837917804718 
vt 0.6698673367500305 0.5316612720489502 
vt 0.6962495446205139 0.5474047064781189 
vt 0.6871356964111328 0.542837917804718 
vt 0.6938511729240417 0.5537742376327515 
vt 0.6894141435623169 0.5514907836914062 
vt 0.7728777527809143 0.4516220688819885 
vt 0.7430179715156555 0.45787137746810913 
vt 0.7628045678138733 0.4249423146247864 
vt 0.7397801280021667 0.4343162775039673 
vt 0.7628045678138733 0.4249423146247864 
vt 0.7397801280021667 0.4343162775039673 
vt 0.7479346394538879 0.40258902311325073 
vt 0.7329447269439697 0.41364550590515137 
vt 0.7449366450309753 0.4821475148200989 
vt 0.7430179715156555 0.45787137746810913 
vt 0.7783940434455872 0.48539236187934875 
vt 0.7728777527809143 0.4516220688819885 
vt 0.6981682181358337 0.46520230174064636 
vt 0.680540144443512 0.4591933488845825 
vt 0.6949304342269897 0.44140684604644775 
vt 0.6798206567764282 0.4392436146736145 
vt 0.6924121379852295 0.42013517022132874 
vt 0.6949304342269897 0.44140684604644775 
vt 0.6775421500205994 0.42061588168144226 
vt 0.6798206567764282 0.4392436146736145 
vt 0.6949304342269897 0.44140684604644775 
vt 0.6798206567764282 0.4392436146736145 
vt 0.6981682181358337 0.46520230174064636 
vt 0.680540144443512 0.4591933488845825 
vt 0.6775421500205994 0.42061588168144226 
vt 0.6798206567764282 0.4392436146736145 
vt 0.6585949659347534 0.420856237411499 
vt 0.65943443775177 0.43587860465049744 
vt 0.6585949659347534 0.420856237411499 
vt 0.65943443775177 0.43587860465049744 
vt 0.6775421500205994 0.42061588168144226 
vt 0.6798206567764282 0.4392436146736145 
vt 0.6698673367500305 0.5316612720489502 
vt 0.663751482963562 0.515316903591156 
vt 0.6840177774429321 0.5263733863830566 
vt 0.6762230396270752 0.5072649121284485 
vt 0.663751482963562 0.515316903591156 
vt 0.6698673367500305 0.5316612720489502 
vt 0.6762230396270752 0.5072649121284485 
vt 0.6840177774429321 0.5263733863830566 
vt 0.6519994139671326 0.5022174119949341 
vt 0.6632718443870544 0.4921223819255829 
vt 0.663751482963562 0.515316903591156 
vt 0.6762230396270752 0.5072649121284485 
vt 0.6361701488494873 0.49308380484580994 
vt 0.6454038619995117 0.4787825047969818 
vt 0.6519994139671326 0.5022174119949341 
vt 0.6632718443870544 0.4921223819255829 
vt 0.6519994139671326 0.5022174119949341 
vt 0.6632718443870544 0.4921223819255829 
vt 0.6361701488494873 0.49308380484580994 
vt 0.6454038619995117 0.4787825047969818 
vt 0.663751482963562 0.515316903591156 
vt 0.6762230396270752 0.5072649121284485 
vt 0.6519994139671326 0.5022174119949341 
vt 0.6632718443870544 0.4921223819255829 
vt 0.6519994139671326 0.5022174119949341 
vt 0.6414465308189392 0.5118317604064941 
vt 0.6361701488494873 0.49308380484580994 
vt 0.6348510384559631 0.5016165375709534 
vt 0.6519994139671326 0.5022174119949341 
vt 0.6361701488494873 0.49308380484580994 
vt 0.6414465308189392 0.5118317604064941 
vt 0.6348510384559631 0.5016165375709534 
vt 0.7297069430351257 0.40186795592308044 
vt 0.7161560654640198 0.40258902311325073 
vt 0.7285077571868896 0.3884079158306122 
vt 0.7177150249481201 0.3851630687713623 
vt 0.7157963514328003 0.40198814868927 
vt 0.7297069430351257 0.40186795592308044 
vt 0.717595100402832 0.3852832615375519 
vt 0.7285077571868896 0.3884079158306122 
vt 0.7039243578910828 0.418452650308609 
vt 0.6924121379852295 0.42013517022132874 
vt 0.7036845088005066 0.4028293788433075 
vt 0.6910930275917053 0.4053531587123871 
vt 0.7036845088005066 0.4028293788433075 
vt 0.6910930275917053 0.4053531587123871 
vt 0.7022454738616943 0.38480255007743835 
vt 0.6870157718658447 0.38732630014419556 
vt 0.7072820663452148 0.4398445188999176 
vt 0.7039243578910828 0.418452650308609 
vt 0.6949304342269897 0.44140684604644775 
vt 0.6924121379852295 0.42013517022132874 
vt 0.7069223523139954 0.439724326133728 
vt 0.6949304342269897 0.44140684604644775 
vt 0.7039243578910828 0.418452650308609 
vt 0.6924121379852295 0.42013517022132874 
vt 0.6870157718658447 0.38732630014419556 
vt 0.6910930275917053 0.4053531587123871 
vt 0.668428361415863 0.3951379358768463 
vt 0.6731051802635193 0.4078769087791443 
vt 0.6910930275917053 0.4053531587123871 
vt 0.6870157718658447 0.38732630014419556 
vt 0.6731051802635193 0.4078769087791443 
vt 0.668428361415863 0.3951379358768463 
vt 0.6924121379852295 0.42013517022132874 
vt 0.6910930275917053 0.4053531587123871 
vt 0.6775421500205994 0.42061588168144226 
vt 0.6731051802635193 0.4078769087791443 
vt 0.6924121379852295 0.42013517022132874 
vt 0.6775421500205994 0.42061588168144226 
vt 0.6910930275917053 0.4053531587123871 
vt 0.6731051802635193 0.4078769087791443 
vt 0.679460883140564 0.5505293607711792 
vt 0.6854568123817444 0.5553365349769592 
vt 0.6871356964111328 0.542837917804718 
vt 0.6894141435623169 0.5514907836914062 
vt 0.6962495446205139 0.5474047064781189 
vt 0.6938511729240417 0.5537742376327515 
vt 0.6871356964111328 0.542837917804718 
vt 0.6894141435623169 0.5514907836914062 
vt 0.7394203543663025 0.5091878175735474 
vt 0.7279081344604492 0.5147160291671753 
vt 0.7275484204292297 0.48358967900276184 
vt 0.7159162759780884 0.4887573719024658 
vt 0.7548899054527283 0.5332236289978027 
vt 0.7408593893051147 0.5409150719642639 
vt 0.7394203543663025 0.5091878175735474 
vt 0.7279081344604492 0.5147160291671753 
vt 0.7562090158462524 0.5340648293495178 
vt 0.7389407157897949 0.5087071061134338 
vt 0.7414590120315552 0.5412756204605103 
vt 0.7275484204292297 0.5142353177070618 
vt 0.7389407157897949 0.5087071061134338 
vt 0.7277882099151611 0.4833493232727051 
vt 0.7275484204292297 0.5142353177070618 
vt 0.7159162759780884 0.4883968234062195 
vt 0.7228715419769287 0.4606354832649231 
vt 0.7275484204292297 0.48358967900276184 
vt 0.7108796834945679 0.46351978182792664 
vt 0.7159162759780884 0.4887573719024658 
vt 0.7229914665222168 0.46015477180480957 
vt 0.7192739844322205 0.4392436146736145 
vt 0.7109995484352112 0.4632794260978699 
vt 0.7072820663452148 0.4398445188999176 
vt 0.7277882099151611 0.4833493232727051 
vt 0.7229914665222168 0.46015477180480957 
vt 0.7159162759780884 0.4883968234062195 
vt 0.7109995484352112 0.4632794260978699 
vt 0.6910930275917053 0.4053531587123871 
vt 0.6924121379852295 0.42013517022132874 
vt 0.7033247351646423 0.40258902311325073 
vt 0.7039243578910828 0.418452650308609 
vt 0.6910930275917053 0.4053531587123871 
vt 0.7033247351646423 0.40258902311325073 
vt 0.6870157718658447 0.38732630014419556 
vt 0.7021255493164062 0.3850429058074951 
vt 0.7228715419769287 0.4606354832649231 
vt 0.7108796834945679 0.46351978182792664 
vt 0.7186744213104248 0.4391234517097473 
vt 0.7069223523139954 0.439724326133728 
vt 0.7155565023422241 0.41953426599502563 
vt 0.7039243578910828 0.418452650308609 
vt 0.7161560654640198 0.40258902311325073 
vt 0.7036845088005066 0.4028293788433075 
vt 0.7161560654640198 0.40258902311325073 
vt 0.7036845088005066 0.4028293788433075 
vt 0.7177150249481201 0.3851630687713623 
vt 0.7022454738616943 0.38480255007743835 
vt 0.7192739844322205 0.4392436146736145 
vt 0.7155565023422241 0.41929391026496887 
vt 0.7072820663452148 0.4398445188999176 
vt 0.7039243578910828 0.418452650308609 
vt 0.7186744213104248 0.4391234517097473 
vt 0.7069223523139954 0.439724326133728 
vt 0.7155565023422241 0.41953426599502563 
vt 0.7039243578910828 0.418452650308609 
vt 0.9064675569534302 0.7550740242004395 
vt 0.9389656186103821 0.7443780899047852 
vt 0.9178598523139954 0.7749035954475403 
vt 0.9442420601844788 0.7652892470359802 
vt 0.8933963775634766 0.7922093272209167 
vt 0.8797256350517273 0.7740623354911804 
vt 0.9178598523139954 0.7749035954475403 
vt 0.9064675569534302 0.7550740242004395 
vt 0.873609721660614 0.8152837157249451 
vt 0.8596991300582886 0.7996604442596436 
vt 0.8933963775634766 0.7922093272209167 
vt 0.8797256350517273 0.7740623354911804 
vt 0.8933963775634766 0.7922093272209167 
vt 0.8797256350517273 0.7740623354911804 
vt 0.873609721660614 0.8152837157249451 
vt 0.8596991300582886 0.7996604442596436 
vt 0.9178598523139954 0.7749035954475403 
vt 0.9064675569534302 0.7550740242004395 
vt 0.8933963775634766 0.7922093272209167 
vt 0.8797256350517273 0.7740623354911804 
vt 0.9272135496139526 0.7920891642570496 
vt 0.949998140335083 0.7843977212905884 
vt 0.9351282119750977 0.8068711757659912 
vt 0.9517969489097595 0.8014631271362305 
vt 0.949998140335083 0.7843977212905884 
vt 0.9748213887214661 0.7875223755836487 
vt 0.9517969489097595 0.8014631271362305 
vt 0.9666668772697449 0.805789589881897 
vt 0.9748213887214661 0.7875223755836487 
vt 0.949998140335083 0.7843977212905884 
vt 0.9666668772697449 0.805789589881897 
vt 0.9517969489097595 0.8014631271362305 
vt 0.949998140335083 0.7843977212905884 
vt 0.9272135496139526 0.7920891642570496 
vt 0.9517969489097595 0.8014631271362305 
vt 0.9351282119750977 0.8068711757659912 
vt 0.9080265164375305 0.8069913387298584 
vt 0.9272135496139526 0.7920891642570496 
vt 0.9224167466163635 0.8227348327636719 
vt 0.9351282119750977 0.8068711757659912 
vt 0.9157013297080994 0.8395598530769348 
vt 0.9188191890716553 0.8443670272827148 
vt 0.9224167466163635 0.8227348327636719 
vt 0.9274533987045288 0.8348729014396667 
vt 0.9272135496139526 0.7920891642570496 
vt 0.9080265164375305 0.8069913387298584 
vt 0.9351282119750977 0.8068711757659912 
vt 0.9224167466163635 0.8227348327636719 
vt 0.9389656186103821 0.7443780899047852 
vt 0.9064675569534302 0.7550740242004395 
vt 0.9340488910675049 0.7220247983932495 
vt 0.8975935578346252 0.7384893298149109 
vt 0.9546749591827393 0.7410131096839905 
vt 0.9389656186103821 0.7443780899047852 
vt 0.9528762102127075 0.715054452419281 
vt 0.9340488910675049 0.7220247983932495 
vt 0.9546749591827393 0.7410131096839905 
vt 0.9703843593597412 0.737648069858551 
vt 0.9528762102127075 0.715054452419281 
vt 0.9717034697532654 0.7080840468406677 
vt 0.9064675569534302 0.7550740242004395 
vt 0.9389656186103821 0.7443780899047852 
vt 0.8975935578346252 0.7384893298149109 
vt 0.9340488910675049 0.7220247983932495 
vt 0.9064675569534302 0.7550740242004395 
vt 0.8797256350517273 0.7740623354911804 
vt 0.8975935578346252 0.7384893298149109 
vt 0.8642560839653015 0.7495458126068115 
vt 0.8797256350517273 0.7740623354911804 
vt 0.8596991300582886 0.7996604442596436 
vt 0.852384090423584 0.7710578441619873 
vt 0.8382336497306824 0.7955743670463562 
vt 0.8596991300582886 0.7996604442596436 
vt 0.8797256350517273 0.7740623354911804 
vt 0.8382336497306824 0.7955743670463562 
vt 0.852384090423584 0.7710578441619873 
vt 0.8797256350517273 0.7740623354911804 
vt 0.9064675569534302 0.7550740242004395 
vt 0.8642560839653015 0.7495458126068115 
vt 0.8975935578346252 0.7384893298149109 
vt 0.9340488910675049 0.7220247983932495 
vt 0.8975935578346252 0.7384893298149109 
vt 0.9275732636451721 0.7035172581672668 
vt 0.8901585936546326 0.7210633754730225 
vt 0.9528762102127075 0.715054452419281 
vt 0.9340488910675049 0.7220247983932495 
vt 0.9460408091545105 0.6921002268791199 
vt 0.9275732636451721 0.7035172581672668 
vt 0.9528762102127075 0.715054452419281 
vt 0.9717034697532654 0.7080840468406677 
vt 0.9456810355186462 0.692340612411499 
vt 0.963549017906189 0.6815245151519775 
vt 0.8975935578346252 0.7384893298149109 
vt 0.9340488910675049 0.7220247983932495 
vt 0.8902784585952759 0.7209432125091553 
vt 0.9279330372810364 0.7032768726348877 
vt 0.8975935578346252 0.7384893298149109 
vt 0.8642560839653015 0.7495458126068115 
vt 0.8901585936546326 0.7210633754730225 
vt 0.8598190546035767 0.7289952039718628 
vt 0.852384090423584 0.7710578441619873 
vt 0.8382336497306824 0.7955743670463562 
vt 0.8272010684013367 0.7661305069923401 
vt 0.8136502504348755 0.7870416641235352 
vt 0.8297193646430969 0.7549538612365723 
vt 0.8642560839653015 0.7495458126068115 
vt 0.8286401033401489 0.7365664839744568 
vt 0.8593393564224243 0.7288750410079956 
vt 0.8642560839653015 0.7495458126068115 
vt 0.8975935578346252 0.7384893298149109 
vt 0.8593393564224243 0.7288750410079956 
vt 0.8902784585952759 0.7209432125091553 
vt 0.9182196259498596 0.6858509182929993 
vt 0.9275732636451721 0.7035172581672668 
vt 0.8866809010505676 0.7005127668380737 
vt 0.8901585936546326 0.7210633754730225 
vt 0.9347684383392334 0.6741935610771179 
vt 0.9460408091545105 0.6921002268791199 
vt 0.9182196259498596 0.6858509182929993 
vt 0.9275732636451721 0.7035172581672668 
vt 0.9347684383392334 0.6741935610771179 
vt 0.9456810355186462 0.692340612411499 
vt 0.9466404318809509 0.6622958779335022 
vt 0.963549017906189 0.6815245151519775 
vt 0.8902784585952759 0.7209432125091553 
vt 0.9279330372810364 0.7032768726348877 
vt 0.8866809010505676 0.7005127668380737 
vt 0.9182196259498596 0.6858509182929993 
vt 0.8866809010505676 0.7005127668380737 
vt 0.8901585936546326 0.7210633754730225 
vt 0.8558617234230042 0.7082042098045349 
vt 0.8598190546035767 0.7289952039718628 
vt 0.7942233681678772 0.7202221155166626 
vt 0.7986603379249573 0.7383691668510437 
vt 0.76808100938797 0.7351243495941162 
vt 0.7677212357521057 0.7526704668998718 
vt 0.8252823948860168 0.7180588841438293 
vt 0.8286401033401489 0.7365664839744568 
vt 0.8558617234230042 0.7082042098045349 
vt 0.8593393564224243 0.7288750410079956 
vt 0.8593393564224243 0.7288750410079956 
vt 0.8902784585952759 0.7209432125091553 
vt 0.8558617234230042 0.7082042098045349 
vt 0.8866809010505676 0.7005127668380737 
vt 0.8389531373977661 0.6531622409820557 
vt 0.8044164776802063 0.6765971779823303 
vt 0.8529836535453796 0.692340612411499 
vt 0.82192462682724 0.7048392295837402 
vt 0.8389531373977661 0.6531622409820557 
vt 0.8529836535453796 0.692340612411499 
vt 0.8853617906570435 0.6400627493858337 
vt 0.8847622275352478 0.6844087839126587 
vt 0.8558617234230042 0.7082042098045349 
vt 0.8598190546035767 0.7289952039718628 
vt 0.8252823948860168 0.7180588841438293 
vt 0.8282803893089294 0.7363260984420776 
vt 0.8286401033401489 0.7365664839744568 
vt 0.7986603379249573 0.7383691668510437 
vt 0.8297193646430969 0.7549538612365723 
vt 0.7971014380455017 0.753872275352478 
vt 0.8044164776802063 0.6765971779823303 
vt 0.7809123396873474 0.702675998210907 
vt 0.82192462682724 0.7048392295837402 
vt 0.7942233681678772 0.7202221155166626 
vt 0.7677212357521057 0.7526704668998718 
vt 0.7986603379249573 0.7383691668510437 
vt 0.76808100938797 0.7351243495941162 
vt 0.7942233681678772 0.7202221155166626 
vt 0.8598190546035767 0.7289952039718628 
vt 0.8642560839653015 0.7495458126068115 
vt 0.8282803893089294 0.7363260984420776 
vt 0.8297193646430969 0.7549538612365723 
vt 0.8282803893089294 0.7363260984420776 
vt 0.8297193646430969 0.7549538612365723 
vt 0.7986603379249573 0.7383691668510437 
vt 0.7971014380455017 0.753872275352478 
vt 0.8136502504348755 0.7870416641235352 
vt 0.8382336497306824 0.7955743670463562 
vt 0.8272010684013367 0.7661305069923401 
vt 0.852384090423584 0.7710578441619873 
vt 0.9748213887214661 0.7875223755836487 
vt 0.9762604236602783 0.7724999785423279 
vt 0.949998140335083 0.7843977212905884 
vt 0.9665469527244568 0.7615637183189392 
vt 0.9546749591827393 0.7410131096839905 
vt 0.9665469527244568 0.7615637183189392 
vt 0.9703843593597412 0.737648069858551 
vt 0.9733823537826538 0.7495458126068115 
vt 0.9546749591827393 0.7410131096839905 
vt 0.9703843593597412 0.737648069858551 
vt 0.9665469527244568 0.7615637183189392 
vt 0.9733823537826538 0.7495458126068115 
vt 0.9762604236602783 0.7724999785423279 
vt 0.9748213887214661 0.7875223755836487 
vt 0.9665469527244568 0.7615637183189392 
vt 0.949998140335083 0.7843977212905884 
vt 0.8389531373977661 0.6531622409820557 
vt 0.8529836535453796 0.692340612411499 
vt 0.8044164776802063 0.6765971779823303 
vt 0.82192462682724 0.7048392295837402 
vt 0.8044164776802063 0.6765971779823303 
vt 0.82192462682724 0.7048392295837402 
vt 0.7809123396873474 0.702675998210907 
vt 0.7942233681678772 0.7202221155166626 
vt 0.8847622275352478 0.6844087839126587 
vt 0.8529836535453796 0.692340612411499 
vt 0.8853617906570435 0.6400627493858337 
vt 0.8389531373977661 0.6531622409820557 
vt 0.7450565695762634 0.7571170926094055 
vt 0.7677212357521057 0.7526704668998718 
vt 0.7458959817886353 0.7473825812339783 
vt 0.76808100938797 0.7351243495941162 
vt 0.7672415971755981 0.7633664011955261 
vt 0.7677212357521057 0.7526704668998718 
vt 0.7518919706344604 0.7676928043365479 
vt 0.7450565695762634 0.7571170926094055 
vt 0.76808100938797 0.7351243495941162 
vt 0.7677212357521057 0.7526704668998718 
vt 0.7458959817886353 0.7473825812339783 
vt 0.7450565695762634 0.7571170926094055 
vt 0.7624448537826538 0.7257503867149353 
vt 0.76808100938797 0.7351243495941162 
vt 0.7449366450309753 0.7352445125579834 
vt 0.7458959817886353 0.7473825812339783 
vt 0.7450565695762634 0.7571170926094055 
vt 0.7677212357521057 0.7526704668998718 
vt 0.7518919706344604 0.7676928043365479 
vt 0.7672415971755981 0.7633664011955261 
vt 0.7458959817886353 0.7473825812339783 
vt 0.76808100938797 0.7351243495941162 
vt 0.7449366450309753 0.7352445125579834 
vt 0.7624448537826538 0.7257503867149353 
vt 0.7106398344039917 0.7663708925247192 
vt 0.742298424243927 0.7729806900024414 
vt 0.7450565695762634 0.7571170926094055 
vt 0.7518919706344604 0.7676928043365479 
vt 0.7106398344039917 0.7663708925247192 
vt 0.7280280590057373 0.7395709753036499 
vt 0.7458959817886353 0.7473825812339783 
vt 0.7449366450309753 0.7352445125579834 
vt 0.7106398344039917 0.7663708925247192 
vt 0.7450565695762634 0.7571170926094055 
vt 0.742298424243927 0.7729806900024414 
vt 0.7518919706344604 0.7676928043365479 
vt 0.7106398344039917 0.7663708925247192 
vt 0.7458959817886353 0.7473825812339783 
vt 0.7280280590057373 0.7395709753036499 
vt 0.7449366450309753 0.7352445125579834 
vt 0.8642560839653015 0.7495458126068115 
vt 0.852384090423584 0.7710578441619873 
vt 0.8297193646430969 0.7549538612365723 
vt 0.8272010684013367 0.7661305069923401 
vt 0.8297193646430969 0.7549538612365723 
vt 0.8272010684013367 0.7661305069923401 
vt 0.8642560839653015 0.7495458126068115 
vt 0.852384090423584 0.7710578441619873 
vt 0.7971014380455017 0.753872275352478 
vt 0.8272010684013367 0.7661305069923401 
vt 0.7889469265937805 0.7711780071258545 
vt 0.8136502504348755 0.7870416641235352 
vt 0.7889469265937805 0.7711780071258545 
vt 0.8136502504348755 0.7870416641235352 
vt 0.7971014380455017 0.753872275352478 
vt 0.8272010684013367 0.7661305069923401 
vt 0.949998140335083 0.7843977212905884 
vt 0.9272135496139526 0.7920891642570496 
vt 0.9442420601844788 0.7652892470359802 
vt 0.9178598523139954 0.7749035954475403 
vt 0.9272135496139526 0.7920891642570496 
vt 0.949998140335083 0.7843977212905884 
vt 0.9178598523139954 0.7749035954475403 
vt 0.9442420601844788 0.7652892470359802 
vt 0.9080265164375305 0.8069913387298584 
vt 0.8933963775634766 0.7922093272209167 
vt 0.9272135496139526 0.7920891642570496 
vt 0.9178598523139954 0.7749035954475403 
vt 0.8945955634117126 0.8280227184295654 
vt 0.873609721660614 0.8152837157249451 
vt 0.9080265164375305 0.8069913387298584 
vt 0.8933963775634766 0.7922093272209167 
vt 0.9080265164375305 0.8069913387298584 
vt 0.8933963775634766 0.7922093272209167 
vt 0.8945955634117126 0.8280227184295654 
vt 0.873609721660614 0.8152837157249451 
vt 0.9272135496139526 0.7920891642570496 
vt 0.9178598523139954 0.7749035954475403 
vt 0.9080265164375305 0.8069913387298584 
vt 0.8933963775634766 0.7922093272209167 
vt 0.9080265164375305 0.8069913387298584 
vt 0.9224167466163635 0.8227348327636719 
vt 0.8945955634117126 0.8280227184295654 
vt 0.9074268937110901 0.8311473727226257 
vt 0.9080265164375305 0.8069913387298584 
vt 0.8945955634117126 0.8280227184295654 
vt 0.9224167466163635 0.8227348327636719 
vt 0.9074268937110901 0.8311473727226257 
vt 0.9074268937110901 0.8311473727226257 
vt 0.9224167466163635 0.8227348327636719 
vt 0.9080265164375305 0.840761661529541 
vt 0.9157013297080994 0.8395598530769348 
vt 0.9274533987045288 0.8348729014396667 
vt 0.9188191890716553 0.8443670272827148 
vt 0.9224167466163635 0.8227348327636719 
vt 0.9157013297080994 0.8395598530769348 
vt 0.9074268937110901 0.8311473727226257 
vt 0.9080265164375305 0.840761661529541 
vt 0.9224167466163635 0.8227348327636719 
vt 0.9157013297080994 0.8395598530769348 
vt 0.1260346919298172 0.6645792722702026 
vt 0.14785996079444885 0.6869325637817383 
vt 0.11428263038396835 0.6818850040435791 
vt 0.13287007808685303 0.6996715068817139 
vt 0.09005899727344513 0.6687855124473572 
vt 0.0995325967669487 0.6501577496528625 
vt 0.11428263038396835 0.6818850040435791 
vt 0.1260346919298172 0.6645792722702026 
vt 0.06307721883058548 0.6618151068687439 
vt 0.07039228081703186 0.6440286636352539 
vt 0.09005899727344513 0.6687855124473572 
vt 0.0995325967669487 0.6501577496528625 
vt 0.09005899727344513 0.6687855124473572 
vt 0.0995325967669487 0.6501577496528625 
vt 0.06307721883058548 0.6618151068687439 
vt 0.07039228081703186 0.6440286636352539 
vt 0.11428263038396835 0.6818850040435791 
vt 0.1260346919298172 0.6645792722702026 
vt 0.09005899727344513 0.6687855124473572 
vt 0.0995325967669487 0.6501577496528625 
vt 0.10384967923164368 0.6965468525886536 
vt 0.11943914741277695 0.7121701240539551 
vt 0.09485575556755066 0.7090454697608948 
vt 0.10612814128398895 0.7207028269767761 
vt 0.11943914741277695 0.7121701240539551 
vt 0.1268741339445114 0.73392254114151 
vt 0.10612814128398895 0.7207028269767761 
vt 0.10852652043104172 0.7346435785293579 
vt 0.1268741339445114 0.73392254114151 
vt 0.11943914741277695 0.7121701240539551 
vt 0.10852652043104172 0.7346435785293579 
vt 0.10612814128398895 0.7207028269767761 
vt 0.11943914741277695 0.7121701240539551 
vt 0.10384967923164368 0.6965468525886536 
vt 0.10612814128398895 0.7207028269767761 
vt 0.09485575556755066 0.7090454697608948 
vt 0.08382321149110794 0.6868123412132263 
vt 0.10384967923164368 0.6965468525886536 
vt 0.07662806659936905 0.7049593925476074 
vt 0.09485575556755066 0.7090454697608948 
vt 0.06007924675941467 0.7062813639640808 
vt 0.05744102969765663 0.7108481526374817 
vt 0.07662806659936905 0.7049593925476074 
vt 0.06871341168880463 0.7140929698944092 
vt 0.10384967923164368 0.6965468525886536 
vt 0.08382321149110794 0.6868123412132263 
vt 0.09485575556755066 0.7090454697608948 
vt 0.07662806659936905 0.7049593925476074 
vt 0.14785996079444885 0.6869325637817383 
vt 0.1260346919298172 0.6645792722702026 
vt 0.16440877318382263 0.6738330125808716 
vt 0.1361078917980194 0.6503981351852417 
vt 0.15709371864795685 0.6984696984291077 
vt 0.14785996079444885 0.6869325637817383 
vt 0.17771978676319122 0.6864518523216248 
vt 0.16440877318382263 0.6738330125808716 
vt 0.15709371864795685 0.6984696984291077 
vt 0.16620756685733795 0.7101271152496338 
vt 0.17771978676319122 0.6864518523216248 
vt 0.18971168994903564 0.7001522183418274 
vt 0.1260346919298172 0.6645792722702026 
vt 0.14785996079444885 0.6869325637817383 
vt 0.1361078917980194 0.6503981351852417 
vt 0.16440877318382263 0.6738330125808716 
vt 0.1260346919298172 0.6645792722702026 
vt 0.0995325967669487 0.6501577496528625 
vt 0.1361078917980194 0.6503981351852417 
vt 0.11344320327043533 0.6274439096450806 
vt 0.0995325967669487 0.6501577496528625 
vt 0.07039228081703186 0.6440286636352539 
vt 0.09101834893226624 0.6263623237609863 
vt 0.06499592214822769 0.6245596408843994 
vt 0.07039228081703186 0.6440286636352539 
vt 0.0995325967669487 0.6501577496528625 
vt 0.06499592214822769 0.6245596408843994 
vt 0.09101834893226624 0.6263623237609863 
vt 0.0995325967669487 0.6501577496528625 
vt 0.1260346919298172 0.6645792722702026 
vt 0.11344320327043533 0.6274439096450806 
vt 0.1361078917980194 0.6503981351852417 
vt 0.16440877318382263 0.6738330125808716 
vt 0.1361078917980194 0.6503981351852417 
vt 0.17676043510437012 0.6616949439048767 
vt 0.14702051877975464 0.6377793550491333 
vt 0.193189337849617 0.672390878200531 
vt 0.17771978676319122 0.6864518523216248 
vt 0.17676043510437012 0.6616949439048767 
vt 0.16440877318382263 0.6738330125808716 
vt 0.17771978676319122 0.6864518523216248 
vt 0.18971168994903564 0.7001522183418274 
vt 0.193189337849617 0.672390878200531 
vt 0.20781944692134857 0.6830868124961853 
vt 0.1361078917980194 0.6503981351852417 
vt 0.16440877318382263 0.6738330125808716 
vt 0.14714044332504272 0.6378995180130005 
vt 0.17676043510437012 0.6616949439048767 
vt 0.1361078917980194 0.6503981351852417 
vt 0.11344320327043533 0.6274439096450806 
vt 0.14702051877975464 0.6377793550491333 
vt 0.1280733197927475 0.6159067749977112 
vt 0.09101834893226624 0.6263623237609863 
vt 0.06499592214822769 0.6245596408843994 
vt 0.08490248024463654 0.6036484837532043 
vt 0.062117867171764374 0.6008843779563904 
vt 0.09509559720754623 0.6012449264526367 
vt 0.11344320327043533 0.6274439096450806 
vt 0.10912611335515976 0.5931929349899292 
vt 0.1279533952474594 0.6154260635375977 
vt 0.11344320327043533 0.6274439096450806 
vt 0.1361078917980194 0.6503981351852417 
vt 0.1279533952474594 0.6154260635375977 
vt 0.14714044332504272 0.6378995180130005 
vt 0.18779298663139343 0.6461918354034424 
vt 0.17676043510437012 0.6616949439048767 
vt 0.16296975314617157 0.626121997833252 
vt 0.14702051877975464 0.6377793550491333 
vt 0.20458164811134338 0.6567676067352295 
vt 0.193189337849617 0.672390878200531 
vt 0.18779298663139343 0.6461918354034424 
vt 0.17676043510437012 0.6616949439048767 
vt 0.20458164811134338 0.6567676067352295 
vt 0.193189337849617 0.672390878200531 
vt 0.218732088804245 0.6626563668251038 
vt 0.20781944692134857 0.6830868124961853 
vt 0.14714044332504272 0.6378995180130005 
vt 0.17676043510437012 0.6616949439048767 
vt 0.16296975314617157 0.626121997833252 
vt 0.18779298663139343 0.6461918354034424 
vt 0.16296975314617157 0.626121997833252 
vt 0.14702051877975464 0.6377793550491333 
vt 0.14414246380329132 0.6037686467170715 
vt 0.1280733197927475 0.6159067749977112 
vt 0.10924603790044785 0.5578603148460388 
vt 0.09617486596107483 0.5689167380332947 
vt 0.08646142482757568 0.5423572063446045 
vt 0.07183130830526352 0.5492073893547058 
vt 0.12363631278276443 0.5826171636581421 
vt 0.10912611335515976 0.5931929349899292 
vt 0.14414246380329132 0.6037686467170715 
vt 0.1279533952474594 0.6154260635375977 
vt 0.1279533952474594 0.6154260635375977 
vt 0.14714044332504272 0.6378995180130005 
vt 0.14414246380329132 0.6037686467170715 
vt 0.16296975314617157 0.626121997833252 
vt 0.18263646960258484 0.5675948262214661 
vt 0.14929898083209991 0.5487266778945923 
vt 0.15601444244384766 0.5949956178665161 
vt 0.1332298368215561 0.5744450092315674 
vt 0.18263646960258484 0.5675948262214661 
vt 0.15601444244384766 0.5949956178665161 
vt 0.21225646138191223 0.600523829460144 
vt 0.17544132471084595 0.6179497838020325 
vt 0.14414246380329132 0.6037686467170715 
vt 0.1280733197927475 0.6159067749977112 
vt 0.12363631278276443 0.5826171636581421 
vt 0.10912611335515976 0.5927122235298157 
vt 0.10912611335515976 0.5931929349899292 
vt 0.09617486596107483 0.5689167380332947 
vt 0.09509559720754623 0.6012449264526367 
vt 0.08274393528699875 0.5738440752029419 
vt 0.14929898083209991 0.5487266778945923 
vt 0.11835987865924835 0.5398334264755249 
vt 0.1332298368215561 0.5744450092315674 
vt 0.10924603790044785 0.5578603148460388 
vt 0.08646142482757568 0.5423572063446045 
vt 0.07183130830526352 0.5492073893547058 
vt 0.10924603790044785 0.5578603148460388 
vt 0.09617486596107483 0.5689167380332947 
vt 0.1280733197927475 0.6159067749977112 
vt 0.11344320327043533 0.6274439096450806 
vt 0.10912611335515976 0.5927122235298157 
vt 0.09509559720754623 0.6012449264526367 
vt 0.10912611335515976 0.5927122235298157 
vt 0.09509559720754623 0.6012449264526367 
vt 0.09617486596107483 0.5689167380332947 
vt 0.08274393528699875 0.5738440752029419 
vt 0.062117867171764374 0.6008843779563904 
vt 0.06499592214822769 0.6245596408843994 
vt 0.08490248024463654 0.6036484837532043 
vt 0.09101834893226624 0.6263623237609863 
vt 0.1268741339445114 0.73392254114151 
vt 0.13982537388801575 0.7289952039718628 
vt 0.11943914741277695 0.7121701240539551 
vt 0.14486198127269745 0.7166167497634888 
vt 0.15709371864795685 0.6984696984291077 
vt 0.14486198127269745 0.7166167497634888 
vt 0.16620756685733795 0.7101271152496338 
vt 0.1576933115720749 0.7174580097198486 
vt 0.16620756685733795 0.7101271152496338 
vt 0.1576933115720749 0.7174580097198486 
vt 0.15709371864795685 0.6984696984291077 
vt 0.14486198127269745 0.7166167497634888 
vt 0.13982537388801575 0.7289952039718628 
vt 0.1268741339445114 0.73392254114151 
vt 0.14486198127269745 0.7166167497634888 
vt 0.11943914741277695 0.7121701240539551 
vt 0.18263646960258484 0.5675948262214661 
vt 0.15601444244384766 0.5949956178665161 
vt 0.14929898083209991 0.5487266778945923 
vt 0.1332298368215561 0.5744450092315674 
vt 0.14929898083209991 0.5487266778945923 
vt 0.1332298368215561 0.5744450092315674 
vt 0.11835987865924835 0.5398334264755249 
vt 0.10924603790044785 0.5578603148460388 
vt 0.17544132471084595 0.6179497838020325 
vt 0.15601444244384766 0.5949956178665161 
vt 0.21225646138191223 0.600523829460144 
vt 0.18263646960258484 0.5675948262214661 
vt 0.05899997428059578 0.5322621464729309 
vt 0.07183130830526352 0.5492073893547058 
vt 0.06739430129528046 0.5290173292160034 
vt 0.08646142482757568 0.5423572063446045 
vt 0.06271746754646301 0.553173303604126 
vt 0.07183130830526352 0.5492073893547058 
vt 0.05300402641296387 0.5421168208122253 
vt 0.05899997428059578 0.5322621464729309 
vt 0.06739430129528046 0.5290173292160034 
vt 0.08646142482757568 0.5423572063446045 
vt 0.05899997428059578 0.5322621464729309 
vt 0.07183130830526352 0.5492073893547058 
vt 0.09185778349637985 0.5338245034217834 
vt 0.08646142482757568 0.5423572063446045 
vt 0.07698782533407211 0.5233689546585083 
vt 0.06739430129528046 0.5290173292160034 
vt 0.05899997428059578 0.5322621464729309 
vt 0.07183130830526352 0.5492073893547058 
vt 0.05300402641296387 0.5421168208122253 
vt 0.06271746754646301 0.553173303604126 
vt 0.06739430129528046 0.5290173292160034 
vt 0.08646142482757568 0.5423572063446045 
vt 0.07698782533407211 0.5233689546585083 
vt 0.09185778349637985 0.5338245034217834 
vt 0.037534475326538086 0.5077456831932068 
vt 0.04472961276769638 0.5364684462547302 
vt 0.05899997428059578 0.5322621464729309 
vt 0.05300402641296387 0.5421168208122253 
vt 0.037534475326538086 0.5077456831932068 
vt 0.06655487418174744 0.5111106634140015 
vt 0.06739430129528046 0.5290173292160034 
vt 0.07698782533407211 0.5233689546585083 
vt 0.037534475326538086 0.5077456831932068 
vt 0.05899997428059578 0.5322621464729309 
vt 0.04472961276769638 0.5364684462547302 
vt 0.05300402641296387 0.5421168208122253 
vt 0.037534475326538086 0.5077456831932068 
vt 0.06739430129528046 0.5290173292160034 
vt 0.06655487418174744 0.5111106634140015 
vt 0.07698782533407211 0.5233689546585083 
vt 0.11344320327043533 0.6274439096450806 
vt 0.09101834893226624 0.6263623237609863 
vt 0.09509559720754623 0.6012449264526367 
vt 0.08490248024463654 0.6036484837532043 
vt 0.09509559720754623 0.6012449264526367 
vt 0.08490248024463654 0.6036484837532043 
vt 0.11344320327043533 0.6274439096450806 
vt 0.09101834893226624 0.6263623237609863 
vt 0.08274393528699875 0.5738440752029419 
vt 0.08490248024463654 0.6036484837532043 
vt 0.06511584669351578 0.5742046236991882 
vt 0.062117867171764374 0.6008843779563904 
vt 0.06511584669351578 0.5742046236991882 
vt 0.062117867171764374 0.6008843779563904 
vt 0.08274393528699875 0.5738440752029419 
vt 0.08490248024463654 0.6036484837532043 
vt 0.11943914741277695 0.7121701240539551 
vt 0.10384967923164368 0.6965468525886536 
vt 0.13287007808685303 0.6996715068817139 
vt 0.11428263038396835 0.6818850040435791 
vt 0.10384967923164368 0.6965468525886536 
vt 0.11943914741277695 0.7121701240539551 
vt 0.11428263038396835 0.6818850040435791 
vt 0.13287007808685303 0.6996715068817139 
vt 0.08382321149110794 0.6868123412132263 
vt 0.09005899727344513 0.6687855124473572 
vt 0.10384967923164368 0.6965468525886536 
vt 0.11428263038396835 0.6818850040435791 
vt 0.06103859841823578 0.6841683983802795 
vt 0.06307721883058548 0.6618151068687439 
vt 0.08382321149110794 0.6868123412132263 
vt 0.09005899727344513 0.6687855124473572 
vt 0.08382321149110794 0.6868123412132263 
vt 0.09005899727344513 0.6687855124473572 
vt 0.06103859841823578 0.6841683983802795 
vt 0.06307721883058548 0.6618151068687439 
vt 0.10384967923164368 0.6965468525886536 
vt 0.11428263038396835 0.6818850040435791 
vt 0.08382321149110794 0.6868123412132263 
vt 0.09005899727344513 0.6687855124473572 
vt 0.08382321149110794 0.6868123412132263 
vt 0.07662806659936905 0.7049593925476074 
vt 0.06103859841823578 0.6841683983802795 
vt 0.06367681920528412 0.69606614112854 
vt 0.08382321149110794 0.6868123412132263 
vt 0.06103859841823578 0.6841683983802795 
vt 0.07662806659936905 0.7049593925476074 
vt 0.06367681920528412 0.69606614112854 
vt 0.06367681920528412 0.69606614112854 
vt 0.07662806659936905 0.7049593925476074 
vt 0.05612191930413246 0.7005127668380737 
vt 0.06007924675941467 0.7062813639640808 
vt 0.06871341168880463 0.7140929698944092 
vt 0.05744102969765663 0.7108481526374817 
vt 0.07662806659936905 0.7049593925476074 
vt 0.06007924675941467 0.7062813639640808 
vt 0.06367681920528412 0.69606614112854 
vt 0.05612191930413246 0.7005127668380737 
vt 0.07662806659936905 0.7049593925476074 
vt 0.06007924675941467 0.7062813639640808 
vt 0.19546779990196228 0.6353757381439209 
vt 0.18779298663139343 0.6461918354034424 
vt 0.17544132471084595 0.6179497838020325 
vt 0.16296975314617157 0.626121997833252 
vt 0.210577592253685 0.6410241723060608 
vt 0.22424834966659546 0.6453506350517273 
vt 0.20458164811134338 0.6567676067352295 
vt 0.218732088804245 0.6626563668251038 
vt 0.210577592253685 0.6410241723060608 
vt 0.19546779990196228 0.6353757381439209 
vt 0.20458164811134338 0.6567676067352295 
vt 0.18779298663139343 0.6461918354034424 
vt 0.19546779990196228 0.6353757381439209 
vt 0.17544132471084595 0.6179497838020325 
vt 0.18779298663139343 0.6461918354034424 
vt 0.16296975314617157 0.626121997833252 
vt 0.17544132471084595 0.6179497838020325 
vt 0.16296975314617157 0.626121997833252 
vt 0.15601444244384766 0.5949956178665161 
vt 0.14414246380329132 0.6037686467170715 
vt 0.15601444244384766 0.5949956178665161 
vt 0.1332298368215561 0.5744450092315674 
vt 0.14414246380329132 0.6037686467170715 
vt 0.12363631278276443 0.5826171636581421 
vt 0.17544132471084595 0.6179497838020325 
vt 0.15601444244384766 0.5949956178665161 
vt 0.16296975314617157 0.626121997833252 
vt 0.14414246380329132 0.6037686467170715 
vt 0.15601444244384766 0.5949956178665161 
vt 0.14414246380329132 0.6037686467170715 
vt 0.1332298368215561 0.5744450092315674 
vt 0.12363631278276443 0.5826171636581421 
vt 0.9107846617698669 0.6725110411643982 
vt 0.9182196259498596 0.6858509182929993 
vt 0.8847622275352478 0.6844087839126587 
vt 0.8866809010505676 0.7005127668380737 
vt 0.9213374853134155 0.6603729724884033 
vt 0.9317704439163208 0.6483550667762756 
vt 0.9347684383392334 0.6741935610771179 
vt 0.9466404318809509 0.6622958779335022 
vt 0.9213374853134155 0.6603729724884033 
vt 0.9107846617698669 0.6725110411643982 
vt 0.9347684383392334 0.6741935610771179 
vt 0.9182196259498596 0.6858509182929993 
vt 0.9107846617698669 0.6725110411643982 
vt 0.8847622275352478 0.6844087839126587 
vt 0.9182196259498596 0.6858509182929993 
vt 0.8866809010505676 0.7005127668380737 
vt 0.8847622275352478 0.6844087839126587 
vt 0.8866809010505676 0.7005127668380737 
vt 0.8529836535453796 0.692340612411499 
vt 0.8558617234230042 0.7082042098045349 
vt 0.8529836535453796 0.692340612411499 
vt 0.82192462682724 0.7048392295837402 
vt 0.8558617234230042 0.7082042098045349 
vt 0.8252823948860168 0.7180588841438293 
vt 0.8847622275352478 0.6844087839126587 
vt 0.8529836535453796 0.692340612411499 
vt 0.8866809010505676 0.7005127668380737 
vt 0.8558617234230042 0.7082042098045349 
vt 0.8529836535453796 0.692340612411499 
vt 0.8558617234230042 0.7082042098045349 
vt 0.82192462682724 0.7048392295837402 
vt 0.8252823948860168 0.7180588841438293 
vt 0.9717034697532654 0.7080840468406677 
vt 0.9703843593597412 0.737648069858551 
vt 0.9528762102127075 0.715054452419281 
vt 0.9546749591827393 0.7410131096839905 
vt 0.9340488910675049 0.7220247983932495 
vt 0.9389656186103821 0.7443780899047852 
vt 0.9528762102127075 0.715054452419281 
vt 0.9546749591827393 0.7410131096839905 
vt 0.964628279209137 0.6806832551956177 
vt 0.9717034697532654 0.7080840468406677 
vt 0.9460408091545105 0.6921002268791199 
vt 0.9528762102127075 0.715054452419281 
vt 0.9279330372810364 0.7032768726348877 
vt 0.9340488910675049 0.7220247983932495 
vt 0.9456810355186462 0.692340612411499 
vt 0.9528762102127075 0.715054452419281 
vt 0.964628279209137 0.6806832551956177 
vt 0.9460408091545105 0.6921002268791199 
vt 0.9466404318809509 0.6622958779335022 
vt 0.9347684383392334 0.6741935610771179 
vt 0.9279330372810364 0.7032768726348877 
vt 0.9456810355186462 0.692340612411499 
vt 0.9182196259498596 0.6858509182929993 
vt 0.9347684383392334 0.6741935610771179 
vt 0.9182196259498596 0.6858509182929993 
vt 0.9107846617698669 0.6725110411643982 
vt 0.9347684383392334 0.6741935610771179 
vt 0.9213374853134155 0.6603729724884033 
vt 0.9466404318809509 0.6622958779335022 
vt 0.9317704439163208 0.6483550667762756 
vt 0.9347684383392334 0.6741935610771179 
vt 0.9213374853134155 0.6603729724884033 
vt 0.9665469527244568 0.7615637183189392 
vt 0.9546749591827393 0.7410131096839905 
vt 0.9389656186103821 0.7443780899047852 
vt 0.18971168994903564 0.7001522183418274 
vt 0.17771978676319122 0.6864518523216248 
vt 0.16620756685733795 0.7101271152496338 
vt 0.15709371864795685 0.6984696984291077 
vt 0.16440877318382263 0.6738330125808716 
vt 0.17771978676319122 0.6864518523216248 
vt 0.14785996079444885 0.6869325637817383 
vt 0.15709371864795685 0.6984696984291077 
vt 0.20781944692134857 0.6830868124961853 
vt 0.193189337849617 0.672390878200531 
vt 0.18971168994903564 0.7001522183418274 
vt 0.17771978676319122 0.6864518523216248 
vt 0.17676043510437012 0.6616949439048767 
vt 0.193189337849617 0.672390878200531 
vt 0.16440877318382263 0.6738330125808716 
vt 0.17771978676319122 0.6864518523216248 
vt 0.218732088804245 0.6626563668251038 
vt 0.20458164811134338 0.6567676067352295 
vt 0.20781944692134857 0.6830868124961853 
vt 0.193189337849617 0.672390878200531 
vt 0.18779298663139343 0.6461918354034424 
vt 0.20458164811134338 0.6567676067352295 
vt 0.17676043510437012 0.6616949439048767 
vt 0.193189337849617 0.672390878200531 
vt 0.18779298663139343 0.6461918354034424 
vt 0.20458164811134338 0.6567676067352295 
vt 0.19546779990196228 0.6353757381439209 
vt 0.210577592253685 0.6410241723060608 
vt 0.218732088804245 0.6626563668251038 
vt 0.20458164811134338 0.6567676067352295 
vt 0.22424834966659546 0.6453506350517273 
vt 0.210577592253685 0.6410241723060608 
vt 0.14486198127269745 0.7166167497634888 
vt 0.14785996079444885 0.6869325637817383 
vt 0.15709371864795685 0.6984696984291077 
vt 0.9442420601844788 0.7652892470359802 
vt 0.9389656186103821 0.7443780899047852 
vt 0.9178598523139954 0.7749035954475403 
vt 0.9064675569534302 0.7550740242004395 
vt 0.1260346919298172 0.6645792722702026 
vt 0.11428263038396835 0.6818850040435791 
vt 0.9389656186103821 0.7443780899047852 
vt 0.13287007808685303 0.6996715068817139 
vt 0.14785996079444885 0.6869325637817383 
s on 
f 1/1/1 2/2/2 3/3/3 
f 2/2/2 4/4/4 3/3/3 
f 3/3/3 4/4/4 3/3/3 
f 4/4/4 5/5/5 3/3/3 
f 3/3/3 5/5/5 6/6/6 
f 5/5/5 7/7/7 6/6/6 
f 6/6/6 7/7/7 6/6/6 
f 7/7/7 8/8/8 6/6/6 
f 6/6/6 8/8/8 6/6/6 
f 8/8/8 9/9/9 6/6/6 
f 6/6/6 9/9/9 6/6/6 
f 9/9/9 10/10/10 6/6/6 
f 6/6/6 10/10/10 11/11/11 
f 10/10/10 12/12/12 11/11/11 
f 11/11/11 12/12/12 11/11/11 
f 12/12/12 13/13/13 11/11/11 
f 11/11/11 13/13/13 14/14/14 
f 13/13/13 15/15/15 14/14/14 
f 14/14/14 15/15/15 16/16/16 
f 15/15/15 17/17/17 16/16/16 
f 16/16/16 17/17/17 16/16/16 
f 17/17/17 18/18/18 16/16/16 
f 16/16/16 18/18/18 19/19/19 
f 18/18/18 18/18/18 19/19/19 
f 19/19/19 18/18/18 20/20/20 
f 18/18/18 21/21/21 20/20/20 
f 20/20/20 21/21/21 22/22/22 
f 21/21/21 23/23/23 22/22/22 
f 22/22/22 23/23/23 24/24/24 
f 23/23/23 25/25/25 24/24/24 
f 24/24/24 25/25/25 26/26/26 
f 25/25/25 27/27/27 26/26/26 
f 26/26/26 27/27/27 28/28/28 
f 27/27/27 29/29/29 28/28/28 
f 28/28/28 29/29/29 30/30/30 
f 29/29/29 31/31/31 30/30/30 
f 30/30/30 31/31/31 32/32/32 
f 31/31/31 33/33/33 32/32/32 
f 32/32/32 33/33/33 34/34/34 
f 33/33/33 35/35/35 34/34/34 
f 34/34/34 35/35/35 35/35/35 
f 35/35/35 6/6/6 35/35/35 
f 35/35/35 6/6/6 6/6/6 
f 6/6/6 11/11/11 6/6/6 
f 6/6/6 11/11/11 3/3/3 
f 11/11/11 14/14/14 3/3/3 
f 3/3/3 14/14/14 14/14/14 
f 14/14/14 34/34/34 14/14/14 
f 14/14/14 34/34/34 34/34/34 
f 34/34/34 36/36/36 34/34/34 
f 34/34/34 36/36/36 32/32/32 
f 36/36/36 37/37/37 32/32/32 
f 32/32/32 37/37/37 30/30/30 
f 37/37/37 38/38/38 30/30/30 
f 30/30/30 38/38/38 28/28/28 
f 38/38/38 39/39/39 28/28/28 
f 28/28/28 39/39/39 26/26/26 
f 39/39/39 40/40/40 26/26/26 
f 26/26/26 40/40/40 24/24/24 
f 40/40/40 40/40/40 24/24/24 
f 24/24/24 40/40/40 41/41/41 
f 40/40/40 42/42/42 41/41/41 
f 41/41/41 42/42/42 41/41/41 
f 42/42/42 43/43/43 41/41/41 
f 41/41/41 43/43/43 44/44/44 
f 43/43/43 45/45/45 44/44/44 
f 44/44/44 45/45/45 44/44/44 
f 45/45/45 46/46/46 44/44/44 
f 44/44/44 46/46/46 47/47/47 
f 46/46/46 48/48/48 47/47/47 
f 47/47/47 48/48/48 47/47/47 
f 48/48/48 49/49/49 47/47/47 
f 47/47/47 49/49/49 47/47/47 
f 49/49/49 50/50/50 47/47/47 
f 47/47/47 50/50/50 44/44/44 
f 50/50/50 51/51/51 44/44/44 
f 44/44/44 51/51/51 41/41/41 
f 51/51/51 52/52/52 41/41/41 
f 41/41/41 52/52/52 24/24/24 
f 52/52/52 52/52/52 24/24/24 
f 24/24/24 52/52/52 22/22/22 
f 52/52/52 52/52/52 22/22/22 
f 22/22/22 52/52/52 20/20/20 
f 52/52/52 53/53/53 20/20/20 
f 20/20/20 53/53/53 19/19/19 
f 53/53/53 19/19/19 19/19/19 
f 19/19/19 19/19/19 42/42/42 
f 19/19/19 42/42/42 42/42/42 
f 42/42/42 42/42/42 54/54/54 
f 42/42/42 40/40/40 54/54/54 
f 54/54/54 40/40/40 55/55/55 
f 40/40/40 40/40/40 55/55/55 
f 55/55/55 40/40/40 56/56/56 
f 40/40/40 39/39/39 56/56/56 
f 56/56/56 39/39/39 39/39/39 
f 39/39/39 51/51/51 39/39/39 
f 39/39/39 51/51/51 51/51/51 
f 51/51/51 50/50/50 51/51/51 
f 51/51/51 50/50/50 52/52/52 
f 50/50/50 57/57/57 52/52/52 
f 52/52/52 57/57/57 53/53/53 
f 57/57/57 49/49/49 53/53/53 
f 53/53/53 49/49/49 53/53/53 
f 49/49/49 48/48/48 53/53/53 
f 53/53/53 48/48/48 53/53/53 
f 48/48/48 58/58/58 53/53/53 
f 53/53/53 58/58/58 53/53/53 
f 58/58/58 59/59/59 53/53/53 
f 53/53/53 59/59/59 53/53/53 
f 59/59/59 60/60/60 53/53/53 
f 53/53/53 60/60/60 61/61/61 
f 60/60/60 62/62/62 61/61/61 
f 61/61/61 62/62/62 61/61/61 
f 62/62/62 63/63/63 61/61/61 
f 61/61/61 63/63/63 64/64/64 
f 63/63/63 65/65/65 64/64/64 
f 64/64/64 65/65/65 64/64/64 
f 65/65/65 66/66/66 64/64/64 
f 64/64/64 66/66/66 64/64/64 
f 66/66/66 1/1/1 64/64/64 
f 64/64/64 1/1/1 64/64/64 
f 1/1/1 3/3/3 64/64/64 
f 64/64/64 3/3/3 64/64/64 
f 3/3/3 14/14/14 64/64/64 
f 64/64/64 14/14/14 64/64/64 
f 14/14/14 16/16/16 64/64/64 
f 64/64/64 16/16/16 61/61/61 
f 16/16/16 19/19/19 61/61/61 
f 61/61/61 19/19/19 53/53/53 
f 19/19/19 53/53/53 53/53/53 
f 53/53/53 53/53/53 57/57/57 
f 53/53/53 57/57/57 57/57/57 
f 57/57/57 57/57/57 49/49/49 
f 57/57/57 50/50/50 49/49/49 
f 49/49/49 50/50/50 50/50/50 
f 50/50/50 67/67/67 50/50/50 
f 50/50/50 67/67/67 67/67/67 
f 67/67/67 68/68/68 67/67/67 
f 67/67/67 68/68/68 36/36/36 
f 68/68/68 69/69/69 36/36/36 
f 36/36/36 69/69/69 37/37/37 
f 69/69/69 70/70/70 37/37/37 
f 37/37/37 70/70/70 37/37/37 
f 70/70/70 71/71/71 37/37/37 
f 37/37/37 71/71/71 38/38/38 
f 71/71/71 72/72/72 38/38/38 
f 38/38/38 72/72/72 38/38/38 
f 72/72/72 73/73/73 38/38/38 
f 38/38/38 73/73/73 39/39/39 
f 73/73/73 74/74/74 39/39/39 
f 39/39/39 74/74/74 39/39/39 
f 74/74/74 75/75/75 39/39/39 
f 39/39/39 75/75/75 56/56/56 
f 75/75/75 56/56/56 56/56/56 
f 56/56/56 56/56/56 76/76/76 
f 56/56/56 76/76/76 76/76/76 
f 76/76/76 76/76/76 77/77/77 
f 76/76/76 78/78/78 77/77/77 
f 77/77/77 78/78/78 78/78/78 
f 78/78/78 79/79/79 78/78/78 
f 78/78/78 79/79/79 79/79/79 
f 79/79/79 80/80/80 79/79/79 
f 79/79/79 80/80/80 81/81/81 
f 80/80/80 81/81/81 81/81/81 
f 81/81/81 81/81/81 82/82/82 
f 81/81/81 82/82/82 82/82/82 
f 82/82/82 82/82/82 83/83/83 
f 82/82/82 84/84/84 83/83/83 
f 83/83/83 84/84/84 84/84/84 
f 84/84/84 85/85/85 84/84/84 
f 84/84/84 85/85/85 85/85/85 
f 85/85/85 86/86/86 85/85/85 
f 85/85/85 86/86/86 87/87/87 
f 86/86/86 87/87/87 87/87/87 
f 87/87/87 87/87/87 88/88/88 
f 87/87/87 88/88/88 88/88/88 
f 88/88/88 88/88/88 89/89/89 
f 88/88/88 90/90/90 89/89/89 
f 89/89/89 90/90/90 90/90/90 
f 90/90/90 91/91/91 90/90/90 
f 90/90/90 91/91/91 91/91/91 
f 91/91/91 92/92/92 91/91/91 
f 91/91/91 92/92/92 93/93/93 
f 92/92/92 93/93/93 93/93/93 
f 93/93/93 93/93/93 94/94/94 
f 93/93/93 94/94/94 94/94/94 
f 94/94/94 94/94/94 95/95/95 
f 94/94/94 96/96/96 95/95/95 
f 95/95/95 96/96/96 96/96/96 
f 96/96/96 97/97/97 96/96/96 
f 96/96/96 97/97/97 97/97/97 
f 97/97/97 98/98/98 97/97/97 
f 97/97/97 98/98/98 99/99/99 
f 98/98/98 99/99/99 99/99/99 
f 99/99/99 99/99/99 100/100/100 
f 99/99/99 100/100/100 100/100/100 
f 100/100/100 100/100/100 101/101/101 
f 100/100/100 102/102/102 101/101/101 
f 101/101/101 102/102/102 102/102/102 
f 102/102/102 103/103/103 102/102/102 
f 102/102/102 103/103/103 103/103/103 
f 103/103/103 104/104/104 103/103/103 
f 103/103/103 104/104/104 105/105/105 
f 104/104/104 105/105/105 105/105/105 
f 105/105/105 105/105/105 106/106/106 
f 105/105/105 106/106/106 106/106/106 
f 106/106/106 106/106/106 107/107/107 
f 106/106/106 108/108/108 107/107/107 
f 107/107/107 108/108/108 108/108/108 
f 108/108/108 109/109/109 108/108/108 
f 108/108/108 109/109/109 109/109/109 
f 109/109/109 110/110/110 109/109/109 
f 109/109/109 110/110/110 111/111/111 
f 110/110/110 111/111/111 111/111/111 
f 111/111/111 111/111/111 112/112/112 
f 111/111/111 112/112/112 112/112/112 
f 112/112/112 112/112/112 113/113/113 
f 112/112/112 114/114/114 113/113/113 
f 113/113/113 114/114/114 115/115/115 
f 114/114/114 116/116/116 115/115/115 
f 115/115/115 116/116/116 117/117/117 
f 116/116/116 116/116/116 117/117/117 
f 117/117/117 116/116/116 118/118/118 
f 116/116/116 119/119/119 118/118/118 
f 118/118/118 119/119/119 120/120/120 
f 119/119/119 121/121/121 120/120/120 
f 120/120/120 121/121/121 122/122/122 
f 121/121/121 123/123/123 122/122/122 
f 122/122/122 123/123/123 123/123/123 
f 123/123/123 114/114/114 123/123/123 
f 123/123/123 114/114/114 114/114/114 
f 114/114/114 124/124/124 114/114/114 
f 114/114/114 124/124/124 116/116/116 
f 124/124/124 125/125/125 116/116/116 
f 116/116/116 125/125/125 119/119/119 
f 125/125/125 126/126/126 119/119/119 
f 119/119/119 126/126/126 121/121/121 
f 126/126/126 127/127/127 121/121/121 
f 121/121/121 127/127/127 128/128/128 
f 127/127/127 129/129/129 128/128/128 
f 128/128/128 129/129/129 130/130/130 
f 129/129/129 131/131/131 130/130/130 
f 130/130/130 131/131/131 132/132/132 
f 131/131/131 133/133/133 132/132/132 
f 132/132/132 133/133/133 133/133/133 
f 133/133/133 121/121/121 133/133/133 
f 133/133/133 121/121/121 121/121/121 
f 121/121/121 128/128/128 121/121/121 
f 121/121/121 128/128/128 123/123/123 
f 128/128/128 128/128/128 123/123/123 
f 123/123/123 128/128/128 134/134/134 
f 128/128/128 128/128/128 134/134/134 
f 134/134/134 128/128/128 135/135/135 
f 128/128/128 130/130/130 135/135/135 
f 135/135/135 130/130/130 136/136/136 
f 130/130/130 132/132/132 136/136/136 
f 136/136/136 132/132/132 137/137/137 
f 132/132/132 138/138/138 137/137/137 
f 137/137/137 138/138/138 139/139/139 
f 138/138/138 138/138/138 139/139/139 
f 139/139/139 138/138/138 140/140/140 
f 138/138/138 141/141/141 140/140/140 
f 140/140/140 141/141/141 142/142/142 
f 141/141/141 143/143/143 142/142/142 
f 142/142/142 143/143/143 144/144/144 
f 143/143/143 144/144/144 144/144/144 
f 144/144/144 144/144/144 132/132/132 
f 144/144/144 132/132/132 132/132/132 
f 132/132/132 132/132/132 138/138/138 
f 132/132/132 133/133/133 138/138/138 
f 138/138/138 133/133/133 138/138/138 
f 133/133/133 145/145/145 138/138/138 
f 138/138/138 145/145/145 141/141/141 
f 145/145/145 146/146/146 141/141/141 
f 141/141/141 146/146/146 143/143/143 
f 146/146/146 147/147/147 143/143/143 
f 143/143/143 147/147/147 148/148/148 
f 147/147/147 149/149/149 148/148/148 
f 148/148/148 149/149/149 150/150/150 
f 149/149/149 151/151/151 150/150/150 
f 150/150/150 151/151/151 152/152/152 
f 151/151/151 153/153/153 152/152/152 
f 152/152/152 153/153/153 153/153/153 
f 153/153/153 143/143/143 153/153/153 
f 153/153/153 143/143/143 143/143/143 
f 143/143/143 148/148/148 143/143/143 
f 143/143/143 148/148/148 144/144/144 
f 148/148/148 148/148/148 144/144/144 
f 144/144/144 148/148/148 154/154/154 
f 148/148/148 150/150/150 154/154/154 
f 154/154/154 150/150/150 155/155/155 
f 150/150/150 152/152/152 155/155/155 
f 155/155/155 152/152/152 152/152/152 
f 152/152/152 156/156/156 152/152/152 
f 152/152/152 156/156/156 156/156/156 
f 156/156/156 157/157/157 156/156/156 
f 156/156/156 157/157/157 158/158/158 
f 157/157/157 158/158/158 158/158/158 
f 158/158/158 158/158/158 159/159/159 
f 158/158/158 159/159/159 159/159/159 
f 159/159/159 159/159/159 160/160/160 
f 159/159/159 161/161/161 160/160/160 
f 160/160/160 161/161/161 161/161/161 
f 161/161/161 162/162/162 161/161/161 
f 161/161/161 162/162/162 162/162/162 
f 162/162/162 163/163/163 162/162/162 
f 162/162/162 163/163/163 164/164/164 
f 163/163/163 164/164/164 164/164/164 
f 164/164/164 164/164/164 165/165/165 
f 164/164/164 165/165/165 165/165/165 
f 165/165/165 165/165/165 166/166/166 
f 165/165/165 167/167/167 166/166/166 
f 166/166/166 167/167/167 167/167/167 
f 167/167/167 168/168/168 167/167/167 
f 167/167/167 168/168/168 168/168/168 
f 168/168/168 169/169/169 168/168/168 
f 168/168/168 169/169/169 170/170/170 
f 169/169/169 170/170/170 170/170/170 
f 170/170/170 170/170/170 171/171/171 
f 170/170/170 171/171/171 171/171/171 
f 171/171/171 171/171/171 172/172/172 
f 171/171/171 173/173/173 172/172/172 
f 172/172/172 173/173/173 173/173/173 
f 173/173/173 174/174/174 173/173/173 
f 173/173/173 174/174/174 174/174/174 
f 174/174/174 175/175/175 174/174/174 
f 174/174/174 175/175/175 176/176/176 
f 175/175/175 176/176/176 176/176/176 
f 176/176/176 176/176/176 177/177/177 
f 176/176/176 177/177/177 177/177/177 
f 177/177/177 177/177/177 178/178/178 
f 177/177/177 179/179/179 178/178/178 
f 178/178/178 179/179/179 179/179/179 
f 179/179/179 180/180/180 179/179/179 
f 179/179/179 180/180/180 180/180/180 
f 180/180/180 181/181/181 180/180/180 
f 180/180/180 181/181/181 182/182/182 
f 181/181/181 182/182/182 182/182/182 
f 182/182/182 182/182/182 183/183/183 
f 182/182/182 183/183/183 183/183/183 
f 183/183/183 183/183/183 184/184/184 
f 183/183/183 185/185/185 184/184/184 
f 184/184/184 185/185/185 185/185/185 
f 185/185/185 186/186/186 185/185/185 
f 185/185/185 186/186/186 186/186/186 
f 186/186/186 187/187/187 186/186/186 
f 186/186/186 187/187/187 188/188/188 
f 187/187/187 188/188/188 188/188/188 
f 188/188/188 188/188/188 189/189/189 
f 188/188/188 189/189/189 189/189/189 
f 189/189/189 189/189/189 190/190/190 
f 189/189/189 191/191/191 190/190/190 
f 190/190/190 191/191/191 191/191/191 
f 191/191/191 192/192/192 191/191/191 
f 191/191/191 192/192/192 192/192/192 
f 192/192/192 193/193/193 192/192/192 
f 192/192/192 193/193/193 194/194/194 
f 193/193/193 194/194/194 194/194/194 
f 194/194/194 194/194/194 195/195/195 
f 194/194/194 195/195/195 195/195/195 
f 195/195/195 195/195/195 196/196/196 
f 195/195/195 197/197/197 196/196/196 
f 196/196/196 197/197/197 197/197/197 
f 197/197/197 198/198/198 197/197/197 
f 197/197/197 198/198/198 198/198/198 
f 198/198/198 199/199/199 198/198/198 
f 198/198/198 199/199/199 200/200/200 
f 199/199/199 200/200/200 200/200/200 
f 200/200/200 200/200/200 201/201/201 
f 200/200/200 201/201/201 201/201/201 
f 201/201/201 201/201/201 202/202/202 
f 201/201/201 203/203/203 202/202/202 
f 202/202/202 203/203/203 203/203/203 
f 203/203/203 204/204/204 203/203/203 
f 203/203/203 204/204/204 204/204/204 
f 204/204/204 205/205/205 204/204/204 
f 204/204/204 205/205/205 206/206/206 
f 205/205/205 206/206/206 206/206/206 
f 206/206/206 206/206/206 207/207/207 
f 206/206/206 207/207/207 207/207/207 
f 207/207/207 207/207/207 208/208/208 
f 207/207/207 209/209/209 208/208/208 
f 208/208/208 209/209/209 209/209/209 
f 209/209/209 210/210/210 209/209/209 
f 209/209/209 210/210/210 210/210/210 
f 210/210/210 211/211/211 210/210/210 
f 210/210/210 211/211/211 212/212/212 
f 211/211/211 212/212/212 212/212/212 
f 212/212/212 212/212/212 213/213/213 
f 212/212/212 213/213/213 213/213/213 
f 213/213/213 213/213/213 214/214/214 
f 213/213/213 215/215/215 214/214/214 
f 214/214/214 215/215/215 215/215/215 
f 215/215/215 216/216/216 215/215/215 
f 215/215/215 216/216/216 216/216/216 
f 216/216/216 217/217/217 216/216/216 
f 216/216/216 217/217/217 218/218/218 
f 217/217/217 218/218/218 218/218/218 
f 218/218/218 218/218/218 219/219/219 
f 218/218/218 219/219/219 219/219/219 
f 219/219/219 219/219/219 220/220/220 
f 219/219/219 221/221/221 220/220/220 
f 220/220/220 221/221/221 221/221/221 
f 221/221/221 222/222/222 221/221/221 
f 221/221/221 222/222/222 222/222/222 
f 222/222/222 223/223/223 222/222/222 
f 222/222/222 223/223/223 224/224/224 
f 223/223/223 224/224/224 224/224/224 
f 224/224/224 224/224/224 225/225/225 
f 224/224/224 225/225/225 225/225/225 
f 225/225/225 225/225/225 226/226/226 
f 225/225/225 227/227/227 226/226/226 
f 226/226/226 227/227/227 227/227/227 
f 227/227/227 228/228/228 227/227/227 
f 227/227/227 228/228/228 228/228/228 
f 228/228/228 229/229/229 228/228/228 
f 228/228/228 229/229/229 230/230/230 
f 229/229/229 231/231/231 230/230/230 
f 230/230/230 231/231/231 231/231/231 
f 231/231/231 228/228/228 231/231/231 
f 231/231/231 228/228/228 228/228/228 
f 228/228/228 230/230/230 228/228/228 
f 228/228/228 230/230/230 232/232/232 
f 230/230/230 233/233/233 232/232/232 
f 232/232/232 233/233/233 234/234/234 
f 233/233/233 235/235/235 234/234/234 
f 234/234/234 235/235/235 236/236/236 
f 235/235/235 235/235/235 236/236/236 
f 236/236/236 235/235/235 237/237/237 
f 235/235/235 238/238/238 237/237/237 
f 237/237/237 238/238/238 239/239/239 
f 238/238/238 240/240/240 239/239/239 
f 239/239/239 240/240/240 240/240/240 
f 240/240/240 238/238/238 240/240/240 
f 240/240/240 238/238/238 238/238/238 
f 238/238/238 241/241/241 238/238/238 
f 238/238/238 241/241/241 242/242/242 
f 241/241/241 242/242/242 242/242/242 
f 242/242/242 242/242/242 243/243/243 
f 242/242/242 243/243/243 243/243/243 
f 243/243/243 243/243/243 244/244/244 
f 243/243/243 238/238/238 244/244/244 
f 244/244/244 238/238/238 245/245/245 
f 238/238/238 235/235/235 245/245/245 
f 245/245/245 235/235/235 245/245/245 
f 235/235/235 233/233/233 245/245/245 
f 245/245/245 233/233/233 246/246/246 
f 233/233/233 230/230/230 246/246/246 
f 246/246/246 230/230/230 246/246/246 
f 230/230/230 231/231/231 246/246/246 
f 246/246/246 231/231/231 246/246/246 
f 231/231/231 247/247/247 246/246/246 
f 246/246/246 247/247/247 246/246/246 
f 247/247/247 248/248/248 246/246/246 
f 246/246/246 248/248/248 246/246/246 
f 248/248/248 249/249/249 246/246/246 
f 246/246/246 249/249/249 246/246/246 
f 249/249/249 250/250/250 246/246/246 
f 246/246/246 250/250/250 246/246/246 
f 250/250/250 251/251/251 246/246/246 
f 246/246/246 251/251/251 246/246/246 
f 251/251/251 252/252/252 246/246/246 
f 246/246/246 252/252/252 245/245/245 
f 252/252/252 244/244/244 245/245/245 
f 245/245/245 244/244/244 244/244/244 
f 244/244/244 253/253/253 244/244/244 
f 244/244/244 253/253/253 253/253/253 
f 253/253/253 254/254/254 253/253/253 
f 253/253/253 254/254/254 255/255/255 
f 254/254/254 255/255/255 255/255/255 
f 255/255/255 255/255/255 256/256/256 
f 255/255/255 256/256/256 256/256/256 
f 256/256/256 256/256/256 257/257/257 
f 256/256/256 258/258/258 257/257/257 
f 257/257/257 258/258/258 258/258/258 
f 258/258/258 259/259/259 258/258/258 
f 258/258/258 259/259/259 259/259/259 
f 259/259/259 260/260/260 259/259/259 
f 259/259/259 260/260/260 261/261/261 
f 260/260/260 261/261/261 261/261/261 
f 261/261/261 261/261/261 262/262/262 
f 261/261/261 262/262/262 262/262/262 
f 262/262/262 262/262/262 263/263/263 
f 262/262/262 264/264/264 263/263/263 
f 263/263/263 264/264/264 264/264/264 
f 264/264/264 265/265/265 264/264/264 
f 264/264/264 265/265/265 265/265/265 
f 265/265/265 266/266/266 265/265/265 
f 265/265/265 266/266/266 267/267/267 
f 266/266/266 267/267/267 267/267/267 
f 267/267/267 267/267/267 268/268/268 
f 267/267/267 268/268/268 268/268/268 
f 268/268/268 268/268/268 269/269/269 
f 268/268/268 270/270/270 269/269/269 
f 269/269/269 270/270/270 271/271/271 
f 270/270/270 271/271/271 271/271/271 
f 271/271/271 271/271/271 268/268/268 
f 271/271/271 268/268/268 268/268/268 
f 268/268/268 268/268/268 272/272/272 
f 268/268/268 269/269/269 272/272/272 
f 272/272/272 269/269/269 272/272/272 
f 269/269/269 273/273/273 272/272/272 
f 272/272/272 273/273/273 274/274/274 
f 273/273/273 275/275/275 274/274/274 
f 274/274/274 275/275/275 276/276/276 
f 275/275/275 275/275/275 276/276/276 
f 276/276/276 275/275/275 277/277/277 
f 275/275/275 278/278/278 277/277/277 
f 277/277/277 278/278/278 279/279/279 
f 278/278/278 280/280/280 279/279/279 
f 279/279/279 280/280/280 280/280/280 
f 280/280/280 278/278/278 280/280/280 
f 280/280/280 278/278/278 278/278/278 
f 278/278/278 281/281/281 278/278/278 
f 278/278/278 281/281/281 282/282/282 
f 281/281/281 282/282/282 282/282/282 
f 282/282/282 282/282/282 283/283/283 
f 282/282/282 283/283/283 283/283/283 
f 283/283/283 283/283/283 284/284/284 
f 283/283/283 278/278/278 284/284/284 
f 284/284/284 278/278/278 285/285/285 
f 278/278/278 275/275/275 285/285/285 
f 285/285/285 275/275/275 285/285/285 
f 275/275/275 273/273/273 285/285/285 
f 285/285/285 273/273/273 286/286/286 
f 273/273/273 269/269/269 286/286/286 
f 286/286/286 269/269/269 286/286/286 
f 269/269/269 271/271/271 286/286/286 
f 286/286/286 271/271/271 286/286/286 
f 271/271/271 287/287/287 286/286/286 
f 286/286/286 287/287/287 286/286/286 
f 287/287/287 288/288/288 286/286/286 
f 286/286/286 288/288/288 286/286/286 
f 288/288/288 289/289/289 286/286/286 
f 286/286/286 289/289/289 286/286/286 
f 289/289/289 290/290/290 286/286/286 
f 286/286/286 290/290/290 286/286/286 
f 290/290/290 291/291/291 286/286/286 
f 286/286/286 291/291/291 286/286/286 
f 291/291/291 292/292/292 286/286/286 
f 286/286/286 292/292/292 285/285/285 
f 292/292/292 284/284/284 285/285/285 
f 285/285/285 284/284/284 284/284/284 
f 284/284/284 293/293/293 284/284/284 
f 284/284/284 293/293/293 293/293/293 
f 293/293/293 294/294/294 293/293/293 
f 293/293/293 294/294/294 295/295/295 
f 294/294/294 295/295/295 295/295/295 
f 295/295/295 295/295/295 296/296/296 
f 295/295/295 296/296/296 296/296/296 
f 296/296/296 296/296/296 297/297/297 
f 296/296/296 298/298/298 297/297/297 
f 297/297/297 298/298/298 298/298/298 
f 298/298/298 299/299/299 298/298/298 
f 298/298/298 299/299/299 299/299/299 
f 299/299/299 300/300/300 299/299/299 
f 299/299/299 300/300/300 301/301/301 
f 300/300/300 301/301/301 301/301/301 
f 301/301/301 301/301/301 302/302/302 
f 301/301/301 302/302/302 302/302/302 
f 302/302/302 302/302/302 303/303/303 
f 302/302/302 304/304/304 303/303/303 
f 303/303/303 304/304/304 304/304/304 
f 304/304/304 305/305/305 304/304/304 
f 304/304/304 305/305/305 305/305/305 
f 305/305/305 306/306/306 305/305/305 
f 305/305/305 306/306/306 307/307/307 
f 306/306/306 307/307/307 307/307/307 
f 307/307/307 307/307/307 308/308/308 
f 307/307/307 308/308/308 308/308/308 
f 308/308/308 308/308/308 309/309/309 
f 308/308/308 310/310/310 309/309/309 
f 309/309/309 310/310/310 311/311/311 
f 310/310/310 311/311/311 311/311/311 
f 311/311/311 311/311/311 308/308/308 
f 311/311/311 308/308/308 308/308/308 
f 308/308/308 308/308/308 312/312/312 
f 308/308/308 309/309/309 312/312/312 
f 312/312/312 309/309/309 312/312/312 
f 309/309/309 313/313/313 312/312/312 
f 312/312/312 313/313/313 314/314/314 
f 313/313/313 315/315/315 314/314/314 
f 314/314/314 315/315/315 316/316/316 
f 315/315/315 315/315/315 316/316/316 
f 316/316/316 315/315/315 317/317/317 
f 315/315/315 318/318/318 317/317/317 
f 317/317/317 318/318/318 319/319/319 
f 318/318/318 320/320/320 319/319/319 
f 319/319/319 320/320/320 320/320/320 
f 320/320/320 318/318/318 320/320/320 
f 320/320/320 318/318/318 318/318/318 
f 318/318/318 321/321/321 318/318/318 
f 318/318/318 321/321/321 322/322/322 
f 321/321/321 322/322/322 322/322/322 
f 322/322/322 322/322/322 323/323/323 
f 322/322/322 323/323/323 323/323/323 
f 323/323/323 323/323/323 324/324/324 
f 323/323/323 318/318/318 324/324/324 
f 324/324/324 318/318/318 325/325/325 
f 318/318/318 315/315/315 325/325/325 
f 325/325/325 315/315/315 325/325/325 
f 315/315/315 313/313/313 325/325/325 
f 325/325/325 313/313/313 326/326/326 
f 313/313/313 309/309/309 326/326/326 
f 326/326/326 309/309/309 326/326/326 
f 309/309/309 311/311/311 326/326/326 
f 326/326/326 311/311/311 326/326/326 
f 311/311/311 327/327/327 326/326/326 
f 326/326/326 327/327/327 326/326/326 
f 327/327/327 328/328/328 326/326/326 
f 326/326/326 328/328/328 326/326/326 
f 328/328/328 329/329/329 326/326/326 
f 326/326/326 329/329/329 326/326/326 
f 329/329/329 330/330/330 326/326/326 
f 326/326/326 330/330/330 326/326/326 
f 330/330/330 331/331/331 326/326/326 
f 326/326/326 331/331/331 326/326/326 
f 331/331/331 332/332/332 326/326/326 
f 326/326/326 332/332/332 325/325/325 
f 332/332/332 324/324/324 325/325/325 
f 325/325/325 324/324/324 324/324/324 
f 324/324/324 333/333/333 324/324/324 
f 324/324/324 333/333/333 333/333/333 
f 333/333/333 334/334/334 333/333/333 
f 333/333/333 334/334/334 335/335/335 
f 334/334/334 335/335/335 335/335/335 
f 335/335/335 335/335/335 336/336/336 
f 335/335/335 336/336/336 336/336/336 
f 336/336/336 336/336/336 337/337/337 
f 336/336/336 338/338/338 337/337/337 
f 337/337/337 338/338/338 338/338/338 
f 338/338/338 339/339/339 338/338/338 
f 338/338/338 339/339/339 339/339/339 
f 339/339/339 340/340/340 339/339/339 
f 339/339/339 340/340/340 341/341/341 
f 340/340/340 341/341/341 341/341/341 
f 341/341/341 341/341/341 342/342/342 
f 341/341/341 342/342/342 342/342/342 
f 342/342/342 342/342/342 343/343/343 
f 342/342/342 344/344/344 343/343/343 
f 343/343/343 344/344/344 344/344/344 
f 344/344/344 345/345/345 344/344/344 
f 344/344/344 345/345/345 345/345/345 
f 345/345/345 346/346/346 345/345/345 
f 345/345/345 346/346/346 347/347/347 
f 346/346/346 347/347/347 347/347/347 
f 347/347/347 347/347/347 348/348/348 
f 347/347/347 348/348/348 348/348/348 
f 348/348/348 348/348/348 349/349/349 
f 348/348/348 350/350/350 349/349/349 
f 349/349/349 350/350/350 351/351/351 
f 350/350/350 351/351/351 351/351/351 
f 351/351/351 351/351/351 348/348/348 
f 351/351/351 348/348/348 348/348/348 
f 348/348/348 348/348/348 352/352/352 
f 348/348/348 349/349/349 352/352/352 
f 352/352/352 349/349/349 352/352/352 
f 349/349/349 353/353/353 352/352/352 
f 352/352/352 353/353/353 354/354/354 
f 353/353/353 355/355/355 354/354/354 
f 354/354/354 355/355/355 356/356/356 
f 355/355/355 355/355/355 356/356/356 
f 356/356/356 355/355/355 357/357/357 
f 355/355/355 358/358/358 357/357/357 
f 357/357/357 358/358/358 359/359/359 
f 358/358/358 360/360/360 359/359/359 
f 359/359/359 360/360/360 360/360/360 
f 360/360/360 358/358/358 360/360/360 
f 360/360/360 358/358/358 358/358/358 
f 358/358/358 361/361/361 358/358/358 
f 358/358/358 361/361/361 362/362/362 
f 361/361/361 362/362/362 362/362/362 
f 362/362/362 362/362/362 363/363/363 
f 362/362/362 363/363/363 363/363/363 
f 363/363/363 363/363/363 364/364/364 
f 363/363/363 358/358/358 364/364/364 
f 364/364/364 358/358/358 365/365/365 
f 358/358/358 355/355/355 365/365/365 
f 365/365/365 355/355/355 365/365/365 
f 355/355/355 353/353/353 365/365/365 
f 365/365/365 353/353/353 366/366/366 
f 353/353/353 349/349/349 366/366/366 
f 366/366/366 349/349/349 366/366/366 
f 349/349/349 351/351/351 366/366/366 
f 366/366/366 351/351/351 366/366/366 
f 351/351/351 367/367/367 366/366/366 
f 366/366/366 367/367/367 366/366/366 
f 367/367/367 368/368/368 366/366/366 
f 366/366/366 368/368/368 366/366/366 
f 368/368/368 369/369/369 366/366/366 
f 366/366/366 369/369/369 366/366/366 
f 369/369/369 370/370/370 366/366/366 
f 366/366/366 370/370/370 366/366/366 
f 370/370/370 371/371/371 366/366/366 
f 366/366/366 371/371/371 366/366/366 
f 371/371/371 372/372/372 366/366/366 
f 366/366/366 372/372/372 365/365/365 
f 372/372/372 364/364/364 365/365/365 
f 365/365/365 364/364/364 364/364/364 
f 364/364/364 373/373/373 364/364/364 
f 364/364/364 373/373/373 373/373/373 
f 373/373/373 374/374/374 373/373/373 
f 373/373/373 374/374/374 375/375/375 
f 374/374/374 375/375/375 375/375/375 
f 375/375/375 375/375/375 376/376/376 
f 375/375/375 376/376/376 376/376/376 
f 376/376/376 376/376/376 377/377/377 
f 376/376/376 378/378/378 377/377/377 
f 377/377/377 378/378/378 378/378/378 
f 378/378/378 379/379/379 378/378/378 
f 378/378/378 379/379/379 379/379/379 
f 379/379/379 380/380/380 379/379/379 
f 379/379/379 380/380/380 381/381/381 
f 380/380/380 381/381/381 381/381/381 
f 381/381/381 381/381/381 382/382/382 
f 381/381/381 382/382/382 382/382/382 
f 382/382/382 382/382/382 383/383/383 
f 382/382/382 384/384/384 383/383/383 
f 383/383/383 384/384/384 384/384/384 
f 384/384/384 385/385/385 384/384/384 
f 384/384/384 385/385/385 385/385/385 
f 385/385/385 386/386/386 385/385/385 
f 385/385/385 386/386/386 387/387/387 
f 386/386/386 387/387/387 387/387/387 
f 387/387/387 387/387/387 388/388/388 
f 387/387/387 388/388/388 388/388/388 
f 388/388/388 388/388/388 389/389/389 
f 388/388/388 390/390/390 389/389/389 
f 389/389/389 390/390/390 391/391/391 
f 390/390/390 391/391/391 391/391/391 
f 391/391/391 391/391/391 388/388/388 
f 391/391/391 388/388/388 388/388/388 
f 388/388/388 388/388/388 392/392/392 
f 388/388/388 389/389/389 392/392/392 
f 392/392/392 389/389/389 392/392/392 
f 389/389/389 393/393/393 392/392/392 
f 392/392/392 393/393/393 394/394/394 
f 393/393/393 395/395/395 394/394/394 
f 394/394/394 395/395/395 396/396/396 
f 395/395/395 395/395/395 396/396/396 
f 396/396/396 395/395/395 397/397/397 
f 395/395/395 398/398/398 397/397/397 
f 397/397/397 398/398/398 399/399/399 
f 398/398/398 400/400/400 399/399/399 
f 399/399/399 400/400/400 400/400/400 
f 400/400/400 398/398/398 400/400/400 
f 400/400/400 398/398/398 398/398/398 
f 398/398/398 401/401/401 398/398/398 
f 398/398/398 401/401/401 402/402/402 
f 401/401/401 402/402/402 402/402/402 
f 402/402/402 402/402/402 403/403/403 
f 402/402/402 403/403/403 403/403/403 
f 403/403/403 403/403/403 404/404/404 
f 403/403/403 398/398/398 404/404/404 
f 404/404/404 398/398/398 405/405/405 
f 398/398/398 395/395/395 405/405/405 
f 405/405/405 395/395/395 405/405/405 
f 395/395/395 393/393/393 405/405/405 
f 405/405/405 393/393/393 406/406/406 
f 393/393/393 389/389/389 406/406/406 
f 406/406/406 389/389/389 406/406/406 
f 389/389/389 391/391/391 406/406/406 
f 406/406/406 391/391/391 406/406/406 
f 391/391/391 407/407/407 406/406/406 
f 406/406/406 407/407/407 406/406/406 
f 407/407/407 408/408/408 406/406/406 
f 406/406/406 408/408/408 406/406/406 
f 408/408/408 409/409/409 406/406/406 
f 406/406/406 409/409/409 406/406/406 
f 409/409/409 410/410/410 406/406/406 
f 406/406/406 410/410/410 406/406/406 
f 410/410/410 411/411/411 406/406/406 
f 406/406/406 411/411/411 406/406/406 
f 411/411/411 412/412/412 406/406/406 
f 406/406/406 412/412/412 405/405/405 
f 412/412/412 404/404/404 405/405/405 
f 405/405/405 404/404/404 404/404/404 
f 404/404/404 413/413/413 404/404/404 
f 404/404/404 413/413/413 413/413/413 
f 413/413/413 414/414/414 413/413/413 
f 413/413/413 414/414/414 415/415/415 
f 414/414/414 415/415/415 415/415/415 
f 415/415/415 415/415/415 416/416/416 
f 415/415/415 416/416/416 416/416/416 
f 416/416/416 416/416/416 417/417/417 
f 416/416/416 418/418/418 417/417/417 
f 417/417/417 418/418/418 418/418/418 
f 418/418/418 419/419/419 418/418/418 
f 418/418/418 419/419/419 419/419/419 
f 419/419/419 420/420/420 419/419/419 
f 419/419/419 420/420/420 421/421/421 
f 420/420/420 421/421/421 421/421/421 
f 421/421/421 421/421/421 422/422/422 
f 421/421/421 422/422/422 422/422/422 
f 422/422/422 422/422/422 423/423/423 
f 422/422/422 424/424/424 423/423/423 
f 423/423/423 424/424/424 424/424/424 
f 424/424/424 425/425/425 424/424/424 
f 424/424/424 425/425/425 425/425/425 
f 425/425/425 426/426/426 425/425/425 
f 425/425/425 426/426/426 427/427/427 
f 426/426/426 427/427/427 427/427/427 
f 427/427/427 427/427/427 428/428/428 
f 427/427/427 428/428/428 428/428/428 
f 428/428/428 428/428/428 429/429/429 
f 428/428/428 430/430/430 429/429/429 
f 429/429/429 430/430/430 431/431/431 
f 430/430/430 431/431/431 431/431/431 
f 431/431/431 431/431/431 428/428/428 
f 431/431/431 428/428/428 428/428/428 
f 428/428/428 428/428/428 432/432/432 
f 428/428/428 429/429/429 432/432/432 
f 432/432/432 429/429/429 432/432/432 
f 429/429/429 433/433/433 432/432/432 
f 432/432/432 433/433/433 434/434/434 
f 433/433/433 435/435/435 434/434/434 
f 434/434/434 435/435/435 436/436/436 
f 435/435/435 435/435/435 436/436/436 
f 436/436/436 435/435/435 437/437/437 
f 435/435/435 438/438/438 437/437/437 
f 437/437/437 438/438/438 439/439/439 
f 438/438/438 440/440/440 439/439/439 
f 439/439/439 440/440/440 440/440/440 
f 440/440/440 438/438/438 440/440/440 
f 440/440/440 438/438/438 438/438/438 
f 438/438/438 441/441/441 438/438/438 
f 438/438/438 441/441/441 442/442/442 
f 441/441/441 442/442/442 442/442/442 
f 442/442/442 442/442/442 443/443/443 
f 442/442/442 443/443/443 443/443/443 
f 443/443/443 443/443/443 444/444/444 
f 443/443/443 438/438/438 444/444/444 
f 444/444/444 438/438/438 445/445/445 
f 438/438/438 435/435/435 445/445/445 
f 445/445/445 435/435/435 445/445/445 
f 435/435/435 433/433/433 445/445/445 
f 445/445/445 433/433/433 446/446/446 
f 433/433/433 429/429/429 446/446/446 
f 446/446/446 429/429/429 446/446/446 
f 429/429/429 431/431/431 446/446/446 
f 446/446/446 431/431/431 446/446/446 
f 431/431/431 447/447/447 446/446/446 
f 446/446/446 447/447/447 446/446/446 
f 447/447/447 448/448/448 446/446/446 
f 446/446/446 448/448/448 446/446/446 
f 448/448/448 449/449/449 446/446/446 
f 446/446/446 449/449/449 446/446/446 
f 449/449/449 450/450/450 446/446/446 
f 446/446/446 450/450/450 446/446/446 
f 450/450/450 451/451/451 446/446/446 
f 446/446/446 451/451/451 446/446/446 
f 451/451/451 452/452/452 446/446/446 
f 446/446/446 452/452/452 445/445/445 
f 452/452/452 444/444/444 445/445/445 
f 445/445/445 444/444/444 444/444/444 
f 444/444/444 453/453/453 444/444/444 
f 444/444/444 453/453/453 453/453/453 
f 453/453/453 454/454/454 453/453/453 
f 453/453/453 454/454/454 455/455/455 
f 454/454/454 455/455/455 455/455/455 
f 455/455/455 455/455/455 456/456/456 
f 455/455/455 456/456/456 456/456/456 
f 456/456/456 456/456/456 457/457/457 
f 456/456/456 458/458/458 457/457/457 
f 457/457/457 458/458/458 458/458/458 
f 458/458/458 459/459/459 458/458/458 
f 458/458/458 459/459/459 459/459/459 
f 459/459/459 460/460/460 459/459/459 
f 459/459/459 460/460/460 461/461/461 
f 460/460/460 461/461/461 461/461/461 
f 461/461/461 461/461/461 462/462/462 
f 461/461/461 462/462/462 462/462/462 
f 462/462/462 462/462/462 463/463/463 
f 462/462/462 464/464/464 463/463/463 
f 463/463/463 464/464/464 464/464/464 
f 464/464/464 465/465/465 464/464/464 
f 464/464/464 465/465/465 465/465/465 
f 465/465/465 466/466/466 465/465/465 
f 465/465/465 466/466/466 467/467/467 
f 466/466/466 467/467/467 467/467/467 
f 467/467/467 467/467/467 468/468/468 
f 467/467/467 468/468/468 468/468/468 
f 468/468/468 468/468/468 469/469/469 
f 468/468/468 470/470/470 469/469/469 
f 469/469/469 470/470/470 469/469/469 
f 470/470/470 471/471/471 469/469/469 
f 469/469/469 471/471/471 472/472/472 
f 471/471/471 473/473/473 472/472/472 
f 472/472/472 473/473/473 474/474/474 
f 473/473/473 475/475/475 474/474/474 
f 474/474/474 475/475/475 474/474/474 
f 475/475/475 476/476/476 474/474/474 
f 474/474/474 476/476/476 474/474/474 
f 476/476/476 477/477/477 474/474/474 
f 474/474/474 477/477/477 474/474/474 
f 477/477/477 478/478/478 474/474/474 
f 474/474/474 478/478/478 479/479/479 
f 478/478/478 480/480/480 479/479/479 
f 479/479/479 480/480/480 480/480/480 
f 480/480/480 474/474/474 480/480/480 
f 480/480/480 474/474/474 474/474/474 
f 474/474/474 479/479/479 474/474/474 
f 474/474/474 479/479/479 472/472/472 
f 479/479/479 481/481/481 472/472/472 
f 472/472/472 481/481/481 469/469/469 
f 481/481/481 482/482/482 469/469/469 
f 469/469/469 482/482/482 468/468/468 
f 482/482/482 482/482/482 468/468/468 
f 468/468/468 482/482/482 483/483/483 
f 482/482/482 484/484/484 483/483/483 
f 483/483/483 484/484/484 485/485/485 
f 484/484/484 484/484/484 485/485/485 
f 485/485/485 484/484/484 486/486/486 
f 484/484/484 484/484/484 486/486/486 
f 486/486/486 484/484/484 487/487/487 
f 484/484/484 484/484/484 487/487/487 
f 487/487/487 484/484/484 488/488/488 
f 484/484/484 484/484/484 488/488/488 
f 488/488/488 484/484/484 489/489/489 
f 484/484/484 482/482/482 489/489/489 
f 489/489/489 482/482/482 489/489/489 
f 482/482/482 481/481/481 489/489/489 
f 489/489/489 481/481/481 490/490/490 
f 481/481/481 479/479/479 490/490/490 
f 490/490/490 479/479/479 490/490/490 
f 479/479/479 480/480/480 490/490/490 
f 490/490/490 480/480/480 490/490/490 
f 480/480/480 491/491/491 490/490/490 
f 490/490/490 491/491/491 490/490/490 
f 491/491/491 492/492/492 490/490/490 
f 490/490/490 492/492/492 489/489/489 
f 492/492/492 488/488/488 489/489/489 
f 489/489/489 488/488/488 488/488/488 
f 488/488/488 493/493/493 488/488/488 
f 488/488/488 493/493/493 493/493/493 
f 493/493/493 494/494/494 493/493/493 
f 493/493/493 494/494/494 495/495/495 
f 494/494/494 495/495/495 495/495/495 
f 495/495/495 495/495/495 496/496/496 
f 495/495/495 496/496/496 496/496/496 
f 496/496/496 496/496/496 497/497/497 
f 496/496/496 498/498/498 497/497/497 
f 497/497/497 498/498/498 498/498/498 
f 498/498/498 499/499/499 498/498/498 
f 498/498/498 499/499/499 499/499/499 
f 499/499/499 500/500/500 499/499/499 
f 499/499/499 500/500/500 501/501/501 
f 500/500/500 501/501/501 501/501/501 
f 501/501/501 501/501/501 502/502/502 
f 501/501/501 502/502/502 502/502/502 
f 502/502/502 502/502/502 503/503/503 
f 502/502/502 504/504/504 503/503/503 
f 503/503/503 504/504/504 504/504/504 
f 504/504/504 505/505/505 504/504/504 
f 504/504/504 505/505/505 505/505/505 
f 505/505/505 506/506/506 505/505/505 
f 505/505/505 506/506/506 507/507/507 
f 506/506/506 507/507/507 507/507/507 
f 507/507/507 507/507/507 508/508/508 
f 507/507/507 508/508/508 508/508/508 
f 508/508/508 508/508/508 509/509/509 
f 508/508/508 510/510/510 509/509/509 
f 509/509/509 510/510/510 510/510/510 
f 510/510/510 511/511/511 510/510/510 
f 510/510/510 511/511/511 511/511/511 
f 511/511/511 512/512/512 511/511/511 
f 511/511/511 512/512/512 513/513/513 
f 512/512/512 513/513/513 513/513/513 
f 513/513/513 513/513/513 514/514/514 
f 513/513/513 514/514/514 514/514/514 
f 514/514/514 514/514/514 515/515/515 
f 514/514/514 516/516/516 515/515/515 
f 515/515/515 516/516/516 516/516/516 
f 516/516/516 517/517/517 516/516/516 
f 516/516/516 517/517/517 517/517/517 
f 517/517/517 518/518/518 517/517/517 
f 517/517/517 518/518/518 519/519/519 
f 518/518/518 519/519/519 519/519/519 
f 519/519/519 519/519/519 520/520/520 
f 519/519/519 520/520/520 520/520/520 
f 520/520/520 520/520/520 521/521/521 
f 520/520/520 522/522/522 521/521/521 
f 521/521/521 522/522/522 522/522/522 
f 522/522/522 523/523/523 522/522/522 
f 522/522/522 523/523/523 523/523/523 
f 523/523/523 524/524/524 523/523/523 
f 523/523/523 524/524/524 525/525/525 
f 524/524/524 525/525/525 525/525/525 
f 525/525/525 525/525/525 526/526/526 
f 525/525/525 526/526/526 526/526/526 
f 526/526/526 526/526/526 527/527/527 
f 526/526/526 528/528/528 527/527/527 
f 527/527/527 528/528/528 528/528/528 
f 528/528/528 529/529/529 528/528/528 
f 528/528/528 529/529/529 529/529/529 
f 529/529/529 530/530/530 529/529/529 
f 529/529/529 530/530/530 531/531/531 
f 530/530/530 531/531/531 531/531/531 
f 531/531/531 531/531/531 532/532/532 
f 531/531/531 532/532/532 532/532/532 
f 532/532/532 532/532/532 533/533/533 
f 532/532/532 534/534/534 533/533/533 
f 533/533/533 534/534/534 534/534/534 
f 534/534/534 535/535/535 534/534/534 
f 534/534/534 535/535/535 535/535/535 
f 535/535/535 536/536/536 535/535/535 
f 535/535/535 536/536/536 537/537/537 
f 536/536/536 537/537/537 537/537/537 
f 537/537/537 537/537/537 538/538/538 
f 537/537/537 538/538/538 538/538/538 
f 538/538/538 538/538/538 539/539/539 
f 538/538/538 540/540/540 539/539/539 
f 539/539/539 540/540/540 540/540/540 
f 540/540/540 541/541/541 540/540/540 
f 540/540/540 541/541/541 541/541/541 
f 541/541/541 542/542/542 541/541/541 
f 541/541/541 542/542/542 543/543/543 
f 542/542/542 543/543/543 543/543/543 
f 543/543/543 543/543/543 544/544/544 
f 543/543/543 544/544/544 544/544/544 
f 544/544/544 544/544/544 545/545/545 
f 544/544/544 546/546/546 545/545/545 
f 545/545/545 546/546/546 546/546/546 
f 546/546/546 547/547/547 546/546/546 
f 546/546/546 547/547/547 547/547/547 
f 547/547/547 548/548/548 547/547/547 
f 547/547/547 548/548/548 549/549/549 
f 548/548/548 549/549/549 549/549/549 
f 549/549/549 549/549/549 550/550/550 
f 549/549/549 550/550/550 550/550/550 
f 550/550/550 550/550/550 551/551/551 
f 550/550/550 552/552/552 551/551/551 
f 551/551/551 552/552/552 552/552/552 
f 552/552/552 553/553/553 552/552/552 
f 552/552/552 553/553/553 553/553/553 
f 553/553/553 554/554/554 553/553/553 
f 553/553/553 554/554/554 555/555/555 
f 554/554/554 555/555/555 555/555/555 
f 555/555/555 555/555/555 556/556/556 
f 555/555/555 556/556/556 556/556/556 
f 556/556/556 556/556/556 557/557/557 
f 556/556/556 558/558/558 557/557/557 
f 557/557/557 558/558/558 558/558/558 
f 558/558/558 559/559/559 558/558/558 
f 558/558/558 559/559/559 559/559/559 
f 559/559/559 560/560/560 559/559/559 
f 559/559/559 560/560/560 561/561/561 
f 560/560/560 561/561/561 561/561/561 
f 561/561/561 561/561/561 562/562/562 
f 561/561/561 562/562/562 562/562/562 
f 562/562/562 562/562/562 563/563/563 
f 562/562/562 564/564/564 563/563/563 
f 563/563/563 564/564/564 564/564/564 
f 564/564/564 565/565/565 564/564/564 
f 564/564/564 565/565/565 565/565/565 
f 565/565/565 566/566/566 565/565/565 
f 565/565/565 566/566/566 567/567/567 
f 566/566/566 567/567/567 567/567/567 
f 567/567/567 567/567/567 568/568/568 
f 567/567/567 568/568/568 568/568/568 
f 568/568/568 568/568/568 569/569/569 
f 568/568/568 570/570/570 569/569/569 
f 569/569/569 570/570/570 570/570/570 
f 570/570/570 571/571/571 570/570/570 
f 570/570/570 571/571/571 571/571/571 
f 571/571/571 572/572/572 571/571/571 
f 571/571/571 572/572/572 573/573/573 
f 572/572/572 573/573/573 573/573/573 
f 573/573/573 573/573/573 574/574/574 
f 573/573/573 574/574/574 574/574/574 
f 574/574/574 574/574/574 575/575/575 
f 574/574/574 576/576/576 575/575/575 
f 575/575/575 576/576/576 576/576/576 
f 576/576/576 577/577/577 576/576/576 
f 576/576/576 577/577/577 577/577/577 
f 577/577/577 578/578/578 577/577/577 
f 577/577/577 578/578/578 579/579/579 
f 578/578/578 579/579/579 579/579/579 
f 579/579/579 579/579/579 580/580/580 
f 579/579/579 580/580/580 580/580/580 
f 580/580/580 580/580/580 581/581/581 
f 580/580/580 582/582/582 581/581/581 
f 581/581/581 582/582/582 582/582/582 
f 582/582/582 583/583/583 582/582/582 
f 582/582/582 583/583/583 583/583/583 
f 583/583/583 584/584/584 583/583/583 
f 583/583/583 584/584/584 585/585/585 
f 584/584/584 585/585/585 585/585/585 
f 585/585/585 585/585/585 586/586/586 
f 585/585/585 586/586/586 586/586/586 
f 586/586/586 586/586/586 587/587/587 
f 586/586/586 588/588/588 587/587/587 
f 587/587/587 588/588/588 588/588/588 
f 588/588/588 589/589/589 588/588/588 
f 588/588/588 589/589/589 589/589/589 
f 589/589/589 590/590/590 589/589/589 
f 589/589/589 590/590/590 591/591/591 
f 590/590/590 591/591/591 591/591/591 
f 591/591/591 591/591/591 592/592/592 
f 591/591/591 592/592/592 592/592/592 
f 592/592/592 592/592/592 593/593/593 
f 592/592/592 594/594/594 593/593/593 
f 593/593/593 594/594/594 594/594/594 
f 594/594/594 595/595/595 594/594/594 
f 594/594/594 595/595/595 595/595/595 
f 595/595/595 596/596/596 595/595/595 
f 595/595/595 596/596/596 597/597/597 
f 596/596/596 597/597/597 597/597/597 
f 597/597/597 597/597/597 598/598/598 
f 597/597/597 598/598/598 598/598/598 
f 598/598/598 598/598/598 599/599/599 
f 598/598/598 600/600/600 599/599/599 
f 599/599/599 600/600/600 600/600/600 
f 600/600/600 601/601/601 600/600/600 
f 600/600/600 601/601/601 601/601/601 
f 601/601/601 602/602/602 601/601/601 
f 601/601/601 602/602/602 603/603/603 
f 602/602/602 603/603/603 603/603/603 
f 603/603/603 603/603/603 604/604/604 
f 603/603/603 604/604/604 604/604/604 
f 604/604/604 604/604/604 605/605/605 
f 604/604/604 606/606/606 605/605/605 
f 605/605/605 606/606/606 606/606/606 
f 606/606/606 607/607/607 606/606/606 
f 606/606/606 607/607/607 607/607/607 
f 607/607/607 608/608/608 607/607/607 
f 607/607/607 608/608/608 609/609/609 
f 608/608/608 609/609/609 609/609/609 
f 609/609/609 609/609/609 610/610/610 
f 609/609/609 610/610/610 610/610/610 
f 610/610/610 610/610/610 611/611/611 
f 610/610/610 612/612/612 611/611/611 
f 611/611/611 612/612/612 612/612/612 
f 612/612/612 613/613/613 612/612/612 
f 612/612/612 613/613/613 613/613/613 
f 613/613/613 614/614/614 613/613/613 
f 613/613/613 614/614/614 615/615/615 
f 614/614/614 615/615/615 615/615/615 
f 615/615/615 615/615/615 616/616/616 
f 615/615/615 616/616/616 616/616/616 
f 616/616/616 616/616/616 617/617/617 
f 616/616/616 618/618/618 617/617/617 
f 617/617/617 618/618/618 618/618/618 
f 618/618/618 619/619/619 618/618/618 
f 618/618/618 619/619/619 619/619/619 
f 619/619/619 620/620/620 619/619/619 
f 619/619/619 620/620/620 621/621/621 
f 620/620/620 621/621/621 621/621/621 
f 621/621/621 621/621/621 622/622/622 
f 621/621/621 622/622/622 622/622/622 
f 622/622/622 622/622/622 623/623/623 
f 622/622/622 624/624/624 623/623/623 
f 623/623/623 624/624/624 624/624/624 
f 624/624/624 625/625/625 624/624/624 
f 624/624/624 625/625/625 625/625/625 
f 625/625/625 626/626/626 625/625/625 
f 625/625/625 626/626/626 627/627/627 
f 626/626/626 627/627/627 627/627/627 
f 627/627/627 627/627/627 628/628/628 
f 627/627/627 628/628/628 628/628/628 
f 628/628/628 628/628/628 629/629/629 
f 628/628/628 630/630/630 629/629/629 
f 629/629/629 630/630/630 630/630/630 
f 630/630/630 631/631/631 630/630/630 
f 630/630/630 631/631/631 631/631/631 
f 631/631/631 632/632/632 631/631/631 
f 631/631/631 632/632/632 633/633/633 
f 632/632/632 633/633/633 633/633/633 
f 633/633/633 633/633/633 634/634/634 
f 633/633/633 634/634/634 634/634/634 
f 634/634/634 634/634/634 635/635/635 
f 634/634/634 636/636/636 635/635/635 
f 635/635/635 636/636/636 636/636/636 
f 636/636/636 637/637/637 636/636/636 
f 636/636/636 637/637/637 637/637/637 
f 637/637/637 638/638/638 637/637/637 
f 637/637/637 638/638/638 639/639/639 
f 638/638/638 639/639/639 639/639/639 
f 639/639/639 639/639/639 640/640/640 
f 639/639/639 640/640/640 640/640/640 
f 640/640/640 640/640/640 641/641/641 
f 640/640/640 642/642/642 641/641/641 
f 641/641/641 642/642/642 642/642/642 
f 642/642/642 643/643/643 642/642/642 
f 642/642/642 643/643/643 643/643/643 
f 643/643/643 644/644/644 643/643/643 
f 643/643/643 644/644/644 645/645/645 
f 644/644/644 645/645/645 645/645/645 
f 645/645/645 645/645/645 646/646/646 
f 645/645/645 646/646/646 646/646/646 
f 646/646/646 646/646/646 647/647/647 
f 646/646/646 648/648/648 647/647/647 
f 647/647/647 648/648/648 648/648/648 
f 648/648/648 649/649/649 648/648/648 
f 648/648/648 649/649/649 649/649/649 
f 649/649/649 650/650/650 649/649/649 
f 649/649/649 650/650/650 651/651/651 
f 650/650/650 651/651/651 651/651/651 
f 651/651/651 651/651/651 652/652/652 
f 651/651/651 652/652/652 652/652/652 
f 652/652/652 652/652/652 653/653/653 
f 652/652/652 654/654/654 653/653/653 
f 653/653/653 654/654/654 654/654/654 
f 654/654/654 655/655/655 654/654/654 
f 654/654/654 655/655/655 655/655/655 
f 655/655/655 656/656/656 655/655/655 
f 655/655/655 656/656/656 657/657/657 
f 656/656/656 657/657/657 657/657/657 
f 657/657/657 657/657/657 658/658/658 
f 657/657/657 658/658/658 658/658/658 
f 658/658/658 658/658/658 659/659/659 
f 658/658/658 660/660/660 659/659/659 
f 659/659/659 660/660/660 660/660/660 
f 660/660/660 661/661/661 660/660/660 
f 660/660/660 661/661/661 661/661/661 
f 661/661/661 662/662/662 661/661/661 
f 661/661/661 662/662/662 663/663/663 
f 662/662/662 663/663/663 663/663/663 
f 663/663/663 663/663/663 664/664/664 
f 663/663/663 664/664/664 664/664/664 
f 664/664/664 664/664/664 665/665/665 
f 664/664/664 666/666/666 665/665/665 
f 665/665/665 666/666/666 666/666/666 
f 666/666/666 667/667/667 666/666/666 
f 666/666/666 667/667/667 667/667/667 
f 667/667/667 668/668/668 667/667/667 
f 667/667/667 668/668/668 669/669/669 
f 668/668/668 669/669/669 669/669/669 
f 669/669/669 669/669/669 670/670/670 
f 669/669/669 670/670/670 670/670/670 
f 670/670/670 670/670/670 671/671/671 
f 670/670/670 672/672/672 671/671/671 
f 671/671/671 672/672/672 672/672/672 
f 672/672/672 673/673/673 672/672/672 
f 672/672/672 673/673/673 673/673/673 
f 673/673/673 674/674/674 673/673/673 
f 673/673/673 674/674/674 675/675/675 
f 674/674/674 675/675/675 675/675/675 
f 675/675/675 675/675/675 676/676/676 
f 675/675/675 676/676/676 676/676/676 
f 676/676/676 676/676/676 677/677/677 
f 676/676/676 678/678/678 677/677/677 
f 677/677/677 678/678/678 678/678/678 
f 678/678/678 679/679/679 678/678/678 
f 678/678/678 679/679/679 679/679/679 
f 679/679/679 680/680/680 679/679/679 
f 679/679/679 680/680/680 681/681/681 
f 680/680/680 681/681/681 681/681/681 
f 681/681/681 681/681/681 682/682/682 
f 681/681/681 682/682/682 682/682/682 
f 682/682/682 682/682/682 683/683/683 
f 682/682/682 684/684/684 683/683/683 
f 683/683/683 684/684/684 684/684/684 
f 684/684/684 685/685/685 684/684/684 
f 684/684/684 685/685/685 685/685/685 
f 685/685/685 686/686/686 685/685/685 
f 685/685/685 686/686/686 687/687/687 
f 686/686/686 687/687/687 687/687/687 
f 687/687/687 687/687/687 688/688/688 
f 687/687/687 688/688/688 688/688/688 
f 688/688/688 688/688/688 689/689/689 
f 688/688/688 690/690/690 689/689/689 
f 689/689/689 690/690/690 690/690/690 
f 690/690/690 691/691/691 690/690/690 
f 690/690/690 691/691/691 691/691/691 
f 691/691/691 692/692/692 691/691/691 
f 691/691/691 692/692/692 693/693/693 
f 692/692/692 693/693/693 693/693/693 
f 693/693/693 693/693/693 694/694/694 
f 693/693/693 694/694/694 694/694/694 
f 694/694/694 694/694/694 695/695/695 
f 694/694/694 696/696/696 695/695/695 
f 695/695/695 696/696/696 696/696/696 
f 696/696/696 697/697/697 696/696/696 
f 696/696/696 697/697/697 697/697/697 
f 697/697/697 698/698/698 697/697/697 
f 697/697/697 698/698/698 699/699/699 
f 698/698/698 699/699/699 699/699/699 
f 699/699/699 699/699/699 700/700/700 
f 699/699/699 700/700/700 700/700/700 
f 700/700/700 700/700/700 701/701/701 
f 700/700/700 702/702/702 701/701/701 
f 701/701/701 702/702/702 702/702/702 
f 702/702/702 703/703/703 702/702/702 
f 702/702/702 703/703/703 703/703/703 
f 703/703/703 704/704/704 703/703/703 
f 703/703/703 704/704/704 705/705/705 
f 704/704/704 705/705/705 705/705/705 
f 705/705/705 705/705/705 706/706/706 
f 705/705/705 706/706/706 706/706/706 
f 706/706/706 706/706/706 707/707/707 
f 706/706/706 708/708/708 707/707/707 
f 707/707/707 708/708/708 708/708/708 
f 708/708/708 709/709/709 708/708/708 
f 708/708/708 709/709/709 709/709/709 
f 709/709/709 710/710/710 709/709/709 
f 709/709/709 710/710/710 711/711/711 
f 710/710/710 711/711/711 711/711/711 
f 711/711/711 711/711/711 712/712/712 
f 711/711/711 712/712/712 712/712/712 
f 712/712/712 712/712/712 713/713/713 
f 712/712/712 714/714/714 713/713/713 
f 713/713/713 714/714/714 714/714/714 
f 714/714/714 715/715/715 714/714/714 
f 714/714/714 715/715/715 715/715/715 
f 715/715/715 716/716/716 715/715/715 
f 715/715/715 716/716/716 717/717/717 
f 716/716/716 717/717/717 717/717/717 
f 717/717/717 717/717/717 718/718/718 
f 717/717/717 718/718/718 718/718/718 
f 718/718/718 718/718/718 719/719/719 
f 718/718/718 720/720/720 719/719/719 
f 719/719/719 720/720/720 720/720/720 
f 720/720/720 721/721/721 720/720/720 
f 720/720/720 721/721/721 721/721/721 
f 721/721/721 722/722/722 721/721/721 
f 721/721/721 722/722/722 723/723/723 
f 722/722/722 723/723/723 723/723/723 
f 723/723/723 723/723/723 724/724/724 
f 723/723/723 724/724/724 724/724/724 
f 724/724/724 724/724/724 725/725/725 
f 724/724/724 726/726/726 725/725/725 
f 725/725/725 726/726/726 726/726/726 
f 726/726/726 727/727/727 726/726/726 
f 726/726/726 727/727/727 727/727/727 
f 727/727/727 728/728/728 727/727/727 
f 727/727/727 728/728/728 729/729/729 
f 728/728/728 729/729/729 729/729/729 
f 729/729/729 729/729/729 730/730/730 
f 729/729/729 730/730/730 730/730/730 
f 730/730/730 730/730/730 731/731/731 
f 730/730/730 732/732/732 731/731/731 
f 731/731/731 732/732/732 732/732/732 
f 732/732/732 733/733/733 732/732/732 
f 732/732/732 733/733/733 733/733/733 
f 733/733/733 734/734/734 733/733/733 
f 733/733/733 734/734/734 735/735/735 
f 734/734/734 735/735/735 735/735/735 
f 735/735/735 735/735/735 736/736/736 
f 735/735/735 736/736/736 736/736/736 
f 736/736/736 736/736/736 737/737/737 
f 736/736/736 738/738/738 737/737/737 
f 737/737/737 738/738/738 738/738/738 
f 738/738/738 739/739/739 738/738/738 
f 738/738/738 739/739/739 739/739/739 
f 739/739/739 740/740/740 739/739/739 
f 739/739/739 740/740/740 741/741/741 
f 740/740/740 741/741/741 741/741/741 
f 741/741/741 741/741/741 742/742/742 
f 741/741/741 742/742/742 742/742/742 
f 742/742/742 742/742/742 743/743/743 
f 742/742/742 744/744/744 743/743/743 
f 743/743/743 744/744/744 744/744/744 
f 744/744/744 745/745/745 744/744/744 
f 744/744/744 745/745/745 745/745/745 
f 745/745/745 746/746/746 745/745/745 
f 745/745/745 746/746/746 747/747/747 
f 746/746/746 747/747/747 747/747/747 
f 747/747/747 747/747/747 748/748/748 
f 747/747/747 748/748/748 748/748/748 
f 748/748/748 748/748/748 749/749/749 
f 748/748/748 750/750/750 749/749/749 
f 749/749/749 750/750/750 750/750/750 
f 750/750/750 751/751/751 750/750/750 
f 750/750/750 751/751/751 751/751/751 
f 751/751/751 752/752/752 751/751/751 
f 751/751/751 752/752/752 753/753/753 
f 752/752/752 753/753/753 753/753/753 
f 753/753/753 753/753/753 754/754/754 
f 753/753/753 754/754/754 754/754/754 
f 754/754/754 754/754/754 755/755/755 
f 754/754/754 756/756/756 755/755/755 
f 755/755/755 756/756/756 756/756/756 
f 756/756/756 757/757/757 756/756/756 
f 756/756/756 757/757/757 757/757/757 
f 757/757/757 758/758/758 757/757/757 
f 757/757/757 758/758/758 759/759/759 
f 758/758/758 759/759/759 759/759/759 
f 759/759/759 759/759/759 760/760/760 
f 759/759/759 760/760/760 760/760/760 
f 760/760/760 760/760/760 761/761/761 
f 760/760/760 762/762/762 761/761/761 
f 761/761/761 762/762/762 762/762/762 
f 762/762/762 763/763/763 762/762/762 
f 762/762/762 763/763/763 763/763/763 
f 763/763/763 764/764/764 763/763/763 
f 763/763/763 764/764/764 765/765/765 
f 764/764/764 765/765/765 765/765/765 
f 765/765/765 765/765/765 766/766/766 
f 765/765/765 766/766/766 766/766/766 
f 766/766/766 766/766/766 767/767/767 
f 766/766/766 768/768/768 767/767/767 
f 767/767/767 768/768/768 768/768/768 
f 768/768/768 769/769/769 768/768/768 
f 768/768/768 769/769/769 769/769/769 
f 769/769/769 770/770/770 769/769/769 
f 769/769/769 770/770/770 771/771/771 
f 770/770/770 771/771/771 771/771/771 
f 771/771/771 771/771/771 772/772/772 
f 771/771/771 772/772/772 772/772/772 
f 772/772/772 772/772/772 773/773/773 
f 772/772/772 774/774/774 773/773/773 
f 773/773/773 774/774/774 774/774/774 
f 774/774/774 775/775/775 774/774/774 
f 774/774/774 775/775/775 775/775/775 
f 775/775/775 776/776/776 775/775/775 
f 775/775/775 776/776/776 777/777/777 
f 776/776/776 777/777/777 777/777/777 
f 777/777/777 777/777/777 778/778/778 
f 777/777/777 778/778/778 778/778/778 
f 778/778/778 778/778/778 779/779/779 
f 778/778/778 780/780/780 779/779/779 
f 779/779/779 780/780/780 780/780/780 
f 780/780/780 781/781/781 780/780/780 
f 780/780/780 781/781/781 781/781/781 
f 781/781/781 782/782/782 781/781/781 
f 781/781/781 782/782/782 783/783/783 
f 782/782/782 783/783/783 783/783/783 
f 783/783/783 783/783/783 784/784/784 
f 783/783/783 784/784/784 784/784/784 
f 784/784/784 784/784/784 785/785/785 
f 784/784/784 786/786/786 785/785/785 
f 785/785/785 786/786/786 786/786/786 
f 786/786/786 787/787/787 786/786/786 
f 786/786/786 787/787/787 787/787/787 
f 787/787/787 788/788/788 787/787/787 
f 787/787/787 788/788/788 789/789/789 
f 788/788/788 789/789/789 789/789/789 
f 789/789/789 789/789/789 790/790/790 
f 789/789/789 790/790/790 790/790/790 
f 790/790/790 790/790/790 791/791/791 
f 790/790/790 792/792/792 791/791/791 
f 791/791/791 792/792/792 792/792/792 
f 792/792/792 793/793/793 792/792/792 
f 792/792/792 793/793/793 793/793/793 
f 793/793/793 794/794/794 793/793/793 
f 793/793/793 794/794/794 795/795/795 
f 794/794/794 795/795/795 795/795/795 
f 795/795/795 795/795/795 796/796/796 
f 795/795/795 796/796/796 796/796/796 
f 796/796/796 796/796/796 797/797/797 
f 796/796/796 798/798/798 797/797/797 
f 797/797/797 798/798/798 798/798/798 
f 798/798/798 799/799/799 798/798/798 
f 798/798/798 799/799/799 799/799/799 
f 799/799/799 800/800/800 799/799/799 
f 799/799/799 800/800/800 801/801/801 
f 800/800/800 801/801/801 801/801/801 
f 801/801/801 801/801/801 802/802/802 
f 801/801/801 802/802/802 802/802/802 
f 802/802/802 802/802/802 803/803/803 
f 802/802/802 804/804/804 803/803/803 
f 803/803/803 804/804/804 804/804/804 
f 804/804/804 805/805/805 804/804/804 
f 804/804/804 805/805/805 805/805/805 
f 805/805/805 806/806/806 805/805/805 
f 805/805/805 806/806/806 807/807/807 
f 806/806/806 807/807/807 807/807/807 
f 807/807/807 807/807/807 808/808/808 
f 807/807/807 808/808/808 808/808/808 
f 808/808/808 808/808/808 809/809/809 
f 808/808/808 810/810/810 809/809/809 
f 809/809/809 810/810/810 810/810/810 
f 810/810/810 811/811/811 810/810/810 
f 810/810/810 811/811/811 811/811/811 
f 811/811/811 812/812/812 811/811/811 
f 811/811/811 812/812/812 813/813/813 
f 812/812/812 813/813/813 813/813/813 
f 813/813/813 813/813/813 814/814/814 
f 813/813/813 814/814/814 814/814/814 
f 814/814/814 814/814/814 815/815/815 
f 814/814/814 816/816/816 815/815/815 
f 815/815/815 816/816/816 816/816/816 
f 816/816/816 817/817/817 816/816/816 
f 816/816/816 817/817/817 817/817/817 
f 817/817/817 818/818/818 817/817/817 
f 817/817/817 818/818/818 819/819/819 
f 818/818/818 819/819/819 819/819/819 
f 819/819/819 819/819/819 820/820/820 
f 819/819/819 820/820/820 820/820/820 
f 820/820/820 820/820/820 821/821/821 
f 820/820/820 822/822/822 821/821/821 
f 821/821/821 822/822/822 822/822/822 
f 822/822/822 823/823/823 822/822/822 
f 822/822/822 823/823/823 823/823/823 
f 823/823/823 824/824/824 823/823/823 
f 823/823/823 824/824/824 825/825/825 
f 824/824/824 825/825/825 825/825/825 
f 825/825/825 825/825/825 826/826/826 
f 825/825/825 826/826/826 826/826/826 
f 826/826/826 826/826/826 827/827/827 
f 826/826/826 828/828/828 827/827/827 
f 827/827/827 828/828/828 828/828/828 
f 828/828/828 829/829/829 828/828/828 
f 828/828/828 829/829/829 829/829/829 
f 829/829/829 830/830/830 829/829/829 
f 829/829/829 830/830/830 831/831/831 
f 830/830/830 831/831/831 831/831/831 
f 831/831/831 831/831/831 832/832/832 
f 831/831/831 832/832/832 832/832/832 
f 832/832/832 832/832/832 833/833/833 
f 832/832/832 834/834/834 833/833/833 
f 833/833/833 834/834/834 834/834/834 
f 834/834/834 835/835/835 834/834/834 
f 834/834/834 835/835/835 835/835/835 
f 835/835/835 836/836/836 835/835/835 
f 835/835/835 836/836/836 837/837/837 
f 836/836/836 837/837/837 837/837/837 
f 837/837/837 837/837/837 838/838/838 
f 837/837/837 838/838/838 838/838/838 
f 838/838/838 838/838/838 839/839/839 
f 838/838/838 840/840/840 839/839/839 
f 839/839/839 840/840/840 840/840/840 
f 840/840/840 841/841/841 840/840/840 
f 840/840/840 841/841/841 841/841/841 
f 841/841/841 842/842/842 841/841/841 
f 841/841/841 842/842/842 843/843/843 
f 842/842/842 843/843/843 843/843/843 
f 843/843/843 843/843/843 844/844/844 
f 843/843/843 844/844/844 844/844/844 
f 844/844/844 844/844/844 845/845/845 
f 844/844/844 846/846/846 845/845/845 
f 845/845/845 846/846/846 846/846/846 
f 846/846/846 847/847/847 846/846/846 
f 846/846/846 847/847/847 847/847/847 
f 847/847/847 848/848/848 847/847/847 
f 847/847/847 848/848/848 849/849/849 
f 848/848/848 849/849/849 849/849/849 
f 849/849/849 849/849/849 850/850/850 
f 849/849/849 850/850/850 850/850/850 
f 850/850/850 850/850/850 851/851/851 
f 850/850/850 852/852/852 851/851/851 
f 851/851/851 852/852/852 852/852/852 
f 852/852/852 853/853/853 852/852/852 
f 852/852/852 853/853/853 853/853/853 
f 853/853/853 854/854/854 853/853/853 
f 853/853/853 854/854/854 855/855/855 
f 854/854/854 855/855/855 855/855/855 
f 855/855/855 855/855/855 856/856/856 
f 855/855/855 856/856/856 856/856/856 
f 856/856/856 856/856/856 857/857/857 
f 856/856/856 858/858/858 857/857/857 
f 857/857/857 858/858/858 858/858/858 
f 858/858/858 859/859/859 858/858/858 
f 858/858/858 859/859/859 859/859/859 
f 859/859/859 860/860/860 859/859/859 
f 859/859/859 860/860/860 861/861/861 
f 860/860/860 861/861/861 861/861/861 
f 861/861/861 861/861/861 862/862/862 
f 861/861/861 862/862/862 862/862/862 
f 862/862/862 862/862/862 863/863/863 
f 862/862/862 864/864/864 863/863/863 
f 863/863/863 864/864/864 864/864/864 
f 864/864/864 865/865/865 864/864/864 
f 864/864/864 865/865/865 865/865/865 
f 865/865/865 866/866/866 865/865/865 
f 865/865/865 866/866/866 867/867/867 
f 866/866/866 867/867/867 867/867/867 
f 867/867/867 867/867/867 868/868/868 
f 867/867/867 868/868/868 868/868/868 
f 868/868/868 868/868/868 869/869/869 
f 868/868/868 870/870/870 869/869/869 
f 869/869/869 870/870/870 870/870/870 
f 870/870/870 871/871/871 870/870/870 
f 870/870/870 871/871/871 871/871/871 
f 871/871/871 872/872/872 871/871/871 
f 871/871/871 872/872/872 873/873/873 
f 872/872/872 873/873/873 873/873/873 
f 873/873/873 873/873/873 874/874/874 
f 873/873/873 874/874/874 874/874/874 
f 874/874/874 874/874/874 875/875/875 
f 874/874/874 876/876/876 875/875/875 
f 875/875/875 876/876/876 876/876/876 
f 876/876/876 877/877/877 876/876/876 
f 876/876/876 877/877/877 877/877/877 
f 877/877/877 878/878/878 877/877/877 
f 877/877/877 878/878/878 879/879/879 
f 878/878/878 879/879/879 879/879/879 
f 879/879/879 879/879/879 880/880/880 
f 879/879/879 880/880/880 880/880/880 
f 880/880/880 880/880/880 881/881/881 
f 880/880/880 882/882/882 881/881/881 
f 881/881/881 882/882/882 882/882/882 
f 882/882/882 883/883/883 882/882/882 
f 882/882/882 883/883/883 883/883/883 
f 883/883/883 884/884/884 883/883/883 
f 883/883/883 884/884/884 885/885/885 
f 884/884/884 885/885/885 885/885/885 
f 885/885/885 885/885/885 886/886/886 
f 885/885/885 886/886/886 886/886/886 
f 886/886/886 886/886/886 887/887/887 
f 886/886/886 888/888/888 887/887/887 
f 887/887/887 888/888/888 888/888/888 
f 888/888/888 889/889/889 888/888/888 
f 888/888/888 889/889/889 889/889/889 
f 889/889/889 890/890/890 889/889/889 
f 889/889/889 890/890/890 891/891/891 
f 890/890/890 891/891/891 891/891/891 
f 891/891/891 891/891/891 892/892/892 
f 891/891/891 892/892/892 892/892/892 
f 892/892/892 892/892/892 893/893/893 
f 892/892/892 894/894/894 893/893/893 
f 893/893/893 894/894/894 894/894/894 
f 894/894/894 895/895/895 894/894/894 
f 894/894/894 895/895/895 895/895/895 
f 895/895/895 896/896/896 895/895/895 
f 895/895/895 896/896/896 897/897/897 
f 896/896/896 897/897/897 897/897/897 
f 897/897/897 897/897/897 898/898/898 
f 897/897/897 898/898/898 898/898/898 
f 898/898/898 898/898/898 899/899/899 
f 898/898/898 900/900/900 899/899/899 
f 899/899/899 900/900/900 900/900/900 
f 900/900/900 901/901/901 900/900/900 
f 900/900/900 901/901/901 901/901/901 
f 901/901/901 902/902/902 901/901/901 
f 901/901/901 902/902/902 903/903/903 
f 902/902/902 903/903/903 903/903/903 
f 903/903/903 903/903/903 904/904/904 
f 903/903/903 904/904/904 904/904/904 
f 904/904/904 904/904/904 905/905/905 
f 904/904/904 906/906/906 905/905/905 
f 905/905/905 906/906/906 906/906/906 
f 906/906/906 907/907/907 906/906/906 
f 906/906/906 907/907/907 907/907/907 
f 907/907/907 908/908/908 907/907/907 
f 907/907/907 908/908/908 909/909/909 
f 908/908/908 909/909/909 909/909/909 
f 909/909/909 909/909/909 910/910/910 
f 909/909/909 910/910/910 910/910/910 
f 910/910/910 910/910/910 911/911/911 
f 910/910/910 912/912/912 911/911/911 
f 911/911/911 912/912/912 912/912/912 
f 912/912/912 913/913/913 912/912/912 
f 912/912/912 913/913/913 913/913/913 
f 913/913/913 914/914/914 913/913/913 
f 913/913/913 914/914/914 915/915/915 
f 914/914/914 915/915/915 915/915/915 
f 915/915/915 915/915/915 916/916/916 
f 915/915/915 916/916/916 916/916/916 
f 916/916/916 916/916/916 917/917/917 
f 916/916/916 918/918/918 917/917/917 
f 917/917/917 918/918/918 918/918/918 
f 918/918/918 919/919/919 918/918/918 
f 918/918/918 919/919/919 919/919/919 
f 919/919/919 920/920/920 919/919/919 
f 919/919/919 920/920/920 921/921/921 
f 920/920/920 921/921/921 921/921/921 
f 921/921/921 921/921/921 922/922/922 
f 921/921/921 922/922/922 922/922/922 
f 922/922/922 922/922/922 923/923/923 
f 922/922/922 924/924/924 923/923/923 
f 923/923/923 924/924/924 924/924/924 
f 924/924/924 925/925/925 924/924/924 
f 924/924/924 925/925/925 925/925/925 
f 925/925/925 926/926/926 925/925/925 
f 925/925/925 926/926/926 927/927/927 
f 926/926/926 927/927/927 927/927/927 
f 927/927/927 927/927/927 928/928/928 
f 927/927/927 928/928/928 928/928/928 
f 928/928/928 928/928/928 929/929/929 
f 928/928/928 930/930/930 929/929/929 
f 929/929/929 930/930/930 930/930/930 
f 930/930/930 931/931/931 930/930/930 
f 930/930/930 931/931/931 931/931/931 
f 931/931/931 932/932/932 931/931/931 
f 931/931/931 932/932/932 933/933/933 
f 932/932/932 934/934/934 933/933/933 
f 933/933/933 934/934/934 935/935/935 
f 934/934/934 936/936/936 935/935/935 
f 935/935/935 936/936/936 937/937/937 
f 936/936/936 938/938/938 937/937/937 
f 937/937/937 938/938/938 939/939/939 
f 938/938/938 940/940/940 939/939/939 
f 939/939/939 940/940/940 941/941/941 
f 940/940/940 942/942/942 941/941/941 
f 941/941/941 942/942/942 943/943/943 
f 942/942/942 944/944/944 943/943/943 
f 943/943/943 944/944/944 945/945/945 
f 944/944/944 946/946/946 945/945/945 
f 945/945/945 946/946/946 947/947/947 
f 946/946/946 948/948/948 947/947/947 
f 947/947/947 948/948/948 949/949/949 
f 948/948/948 950/950/950 949/949/949 
f 949/949/949 950/950/950 951/951/951 
f 950/950/950 952/952/952 951/951/951 
f 951/951/951 952/952/952 953/953/953 
f 952/952/952 954/954/954 953/953/953 
f 953/953/953 954/954/954 955/955/955 
f 954/954/954 956/956/956 955/955/955 
f 955/955/955 956/956/956 956/956/956 
f 956/956/956 957/957/957 956/956/956 
f 956/956/956 957/957/957 957/957/957 
f 957/957/957 958/958/958 957/957/957 
f 957/957/957 958/958/958 959/959/959 
f 958/958/958 958/958/958 959/959/959 
f 959/959/959 958/958/958 960/960/960 
f 958/958/958 961/961/961 960/960/960 
f 960/960/960 961/961/961 962/962/962 
f 961/961/961 963/963/963 962/962/962 
f 962/962/962 963/963/963 964/964/964 
f 963/963/963 965/965/965 964/964/964 
f 964/964/964 965/965/965 966/966/966 
f 965/965/965 966/966/966 966/966/966 
f 966/966/966 966/966/966 967/967/967 
f 966/966/966 967/967/967 967/967/967 
f 967/967/967 967/967/967 968/968/968 
f 967/967/967 969/969/969 968/968/968 
f 968/968/968 969/969/969 970/970/970 
f 969/969/969 971/971/971 970/970/970 
f 970/970/970 971/971/971 972/972/972 
f 971/971/971 971/971/971 972/972/972 
f 972/972/972 971/971/971 973/973/973 
f 971/971/971 974/974/974 973/973/973 
f 973/973/973 974/974/974 975/975/975 
f 974/974/974 976/976/976 975/975/975 
f 975/975/975 976/976/976 977/977/977 
f 976/976/976 978/978/978 977/977/977 
f 977/977/977 978/978/978 979/979/979 
f 978/978/978 980/980/980 979/979/979 
f 979/979/979 980/980/980 980/980/980 
f 980/980/980 981/981/981 980/980/980 
f 980/980/980 981/981/981 981/981/981 
f 981/981/981 982/982/982 981/981/981 
f 981/981/981 982/982/982 983/983/983 
f 982/982/982 984/984/984 983/983/983 
f 983/983/983 984/984/984 984/984/984 
f 984/984/984 985/985/985 984/984/984 
f 984/984/984 985/985/985 985/985/985 
f 985/985/985 986/986/986 985/985/985 
f 985/985/985 986/986/986 987/987/987 
f 986/986/986 988/988/988 987/987/987 
f 987/987/987 988/988/988 987/987/987 
f 988/988/988 989/989/989 987/987/987 
f 987/987/987 989/989/989 990/990/990 
f 989/989/989 989/989/989 990/990/990 
f 990/990/990 989/989/989 991/991/991 
f 989/989/989 992/992/992 991/991/991 
f 991/991/991 992/992/992 991/991/991 
f 992/992/992 993/993/993 991/991/991 
f 991/991/991 993/993/993 994/994/994 
f 993/993/993 995/995/995 994/994/994 
f 994/994/994 995/995/995 996/996/996 
f 995/995/995 996/996/996 996/996/996 
f 996/996/996 996/996/996 997/997/997 
f 996/996/996 997/997/997 997/997/997 
f 997/997/997 997/997/997 998/998/998 
f 997/997/997 999/999/999 998/998/998 
f 998/998/998 999/999/999 1000/1000/1000 
f 999/999/999 1000/1000/1000 1000/1000/1000 
f 1000/1000/1000 1000/1000/1000 1001/1001/1001 
f 1000/1000/1000 1001/1001/1001 1001/1001/1001 
f 1001/1001/1001 1001/1001/1001 1002/1002/1002 
f 1001/1001/1001 1003/1003/1003 1002/1002/1002 
f 1002/1002/1002 1003/1003/1003 1004/1004/1004 
f 1003/1003/1003 1004/1004/1004 1004/1004/1004 
f 1004/1004/1004 1004/1004/1004 1005/1005/1005 
f 1004/1004/1004 1005/1005/1005 1005/1005/1005 
f 1005/1005/1005 1005/1005/1005 1006/1006/1006 
f 1005/1005/1005 1007/1007/1007 1006/1006/1006 
f 1006/1006/1006 1007/1007/1007 1008/1008/1008 
f 1007/1007/1007 1008/1008/1008 1008/1008/1008 
f 1008/1008/1008 1008/1008/1008 1009/1009/1009 
f 1008/1008/1008 1009/1009/1009 1009/1009/1009 
f 1009/1009/1009 1009/1009/1009 1010/1010/1010 
f 1009/1009/1009 1011/1011/1011 1010/1010/1010 
f 1010/1010/1010 1011/1011/1011 1012/1012/1012 
f 1011/1011/1011 1012/1012/1012 1012/1012/1012 
f 1012/1012/1012 1012/1012/1012 1013/1013/1013 
f 1012/1012/1012 1013/1013/1013 1013/1013/1013 
f 1013/1013/1013 1013/1013/1013 1014/1014/1014 
f 1013/1013/1013 1015/1015/1015 1014/1014/1014 
f 1014/1014/1014 1015/1015/1015 1016/1016/1016 
f 1015/1015/1015 1016/1016/1016 1016/1016/1016 
f 1016/1016/1016 1016/1016/1016 1017/1017/1017 
f 1016/1016/1016 1017/1017/1017 1017/1017/1017 
f 1017/1017/1017 1017/1017/1017 1018/1018/1018 
f 1017/1017/1017 1019/1019/1019 1018/1018/1018 
f 1018/1018/1018 1019/1019/1019 1020/1020/1020 
f 1019/1019/1019 1021/1021/1021 1020/1020/1020 
f 1020/1020/1020 1021/1021/1021 1022/1022/1022 
f 1021/1021/1021 1022/1022/1022 1022/1022/1022 
f 1022/1022/1022 1022/1022/1022 1023/1023/1023 
f 1022/1022/1022 1023/1023/1023 1023/1023/1023 
f 1023/1023/1023 1023/1023/1023 1024/1024/1024 
f 1023/1023/1023 1025/1025/1025 1024/1024/1024 
f 1024/1024/1024 1025/1025/1025 1026/1026/1026 
f 1025/1025/1025 1026/1026/1026 1026/1026/1026 
f 1026/1026/1026 1026/1026/1026 1027/1027/1027 
f 1026/1026/1026 1027/1027/1027 1027/1027/1027 
f 1027/1027/1027 1027/1027/1027 1028/1028/1028 
f 1027/1027/1027 1029/1029/1029 1028/1028/1028 
f 1028/1028/1028 1029/1029/1029 1030/1030/1030 
f 1029/1029/1029 1030/1030/1030 1030/1030/1030 
f 1030/1030/1030 1030/1030/1030 1031/1031/1031 
f 1030/1030/1030 1031/1031/1031 1031/1031/1031 
f 1031/1031/1031 1031/1031/1031 1032/1032/1032 
f 1031/1031/1031 1033/1033/1033 1032/1032/1032 
f 1032/1032/1032 1033/1033/1033 1034/1034/1034 
f 1033/1033/1033 1034/1034/1034 1034/1034/1034 
f 1034/1034/1034 1034/1034/1034 1035/1035/1035 
f 1034/1034/1034 1035/1035/1035 1035/1035/1035 
f 1035/1035/1035 1035/1035/1035 1036/1036/1036 
f 1035/1035/1035 1037/1037/1037 1036/1036/1036 
f 1036/1036/1036 1037/1037/1037 1038/1038/1038 
f 1037/1037/1037 1038/1038/1038 1038/1038/1038 
f 1038/1038/1038 1038/1038/1038 1039/1039/1039 
f 1038/1038/1038 1039/1039/1039 1039/1039/1039 
f 1039/1039/1039 1039/1039/1039 1040/1040/1040 
f 1039/1039/1039 1041/1041/1041 1040/1040/1040 
f 1040/1040/1040 1041/1041/1041 1042/1042/1042 
f 1041/1041/1041 1042/1042/1042 1042/1042/1042 
f 1042/1042/1042 1042/1042/1042 1043/1043/1043 
f 1042/1042/1042 1043/1043/1043 1043/1043/1043 
f 1043/1043/1043 1043/1043/1043 1044/1044/1044 
f 1043/1043/1043 1045/1045/1045 1044/1044/1044 
f 1044/1044/1044 1045/1045/1045 1046/1046/1046 
f 1045/1045/1045 1046/1046/1046 1046/1046/1046 
f 1046/1046/1046 1046/1046/1046 1047/1047/1047 
f 1046/1046/1046 1047/1047/1047 1047/1047/1047 
f 1047/1047/1047 1047/1047/1047 1048/1048/1048 
f 1047/1047/1047 1049/1049/1049 1048/1048/1048 
f 1048/1048/1048 1049/1049/1049 1050/1050/1050 
f 1049/1049/1049 1050/1050/1050 1050/1050/1050 
f 1050/1050/1050 1050/1050/1050 1051/1051/1051 
f 1050/1050/1050 1051/1051/1051 1051/1051/1051 
f 1051/1051/1051 1051/1051/1051 1052/1052/1052 
f 1051/1051/1051 1053/1053/1053 1052/1052/1052 
f 1052/1052/1052 1053/1053/1053 1054/1054/1054 
f 1053/1053/1053 1054/1054/1054 1054/1054/1054 
f 1054/1054/1054 1054/1054/1054 1055/1055/1055 
f 1054/1054/1054 1055/1055/1055 1055/1055/1055 
f 1055/1055/1055 1055/1055/1055 1056/1056/1056 
f 1055/1055/1055 1057/1057/1057 1056/1056/1056 
f 1056/1056/1056 1057/1057/1057 1058/1058/1058 
f 1057/1057/1057 1058/1058/1058 1058/1058/1058 
f 1058/1058/1058 1058/1058/1058 1059/1059/1059 
f 1058/1058/1058 1059/1059/1059 1059/1059/1059 
f 1059/1059/1059 1059/1059/1059 1060/1060/1060 
f 1059/1059/1059 1061/1061/1061 1060/1060/1060 
f 1060/1060/1060 1061/1061/1061 1062/1062/1062 
f 1061/1061/1061 1062/1062/1062 1062/1062/1062 
f 1062/1062/1062 1062/1062/1062 1063/1063/1063 
f 1062/1062/1062 1063/1063/1063 1063/1063/1063 
f 1063/1063/1063 1063/1063/1063 1064/1064/1064 
f 1063/1063/1063 1065/1065/1065 1064/1064/1064 
f 1064/1064/1064 1065/1065/1065 1066/1066/1066 
f 1065/1065/1065 1066/1066/1066 1066/1066/1066 
f 1066/1066/1066 1066/1066/1066 1067/1067/1067 
f 1066/1066/1066 1067/1067/1067 1067/1067/1067 
f 1067/1067/1067 1067/1067/1067 1068/1068/1068 
f 1067/1067/1067 1069/1069/1069 1068/1068/1068 
f 1068/1068/1068 1069/1069/1069 1070/1070/1070 
f 1069/1069/1069 1070/1070/1070 1070/1070/1070 
f 1070/1070/1070 1070/1070/1070 1071/1071/1071 
f 1070/1070/1070 1071/1071/1071 1071/1071/1071 
f 1071/1071/1071 1071/1071/1071 1072/1072/1072 
f 1071/1071/1071 1073/1073/1073 1072/1072/1072 
f 1072/1072/1072 1073/1073/1073 1074/1074/1074 
f 1073/1073/1073 1074/1074/1074 1074/1074/1074 
f 1074/1074/1074 1074/1074/1074 1075/1075/1075 
f 1074/1074/1074 1075/1075/1075 1075/1075/1075 
f 1075/1075/1075 1075/1075/1075 1076/1076/1076 
f 1075/1075/1075 1077/1077/1077 1076/1076/1076 
f 1076/1076/1076 1077/1077/1077 1078/1078/1078 
f 1077/1077/1077 1078/1078/1078 1078/1078/1078 
f 1078/1078/1078 1078/1078/1078 1079/1079/1079 
f 1078/1078/1078 1079/1079/1079 1079/1079/1079 
f 1079/1079/1079 1079/1079/1079 1080/1080/1080 
f 1079/1079/1079 1081/1081/1081 1080/1080/1080 
f 1080/1080/1080 1081/1081/1081 1082/1082/1082 
f 1081/1081/1081 1082/1082/1082 1082/1082/1082 
f 1082/1082/1082 1082/1082/1082 1083/1083/1083 
f 1082/1082/1082 1083/1083/1083 1083/1083/1083 
f 1083/1083/1083 1083/1083/1083 1084/1084/1084 
f 1083/1083/1083 1085/1085/1085 1084/1084/1084 
f 1084/1084/1084 1085/1085/1085 1086/1086/1086 
f 1085/1085/1085 1086/1086/1086 1086/1086/1086 
f 1086/1086/1086 1086/1086/1086 1087/1087/1087 
f 1086/1086/1086 1087/1087/1087 1087/1087/1087 
f 1087/1087/1087 1087/1087/1087 1088/1088/1088 
f 1087/1087/1087 1089/1089/1089 1088/1088/1088 
f 1088/1088/1088 1089/1089/1089 1090/1090/1090 
f 1089/1089/1089 1090/1090/1090 1090/1090/1090 
f 1090/1090/1090 1090/1090/1090 1091/1091/1091 
f 1090/1090/1090 1091/1091/1091 1091/1091/1091 
f 1091/1091/1091 1091/1091/1091 1092/1092/1092 
f 1091/1091/1091 1093/1093/1093 1092/1092/1092 
f 1092/1092/1092 1093/1093/1093 1094/1094/1094 
f 1093/1093/1093 1094/1094/1094 1094/1094/1094 
f 1094/1094/1094 1094/1094/1094 1095/1095/1095 
f 1094/1094/1094 1095/1095/1095 1095/1095/1095 
f 1095/1095/1095 1095/1095/1095 1096/1096/1096 
f 1095/1095/1095 1097/1097/1097 1096/1096/1096 
f 1096/1096/1096 1097/1097/1097 1098/1098/1098 
f 1097/1097/1097 1098/1098/1098 1098/1098/1098 
f 1098/1098/1098 1098/1098/1098 1099/1099/1099 
f 1098/1098/1098 1099/1099/1099 1099/1099/1099 
f 1099/1099/1099 1099/1099/1099 1100/1100/1100 
f 1099/1099/1099 1101/1101/1101 1100/1100/1100 
f 1100/1100/1100 1101/1101/1101 1102/1102/1102 
f 1101/1101/1101 1102/1102/1102 1102/1102/1102 
f 1102/1102/1102 1102/1102/1102 1103/1103/1103 
f 1102/1102/1102 1103/1103/1103 1103/1103/1103 
f 1103/1103/1103 1103/1103/1103 1104/1104/1104 
f 1103/1103/1103 1105/1105/1105 1104/1104/1104 
f 1104/1104/1104 1105/1105/1105 1106/1106/1106 
f 1105/1105/1105 1106/1106/1106 1106/1106/1106 
f 1106/1106/1106 1106/1106/1106 1107/1107/1107 
f 1106/1106/1106 1107/1107/1107 1107/1107/1107 
f 1107/1107/1107 1107/1107/1107 1108/1108/1108 
f 1107/1107/1107 1109/1109/1109 1108/1108/1108 
f 1108/1108/1108 1109/1109/1109 1110/1110/1110 
f 1109/1109/1109 1110/1110/1110 1110/1110/1110 
f 1110/1110/1110 1110/1110/1110 1111/1111/1111 
f 1110/1110/1110 1111/1111/1111 1111/1111/1111 
f 1111/1111/1111 1111/1111/1111 1112/1112/1112 
f 1111/1111/1111 1113/1113/1113 1112/1112/1112 
f 1112/1112/1112 1113/1113/1113 1112/1112/1112 
f 1113/1113/1113 1114/1114/1114 1112/1112/1112 
f 1112/1112/1112 1114/1114/1114 1115/1115/1115 
f 1114/1114/1114 1116/1116/1116 1115/1115/1115 
f 1115/1115/1115 1116/1116/1116 1117/1117/1117 
f 1116/1116/1116 1118/1118/1118 1117/1117/1117 
f 1117/1117/1117 1118/1118/1118 1117/1117/1117 
f 1118/1118/1118 1119/1119/1119 1117/1117/1117 
f 1117/1117/1117 1119/1119/1119 1120/1120/1120 
f 1119/1119/1119 1120/1120/1120 1120/1120/1120 
f 1120/1120/1120 1120/1120/1120 1121/1121/1121 
f 1120/1120/1120 1121/1121/1121 1121/1121/1121 
f 1121/1121/1121 1121/1121/1121 1122/1122/1122 
f 1121/1121/1121 1123/1123/1123 1122/1122/1122 
f 1122/1122/1122 1123/1123/1123 1124/1124/1124 
f 1123/1123/1123 1124/1124/1124 1124/1124/1124 
f 1124/1124/1124 1124/1124/1124 1125/1125/1125 
f 1124/1124/1124 1125/1125/1125 1125/1125/1125 
f 1125/1125/1125 1125/1125/1125 1126/1126/1126 
f 1125/1125/1125 1127/1127/1127 1126/1126/1126 
f 1126/1126/1126 1127/1127/1127 1126/1126/1126 
f 1127/1127/1127 1128/1128/1128 1126/1126/1126 
f 1126/1126/1126 1128/1128/1128 1129/1129/1129 
f 1128/1128/1128 1130/1130/1130 1129/1129/1129 
f 1129/1129/1129 1130/1130/1130 1131/1131/1131 
f 1130/1130/1130 1132/1132/1132 1131/1131/1131 
f 1131/1131/1131 1132/1132/1132 1131/1131/1131 
f 1132/1132/1132 1133/1133/1133 1131/1131/1131 
f 1131/1131/1131 1133/1133/1133 1134/1134/1134 
f 1133/1133/1133 1134/1134/1134 1134/1134/1134 
f 1134/1134/1134 1134/1134/1134 1135/1135/1135 
f 1134/1134/1134 1135/1135/1135 1135/1135/1135 
f 1135/1135/1135 1135/1135/1135 1136/1136/1136 
f 1135/1135/1135 1137/1137/1137 1136/1136/1136 
f 1136/1136/1136 1137/1137/1137 1138/1138/1138 
f 1137/1137/1137 1138/1138/1138 1138/1138/1138 
f 1138/1138/1138 1138/1138/1138 1139/1139/1139 
f 1138/1138/1138 1139/1139/1139 1139/1139/1139 
f 1139/1139/1139 1139/1139/1139 1140/1140/1140 
f 1139/1139/1139 1141/1141/1141 1140/1140/1140 
f 1140/1140/1140 1141/1141/1141 1140/1140/1140 
f 1141/1141/1141 1142/1142/1142 1140/1140/1140 
f 1140/1140/1140 1142/1142/1142 1143/1143/1143 
f 1142/1142/1142 1144/1144/1144 1143/1143/1143 
f 1143/1143/1143 1144/1144/1144 1145/1145/1145 
f 1144/1144/1144 1146/1146/1146 1145/1145/1145 
f 1145/1145/1145 1146/1146/1146 1145/1145/1145 
f 1146/1146/1146 1147/1147/1147 1145/1145/1145 
f 1145/1145/1145 1147/1147/1147 1148/1148/1148 
f 1147/1147/1147 1148/1148/1148 1148/1148/1148 
f 1148/1148/1148 1148/1148/1148 1149/1149/1149 
f 1148/1148/1148 1149/1149/1149 1149/1149/1149 
f 1149/1149/1149 1149/1149/1149 1150/1150/1150 
f 1149/1149/1149 1151/1151/1151 1150/1150/1150 
f 1150/1150/1150 1151/1151/1151 1152/1152/1152 
f 1151/1151/1151 1152/1152/1152 1152/1152/1152 
f 1152/1152/1152 1152/1152/1152 1153/1153/1153 
f 1152/1152/1152 1153/1153/1153 1153/1153/1153 
f 1153/1153/1153 1153/1153/1153 1154/1154/1154 
f 1153/1153/1153 1155/1155/1155 1154/1154/1154 
f 1154/1154/1154 1155/1155/1155 1154/1154/1154 
f 1155/1155/1155 1156/1156/1156 1154/1154/1154 
f 1154/1154/1154 1156/1156/1156 1157/1157/1157 
f 1156/1156/1156 1158/1158/1158 1157/1157/1157 
f 1157/1157/1157 1158/1158/1158 1159/1159/1159 
f 1158/1158/1158 1160/1160/1160 1159/1159/1159 
f 1159/1159/1159 1160/1160/1160 1159/1159/1159 
f 1160/1160/1160 1161/1161/1161 1159/1159/1159 
f 1159/1159/1159 1161/1161/1161 1162/1162/1162 
f 1161/1161/1161 1162/1162/1162 1162/1162/1162 
f 1162/1162/1162 1162/1162/1162 1163/1163/1163 
f 1162/1162/1162 1163/1163/1163 1163/1163/1163 
f 1163/1163/1163 1163/1163/1163 1164/1164/1164 
f 1163/1163/1163 1165/1165/1165 1164/1164/1164 
f 1164/1164/1164 1165/1165/1165 1166/1166/1166 
f 1165/1165/1165 1166/1166/1166 1166/1166/1166 
f 1166/1166/1166 1166/1166/1166 1167/1167/1167 
f 1166/1166/1166 1167/1167/1167 1167/1167/1167 
f 1167/1167/1167 1167/1167/1167 1168/1168/1168 
f 1167/1167/1167 1169/1169/1169 1168/1168/1168 
f 1168/1168/1168 1169/1169/1169 1170/1170/1170 
f 1169/1169/1169 1171/1171/1171 1170/1170/1170 
f 1170/1170/1170 1171/1171/1171 1172/1172/1172 
f 1171/1171/1171 1173/1173/1173 1172/1172/1172 
f 1172/1172/1172 1173/1173/1173 1174/1174/1174 
f 1173/1173/1173 1175/1175/1175 1174/1174/1174 
f 1174/1174/1174 1175/1175/1175 1176/1176/1176 
f 1175/1175/1175 1177/1177/1177 1176/1176/1176 
f 1176/1176/1176 1177/1177/1177 1178/1178/1178 
f 1177/1177/1177 1179/1179/1179 1178/1178/1178 
f 1178/1178/1178 1179/1179/1179 1180/1180/1180 
f 1179/1179/1179 1181/1181/1181 1180/1180/1180 
f 1180/1180/1180 1181/1181/1181 1182/1182/1182 
f 1181/1181/1181 1183/1183/1183 1182/1182/1182 
f 1182/1182/1182 1183/1183/1183 1184/1184/1184 
f 1183/1183/1183 1185/1185/1185 1184/1184/1184 
f 1184/1184/1184 1185/1185/1185 1186/1186/1186 
f 1185/1185/1185 1187/1187/1187 1186/1186/1186 
f 1186/1186/1186 1187/1187/1187 1187/1187/1187 
f 1187/1187/1187 1168/1168/1168 1187/1187/1187 
f 1187/1187/1187 1168/1168/1168 1168/1168/1168 
f 1168/1168/1168 1188/1188/1188 1168/1168/1168 
f 1168/1168/1168 1188/1188/1188 1167/1167/1167 
f 1188/1188/1188 1188/1188/1188 1167/1167/1167 
f 1167/1167/1167 1188/1188/1188 1189/1189/1189 
f 1188/1188/1188 1190/1190/1190 1189/1189/1189 
f 1189/1189/1189 1190/1190/1190 1191/1191/1191 
f 1190/1190/1190 1192/1192/1192 1191/1191/1191 
f 1191/1191/1191 1192/1192/1192 1192/1192/1192 
f 1192/1192/1192 1193/1193/1193 1192/1192/1192 
f 1192/1192/1192 1193/1193/1193 1193/1193/1193 
f 1193/1193/1193 1194/1194/1194 1193/1193/1193 
f 1193/1193/1193 1194/1194/1194 1195/1195/1195 
f 1194/1194/1194 1194/1194/1194 1195/1195/1195 
f 1195/1195/1195 1194/1194/1194 1196/1196/1196 
f 1194/1194/1194 1197/1197/1197 1196/1196/1196 
f 1196/1196/1196 1197/1197/1197 1198/1198/1198 
f 1197/1197/1197 1199/1199/1199 1198/1198/1198 
f 1198/1198/1198 1199/1199/1199 1200/1200/1200 
f 1199/1199/1199 1201/1201/1201 1200/1200/1200 
f 1200/1200/1200 1201/1201/1201 1202/1202/1202 
f 1201/1201/1201 1202/1202/1202 1202/1202/1202 
f 1202/1202/1202 1202/1202/1202 1203/1203/1203 
f 1202/1202/1202 1203/1203/1203 1203/1203/1203 
f 1203/1203/1203 1203/1203/1203 1204/1204/1204 
f 1203/1203/1203 1205/1205/1205 1204/1204/1204 
f 1204/1204/1204 1205/1205/1205 1206/1206/1206 
f 1205/1205/1205 1207/1207/1207 1206/1206/1206 
f 1206/1206/1206 1207/1207/1207 1208/1208/1208 
f 1207/1207/1207 1207/1207/1207 1208/1208/1208 
f 1208/1208/1208 1207/1207/1207 1209/1209/1209 
f 1207/1207/1207 1210/1210/1210 1209/1209/1209 
f 1209/1209/1209 1210/1210/1210 1211/1211/1211 
f 1210/1210/1210 1212/1212/1212 1211/1211/1211 
f 1211/1211/1211 1212/1212/1212 1213/1213/1213 
f 1212/1212/1212 1214/1214/1214 1213/1213/1213 
f 1213/1213/1213 1214/1214/1214 1215/1215/1215 
f 1214/1214/1214 1216/1216/1216 1215/1215/1215 
f 1215/1215/1215 1216/1216/1216 1216/1216/1216 
f 1216/1216/1216 1217/1217/1217 1216/1216/1216 
f 1216/1216/1216 1217/1217/1217 1217/1217/1217 
f 1217/1217/1217 1218/1218/1218 1217/1217/1217 
f 1217/1217/1217 1218/1218/1218 1219/1219/1219 
f 1218/1218/1218 1220/1220/1220 1219/1219/1219 
f 1219/1219/1219 1220/1220/1220 1220/1220/1220 
f 1220/1220/1220 1221/1221/1221 1220/1220/1220 
f 1220/1220/1220 1221/1221/1221 1221/1221/1221 
f 1221/1221/1221 1222/1222/1222 1221/1221/1221 
f 1221/1221/1221 1222/1222/1222 1223/1223/1223 
f 1222/1222/1222 1224/1224/1224 1223/1223/1223 
f 1223/1223/1223 1224/1224/1224 1223/1223/1223 
f 1224/1224/1224 1225/1225/1225 1223/1223/1223 
f 1223/1223/1223 1225/1225/1225 1226/1226/1226 
f 1225/1225/1225 1225/1225/1225 1226/1226/1226 
f 1226/1226/1226 1225/1225/1225 1227/1227/1227 
f 1225/1225/1225 1228/1228/1228 1227/1227/1227 
f 1227/1227/1227 1228/1228/1228 1227/1227/1227 
f 1228/1228/1228 1229/1229/1229 1227/1227/1227 
f 1227/1227/1227 1229/1229/1229 1230/1230/1230 
f 1229/1229/1229 1231/1231/1231 1230/1230/1230 
f 1230/1230/1230 1231/1231/1231 1232/1232/1232 
f 1231/1231/1231 1232/1232/1232 1232/1232/1232 
f 1232/1232/1232 1232/1232/1232 1233/1233/1233 
f 1232/1232/1232 1233/1233/1233 1233/1233/1233 
f 1233/1233/1233 1233/1233/1233 1234/1234/1234 
f 1233/1233/1233 1235/1235/1235 1234/1234/1234 
f 1234/1234/1234 1235/1235/1235 1236/1236/1236 
f 1235/1235/1235 1236/1236/1236 1236/1236/1236 
f 1236/1236/1236 1236/1236/1236 1237/1237/1237 
f 1236/1236/1236 1237/1237/1237 1237/1237/1237 
f 1237/1237/1237 1237/1237/1237 1238/1238/1238 
f 1237/1237/1237 1239/1239/1239 1238/1238/1238 
f 1238/1238/1238 1239/1239/1239 1240/1240/1240 
f 1239/1239/1239 1240/1240/1240 1240/1240/1240 
f 1240/1240/1240 1240/1240/1240 1241/1241/1241 
f 1240/1240/1240 1241/1241/1241 1241/1241/1241 
f 1241/1241/1241 1241/1241/1241 1242/1242/1242 
f 1241/1241/1241 1243/1243/1243 1242/1242/1242 
f 1242/1242/1242 1243/1243/1243 1244/1244/1244 
f 1243/1243/1243 1244/1244/1244 1244/1244/1244 
f 1244/1244/1244 1244/1244/1244 1245/1245/1245 
f 1244/1244/1244 1245/1245/1245 1245/1245/1245 
f 1245/1245/1245 1245/1245/1245 1246/1246/1246 
f 1245/1245/1245 1247/1247/1247 1246/1246/1246 
f 1246/1246/1246 1247/1247/1247 1248/1248/1248 
f 1247/1247/1247 1248/1248/1248 1248/1248/1248 
f 1248/1248/1248 1248/1248/1248 1249/1249/1249 
f 1248/1248/1248 1249/1249/1249 1249/1249/1249 
f 1249/1249/1249 1249/1249/1249 1250/1250/1250 
f 1249/1249/1249 1251/1251/1251 1250/1250/1250 
f 1250/1250/1250 1251/1251/1251 1252/1252/1252 
f 1251/1251/1251 1252/1252/1252 1252/1252/1252 
f 1252/1252/1252 1252/1252/1252 1253/1253/1253 
f 1252/1252/1252 1253/1253/1253 1253/1253/1253 
f 1253/1253/1253 1253/1253/1253 1254/1254/1254 
f 1253/1253/1253 1255/1255/1255 1254/1254/1254 
f 1254/1254/1254 1255/1255/1255 1256/1256/1256 
f 1255/1255/1255 1257/1257/1257 1256/1256/1256 
f 1256/1256/1256 1257/1257/1257 1258/1258/1258 
f 1257/1257/1257 1258/1258/1258 1258/1258/1258 
f 1258/1258/1258 1258/1258/1258 1259/1259/1259 
f 1258/1258/1258 1259/1259/1259 1259/1259/1259 
f 1259/1259/1259 1259/1259/1259 1260/1260/1260 
f 1259/1259/1259 1261/1261/1261 1260/1260/1260 
f 1260/1260/1260 1261/1261/1261 1262/1262/1262 
f 1261/1261/1261 1262/1262/1262 1262/1262/1262 
f 1262/1262/1262 1262/1262/1262 1263/1263/1263 
f 1262/1262/1262 1263/1263/1263 1263/1263/1263 
f 1263/1263/1263 1263/1263/1263 1264/1264/1264 
f 1263/1263/1263 1265/1265/1265 1264/1264/1264 
f 1264/1264/1264 1265/1265/1265 1266/1266/1266 
f 1265/1265/1265 1266/1266/1266 1266/1266/1266 
f 1266/1266/1266 1266/1266/1266 1267/1267/1267 
f 1266/1266/1266 1267/1267/1267 1267/1267/1267 
f 1267/1267/1267 1267/1267/1267 1268/1268/1268 
f 1267/1267/1267 1269/1269/1269 1268/1268/1268 
f 1268/1268/1268 1269/1269/1269 1270/1270/1270 
f 1269/1269/1269 1270/1270/1270 1270/1270/1270 
f 1270/1270/1270 1270/1270/1270 1271/1271/1271 
f 1270/1270/1270 1271/1271/1271 1271/1271/1271 
f 1271/1271/1271 1271/1271/1271 1272/1272/1272 
f 1271/1271/1271 1273/1273/1273 1272/1272/1272 
f 1272/1272/1272 1273/1273/1273 1274/1274/1274 
f 1273/1273/1273 1274/1274/1274 1274/1274/1274 
f 1274/1274/1274 1274/1274/1274 1275/1275/1275 
f 1274/1274/1274 1275/1275/1275 1275/1275/1275 
f 1275/1275/1275 1275/1275/1275 1276/1276/1276 
f 1275/1275/1275 1277/1277/1277 1276/1276/1276 
f 1276/1276/1276 1277/1277/1277 1278/1278/1278 
f 1277/1277/1277 1278/1278/1278 1278/1278/1278 
f 1278/1278/1278 1278/1278/1278 1279/1279/1279 
f 1278/1278/1278 1279/1279/1279 1279/1279/1279 
f 1279/1279/1279 1279/1279/1279 1280/1280/1280 
f 1279/1279/1279 1281/1281/1281 1280/1280/1280 
f 1280/1280/1280 1281/1281/1281 1282/1282/1282 
f 1281/1281/1281 1282/1282/1282 1282/1282/1282 
f 1282/1282/1282 1282/1282/1282 1283/1283/1283 
f 1282/1282/1282 1283/1283/1283 1283/1283/1283 
f 1283/1283/1283 1283/1283/1283 1284/1284/1284 
f 1283/1283/1283 1285/1285/1285 1284/1284/1284 
f 1284/1284/1284 1285/1285/1285 1286/1286/1286 
f 1285/1285/1285 1286/1286/1286 1286/1286/1286 
f 1286/1286/1286 1286/1286/1286 1287/1287/1287 
f 1286/1286/1286 1287/1287/1287 1287/1287/1287 
f 1287/1287/1287 1287/1287/1287 1288/1288/1288 
f 1287/1287/1287 1289/1289/1289 1288/1288/1288 
f 1288/1288/1288 1289/1289/1289 1290/1290/1290 
f 1289/1289/1289 1290/1290/1290 1290/1290/1290 
f 1290/1290/1290 1290/1290/1290 1291/1291/1291 
f 1290/1290/1290 1291/1291/1291 1291/1291/1291 
f 1291/1291/1291 1291/1291/1291 1292/1292/1292 
f 1291/1291/1291 1293/1293/1293 1292/1292/1292 
f 1292/1292/1292 1293/1293/1293 1294/1294/1294 
f 1293/1293/1293 1294/1294/1294 1294/1294/1294 
f 1294/1294/1294 1294/1294/1294 1295/1295/1295 
f 1294/1294/1294 1295/1295/1295 1295/1295/1295 
f 1295/1295/1295 1295/1295/1295 1296/1296/1296 
f 1295/1295/1295 1297/1297/1297 1296/1296/1296 
f 1296/1296/1296 1297/1297/1297 1298/1298/1298 
f 1297/1297/1297 1298/1298/1298 1298/1298/1298 
f 1298/1298/1298 1298/1298/1298 1299/1299/1299 
f 1298/1298/1298 1299/1299/1299 1299/1299/1299 
f 1299/1299/1299 1299/1299/1299 1300/1300/1300 
f 1299/1299/1299 1301/1301/1301 1300/1300/1300 
f 1300/1300/1300 1301/1301/1301 1302/1302/1302 
f 1301/1301/1301 1302/1302/1302 1302/1302/1302 
f 1302/1302/1302 1302/1302/1302 1303/1303/1303 
f 1302/1302/1302 1303/1303/1303 1303/1303/1303 
f 1303/1303/1303 1303/1303/1303 1304/1304/1304 
f 1303/1303/1303 1305/1305/1305 1304/1304/1304 
f 1304/1304/1304 1305/1305/1305 1306/1306/1306 
f 1305/1305/1305 1306/1306/1306 1306/1306/1306 
f 1306/1306/1306 1306/1306/1306 1307/1307/1307 
f 1306/1306/1306 1307/1307/1307 1307/1307/1307 
f 1307/1307/1307 1307/1307/1307 1308/1308/1308 
f 1307/1307/1307 1309/1309/1309 1308/1308/1308 
f 1308/1308/1308 1309/1309/1309 1310/1310/1310 
f 1309/1309/1309 1310/1310/1310 1310/1310/1310 
f 1310/1310/1310 1310/1310/1310 1311/1311/1311 
f 1310/1310/1310 1311/1311/1311 1311/1311/1311 
f 1311/1311/1311 1311/1311/1311 1312/1312/1312 
f 1311/1311/1311 1313/1313/1313 1312/1312/1312 
f 1312/1312/1312 1313/1313/1313 1314/1314/1314 
f 1313/1313/1313 1314/1314/1314 1314/1314/1314 
f 1314/1314/1314 1314/1314/1314 1315/1315/1315 
f 1314/1314/1314 1315/1315/1315 1315/1315/1315 
f 1315/1315/1315 1315/1315/1315 1316/1316/1316 
f 1315/1315/1315 1317/1317/1317 1316/1316/1316 
f 1316/1316/1316 1317/1317/1317 1318/1318/1318 
f 1317/1317/1317 1318/1318/1318 1318/1318/1318 
f 1318/1318/1318 1318/1318/1318 1319/1319/1319 
f 1318/1318/1318 1319/1319/1319 1319/1319/1319 
f 1319/1319/1319 1319/1319/1319 1320/1320/1320 
f 1319/1319/1319 1321/1321/1321 1320/1320/1320 
f 1320/1320/1320 1321/1321/1321 1322/1322/1322 
f 1321/1321/1321 1322/1322/1322 1322/1322/1322 
f 1322/1322/1322 1322/1322/1322 1323/1323/1323 
f 1322/1322/1322 1323/1323/1323 1323/1323/1323 
f 1323/1323/1323 1323/1323/1323 1324/1324/1324 
f 1323/1323/1323 1325/1325/1325 1324/1324/1324 
f 1324/1324/1324 1325/1325/1325 1326/1326/1326 
f 1325/1325/1325 1326/1326/1326 1326/1326/1326 
f 1326/1326/1326 1326/1326/1326 1327/1327/1327 
f 1326/1326/1326 1327/1327/1327 1327/1327/1327 
f 1327/1327/1327 1327/1327/1327 1328/1328/1328 
f 1327/1327/1327 1329/1329/1329 1328/1328/1328 
f 1328/1328/1328 1329/1329/1329 1330/1330/1330 
f 1329/1329/1329 1330/1330/1330 1330/1330/1330 
f 1330/1330/1330 1330/1330/1330 1331/1331/1331 
f 1330/1330/1330 1331/1331/1331 1331/1331/1331 
f 1331/1331/1331 1331/1331/1331 1332/1332/1332 
f 1331/1331/1331 1333/1333/1333 1332/1332/1332 
f 1332/1332/1332 1333/1333/1333 1334/1334/1334 
f 1333/1333/1333 1334/1334/1334 1334/1334/1334 
f 1334/1334/1334 1334/1334/1334 1335/1335/1335 
f 1334/1334/1334 1335/1335/1335 1335/1335/1335 
f 1335/1335/1335 1335/1335/1335 1336/1336/1336 
f 1335/1335/1335 1337/1337/1337 1336/1336/1336 
f 1336/1336/1336 1337/1337/1337 1338/1338/1338 
f 1337/1337/1337 1338/1338/1338 1338/1338/1338 
f 1338/1338/1338 1338/1338/1338 1339/1339/1339 
f 1338/1338/1338 1339/1339/1339 1339/1339/1339 
f 1339/1339/1339 1339/1339/1339 1340/1340/1340 
f 1339/1339/1339 1341/1341/1341 1340/1340/1340 
f 1340/1340/1340 1341/1341/1341 1342/1342/1342 
f 1341/1341/1341 1342/1342/1342 1342/1342/1342 
f 1342/1342/1342 1342/1342/1342 1343/1343/1343 
f 1342/1342/1342 1343/1343/1343 1343/1343/1343 
f 1343/1343/1343 1343/1343/1343 1344/1344/1344 
f 1343/1343/1343 1345/1345/1345 1344/1344/1344 
f 1344/1344/1344 1345/1345/1345 1346/1346/1346 
f 1345/1345/1345 1346/1346/1346 1346/1346/1346 
f 1346/1346/1346 1346/1346/1346 1347/1347/1347 
f 1346/1346/1346 1347/1347/1347 1347/1347/1347 
f 1347/1347/1347 1347/1347/1347 1348/1348/1348 
f 1347/1347/1347 1349/1349/1349 1348/1348/1348 
f 1348/1348/1348 1349/1349/1349 1350/1350/1350 
f 1349/1349/1349 1351/1351/1351 1350/1350/1350 
f 1350/1350/1350 1351/1351/1351 1352/1352/1352 
f 1351/1351/1351 1353/1353/1353 1352/1352/1352 
f 1352/1352/1352 1353/1353/1353 1354/1354/1354 
f 1353/1353/1353 1355/1355/1355 1354/1354/1354 
f 1354/1354/1354 1355/1355/1355 1356/1356/1356 
f 1355/1355/1355 1356/1356/1356 1356/1356/1356 
f 1356/1356/1356 1356/1356/1356 1357/1357/1357 
f 1356/1356/1356 1357/1357/1357 1357/1357/1357 
f 1357/1357/1357 1357/1357/1357 1358/1358/1358 
f 1357/1357/1357 1359/1359/1359 1358/1358/1358 
f 1358/1358/1358 1359/1359/1359 1360/1360/1360 
f 1359/1359/1359 1361/1361/1361 1360/1360/1360 
f 1360/1360/1360 1361/1361/1361 1362/1362/1362 
f 1361/1361/1361 1361/1361/1361 1362/1362/1362 
f 1362/1362/1362 1361/1361/1361 1363/1363/1363 
f 1361/1361/1361 1364/1364/1364 1363/1363/1363 
f 1363/1363/1363 1364/1364/1364 1365/1365/1365 
f 1364/1364/1364 1366/1366/1366 1365/1365/1365 
f 1365/1365/1365 1366/1366/1366 1367/1367/1367 
f 1366/1366/1366 1368/1368/1368 1367/1367/1367 
f 1367/1367/1367 1368/1368/1368 1369/1369/1369 
f 1368/1368/1368 1370/1370/1370 1369/1369/1369 
f 1369/1369/1369 1370/1370/1370 1370/1370/1370 
f 1370/1370/1370 1371/1371/1371 1370/1370/1370 
f 1370/1370/1370 1371/1371/1371 1371/1371/1371 
f 1371/1371/1371 1372/1372/1372 1371/1371/1371 
f 1371/1371/1371 1372/1372/1372 1373/1373/1373 
f 1372/1372/1372 1374/1374/1374 1373/1373/1373 
f 1373/1373/1373 1374/1374/1374 1374/1374/1374 
f 1374/1374/1374 1375/1375/1375 1374/1374/1374 
f 1374/1374/1374 1375/1375/1375 1375/1375/1375 
f 1375/1375/1375 1376/1376/1376 1375/1375/1375 
f 1375/1375/1375 1376/1376/1376 1377/1377/1377 
f 1376/1376/1376 1378/1378/1378 1377/1377/1377 
f 1377/1377/1377 1378/1378/1378 1377/1377/1377 
f 1378/1378/1378 1379/1379/1379 1377/1377/1377 
f 1377/1377/1377 1379/1379/1379 1380/1380/1380 
f 1379/1379/1379 1379/1379/1379 1380/1380/1380 
f 1380/1380/1380 1379/1379/1379 1381/1381/1381 
f 1379/1379/1379 1382/1382/1382 1381/1381/1381 
f 1381/1381/1381 1382/1382/1382 1381/1381/1381 
f 1382/1382/1382 1383/1383/1383 1381/1381/1381 
f 1381/1381/1381 1383/1383/1383 1384/1384/1384 
f 1383/1383/1383 1385/1385/1385 1384/1384/1384 
f 1384/1384/1384 1385/1385/1385 1386/1386/1386 
f 1385/1385/1385 1386/1386/1386 1386/1386/1386 
f 1386/1386/1386 1386/1386/1386 1387/1387/1387 
f 1386/1386/1386 1387/1387/1387 1387/1387/1387 
f 1387/1387/1387 1387/1387/1387 1388/1388/1388 
f 1387/1387/1387 1389/1389/1389 1388/1388/1388 
f 1388/1388/1388 1389/1389/1389 1390/1390/1390 
f 1389/1389/1389 1390/1390/1390 1390/1390/1390 
f 1390/1390/1390 1390/1390/1390 1391/1391/1391 
f 1390/1390/1390 1391/1391/1391 1391/1391/1391 
f 1391/1391/1391 1391/1391/1391 1392/1392/1392 
f 1391/1391/1391 1393/1393/1393 1392/1392/1392 
f 1392/1392/1392 1393/1393/1393 1394/1394/1394 
f 1393/1393/1393 1394/1394/1394 1394/1394/1394 
f 1394/1394/1394 1394/1394/1394 1395/1395/1395 
f 1394/1394/1394 1395/1395/1395 1395/1395/1395 
f 1395/1395/1395 1395/1395/1395 1396/1396/1396 
f 1395/1395/1395 1397/1397/1397 1396/1396/1396 
f 1396/1396/1396 1397/1397/1397 1398/1398/1398 
f 1397/1397/1397 1398/1398/1398 1398/1398/1398 
f 1398/1398/1398 1398/1398/1398 1399/1399/1399 
f 1398/1398/1398 1399/1399/1399 1399/1399/1399 
f 1399/1399/1399 1399/1399/1399 1400/1400/1400 
f 1399/1399/1399 1401/1401/1401 1400/1400/1400 
f 1400/1400/1400 1401/1401/1401 1402/1402/1402 
f 1401/1401/1401 1402/1402/1402 1402/1402/1402 
f 1402/1402/1402 1402/1402/1402 1403/1403/1403 
f 1402/1402/1402 1403/1403/1403 1403/1403/1403 
f 1403/1403/1403 1403/1403/1403 1404/1404/1404 
f 1403/1403/1403 1405/1405/1405 1404/1404/1404 
f 1404/1404/1404 1405/1405/1405 1406/1406/1406 
f 1405/1405/1405 1406/1406/1406 1406/1406/1406 
f 1406/1406/1406 1406/1406/1406 1407/1407/1407 
f 1406/1406/1406 1407/1407/1407 1407/1407/1407 
f 1407/1407/1407 1407/1407/1407 1408/1408/1408 
f 1407/1407/1407 1409/1409/1409 1408/1408/1408 
f 1408/1408/1408 1409/1409/1409 1410/1410/1410 
f 1409/1409/1409 1411/1411/1411 1410/1410/1410 
f 1410/1410/1410 1411/1411/1411 1412/1412/1412 
f 1411/1411/1411 1412/1412/1412 1412/1412/1412 
f 1412/1412/1412 1412/1412/1412 1413/1413/1413 
f 1412/1412/1412 1413/1413/1413 1413/1413/1413 
f 1413/1413/1413 1413/1413/1413 1414/1414/1414 
f 1413/1413/1413 1415/1415/1415 1414/1414/1414 
f 1414/1414/1414 1415/1415/1415 1416/1416/1416 
f 1415/1415/1415 1416/1416/1416 1416/1416/1416 
f 1416/1416/1416 1416/1416/1416 1417/1417/1417 
f 1416/1416/1416 1417/1417/1417 1417/1417/1417 
f 1417/1417/1417 1417/1417/1417 1418/1418/1418 
f 1417/1417/1417 1419/1419/1419 1418/1418/1418 
f 1418/1418/1418 1419/1419/1419 1420/1420/1420 
f 1419/1419/1419 1420/1420/1420 1420/1420/1420 
f 1420/1420/1420 1420/1420/1420 1421/1421/1421 
f 1420/1420/1420 1421/1421/1421 1421/1421/1421 
f 1421/1421/1421 1421/1421/1421 1422/1422/1422 
f 1421/1421/1421 1423/1423/1423 1422/1422/1422 
f 1422/1422/1422 1423/1423/1423 1424/1424/1424 
f 1423/1423/1423 1424/1424/1424 1424/1424/1424 
f 1424/1424/1424 1424/1424/1424 1425/1425/1425 
f 1424/1424/1424 1425/1425/1425 1425/1425/1425 
f 1425/1425/1425 1425/1425/1425 1426/1426/1426 
f 1425/1425/1425 1427/1427/1427 1426/1426/1426 
f 1426/1426/1426 1427/1427/1427 1428/1428/1428 
f 1427/1427/1427 1428/1428/1428 1428/1428/1428 
f 1428/1428/1428 1428/1428/1428 1429/1429/1429 
f 1428/1428/1428 1429/1429/1429 1429/1429/1429 
f 1429/1429/1429 1429/1429/1429 1430/1430/1430 
f 1429/1429/1429 1431/1431/1431 1430/1430/1430 
f 1430/1430/1430 1431/1431/1431 1432/1432/1432 
f 1431/1431/1431 1432/1432/1432 1432/1432/1432 
f 1432/1432/1432 1432/1432/1432 1433/1433/1433 
f 1432/1432/1432 1433/1433/1433 1433/1433/1433 
f 1433/1433/1433 1433/1433/1433 1434/1434/1434 
f 1433/1433/1433 1435/1435/1435 1434/1434/1434 
f 1434/1434/1434 1435/1435/1435 1436/1436/1436 
f 1435/1435/1435 1436/1436/1436 1436/1436/1436 
f 1436/1436/1436 1436/1436/1436 1437/1437/1437 
f 1436/1436/1436 1437/1437/1437 1437/1437/1437 
f 1437/1437/1437 1437/1437/1437 1438/1438/1438 
f 1437/1437/1437 1439/1439/1439 1438/1438/1438 
f 1438/1438/1438 1439/1439/1439 1440/1440/1440 
f 1439/1439/1439 1440/1440/1440 1440/1440/1440 
f 1440/1440/1440 1440/1440/1440 1441/1441/1441 
f 1440/1440/1440 1441/1441/1441 1441/1441/1441 
f 1441/1441/1441 1441/1441/1441 1442/1442/1442 
f 1441/1441/1441 1443/1443/1443 1442/1442/1442 
f 1442/1442/1442 1443/1443/1443 1444/1444/1444 
f 1443/1443/1443 1444/1444/1444 1444/1444/1444 
f 1444/1444/1444 1444/1444/1444 1445/1445/1445 
f 1444/1444/1444 1445/1445/1445 1445/1445/1445 
f 1445/1445/1445 1445/1445/1445 1446/1446/1446 
f 1445/1445/1445 1447/1447/1447 1446/1446/1446 
f 1446/1446/1446 1447/1447/1447 1448/1448/1448 
f 1447/1447/1447 1448/1448/1448 1448/1448/1448 
f 1448/1448/1448 1448/1448/1448 1449/1449/1449 
f 1448/1448/1448 1449/1449/1449 1449/1449/1449 
f 1449/1449/1449 1449/1449/1449 1450/1450/1450 
f 1449/1449/1449 1451/1451/1451 1450/1450/1450 
f 1450/1450/1450 1451/1451/1451 1452/1452/1452 
f 1451/1451/1451 1452/1452/1452 1452/1452/1452 
f 1452/1452/1452 1452/1452/1452 1453/1453/1453 
f 1452/1452/1452 1453/1453/1453 1453/1453/1453 
f 1453/1453/1453 1453/1453/1453 1454/1454/1454 
f 1453/1453/1453 1455/1455/1455 1454/1454/1454 
f 1454/1454/1454 1455/1455/1455 1456/1456/1456 
f 1455/1455/1455 1456/1456/1456 1456/1456/1456 
f 1456/1456/1456 1456/1456/1456 1457/1457/1457 
f 1456/1456/1456 1457/1457/1457 1457/1457/1457 
f 1457/1457/1457 1457/1457/1457 1458/1458/1458 
f 1457/1457/1457 1459/1459/1459 1458/1458/1458 
f 1458/1458/1458 1459/1459/1459 1460/1460/1460 
f 1459/1459/1459 1460/1460/1460 1460/1460/1460 
f 1460/1460/1460 1460/1460/1460 1461/1461/1461 
f 1460/1460/1460 1461/1461/1461 1461/1461/1461 
f 1461/1461/1461 1461/1461/1461 1462/1462/1462 
f 1461/1461/1461 1463/1463/1463 1462/1462/1462 
f 1462/1462/1462 1463/1463/1463 1464/1464/1464 
f 1463/1463/1463 1464/1464/1464 1464/1464/1464 
f 1464/1464/1464 1464/1464/1464 1465/1465/1465 
f 1464/1464/1464 1465/1465/1465 1465/1465/1465 
f 1465/1465/1465 1465/1465/1465 1466/1466/1466 
f 1465/1465/1465 1467/1467/1467 1466/1466/1466 
f 1466/1466/1466 1467/1467/1467 1468/1468/1468 
f 1467/1467/1467 1468/1468/1468 1468/1468/1468 
f 1468/1468/1468 1468/1468/1468 1469/1469/1469 
f 1468/1468/1468 1469/1469/1469 1469/1469/1469 
f 1469/1469/1469 1469/1469/1469 1470/1470/1470 
f 1469/1469/1469 1471/1471/1471 1470/1470/1470 
f 1470/1470/1470 1471/1471/1471 1472/1472/1472 
f 1471/1471/1471 1472/1472/1472 1472/1472/1472 
f 1472/1472/1472 1472/1472/1472 1473/1473/1473 
f 1472/1472/1472 1473/1473/1473 1473/1473/1473 
f 1473/1473/1473 1473/1473/1473 1474/1474/1474 
f 1473/1473/1473 1475/1475/1475 1474/1474/1474 
f 1474/1474/1474 1475/1475/1475 1476/1476/1476 
f 1475/1475/1475 1476/1476/1476 1476/1476/1476 
f 1476/1476/1476 1476/1476/1476 1477/1477/1477 
f 1476/1476/1476 1477/1477/1477 1477/1477/1477 
f 1477/1477/1477 1477/1477/1477 1478/1478/1478 
f 1477/1477/1477 1479/1479/1479 1478/1478/1478 
f 1478/1478/1478 1479/1479/1479 1480/1480/1480 
f 1479/1479/1479 1480/1480/1480 1480/1480/1480 
f 1480/1480/1480 1480/1480/1480 1481/1481/1481 
f 1480/1480/1480 1481/1481/1481 1481/1481/1481 
f 1481/1481/1481 1481/1481/1481 1482/1482/1482 
f 1481/1481/1481 1483/1483/1483 1482/1482/1482 
f 1482/1482/1482 1483/1483/1483 1484/1484/1484 
f 1483/1483/1483 1484/1484/1484 1484/1484/1484 
f 1484/1484/1484 1484/1484/1484 1485/1485/1485 
f 1484/1484/1484 1485/1485/1485 1485/1485/1485 
f 1485/1485/1485 1485/1485/1485 1486/1486/1486 
f 1485/1485/1485 1487/1487/1487 1486/1486/1486 
f 1486/1486/1486 1487/1487/1487 1488/1488/1488 
f 1487/1487/1487 1488/1488/1488 1488/1488/1488 
f 1488/1488/1488 1488/1488/1488 1489/1489/1489 
f 1488/1488/1488 1489/1489/1489 1489/1489/1489 
f 1489/1489/1489 1489/1489/1489 1490/1490/1490 
f 1489/1489/1489 1491/1491/1491 1490/1490/1490 
f 1490/1490/1490 1491/1491/1491 1492/1492/1492 
f 1491/1491/1491 1492/1492/1492 1492/1492/1492 
f 1492/1492/1492 1492/1492/1492 1493/1493/1493 
f 1492/1492/1492 1493/1493/1493 1493/1493/1493 
f 1493/1493/1493 1493/1493/1493 1494/1494/1494 
f 1493/1493/1493 1495/1495/1495 1494/1494/1494 
f 1494/1494/1494 1495/1495/1495 1496/1496/1496 
f 1495/1495/1495 1496/1496/1496 1496/1496/1496 
f 1496/1496/1496 1496/1496/1496 1497/1497/1497 
f 1496/1496/1496 1497/1497/1497 1497/1497/1497 
f 1497/1497/1497 1497/1497/1497 1498/1498/1498 
f 1497/1497/1497 1499/1499/1499 1498/1498/1498 
f 1498/1498/1498 1499/1499/1499 1500/1500/1500 
f 1499/1499/1499 1500/1500/1500 1500/1500/1500 
f 1500/1500/1500 1500/1500/1500 1501/1501/1501 
f 1500/1500/1500 1501/1501/1501 1501/1501/1501 
f 1501/1501/1501 1501/1501/1501 1502/1502/1502 
f 1501/1501/1501 1503/1503/1503 1502/1502/1502 
f 1502/1502/1502 1503/1503/1503 1504/1504/1504 
f 1503/1503/1503 1505/1505/1505 1504/1504/1504 
f 1504/1504/1504 1505/1505/1505 1506/1506/1506 
f 1505/1505/1505 1507/1507/1507 1506/1506/1506 
f 1506/1506/1506 1507/1507/1507 1508/1508/1508 
f 1507/1507/1507 1509/1509/1509 1508/1508/1508 
f 1508/1508/1508 1509/1509/1509 1510/1510/1510 
f 1509/1509/1509 1510/1510/1510 1510/1510/1510 
f 1510/1510/1510 1510/1510/1510 1511/1511/1511 
f 1510/1510/1510 1511/1511/1511 1511/1511/1511 
f 1511/1511/1511 1511/1511/1511 1512/1512/1512 
f 1511/1511/1511 1513/1513/1513 1512/1512/1512 
f 1512/1512/1512 1513/1513/1513 1514/1514/1514 
f 1513/1513/1513 1515/1515/1515 1514/1514/1514 
f 1514/1514/1514 1515/1515/1515 1516/1516/1516 
f 1515/1515/1515 1515/1515/1515 1516/1516/1516 
f 1516/1516/1516 1515/1515/1515 1517/1517/1517 
f 1515/1515/1515 1518/1518/1518 1517/1517/1517 
f 1517/1517/1517 1518/1518/1518 1519/1519/1519 
f 1518/1518/1518 1520/1520/1520 1519/1519/1519 
f 1519/1519/1519 1520/1520/1520 1521/1521/1521 
f 1520/1520/1520 1522/1522/1522 1521/1521/1521 
f 1521/1521/1521 1522/1522/1522 1523/1523/1523 
f 1522/1522/1522 1524/1524/1524 1523/1523/1523 
f 1523/1523/1523 1524/1524/1524 1524/1524/1524 
f 1524/1524/1524 1525/1525/1525 1524/1524/1524 
f 1524/1524/1524 1525/1525/1525 1525/1525/1525 
f 1525/1525/1525 1526/1526/1526 1525/1525/1525 
f 1525/1525/1525 1526/1526/1526 1527/1527/1527 
f 1526/1526/1526 1528/1528/1528 1527/1527/1527 
f 1527/1527/1527 1528/1528/1528 1528/1528/1528 
f 1528/1528/1528 1529/1529/1529 1528/1528/1528 
f 1528/1528/1528 1529/1529/1529 1529/1529/1529 
f 1529/1529/1529 1530/1530/1530 1529/1529/1529 
f 1529/1529/1529 1530/1530/1530 1531/1531/1531 
f 1530/1530/1530 1532/1532/1532 1531/1531/1531 
f 1531/1531/1531 1532/1532/1532 1531/1531/1531 
f 1532/1532/1532 1533/1533/1533 1531/1531/1531 
f 1531/1531/1531 1533/1533/1533 1534/1534/1534 
f 1533/1533/1533 1533/1533/1533 1534/1534/1534 
f 1534/1534/1534 1533/1533/1533 1535/1535/1535 
f 1533/1533/1533 1536/1536/1536 1535/1535/1535 
f 1535/1535/1535 1536/1536/1536 1535/1535/1535 
f 1536/1536/1536 1537/1537/1537 1535/1535/1535 
f 1535/1535/1535 1537/1537/1537 1538/1538/1538 
f 1537/1537/1537 1539/1539/1539 1538/1538/1538 
f 1538/1538/1538 1539/1539/1539 1540/1540/1540 
f 1539/1539/1539 1540/1540/1540 1540/1540/1540 
f 1540/1540/1540 1540/1540/1540 1541/1541/1541 
f 1540/1540/1540 1541/1541/1541 1541/1541/1541 
f 1541/1541/1541 1541/1541/1541 1542/1542/1542 
f 1541/1541/1541 1543/1543/1543 1542/1542/1542 
f 1542/1542/1542 1543/1543/1543 1544/1544/1544 
f 1543/1543/1543 1544/1544/1544 1544/1544/1544 
f 1544/1544/1544 1544/1544/1544 1545/1545/1545 
f 1544/1544/1544 1545/1545/1545 1545/1545/1545 
f 1545/1545/1545 1545/1545/1545 1546/1546/1546 
f 1545/1545/1545 1547/1547/1547 1546/1546/1546 
f 1546/1546/1546 1547/1547/1547 1548/1548/1548 
f 1547/1547/1547 1548/1548/1548 1548/1548/1548 
f 1548/1548/1548 1548/1548/1548 1549/1549/1549 
f 1548/1548/1548 1549/1549/1549 1549/1549/1549 
f 1549/1549/1549 1549/1549/1549 1550/1550/1550 
f 1549/1549/1549 1551/1551/1551 1550/1550/1550 
f 1550/1550/1550 1551/1551/1551 1552/1552/1552 
f 1551/1551/1551 1552/1552/1552 1552/1552/1552 
f 1552/1552/1552 1552/1552/1552 1553/1553/1553 
f 1552/1552/1552 1553/1553/1553 1553/1553/1553 
f 1553/1553/1553 1553/1553/1553 1554/1554/1554 
f 1553/1553/1553 1555/1555/1555 1554/1554/1554 
f 1554/1554/1554 1555/1555/1555 1556/1556/1556 
f 1555/1555/1555 1556/1556/1556 1556/1556/1556 
f 1556/1556/1556 1556/1556/1556 1557/1557/1557 
f 1556/1556/1556 1557/1557/1557 1557/1557/1557 
f 1557/1557/1557 1557/1557/1557 1558/1558/1558 
f 1557/1557/1557 1559/1559/1559 1558/1558/1558 
f 1558/1558/1558 1559/1559/1559 1560/1560/1560 
f 1559/1559/1559 1560/1560/1560 1560/1560/1560 
f 1560/1560/1560 1560/1560/1560 1561/1561/1561 
f 1560/1560/1560 1561/1561/1561 1561/1561/1561 
f 1561/1561/1561 1561/1561/1561 1562/1562/1562 
f 1561/1561/1561 1563/1563/1563 1562/1562/1562 
f 1562/1562/1562 1563/1563/1563 1564/1564/1564 
f 1563/1563/1563 1565/1565/1565 1564/1564/1564 
f 1564/1564/1564 1565/1565/1565 1566/1566/1566 
f 1565/1565/1565 1566/1566/1566 1566/1566/1566 
f 1566/1566/1566 1566/1566/1566 1567/1567/1567 
f 1566/1566/1566 1567/1567/1567 1567/1567/1567 
f 1567/1567/1567 1567/1567/1567 1568/1568/1568 
f 1567/1567/1567 1569/1569/1569 1568/1568/1568 
f 1568/1568/1568 1569/1569/1569 1570/1570/1570 
f 1569/1569/1569 1570/1570/1570 1570/1570/1570 
f 1570/1570/1570 1570/1570/1570 1571/1571/1571 
f 1570/1570/1570 1571/1571/1571 1571/1571/1571 
f 1571/1571/1571 1571/1571/1571 1572/1572/1572 
f 1571/1571/1571 1573/1573/1573 1572/1572/1572 
f 1572/1572/1572 1573/1573/1573 1574/1574/1574 
f 1573/1573/1573 1574/1574/1574 1574/1574/1574 
f 1574/1574/1574 1574/1574/1574 1575/1575/1575 
f 1574/1574/1574 1575/1575/1575 1575/1575/1575 
f 1575/1575/1575 1575/1575/1575 1576/1576/1576 
f 1575/1575/1575 1577/1577/1577 1576/1576/1576 
f 1576/1576/1576 1577/1577/1577 1578/1578/1578 
f 1577/1577/1577 1578/1578/1578 1578/1578/1578 
f 1578/1578/1578 1578/1578/1578 1579/1579/1579 
f 1578/1578/1578 1579/1579/1579 1579/1579/1579 
f 1579/1579/1579 1579/1579/1579 1580/1580/1580 
f 1579/1579/1579 1581/1581/1581 1580/1580/1580 
f 1580/1580/1580 1581/1581/1581 1582/1582/1582 
f 1581/1581/1581 1582/1582/1582 1582/1582/1582 
f 1582/1582/1582 1582/1582/1582 1583/1583/1583 
f 1582/1582/1582 1583/1583/1583 1583/1583/1583 
f 1583/1583/1583 1583/1583/1583 1584/1584/1584 
f 1583/1583/1583 1585/1585/1585 1584/1584/1584 
f 1584/1584/1584 1585/1585/1585 1586/1586/1586 
f 1585/1585/1585 1586/1586/1586 1586/1586/1586 
f 1586/1586/1586 1586/1586/1586 1587/1587/1587 
f 1586/1586/1586 1587/1587/1587 1587/1587/1587 
f 1587/1587/1587 1587/1587/1587 1588/1588/1588 
f 1587/1587/1587 1589/1589/1589 1588/1588/1588 
f 1588/1588/1588 1589/1589/1589 1590/1590/1590 
f 1589/1589/1589 1590/1590/1590 1590/1590/1590 
f 1590/1590/1590 1590/1590/1590 1591/1591/1591 
f 1590/1590/1590 1591/1591/1591 1591/1591/1591 
f 1591/1591/1591 1591/1591/1591 1592/1592/1592 
f 1591/1591/1591 1593/1593/1593 1592/1592/1592 
f 1592/1592/1592 1593/1593/1593 1594/1594/1594 
f 1593/1593/1593 1594/1594/1594 1594/1594/1594 
f 1594/1594/1594 1594/1594/1594 1595/1595/1595 
f 1594/1594/1594 1595/1595/1595 1595/1595/1595 
f 1595/1595/1595 1595/1595/1595 1596/1596/1596 
f 1595/1595/1595 1597/1597/1597 1596/1596/1596 
f 1596/1596/1596 1597/1597/1597 1598/1598/1598 
f 1597/1597/1597 1598/1598/1598 1598/1598/1598 
f 1598/1598/1598 1598/1598/1598 1599/1599/1599 
f 1598/1598/1598 1599/1599/1599 1599/1599/1599 
f 1599/1599/1599 1599/1599/1599 1600/1600/1600 
f 1599/1599/1599 1601/1601/1601 1600/1600/1600 
f 1600/1600/1600 1601/1601/1601 1602/1602/1602 
f 1601/1601/1601 1602/1602/1602 1602/1602/1602 
f 1602/1602/1602 1602/1602/1602 1603/1603/1603 
f 1602/1602/1602 1603/1603/1603 1603/1603/1603 
f 1603/1603/1603 1603/1603/1603 1604/1604/1604 
f 1603/1603/1603 1605/1605/1605 1604/1604/1604 
f 1604/1604/1604 1605/1605/1605 1606/1606/1606 
f 1605/1605/1605 1606/1606/1606 1606/1606/1606 
f 1606/1606/1606 1606/1606/1606 1607/1607/1607 
f 1606/1606/1606 1607/1607/1607 1607/1607/1607 
f 1607/1607/1607 1607/1607/1607 1608/1608/1608 
f 1607/1607/1607 1609/1609/1609 1608/1608/1608 
f 1608/1608/1608 1609/1609/1609 1610/1610/1610 
f 1609/1609/1609 1610/1610/1610 1610/1610/1610 
f 1610/1610/1610 1610/1610/1610 1611/1611/1611 
f 1610/1610/1610 1611/1611/1611 1611/1611/1611 
f 1611/1611/1611 1611/1611/1611 1612/1612/1612 
f 1611/1611/1611 1613/1613/1613 1612/1612/1612 
f 1612/1612/1612 1613/1613/1613 1614/1614/1614 
f 1613/1613/1613 1614/1614/1614 1614/1614/1614 
f 1614/1614/1614 1614/1614/1614 1615/1615/1615 
f 1614/1614/1614 1615/1615/1615 1615/1615/1615 
f 1615/1615/1615 1615/1615/1615 1616/1616/1616 
f 1615/1615/1615 1617/1617/1617 1616/1616/1616 
f 1616/1616/1616 1617/1617/1617 1618/1618/1618 
f 1617/1617/1617 1618/1618/1618 1618/1618/1618 
f 1618/1618/1618 1618/1618/1618 1619/1619/1619 
f 1618/1618/1618 1619/1619/1619 1619/1619/1619 
f 1619/1619/1619 1619/1619/1619 1620/1620/1620 
f 1619/1619/1619 1621/1621/1621 1620/1620/1620 
f 1620/1620/1620 1621/1621/1621 1622/1622/1622 
f 1621/1621/1621 1622/1622/1622 1622/1622/1622 
f 1622/1622/1622 1622/1622/1622 1623/1623/1623 
f 1622/1622/1622 1623/1623/1623 1623/1623/1623 
f 1623/1623/1623 1623/1623/1623 1624/1624/1624 
f 1623/1623/1623 1625/1625/1625 1624/1624/1624 
f 1624/1624/1624 1625/1625/1625 1626/1626/1626 
f 1625/1625/1625 1626/1626/1626 1626/1626/1626 
f 1626/1626/1626 1626/1626/1626 1627/1627/1627 
f 1626/1626/1626 1627/1627/1627 1627/1627/1627 
f 1627/1627/1627 1627/1627/1627 1628/1628/1628 
f 1627/1627/1627 1629/1629/1629 1628/1628/1628 
f 1628/1628/1628 1629/1629/1629 1630/1630/1630 
f 1629/1629/1629 1630/1630/1630 1630/1630/1630 
f 1630/1630/1630 1630/1630/1630 1631/1631/1631 
f 1630/1630/1630 1631/1631/1631 1631/1631/1631 
f 1631/1631/1631 1631/1631/1631 1632/1632/1632 
f 1631/1631/1631 1633/1633/1633 1632/1632/1632 
f 1632/1632/1632 1633/1633/1633 1634/1634/1634 
f 1633/1633/1633 1634/1634/1634 1634/1634/1634 
f 1634/1634/1634 1634/1634/1634 1635/1635/1635 
f 1634/1634/1634 1635/1635/1635 1635/1635/1635 
f 1635/1635/1635 1635/1635/1635 1636/1636/1636 
f 1635/1635/1635 1637/1637/1637 1636/1636/1636 
f 1636/1636/1636 1637/1637/1637 1638/1638/1638 
f 1637/1637/1637 1638/1638/1638 1638/1638/1638 
f 1638/1638/1638 1638/1638/1638 1639/1639/1639 
f 1638/1638/1638 1639/1639/1639 1639/1639/1639 
f 1639/1639/1639 1639/1639/1639 1640/1640/1640 
f 1639/1639/1639 1641/1641/1641 1640/1640/1640 
f 1640/1640/1640 1641/1641/1641 1642/1642/1642 
f 1641/1641/1641 1642/1642/1642 1642/1642/1642 
f 1642/1642/1642 1642/1642/1642 1643/1643/1643 
f 1642/1642/1642 1643/1643/1643 1643/1643/1643 
f 1643/1643/1643 1643/1643/1643 1644/1644/1644 
f 1643/1643/1643 1645/1645/1645 1644/1644/1644 
f 1644/1644/1644 1645/1645/1645 1646/1646/1646 
f 1645/1645/1645 1646/1646/1646 1646/1646/1646 
f 1646/1646/1646 1646/1646/1646 1647/1647/1647 
f 1646/1646/1646 1647/1647/1647 1647/1647/1647 
f 1647/1647/1647 1647/1647/1647 1648/1648/1648 
f 1647/1647/1647 1649/1649/1649 1648/1648/1648 
f 1648/1648/1648 1649/1649/1649 1650/1650/1650 
f 1649/1649/1649 1650/1650/1650 1650/1650/1650 
f 1650/1650/1650 1650/1650/1650 1651/1651/1651 
f 1650/1650/1650 1651/1651/1651 1651/1651/1651 
f 1651/1651/1651 1651/1651/1651 1652/1652/1652 
f 1651/1651/1651 1653/1653/1653 1652/1652/1652 
f 1652/1652/1652 1653/1653/1653 1654/1654/1654 
f 1653/1653/1653 1654/1654/1654 1654/1654/1654 
f 1654/1654/1654 1654/1654/1654 1655/1655/1655 
f 1654/1654/1654 1655/1655/1655 1655/1655/1655 
f 1655/1655/1655 1655/1655/1655 1656/1656/1656 
f 1655/1655/1655 1657/1657/1657 1656/1656/1656 
f 1656/1656/1656 1657/1657/1657 1658/1658/1658 
f 1657/1657/1657 1659/1659/1659 1658/1658/1658 
f 1658/1658/1658 1659/1659/1659 1660/1660/1660 
f 1659/1659/1659 1661/1661/1661 1660/1660/1660 
f 1660/1660/1660 1661/1661/1661 1662/1662/1662 
f 1661/1661/1661 1663/1663/1663 1662/1662/1662 
f 1662/1662/1662 1663/1663/1663 1664/1664/1664 
f 1663/1663/1663 1664/1664/1664 1664/1664/1664 
f 1664/1664/1664 1664/1664/1664 1665/1665/1665 
f 1664/1664/1664 1665/1665/1665 1665/1665/1665 
f 1665/1665/1665 1665/1665/1665 1666/1666/1666 
f 1665/1665/1665 1667/1667/1667 1666/1666/1666 
f 1666/1666/1666 1667/1667/1667 1668/1668/1668 
f 1667/1667/1667 1669/1669/1669 1668/1668/1668 
f 1668/1668/1668 1669/1669/1669 1670/1670/1670 
f 1669/1669/1669 1669/1669/1669 1670/1670/1670 
f 1670/1670/1670 1669/1669/1669 1671/1671/1671 
f 1669/1669/1669 1672/1672/1672 1671/1671/1671 
f 1671/1671/1671 1672/1672/1672 1673/1673/1673 
f 1672/1672/1672 1674/1674/1674 1673/1673/1673 
f 1673/1673/1673 1674/1674/1674 1675/1675/1675 
f 1674/1674/1674 1676/1676/1676 1675/1675/1675 
f 1675/1675/1675 1676/1676/1676 1677/1677/1677 
f 1676/1676/1676 1678/1678/1678 1677/1677/1677 
f 1677/1677/1677 1678/1678/1678 1678/1678/1678 
f 1678/1678/1678 1679/1679/1679 1678/1678/1678 
f 1678/1678/1678 1679/1679/1679 1679/1679/1679 
f 1679/1679/1679 1680/1680/1680 1679/1679/1679 
f 1679/1679/1679 1680/1680/1680 1681/1681/1681 
f 1680/1680/1680 1682/1682/1682 1681/1681/1681 
f 1681/1681/1681 1682/1682/1682 1682/1682/1682 
f 1682/1682/1682 1683/1683/1683 1682/1682/1682 
f 1682/1682/1682 1683/1683/1683 1683/1683/1683 
f 1683/1683/1683 1684/1684/1684 1683/1683/1683 
f 1683/1683/1683 1684/1684/1684 1685/1685/1685 
f 1684/1684/1684 1686/1686/1686 1685/1685/1685 
f 1685/1685/1685 1686/1686/1686 1685/1685/1685 
f 1686/1686/1686 1687/1687/1687 1685/1685/1685 
f 1685/1685/1685 1687/1687/1687 1688/1688/1688 
f 1687/1687/1687 1687/1687/1687 1688/1688/1688 
f 1688/1688/1688 1687/1687/1687 1689/1689/1689 
f 1687/1687/1687 1690/1690/1690 1689/1689/1689 
f 1689/1689/1689 1690/1690/1690 1689/1689/1689 
f 1690/1690/1690 1691/1691/1691 1689/1689/1689 
f 1689/1689/1689 1691/1691/1691 1692/1692/1692 
f 1691/1691/1691 1693/1693/1693 1692/1692/1692 
f 1692/1692/1692 1693/1693/1693 1694/1694/1694 
f 1693/1693/1693 1694/1694/1694 1694/1694/1694 
f 1694/1694/1694 1694/1694/1694 1695/1695/1695 
f 1694/1694/1694 1695/1695/1695 1695/1695/1695 
f 1695/1695/1695 1695/1695/1695 1696/1696/1696 
f 1695/1695/1695 1697/1697/1697 1696/1696/1696 
f 1696/1696/1696 1697/1697/1697 1698/1698/1698 
f 1697/1697/1697 1698/1698/1698 1698/1698/1698 
f 1698/1698/1698 1698/1698/1698 1699/1699/1699 
f 1698/1698/1698 1699/1699/1699 1699/1699/1699 
f 1699/1699/1699 1699/1699/1699 1700/1700/1700 
f 1699/1699/1699 1701/1701/1701 1700/1700/1700 
f 1700/1700/1700 1701/1701/1701 1702/1702/1702 
f 1701/1701/1701 1702/1702/1702 1702/1702/1702 
f 1702/1702/1702 1702/1702/1702 1703/1703/1703 
f 1702/1702/1702 1703/1703/1703 1703/1703/1703 
f 1703/1703/1703 1703/1703/1703 1704/1704/1704 
f 1703/1703/1703 1705/1705/1705 1704/1704/1704 
f 1704/1704/1704 1705/1705/1705 1706/1706/1706 
f 1705/1705/1705 1706/1706/1706 1706/1706/1706 
f 1706/1706/1706 1706/1706/1706 1707/1707/1707 
f 1706/1706/1706 1707/1707/1707 1707/1707/1707 
f 1707/1707/1707 1707/1707/1707 1708/1708/1708 
f 1707/1707/1707 1709/1709/1709 1708/1708/1708 
f 1708/1708/1708 1709/1709/1709 1710/1710/1710 
f 1709/1709/1709 1710/1710/1710 1710/1710/1710 
f 1710/1710/1710 1710/1710/1710 1711/1711/1711 
f 1710/1710/1710 1711/1711/1711 1711/1711/1711 
f 1711/1711/1711 1711/1711/1711 1712/1712/1712 
f 1711/1711/1711 1713/1713/1713 1712/1712/1712 
f 1712/1712/1712 1713/1713/1713 1714/1714/1714 
f 1713/1713/1713 1714/1714/1714 1714/1714/1714 
f 1714/1714/1714 1714/1714/1714 1715/1715/1715 
f 1714/1714/1714 1715/1715/1715 1715/1715/1715 
f 1715/1715/1715 1715/1715/1715 1716/1716/1716 
f 1715/1715/1715 1717/1717/1717 1716/1716/1716 
f 1716/1716/1716 1717/1717/1717 1718/1718/1718 
f 1717/1717/1717 1719/1719/1719 1718/1718/1718 
f 1718/1718/1718 1719/1719/1719 1720/1720/1720 
f 1719/1719/1719 1720/1720/1720 1720/1720/1720 
f 1720/1720/1720 1720/1720/1720 1721/1721/1721 
f 1720/1720/1720 1721/1721/1721 1721/1721/1721 
f 1721/1721/1721 1721/1721/1721 1722/1722/1722 
f 1721/1721/1721 1723/1723/1723 1722/1722/1722 
f 1722/1722/1722 1723/1723/1723 1724/1724/1724 
f 1723/1723/1723 1724/1724/1724 1724/1724/1724 
f 1724/1724/1724 1724/1724/1724 1725/1725/1725 
f 1724/1724/1724 1725/1725/1725 1725/1725/1725 
f 1725/1725/1725 1725/1725/1725 1726/1726/1726 
f 1725/1725/1725 1727/1727/1727 1726/1726/1726 
f 1726/1726/1726 1727/1727/1727 1728/1728/1728 
f 1727/1727/1727 1728/1728/1728 1728/1728/1728 
f 1728/1728/1728 1728/1728/1728 1729/1729/1729 
f 1728/1728/1728 1729/1729/1729 1729/1729/1729 
f 1729/1729/1729 1729/1729/1729 1730/1730/1730 
f 1729/1729/1729 1731/1731/1731 1730/1730/1730 
f 1730/1730/1730 1731/1731/1731 1732/1732/1732 
f 1731/1731/1731 1732/1732/1732 1732/1732/1732 
f 1732/1732/1732 1732/1732/1732 1733/1733/1733 
f 1732/1732/1732 1733/1733/1733 1733/1733/1733 
f 1733/1733/1733 1733/1733/1733 1734/1734/1734 
f 1733/1733/1733 1735/1735/1735 1734/1734/1734 
f 1734/1734/1734 1735/1735/1735 1736/1736/1736 
f 1735/1735/1735 1736/1736/1736 1736/1736/1736 
f 1736/1736/1736 1736/1736/1736 1737/1737/1737 
f 1736/1736/1736 1737/1737/1737 1737/1737/1737 
f 1737/1737/1737 1737/1737/1737 1738/1738/1738 
f 1737/1737/1737 1739/1739/1739 1738/1738/1738 
f 1738/1738/1738 1739/1739/1739 1740/1740/1740 
f 1739/1739/1739 1740/1740/1740 1740/1740/1740 
f 1740/1740/1740 1740/1740/1740 1741/1741/1741 
f 1740/1740/1740 1741/1741/1741 1741/1741/1741 
f 1741/1741/1741 1741/1741/1741 1742/1742/1742 
f 1741/1741/1741 1743/1743/1743 1742/1742/1742 
f 1742/1742/1742 1743/1743/1743 1744/1744/1744 
f 1743/1743/1743 1744/1744/1744 1744/1744/1744 
f 1744/1744/1744 1744/1744/1744 1745/1745/1745 
f 1744/1744/1744 1745/1745/1745 1745/1745/1745 
f 1745/1745/1745 1745/1745/1745 1746/1746/1746 
f 1745/1745/1745 1747/1747/1747 1746/1746/1746 
f 1746/1746/1746 1747/1747/1747 1748/1748/1748 
f 1747/1747/1747 1748/1748/1748 1748/1748/1748 
f 1748/1748/1748 1748/1748/1748 1749/1749/1749 
f 1748/1748/1748 1749/1749/1749 1749/1749/1749 
f 1749/1749/1749 1749/1749/1749 1750/1750/1750 
f 1749/1749/1749 1751/1751/1751 1750/1750/1750 
f 1750/1750/1750 1751/1751/1751 1752/1752/1752 
f 1751/1751/1751 1752/1752/1752 1752/1752/1752 
f 1752/1752/1752 1752/1752/1752 1753/1753/1753 
f 1752/1752/1752 1753/1753/1753 1753/1753/1753 
f 1753/1753/1753 1753/1753/1753 1754/1754/1754 
f 1753/1753/1753 1755/1755/1755 1754/1754/1754 
f 1754/1754/1754 1755/1755/1755 1756/1756/1756 
f 1755/1755/1755 1756/1756/1756 1756/1756/1756 
f 1756/1756/1756 1756/1756/1756 1757/1757/1757 
f 1756/1756/1756 1757/1757/1757 1757/1757/1757 
f 1757/1757/1757 1757/1757/1757 1758/1758/1758 
f 1757/1757/1757 1759/1759/1759 1758/1758/1758 
f 1758/1758/1758 1759/1759/1759 1760/1760/1760 
f 1759/1759/1759 1760/1760/1760 1760/1760/1760 
f 1760/1760/1760 1760/1760/1760 1761/1761/1761 
f 1760/1760/1760 1761/1761/1761 1761/1761/1761 
f 1761/1761/1761 1761/1761/1761 1762/1762/1762 
f 1761/1761/1761 1763/1763/1763 1762/1762/1762 
f 1762/1762/1762 1763/1763/1763 1764/1764/1764 
f 1763/1763/1763 1764/1764/1764 1764/1764/1764 
f 1764/1764/1764 1764/1764/1764 1765/1765/1765 
f 1764/1764/1764 1765/1765/1765 1765/1765/1765 
f 1765/1765/1765 1765/1765/1765 1766/1766/1766 
f 1765/1765/1765 1767/1767/1767 1766/1766/1766 
f 1766/1766/1766 1767/1767/1767 1768/1768/1768 
f 1767/1767/1767 1768/1768/1768 1768/1768/1768 
f 1768/1768/1768 1768/1768/1768 1769/1769/1769 
f 1768/1768/1768 1769/1769/1769 1769/1769/1769 
f 1769/1769/1769 1769/1769/1769 1770/1770/1770 
f 1769/1769/1769 1771/1771/1771 1770/1770/1770 
f 1770/1770/1770 1771/1771/1771 1772/1772/1772 
f 1771/1771/1771 1772/1772/1772 1772/1772/1772 
f 1772/1772/1772 1772/1772/1772 1773/1773/1773 
f 1772/1772/1772 1773/1773/1773 1773/1773/1773 
f 1773/1773/1773 1773/1773/1773 1774/1774/1774 
f 1773/1773/1773 1775/1775/1775 1774/1774/1774 
f 1774/1774/1774 1775/1775/1775 1776/1776/1776 
f 1775/1775/1775 1776/1776/1776 1776/1776/1776 
f 1776/1776/1776 1776/1776/1776 1777/1777/1777 
f 1776/1776/1776 1777/1777/1777 1777/1777/1777 
f 1777/1777/1777 1777/1777/1777 1778/1778/1778 
f 1777/1777/1777 1779/1779/1779 1778/1778/1778 
f 1778/1778/1778 1779/1779/1779 1780/1780/1780 
f 1779/1779/1779 1780/1780/1780 1780/1780/1780 
f 1780/1780/1780 1780/1780/1780 1781/1781/1781 
f 1780/1780/1780 1781/1781/1781 1781/1781/1781 
f 1781/1781/1781 1781/1781/1781 1782/1782/1782 
f 1781/1781/1781 1783/1783/1783 1782/1782/1782 
f 1782/1782/1782 1783/1783/1783 1784/1784/1784 
f 1783/1783/1783 1784/1784/1784 1784/1784/1784 
f 1784/1784/1784 1784/1784/1784 1785/1785/1785 
f 1784/1784/1784 1785/1785/1785 1785/1785/1785 
f 1785/1785/1785 1785/1785/1785 1786/1786/1786 
f 1785/1785/1785 1787/1787/1787 1786/1786/1786 
f 1786/1786/1786 1787/1787/1787 1788/1788/1788 
f 1787/1787/1787 1788/1788/1788 1788/1788/1788 
f 1788/1788/1788 1788/1788/1788 1789/1789/1789 
f 1788/1788/1788 1789/1789/1789 1789/1789/1789 
f 1789/1789/1789 1789/1789/1789 1790/1790/1790 
f 1789/1789/1789 1791/1791/1791 1790/1790/1790 
f 1790/1790/1790 1791/1791/1791 1792/1792/1792 
f 1791/1791/1791 1792/1792/1792 1792/1792/1792 
f 1792/1792/1792 1792/1792/1792 1793/1793/1793 
f 1792/1792/1792 1793/1793/1793 1793/1793/1793 
f 1793/1793/1793 1793/1793/1793 1794/1794/1794 
f 1793/1793/1793 1795/1795/1795 1794/1794/1794 
f 1794/1794/1794 1795/1795/1795 1796/1796/1796 
f 1795/1795/1795 1796/1796/1796 1796/1796/1796 
f 1796/1796/1796 1796/1796/1796 1797/1797/1797 
f 1796/1796/1796 1797/1797/1797 1797/1797/1797 
f 1797/1797/1797 1797/1797/1797 1798/1798/1798 
f 1797/1797/1797 1799/1799/1799 1798/1798/1798 
f 1798/1798/1798 1799/1799/1799 1800/1800/1800 
f 1799/1799/1799 1800/1800/1800 1800/1800/1800 
f 1800/1800/1800 1800/1800/1800 1801/1801/1801 
f 1800/1800/1800 1801/1801/1801 1801/1801/1801 
f 1801/1801/1801 1801/1801/1801 1802/1802/1802 
f 1801/1801/1801 1803/1803/1803 1802/1802/1802 
f 1802/1802/1802 1803/1803/1803 1804/1804/1804 
f 1803/1803/1803 1804/1804/1804 1804/1804/1804 
f 1804/1804/1804 1804/1804/1804 1805/1805/1805 
f 1804/1804/1804 1805/1805/1805 1805/1805/1805 
f 1805/1805/1805 1805/1805/1805 1806/1806/1806 
f 1805/1805/1805 1807/1807/1807 1806/1806/1806 
f 1806/1806/1806 1807/1807/1807 1808/1808/1808 
f 1807/1807/1807 1808/1808/1808 1808/1808/1808 
f 1808/1808/1808 1808/1808/1808 1809/1809/1809 
f 1808/1808/1808 1809/1809/1809 1809/1809/1809 
f 1809/1809/1809 1809/1809/1809 1810/1810/1810 
f 1809/1809/1809 1811/1811/1811 1810/1810/1810 
f 1810/1810/1810 1811/1811/1811 1810/1810/1810 
f 1811/1811/1811 1812/1812/1812 1810/1810/1810 
f 1810/1810/1810 1812/1812/1812 1813/1813/1813 
f 1812/1812/1812 1814/1814/1814 1813/1813/1813 
f 1813/1813/1813 1814/1814/1814 1815/1815/1815 
f 1814/1814/1814 1816/1816/1816 1815/1815/1815 
f 1815/1815/1815 1816/1816/1816 1815/1815/1815 
f 1816/1816/1816 1817/1817/1817 1815/1815/1815 
f 1815/1815/1815 1817/1817/1817 1818/1818/1818 
f 1817/1817/1817 1818/1818/1818 1818/1818/1818 
f 1818/1818/1818 1818/1818/1818 1819/1819/1819 
f 1818/1818/1818 1819/1819/1819 1819/1819/1819 
f 1819/1819/1819 1819/1819/1819 1820/1820/1820 
f 1819/1819/1819 1821/1821/1821 1820/1820/1820 
f 1820/1820/1820 1821/1821/1821 1822/1822/1822 
f 1821/1821/1821 1822/1822/1822 1822/1822/1822 
f 1822/1822/1822 1822/1822/1822 1823/1823/1823 
f 1822/1822/1822 1823/1823/1823 1823/1823/1823 
f 1823/1823/1823 1823/1823/1823 1824/1824/1824 
f 1823/1823/1823 1825/1825/1825 1824/1824/1824 
f 1824/1824/1824 1825/1825/1825 1824/1824/1824 
f 1825/1825/1825 1826/1826/1826 1824/1824/1824 
f 1824/1824/1824 1826/1826/1826 1827/1827/1827 
f 1826/1826/1826 1828/1828/1828 1827/1827/1827 
f 1827/1827/1827 1828/1828/1828 1829/1829/1829 
f 1828/1828/1828 1830/1830/1830 1829/1829/1829 
f 1829/1829/1829 1830/1830/1830 1829/1829/1829 
f 1830/1830/1830 1831/1831/1831 1829/1829/1829 
f 1829/1829/1829 1831/1831/1831 1832/1832/1832 
f 1831/1831/1831 1832/1832/1832 1832/1832/1832 
f 1832/1832/1832 1832/1832/1832 1833/1833/1833 
f 1832/1832/1832 1833/1833/1833 1833/1833/1833 
f 1833/1833/1833 1833/1833/1833 1834/1834/1834 
f 1833/1833/1833 1835/1835/1835 1834/1834/1834 
f 1834/1834/1834 1835/1835/1835 1836/1836/1836 
f 1835/1835/1835 1836/1836/1836 1836/1836/1836 
f 1836/1836/1836 1836/1836/1836 1837/1837/1837 
f 1836/1836/1836 1837/1837/1837 1837/1837/1837 
f 1837/1837/1837 1837/1837/1837 1838/1838/1838 
f 1837/1837/1837 1839/1839/1839 1838/1838/1838 
f 1838/1838/1838 1839/1839/1839 1838/1838/1838 
f 1839/1839/1839 1840/1840/1840 1838/1838/1838 
f 1838/1838/1838 1840/1840/1840 1841/1841/1841 
f 1840/1840/1840 1842/1842/1842 1841/1841/1841 
f 1841/1841/1841 1842/1842/1842 1843/1843/1843 
f 1842/1842/1842 1844/1844/1844 1843/1843/1843 
f 1843/1843/1843 1844/1844/1844 1843/1843/1843 
f 1844/1844/1844 1845/1845/1845 1843/1843/1843 
f 1843/1843/1843 1845/1845/1845 1846/1846/1846 
f 1845/1845/1845 1846/1846/1846 1846/1846/1846 
f 1846/1846/1846 1846/1846/1846 1847/1847/1847 
f 1846/1846/1846 1847/1847/1847 1847/1847/1847 
f 1847/1847/1847 1847/1847/1847 1848/1848/1848 
f 1847/1847/1847 1849/1849/1849 1848/1848/1848 
f 1848/1848/1848 1849/1849/1849 1850/1850/1850 
f 1849/1849/1849 1850/1850/1850 1850/1850/1850 
f 1850/1850/1850 1850/1850/1850 1851/1851/1851 
f 1850/1850/1850 1851/1851/1851 1851/1851/1851 
f 1851/1851/1851 1851/1851/1851 1852/1852/1852 
f 1851/1851/1851 1853/1853/1853 1852/1852/1852 
f 1852/1852/1852 1853/1853/1853 1852/1852/1852 
f 1853/1853/1853 1854/1854/1854 1852/1852/1852 
f 1852/1852/1852 1854/1854/1854 1855/1855/1855 
f 1854/1854/1854 1856/1856/1856 1855/1855/1855 
f 1855/1855/1855 1856/1856/1856 1857/1857/1857 
f 1856/1856/1856 1858/1858/1858 1857/1857/1857 
f 1857/1857/1857 1858/1858/1858 1857/1857/1857 
f 1858/1858/1858 1859/1859/1859 1857/1857/1857 
f 1857/1857/1857 1859/1859/1859 1860/1860/1860 
f 1859/1859/1859 1860/1860/1860 1860/1860/1860 
f 1860/1860/1860 1860/1860/1860 1861/1861/1861 
f 1860/1860/1860 1861/1861/1861 1861/1861/1861 
f 1861/1861/1861 1861/1861/1861 1862/1862/1862 
f 1861/1861/1861 1863/1863/1863 1862/1862/1862 
f 1862/1862/1862 1863/1863/1863 1864/1864/1864 
f 1863/1863/1863 1864/1864/1864 1864/1864/1864 
f 1864/1864/1864 1864/1864/1864 1865/1865/1865 
f 1864/1864/1864 1865/1865/1865 1865/1865/1865 
f 1865/1865/1865 1865/1865/1865 1866/1866/1866 
f 1865/1865/1865 1867/1867/1867 1866/1866/1866 
f 1866/1866/1866 1867/1867/1867 1866/1866/1866 
f 1867/1867/1867 1868/1868/1868 1866/1866/1866 
f 1866/1866/1866 1868/1868/1868 1869/1869/1869 
f 1868/1868/1868 1870/1870/1870 1869/1869/1869 
f 1869/1869/1869 1870/1870/1870 1871/1871/1871 
f 1870/1870/1870 1872/1872/1872 1871/1871/1871 
f 1871/1871/1871 1872/1872/1872 1871/1871/1871 
f 1872/1872/1872 1873/1873/1873 1871/1871/1871 
f 1871/1871/1871 1873/1873/1873 1874/1874/1874 
f 1873/1873/1873 1874/1874/1874 1874/1874/1874 
f 1874/1874/1874 1874/1874/1874 1875/1875/1875 
f 1874/1874/1874 1875/1875/1875 1875/1875/1875 
f 1875/1875/1875 1875/1875/1875 1876/1876/1876 
f 1875/1875/1875 1877/1877/1877 1876/1876/1876 
f 1876/1876/1876 1877/1877/1877 1878/1878/1878 
f 1877/1877/1877 1878/1878/1878 1878/1878/1878 
f 1878/1878/1878 1878/1878/1878 1879/1879/1879 
f 1878/1878/1878 1879/1879/1879 1879/1879/1879 
f 1879/1879/1879 1879/1879/1879 1880/1880/1880 
f 1879/1879/1879 1881/1881/1881 1880/1880/1880 
f 1880/1880/1880 1881/1881/1881 1880/1880/1880 
f 1881/1881/1881 1882/1882/1882 1880/1880/1880 
f 1880/1880/1880 1882/1882/1882 1883/1883/1883 
f 1882/1882/1882 1884/1884/1884 1883/1883/1883 
f 1883/1883/1883 1884/1884/1884 1885/1885/1885 
f 1884/1884/1884 1886/1886/1886 1885/1885/1885 
f 1885/1885/1885 1886/1886/1886 1885/1885/1885 
f 1886/1886/1886 1887/1887/1887 1885/1885/1885 
f 1885/1885/1885 1887/1887/1887 1888/1888/1888 
f 1887/1887/1887 1888/1888/1888 1888/1888/1888 
f 1888/1888/1888 1888/1888/1888 1889/1889/1889 
f 1888/1888/1888 1889/1889/1889 1889/1889/1889 
f 1889/1889/1889 1889/1889/1889 1890/1890/1890 
f 1889/1889/1889 1891/1891/1891 1890/1890/1890 
f 1890/1890/1890 1891/1891/1891 1892/1892/1892 
f 1891/1891/1891 1892/1892/1892 1892/1892/1892 
f 1892/1892/1892 1892/1892/1892 1893/1893/1893 
f 1892/1892/1892 1893/1893/1893 1893/1893/1893 
f 1893/1893/1893 1893/1893/1893 1894/1894/1894 
f 1893/1893/1893 1895/1895/1895 1894/1894/1894 
f 1894/1894/1894 1895/1895/1895 1896/1896/1896 
f 1895/1895/1895 1897/1897/1897 1896/1896/1896 
f 1896/1896/1896 1897/1897/1897 1898/1898/1898 
f 1897/1897/1897 1899/1899/1899 1898/1898/1898 
f 1898/1898/1898 1899/1899/1899 1900/1900/1900 
f 1899/1899/1899 1901/1901/1901 1900/1900/1900 
f 1900/1900/1900 1901/1901/1901 1902/1902/1902 
f 1901/1901/1901 1902/1902/1902 1902/1902/1902 
f 1902/1902/1902 1902/1902/1902 1903/1903/1903 
f 1902/1902/1902 1903/1903/1903 1903/1903/1903 
f 1903/1903/1903 1903/1903/1903 1904/1904/1904 
f 1903/1903/1903 1905/1905/1905 1904/1904/1904 
f 1904/1904/1904 1905/1905/1905 1906/1906/1906 
f 1905/1905/1905 1907/1907/1907 1906/1906/1906 
f 1906/1906/1906 1907/1907/1907 1908/1908/1908 
f 1907/1907/1907 1907/1907/1907 1908/1908/1908 
f 1908/1908/1908 1907/1907/1907 1909/1909/1909 
f 1907/1907/1907 1910/1910/1910 1909/1909/1909 
f 1909/1909/1909 1910/1910/1910 1911/1911/1911 
f 1910/1910/1910 1912/1912/1912 1911/1911/1911 
f 1911/1911/1911 1912/1912/1912 1913/1913/1913 
f 1912/1912/1912 1914/1914/1914 1913/1913/1913 
f 1913/1913/1913 1914/1914/1914 1915/1915/1915 
f 1914/1914/1914 1916/1916/1916 1915/1915/1915 
f 1915/1915/1915 1916/1916/1916 1916/1916/1916 
f 1916/1916/1916 1917/1917/1917 1916/1916/1916 
f 1916/1916/1916 1917/1917/1917 1917/1917/1917 
f 1917/1917/1917 1918/1918/1918 1917/1917/1917 
f 1917/1917/1917 1918/1918/1918 1919/1919/1919 
f 1918/1918/1918 1920/1920/1920 1919/1919/1919 
f 1919/1919/1919 1920/1920/1920 1920/1920/1920 
f 1920/1920/1920 1921/1921/1921 1920/1920/1920 
f 1920/1920/1920 1921/1921/1921 1921/1921/1921 
f 1921/1921/1921 1922/1922/1922 1921/1921/1921 
f 1921/1921/1921 1922/1922/1922 1923/1923/1923 
f 1922/1922/1922 1924/1924/1924 1923/1923/1923 
f 1923/1923/1923 1924/1924/1924 1923/1923/1923 
f 1924/1924/1924 1925/1925/1925 1923/1923/1923 
f 1923/1923/1923 1925/1925/1925 1926/1926/1926 
f 1925/1925/1925 1925/1925/1925 1926/1926/1926 
f 1926/1926/1926 1925/1925/1925 1927/1927/1927 
f 1925/1925/1925 1928/1928/1928 1927/1927/1927 
f 1927/1927/1927 1928/1928/1928 1927/1927/1927 
f 1928/1928/1928 1929/1929/1929 1927/1927/1927 
f 1927/1927/1927 1929/1929/1929 1930/1930/1930 
f 1929/1929/1929 1931/1931/1931 1930/1930/1930 
f 1930/1930/1930 1931/1931/1931 1932/1932/1932 
f 1931/1931/1931 1932/1932/1932 1932/1932/1932 
f 1932/1932/1932 1932/1932/1932 1933/1933/1933 
f 1932/1932/1932 1933/1933/1933 1933/1933/1933 
f 1933/1933/1933 1933/1933/1933 1934/1934/1934 
f 1933/1933/1933 1935/1935/1935 1934/1934/1934 
f 1934/1934/1934 1935/1935/1935 1936/1936/1936 
f 1935/1935/1935 1936/1936/1936 1936/1936/1936 
f 1936/1936/1936 1936/1936/1936 1937/1937/1937 
f 1936/1936/1936 1937/1937/1937 1937/1937/1937 
f 1937/1937/1937 1937/1937/1937 1938/1938/1938 
f 1937/1937/1937 1939/1939/1939 1938/1938/1938 
f 1938/1938/1938 1939/1939/1939 1940/1940/1940 
f 1939/1939/1939 1940/1940/1940 1940/1940/1940 
f 1940/1940/1940 1940/1940/1940 1941/1941/1941 
f 1940/1940/1940 1941/1941/1941 1941/1941/1941 
f 1941/1941/1941 1941/1941/1941 1942/1942/1942 
f 1941/1941/1941 1943/1943/1943 1942/1942/1942 
f 1942/1942/1942 1943/1943/1943 1944/1944/1944 
f 1943/1943/1943 1944/1944/1944 1944/1944/1944 
f 1944/1944/1944 1944/1944/1944 1945/1945/1945 
f 1944/1944/1944 1945/1945/1945 1945/1945/1945 
f 1945/1945/1945 1945/1945/1945 1946/1946/1946 
f 1945/1945/1945 1947/1947/1947 1946/1946/1946 
f 1946/1946/1946 1947/1947/1947 1948/1948/1948 
f 1947/1947/1947 1948/1948/1948 1948/1948/1948 
f 1948/1948/1948 1948/1948/1948 1949/1949/1949 
f 1948/1948/1948 1949/1949/1949 1949/1949/1949 
f 1949/1949/1949 1949/1949/1949 1950/1950/1950 
f 1949/1949/1949 1951/1951/1951 1950/1950/1950 
f 1950/1950/1950 1951/1951/1951 1952/1952/1952 
f 1951/1951/1951 1952/1952/1952 1952/1952/1952 
f 1952/1952/1952 1952/1952/1952 1953/1953/1953 
f 1952/1952/1952 1953/1953/1953 1953/1953/1953 
f 1953/1953/1953 1953/1953/1953 1954/1954/1954 
f 1953/1953/1953 1955/1955/1955 1954/1954/1954 
f 1954/1954/1954 1955/1955/1955 1956/1956/1956 
f 1955/1955/1955 1957/1957/1957 1956/1956/1956 
f 1956/1956/1956 1957/1957/1957 1958/1958/1958 
f 1957/1957/1957 1958/1958/1958 1958/1958/1958 
f 1958/1958/1958 1958/1958/1958 1959/1959/1959 
f 1958/1958/1958 1959/1959/1959 1959/1959/1959 
f 1959/1959/1959 1959/1959/1959 1960/1960/1960 
f 1959/1959/1959 1961/1961/1961 1960/1960/1960 
f 1960/1960/1960 1961/1961/1961 1962/1962/1962 
f 1961/1961/1961 1962/1962/1962 1962/1962/1962 
f 1962/1962/1962 1962/1962/1962 1963/1963/1963 
f 1962/1962/1962 1963/1963/1963 1963/1963/1963 
f 1963/1963/1963 1963/1963/1963 1964/1964/1964 
f 1963/1963/1963 1965/1965/1965 1964/1964/1964 
f 1964/1964/1964 1965/1965/1965 1966/1966/1966 
f 1965/1965/1965 1966/1966/1966 1966/1966/1966 
f 1966/1966/1966 1966/1966/1966 1967/1967/1967 
f 1966/1966/1966 1967/1967/1967 1967/1967/1967 
f 1967/1967/1967 1967/1967/1967 1968/1968/1968 
f 1967/1967/1967 1969/1969/1969 1968/1968/1968 
f 1968/1968/1968 1969/1969/1969 1970/1970/1970 
f 1969/1969/1969 1970/1970/1970 1970/1970/1970 
f 1970/1970/1970 1970/1970/1970 1971/1971/1971 
f 1970/1970/1970 1971/1971/1971 1971/1971/1971 
f 1971/1971/1971 1971/1971/1971 1972/1972/1972 
f 1971/1971/1971 1973/1973/1973 1972/1972/1972 
f 1972/1972/1972 1973/1973/1973 1974/1974/1974 
f 1973/1973/1973 1974/1974/1974 1974/1974/1974 
f 1974/1974/1974 1974/1974/1974 1975/1975/1975 
f 1974/1974/1974 1975/1975/1975 1975/1975/1975 
f 1975/1975/1975 1975/1975/1975 1976/1976/1976 
f 1975/1975/1975 1977/1977/1977 1976/1976/1976 
f 1976/1976/1976 1977/1977/1977 1978/1978/1978 
f 1977/1977/1977 1978/1978/1978 1978/1978/1978 
f 1978/1978/1978 1978/1978/1978 1979/1979/1979 
f 1978/1978/1978 1979/1979/1979 1979/1979/1979 
f 1979/1979/1979 1979/1979/1979 1980/1980/1980 
f 1979/1979/1979 1981/1981/1981 1980/1980/1980 
f 1980/1980/1980 1981/1981/1981 1982/1982/1982 
f 1981/1981/1981 1982/1982/1982 1982/1982/1982 
f 1982/1982/1982 1982/1982/1982 1983/1983/1983 
f 1982/1982/1982 1983/1983/1983 1983/1983/1983 
f 1983/1983/1983 1983/1983/1983 1984/1984/1984 
f 1983/1983/1983 1985/1985/1985 1984/1984/1984 
f 1984/1984/1984 1985/1985/1985 1986/1986/1986 
f 1985/1985/1985 1986/1986/1986 1986/1986/1986 
f 1986/1986/1986 1986/1986/1986 1987/1987/1987 
f 1986/1986/1986 1987/1987/1987 1987/1987/1987 
f 1987/1987/1987 1987/1987/1987 1988/1988/1988 
f 1987/1987/1987 1989/1989/1989 1988/1988/1988 
f 1988/1988/1988 1989/1989/1989 1990/1990/1990 
f 1989/1989/1989 1990/1990/1990 1990/1990/1990 
f 1990/1990/1990 1990/1990/1990 1991/1991/1991 
f 1990/1990/1990 1991/1991/1991 1991/1991/1991 
f 1991/1991/1991 1991/1991/1991 1992/1992/1992 
f 1991/1991/1991 1993/1993/1993 1992/1992/1992 
f 1992/1992/1992 1993/1993/1993 1994/1994/1994 
f 1993/1993/1993 1994/1994/1994 1994/1994/1994 
f 1994/1994/1994 1994/1994/1994 1995/1995/1995 
f 1994/1994/1994 1995/1995/1995 1995/1995/1995 
f 1995/1995/1995 1995/1995/1995 1996/1996/1996 
f 1995/1995/1995 1997/1997/1997 1996/1996/1996 
f 1996/1996/1996 1997/1997/1997 1998/1998/1998 
f 1997/1997/1997 1998/1998/1998 1998/1998/1998 
f 1998/1998/1998 1998/1998/1998 1999/1999/1999 
f 1998/1998/1998 1999/1999/1999 1999/1999/1999 
f 1999/1999/1999 1999/1999/1999 2000/2000/2000 
f 1999/1999/1999 2001/2001/2001 2000/2000/2000 
f 2000/2000/2000 2001/2001/2001 2002/2002/2002 
f 2001/2001/2001 2002/2002/2002 2002/2002/2002 
f 2002/2002/2002 2002/2002/2002 2003/2003/2003 
f 2002/2002/2002 2003/2003/2003 2003/2003/2003 
f 2003/2003/2003 2003/2003/2003 2004/2004/2004 
f 2003/2003/2003 2005/2005/2005 2004/2004/2004 
f 2004/2004/2004 2005/2005/2005 2006/2006/2006 
f 2005/2005/2005 2006/2006/2006 2006/2006/2006 
f 2006/2006/2006 2006/2006/2006 2007/2007/2007 
f 2006/2006/2006 2007/2007/2007 2007/2007/2007 
f 2007/2007/2007 2007/2007/2007 2008/2008/2008 
f 2007/2007/2007 2009/2009/2009 2008/2008/2008 
f 2008/2008/2008 2009/2009/2009 2010/2010/2010 
f 2009/2009/2009 2010/2010/2010 2010/2010/2010 
f 2010/2010/2010 2010/2010/2010 2011/2011/2011 
f 2010/2010/2010 2011/2011/2011 2011/2011/2011 
f 2011/2011/2011 2011/2011/2011 2012/2012/2012 
f 2011/2011/2011 2013/2013/2013 2012/2012/2012 
f 2012/2012/2012 2013/2013/2013 2014/2014/2014 
f 2013/2013/2013 2014/2014/2014 2014/2014/2014 
f 2014/2014/2014 2014/2014/2014 2015/2015/2015 
f 2014/2014/2014 2015/2015/2015 2015/2015/2015 
f 2015/2015/2015 2015/2015/2015 2016/2016/2016 
f 2015/2015/2015 2017/2017/2017 2016/2016/2016 
f 2016/2016/2016 2017/2017/2017 2018/2018/2018 
f 2017/2017/2017 2018/2018/2018 2018/2018/2018 
f 2018/2018/2018 2018/2018/2018 2019/2019/2019 
f 2018/2018/2018 2019/2019/2019 2019/2019/2019 
f 2019/2019/2019 2019/2019/2019 2020/2020/2020 
f 2019/2019/2019 2021/2021/2021 2020/2020/2020 
f 2020/2020/2020 2021/2021/2021 2022/2022/2022 
f 2021/2021/2021 2022/2022/2022 2022/2022/2022 
f 2022/2022/2022 2022/2022/2022 2023/2023/2023 
f 2022/2022/2022 2023/2023/2023 2023/2023/2023 
f 2023/2023/2023 2023/2023/2023 2024/2024/2024 
f 2023/2023/2023 2025/2025/2025 2024/2024/2024 
f 2024/2024/2024 2025/2025/2025 2026/2026/2026 
f 2025/2025/2025 2026/2026/2026 2026/2026/2026 
f 2026/2026/2026 2026/2026/2026 2027/2027/2027 
f 2026/2026/2026 2027/2027/2027 2027/2027/2027 
f 2027/2027/2027 2027/2027/2027 2028/2028/2028 
f 2027/2027/2027 2029/2029/2029 2028/2028/2028 
f 2028/2028/2028 2029/2029/2029 2030/2030/2030 
f 2029/2029/2029 2030/2030/2030 2030/2030/2030 
f 2030/2030/2030 2030/2030/2030 2031/2031/2031 
f 2030/2030/2030 2031/2031/2031 2031/2031/2031 
f 2031/2031/2031 2031/2031/2031 2032/2032/2032 
f 2031/2031/2031 2033/2033/2033 2032/2032/2032 
f 2032/2032/2032 2033/2033/2033 2034/2034/2034 
f 2033/2033/2033 2034/2034/2034 2034/2034/2034 
f 2034/2034/2034 2034/2034/2034 2035/2035/2035 
f 2034/2034/2034 2035/2035/2035 2035/2035/2035 
f 2035/2035/2035 2035/2035/2035 2036/2036/2036 
f 2035/2035/2035 2037/2037/2037 2036/2036/2036 
f 2036/2036/2036 2037/2037/2037 2038/2038/2038 
f 2037/2037/2037 2038/2038/2038 2038/2038/2038 
f 2038/2038/2038 2038/2038/2038 2039/2039/2039 
f 2038/2038/2038 2039/2039/2039 2039/2039/2039 
f 2039/2039/2039 2039/2039/2039 2040/2040/2040 
f 2039/2039/2039 2041/2041/2041 2040/2040/2040 
f 2040/2040/2040 2041/2041/2041 2042/2042/2042 
f 2041/2041/2041 2042/2042/2042 2042/2042/2042 
f 2042/2042/2042 2042/2042/2042 2043/2043/2043 
f 2042/2042/2042 2043/2043/2043 2043/2043/2043 
f 2043/2043/2043 2043/2043/2043 2044/2044/2044 
f 2043/2043/2043 2045/2045/2045 2044/2044/2044 
f 2044/2044/2044 2045/2045/2045 2046/2046/2046 
f 2045/2045/2045 2046/2046/2046 2046/2046/2046 
f 2046/2046/2046 2046/2046/2046 2047/2047/2047 
f 2046/2046/2046 2047/2047/2047 2047/2047/2047 
f 2047/2047/2047 2047/2047/2047 2048/2048/2048 
f 2047/2047/2047 2049/2049/2049 2048/2048/2048 
f 2048/2048/2048 2049/2049/2049 2048/2048/2048 
f 2049/2049/2049 2050/2050/2050 2048/2048/2048 
f 2048/2048/2048 2050/2050/2050 2051/2051/2051 
f 2050/2050/2050 2052/2052/2052 2051/2051/2051 
f 2051/2051/2051 2052/2052/2052 2053/2053/2053 
f 2052/2052/2052 2054/2054/2054 2053/2053/2053 
f 2053/2053/2053 2054/2054/2054 2053/2053/2053 
f 2054/2054/2054 2055/2055/2055 2053/2053/2053 
f 2053/2053/2053 2055/2055/2055 2056/2056/2056 
f 2055/2055/2055 2056/2056/2056 2056/2056/2056 
f 2056/2056/2056 2056/2056/2056 2057/2057/2057 
f 2056/2056/2056 2057/2057/2057 2057/2057/2057 
f 2057/2057/2057 2057/2057/2057 2058/2058/2058 
f 2057/2057/2057 2059/2059/2059 2058/2058/2058 
f 2058/2058/2058 2059/2059/2059 2060/2060/2060 
f 2059/2059/2059 2060/2060/2060 2060/2060/2060 
f 2060/2060/2060 2060/2060/2060 2061/2061/2061 
f 2060/2060/2060 2061/2061/2061 2061/2061/2061 
f 2061/2061/2061 2061/2061/2061 2062/2062/2062 
f 2061/2061/2061 2063/2063/2063 2062/2062/2062 
f 2062/2062/2062 2063/2063/2063 2062/2062/2062 
f 2063/2063/2063 2064/2064/2064 2062/2062/2062 
f 2062/2062/2062 2064/2064/2064 2065/2065/2065 
f 2064/2064/2064 2066/2066/2066 2065/2065/2065 
f 2065/2065/2065 2066/2066/2066 2067/2067/2067 
f 2066/2066/2066 2068/2068/2068 2067/2067/2067 
f 2067/2067/2067 2068/2068/2068 2067/2067/2067 
f 2068/2068/2068 2069/2069/2069 2067/2067/2067 
f 2067/2067/2067 2069/2069/2069 2070/2070/2070 
f 2069/2069/2069 2070/2070/2070 2070/2070/2070 
f 2070/2070/2070 2070/2070/2070 2071/2071/2071 
f 2070/2070/2070 2071/2071/2071 2071/2071/2071 
f 2071/2071/2071 2071/2071/2071 2072/2072/2072 
f 2071/2071/2071 2073/2073/2073 2072/2072/2072 
f 2072/2072/2072 2073/2073/2073 2074/2074/2074 
f 2073/2073/2073 2074/2074/2074 2074/2074/2074 
f 2074/2074/2074 2074/2074/2074 2075/2075/2075 
f 2074/2074/2074 2075/2075/2075 2075/2075/2075 
f 2075/2075/2075 2075/2075/2075 2076/2076/2076 
f 2075/2075/2075 2077/2077/2077 2076/2076/2076 
f 2076/2076/2076 2077/2077/2077 2076/2076/2076 
f 2077/2077/2077 2078/2078/2078 2076/2076/2076 
f 2076/2076/2076 2078/2078/2078 2079/2079/2079 
f 2078/2078/2078 2080/2080/2080 2079/2079/2079 
f 2079/2079/2079 2080/2080/2080 2081/2081/2081 
f 2080/2080/2080 2082/2082/2082 2081/2081/2081 
f 2081/2081/2081 2082/2082/2082 2081/2081/2081 
f 2082/2082/2082 2083/2083/2083 2081/2081/2081 
f 2081/2081/2081 2083/2083/2083 2084/2084/2084 
f 2083/2083/2083 2084/2084/2084 2084/2084/2084 
f 2084/2084/2084 2084/2084/2084 2085/2085/2085 
f 2084/2084/2084 2085/2085/2085 2085/2085/2085 
f 2085/2085/2085 2085/2085/2085 2086/2086/2086 
f 2085/2085/2085 2087/2087/2087 2086/2086/2086 
f 2086/2086/2086 2087/2087/2087 2088/2088/2088 
f 2087/2087/2087 2088/2088/2088 2088/2088/2088 
f 2088/2088/2088 2088/2088/2088 2089/2089/2089 
f 2088/2088/2088 2089/2089/2089 2089/2089/2089 
f 2089/2089/2089 2089/2089/2089 2090/2090/2090 
f 2089/2089/2089 2091/2091/2091 2090/2090/2090 
f 2090/2090/2090 2091/2091/2091 2090/2090/2090 
f 2091/2091/2091 2092/2092/2092 2090/2090/2090 
f 2090/2090/2090 2092/2092/2092 2093/2093/2093 
f 2092/2092/2092 2094/2094/2094 2093/2093/2093 
f 2093/2093/2093 2094/2094/2094 2095/2095/2095 
f 2094/2094/2094 2096/2096/2096 2095/2095/2095 
f 2095/2095/2095 2096/2096/2096 2095/2095/2095 
f 2096/2096/2096 2097/2097/2097 2095/2095/2095 
f 2095/2095/2095 2097/2097/2097 2098/2098/2098 
f 2097/2097/2097 2098/2098/2098 2098/2098/2098 
f 2098/2098/2098 2098/2098/2098 2099/2099/2099 
f 2098/2098/2098 2099/2099/2099 2099/2099/2099 
f 2099/2099/2099 2099/2099/2099 2100/2100/2100 
f 2099/2099/2099 2101/2101/2101 2100/2100/2100 
f 2100/2100/2100 2101/2101/2101 2102/2102/2102 
f 2101/2101/2101 2102/2102/2102 2102/2102/2102 
f 2102/2102/2102 2102/2102/2102 2103/2103/2103 
f 2102/2102/2102 2103/2103/2103 2103/2103/2103 
f 2103/2103/2103 2103/2103/2103 2104/2104/2104 
f 2103/2103/2103 2105/2105/2105 2104/2104/2104 
f 2104/2104/2104 2105/2105/2105 2104/2104/2104 
f 2105/2105/2105 2106/2106/2106 2104/2104/2104 
f 2104/2104/2104 2106/2106/2106 2107/2107/2107 
f 2106/2106/2106 2108/2108/2108 2107/2107/2107 
f 2107/2107/2107 2108/2108/2108 2109/2109/2109 
f 2108/2108/2108 2110/2110/2110 2109/2109/2109 
f 2109/2109/2109 2110/2110/2110 2109/2109/2109 
f 2110/2110/2110 2111/2111/2111 2109/2109/2109 
f 2109/2109/2109 2111/2111/2111 2112/2112/2112 
f 2111/2111/2111 2112/2112/2112 2112/2112/2112 
f 2112/2112/2112 2112/2112/2112 2113/2113/2113 
f 2112/2112/2112 2113/2113/2113 2113/2113/2113 
f 2113/2113/2113 2113/2113/2113 2114/2114/2114 
f 2113/2113/2113 2115/2115/2115 2114/2114/2114 
f 2114/2114/2114 2115/2115/2115 2116/2116/2116 
f 2115/2115/2115 2116/2116/2116 2116/2116/2116 
f 2116/2116/2116 2116/2116/2116 2117/2117/2117 
f 2116/2116/2116 2117/2117/2117 2117/2117/2117 
f 2117/2117/2117 2117/2117/2117 2118/2118/2118 
f 2117/2117/2117 2119/2119/2119 2118/2118/2118 
f 2118/2118/2118 2119/2119/2119 2118/2118/2118 
f 2119/2119/2119 2120/2120/2120 2118/2118/2118 
f 2118/2118/2118 2120/2120/2120 2121/2121/2121 
f 2120/2120/2120 2122/2122/2122 2121/2121/2121 
f 2121/2121/2121 2122/2122/2122 2123/2123/2123 
f 2122/2122/2122 2124/2124/2124 2123/2123/2123 
f 2123/2123/2123 2124/2124/2124 2123/2123/2123 
f 2124/2124/2124 2125/2125/2125 2123/2123/2123 
f 2123/2123/2123 2125/2125/2125 2126/2126/2126 
f 2125/2125/2125 2126/2126/2126 2126/2126/2126 
f 2126/2126/2126 2126/2126/2126 2127/2127/2127 
f 2126/2126/2126 2127/2127/2127 2127/2127/2127 
f 2127/2127/2127 2127/2127/2127 2128/2128/2128 
f 2127/2127/2127 2129/2129/2129 2128/2128/2128 
f 2128/2128/2128 2129/2129/2129 2130/2130/2130 
f 2129/2129/2129 2130/2130/2130 2130/2130/2130 
f 2130/2130/2130 2130/2130/2130 2131/2131/2131 
f 2130/2130/2130 2131/2131/2131 2131/2131/2131 
f 2131/2131/2131 2131/2131/2131 2132/2132/2132 
f 2131/2131/2131 2133/2133/2133 2132/2132/2132 
f 2132/2132/2132 2133/2133/2133 2134/2134/2134 
f 2133/2133/2133 2134/2134/2134 2134/2134/2134 
f 2134/2134/2134 2134/2134/2134 2135/2135/2135 
f 2134/2134/2134 2135/2135/2135 2135/2135/2135 
f 2135/2135/2135 2135/2135/2135 2136/2136/2136 
f 2135/2135/2135 2137/2137/2137 2136/2136/2136 
f 2136/2136/2136 2137/2137/2137 2138/2138/2138 
f 2137/2137/2137 2138/2138/2138 2138/2138/2138 
f 2138/2138/2138 2138/2138/2138 2139/2139/2139 
f 2138/2138/2138 2139/2139/2139 2139/2139/2139 
f 2139/2139/2139 2139/2139/2139 2140/2140/2140 
f 2139/2139/2139 2141/2141/2141 2140/2140/2140 
f 2140/2140/2140 2141/2141/2141 2142/2142/2142 
f 2141/2141/2141 2142/2142/2142 2142/2142/2142 
f 2142/2142/2142 2142/2142/2142 2143/2143/2143 
f 2142/2142/2142 2143/2143/2143 2143/2143/2143 
f 2143/2143/2143 2143/2143/2143 2144/2144/2144 
f 2143/2143/2143 2145/2145/2145 2144/2144/2144 
f 2144/2144/2144 2145/2145/2145 2146/2146/2146 
f 2145/2145/2145 2146/2146/2146 2146/2146/2146 
f 2146/2146/2146 2146/2146/2146 2147/2147/2147 
f 2146/2146/2146 2147/2147/2147 2147/2147/2147 
f 2147/2147/2147 2147/2147/2147 2148/2148/2148 
f 2147/2147/2147 2149/2149/2149 2148/2148/2148 
f 2148/2148/2148 2149/2149/2149 2150/2150/2150 
f 2149/2149/2149 2150/2150/2150 2150/2150/2150 
f 2150/2150/2150 2150/2150/2150 2151/2151/2151 
f 2150/2150/2150 2151/2151/2151 2151/2151/2151 
f 2151/2151/2151 2151/2151/2151 2152/2152/2152 
f 2151/2151/2151 2153/2153/2153 2152/2152/2152 
f 2152/2152/2152 2153/2153/2153 2154/2154/2154 
f 2153/2153/2153 2154/2154/2154 2154/2154/2154 
f 2154/2154/2154 2154/2154/2154 2155/2155/2155 
f 2154/2154/2154 2155/2155/2155 2155/2155/2155 
f 2155/2155/2155 2155/2155/2155 2156/2156/2156 
f 2155/2155/2155 2157/2157/2157 2156/2156/2156 
f 2156/2156/2156 2157/2157/2157 2158/2158/2158 
f 2157/2157/2157 2158/2158/2158 2158/2158/2158 
f 2158/2158/2158 2158/2158/2158 2159/2159/2159 
f 2158/2158/2158 2159/2159/2159 2159/2159/2159 
f 2159/2159/2159 2159/2159/2159 2160/2160/2160 
f 2159/2159/2159 2161/2161/2161 2160/2160/2160 
f 2160/2160/2160 2161/2161/2161 2162/2162/2162 
f 2161/2161/2161 2162/2162/2162 2162/2162/2162 
f 2162/2162/2162 2162/2162/2162 2163/2163/2163 
f 2162/2162/2162 2163/2163/2163 2163/2163/2163 
f 2163/2163/2163 2163/2163/2163 2164/2164/2164 
f 2163/2163/2163 2165/2165/2165 2164/2164/2164 
f 2164/2164/2164 2165/2165/2165 2166/2166/2166 
f 2165/2165/2165 2166/2166/2166 2166/2166/2166 
f 2166/2166/2166 2166/2166/2166 2167/2167/2167 
f 2166/2166/2166 2167/2167/2167 2167/2167/2167 
f 2167/2167/2167 2167/2167/2167 2168/2168/2168 
f 2167/2167/2167 2169/2169/2169 2168/2168/2168 
f 2168/2168/2168 2169/2169/2169 2170/2170/2170 
f 2169/2169/2169 2170/2170/2170 2170/2170/2170 
f 2170/2170/2170 2170/2170/2170 2171/2171/2171 
f 2170/2170/2170 2171/2171/2171 2171/2171/2171 
f 2171/2171/2171 2171/2171/2171 2172/2172/2172 
f 2171/2171/2171 2173/2173/2173 2172/2172/2172 
f 2172/2172/2172 2173/2173/2173 2174/2174/2174 
f 2173/2173/2173 2174/2174/2174 2174/2174/2174 
f 2174/2174/2174 2174/2174/2174 2175/2175/2175 
f 2174/2174/2174 2175/2175/2175 2175/2175/2175 
f 2175/2175/2175 2175/2175/2175 2176/2176/2176 
f 2175/2175/2175 2177/2177/2177 2176/2176/2176 
f 2176/2176/2176 2177/2177/2177 2178/2178/2178 
f 2177/2177/2177 2178/2178/2178 2178/2178/2178 
f 2178/2178/2178 2178/2178/2178 2179/2179/2179 
f 2178/2178/2178 2179/2179/2179 2179/2179/2179 
f 2179/2179/2179 2179/2179/2179 2180/2180/2180 
f 2179/2179/2179 2181/2181/2181 2180/2180/2180 
f 2180/2180/2180 2181/2181/2181 2182/2182/2182 
f 2181/2181/2181 2182/2182/2182 2182/2182/2182 
f 2182/2182/2182 2182/2182/2182 2183/2183/2183 
f 2182/2182/2182 2183/2183/2183 2183/2183/2183 
f 2183/2183/2183 2183/2183/2183 2184/2184/2184 
f 2183/2183/2183 2185/2185/2185 2184/2184/2184 
f 2184/2184/2184 2185/2185/2185 2186/2186/2186 
f 2185/2185/2185 2186/2186/2186 2186/2186/2186 
f 2186/2186/2186 2186/2186/2186 2187/2187/2187 
f 2186/2186/2186 2187/2187/2187 2187/2187/2187 
f 2187/2187/2187 2187/2187/2187 2188/2188/2188 
f 2187/2187/2187 2189/2189/2189 2188/2188/2188 
f 2188/2188/2188 2189/2189/2189 2190/2190/2190 
f 2189/2189/2189 2190/2190/2190 2190/2190/2190 
f 2190/2190/2190 2190/2190/2190 2191/2191/2191 
f 2190/2190/2190 2191/2191/2191 2191/2191/2191 
f 2191/2191/2191 2191/2191/2191 2192/2192/2192 
f 2191/2191/2191 2193/2193/2193 2192/2192/2192 
f 2192/2192/2192 2193/2193/2193 2194/2194/2194 
f 2193/2193/2193 2194/2194/2194 2194/2194/2194 
f 2194/2194/2194 2194/2194/2194 2195/2195/2195 
f 2194/2194/2194 2195/2195/2195 2195/2195/2195 
f 2195/2195/2195 2195/2195/2195 2196/2196/2196 
f 2195/2195/2195 2197/2197/2197 2196/2196/2196 
f 2196/2196/2196 2197/2197/2197 2198/2198/2198 
f 2197/2197/2197 2198/2198/2198 2198/2198/2198 
f 2198/2198/2198 2198/2198/2198 2199/2199/2199 
f 2198/2198/2198 2199/2199/2199 2199/2199/2199 
f 2199/2199/2199 2199/2199/2199 2200/2200/2200 
f 2199/2199/2199 2201/2201/2201 2200/2200/2200 
f 2200/2200/2200 2201/2201/2201 2202/2202/2202 
f 2201/2201/2201 2202/2202/2202 2202/2202/2202 
f 2202/2202/2202 2202/2202/2202 2203/2203/2203 
f 2202/2202/2202 2203/2203/2203 2203/2203/2203 
f 2203/2203/2203 2203/2203/2203 2204/2204/2204 
f 2203/2203/2203 2205/2205/2205 2204/2204/2204 
f 2204/2204/2204 2205/2205/2205 2206/2206/2206 
f 2205/2205/2205 2206/2206/2206 2206/2206/2206 
f 2206/2206/2206 2206/2206/2206 2207/2207/2207 
f 2206/2206/2206 2207/2207/2207 2207/2207/2207 
f 2207/2207/2207 2207/2207/2207 2208/2208/2208 
f 2207/2207/2207 2209/2209/2209 2208/2208/2208 
f 2208/2208/2208 2209/2209/2209 2210/2210/2210 
f 2209/2209/2209 2210/2210/2210 2210/2210/2210 
f 2210/2210/2210 2210/2210/2210 2211/2211/2211 
f 2210/2210/2210 2211/2211/2211 2211/2211/2211 
f 2211/2211/2211 2211/2211/2211 2212/2212/2212 
f 2211/2211/2211 2213/2213/2213 2212/2212/2212 
f 2212/2212/2212 2213/2213/2213 2214/2214/2214 
f 2213/2213/2213 2214/2214/2214 2214/2214/2214 
f 2214/2214/2214 2214/2214/2214 2215/2215/2215 
f 2214/2214/2214 2215/2215/2215 2215/2215/2215 
f 2215/2215/2215 2215/2215/2215 2216/2216/2216 
f 2215/2215/2215 2217/2217/2217 2216/2216/2216 
f 2216/2216/2216 2217/2217/2217 2218/2218/2218 
f 2217/2217/2217 2218/2218/2218 2218/2218/2218 
f 2218/2218/2218 2218/2218/2218 2219/2219/2219 
f 2218/2218/2218 2219/2219/2219 2219/2219/2219 
f 2219/2219/2219 2219/2219/2219 2220/2220/2220 
f 2219/2219/2219 2221/2221/2221 2220/2220/2220 
f 2220/2220/2220 2221/2221/2221 2222/2222/2222 
f 2221/2221/2221 2222/2222/2222 2222/2222/2222 
f 2222/2222/2222 2222/2222/2222 2223/2223/2223 
f 2222/2222/2222 2223/2223/2223 2223/2223/2223 
f 2223/2223/2223 2223/2223/2223 2224/2224/2224 
f 2223/2223/2223 2225/2225/2225 2224/2224/2224 
f 2224/2224/2224 2225/2225/2225 2226/2226/2226 
f 2225/2225/2225 2226/2226/2226 2226/2226/2226 
f 2226/2226/2226 2226/2226/2226 2227/2227/2227 
f 2226/2226/2226 2227/2227/2227 2227/2227/2227 
f 2227/2227/2227 2227/2227/2227 2228/2228/2228 
f 2227/2227/2227 2229/2229/2229 2228/2228/2228 
f 2228/2228/2228 2229/2229/2229 2230/2230/2230 
f 2229/2229/2229 2230/2230/2230 2230/2230/2230 
f 2230/2230/2230 2230/2230/2230 2231/2231/2231 
f 2230/2230/2230 2231/2231/2231 2231/2231/2231 
f 2231/2231/2231 2231/2231/2231 2232/2232/2232 
f 2231/2231/2231 2233/2233/2233 2232/2232/2232 
f 2232/2232/2232 2233/2233/2233 2234/2234/2234 
f 2233/2233/2233 2234/2234/2234 2234/2234/2234 
f 2234/2234/2234 2234/2234/2234 2235/2235/2235 
f 2234/2234/2234 2235/2235/2235 2235/2235/2235 
f 2235/2235/2235 2235/2235/2235 2236/2236/2236 
f 2235/2235/2235 2237/2237/2237 2236/2236/2236 
f 2236/2236/2236 2237/2237/2237 2238/2238/2238 
f 2237/2237/2237 2238/2238/2238 2238/2238/2238 
f 2238/2238/2238 2238/2238/2238 2239/2239/2239 
f 2238/2238/2238 2239/2239/2239 2239/2239/2239 
f 2239/2239/2239 2239/2239/2239 2240/2240/2240 
f 2239/2239/2239 2241/2241/2241 2240/2240/2240 
f 2240/2240/2240 2241/2241/2241 2242/2242/2242 
f 2241/2241/2241 2242/2242/2242 2242/2242/2242 
f 2242/2242/2242 2242/2242/2242 2243/2243/2243 
f 2242/2242/2242 2243/2243/2243 2243/2243/2243 
f 2243/2243/2243 2243/2243/2243 2244/2244/2244 
f 2243/2243/2243 2245/2245/2245 2244/2244/2244 
f 2244/2244/2244 2245/2245/2245 2246/2246/2246 
f 2245/2245/2245 2246/2246/2246 2246/2246/2246 
f 2246/2246/2246 2246/2246/2246 2247/2247/2247 
f 2246/2246/2246 2247/2247/2247 2247/2247/2247 
f 2247/2247/2247 2247/2247/2247 2248/2248/2248 
f 2247/2247/2247 2249/2249/2249 2248/2248/2248 
f 2248/2248/2248 2249/2249/2249 2250/2250/2250 
f 2249/2249/2249 2250/2250/2250 2250/2250/2250 
f 2250/2250/2250 2250/2250/2250 2251/2251/2251 
f 2250/2250/2250 2251/2251/2251 2251/2251/2251 
f 2251/2251/2251 2251/2251/2251 2252/2252/2252 
f 2251/2251/2251 2253/2253/2253 2252/2252/2252 
f 2252/2252/2252 2253/2253/2253 2254/2254/2254 
f 2253/2253/2253 2254/2254/2254 2254/2254/2254 
f 2254/2254/2254 2254/2254/2254 2255/2255/2255 
f 2254/2254/2254 2255/2255/2255 2255/2255/2255 
f 2255/2255/2255 2255/2255/2255 2256/2256/2256 
f 2255/2255/2255 2257/2257/2257 2256/2256/2256 
f 2256/2256/2256 2257/2257/2257 2258/2258/2258 
f 2257/2257/2257 2258/2258/2258 2258/2258/2258 
f 2258/2258/2258 2258/2258/2258 2259/2259/2259 
f 2258/2258/2258 2259/2259/2259 2259/2259/2259 
f 2259/2259/2259 2259/2259/2259 2260/2260/2260 
f 2259/2259/2259 2261/2261/2261 2260/2260/2260 
f 2260/2260/2260 2261/2261/2261 2262/2262/2262 
f 2261/2261/2261 2262/2262/2262 2262/2262/2262 
f 2262/2262/2262 2262/2262/2262 2263/2263/2263 
f 2262/2262/2262 2263/2263/2263 2263/2263/2263 
f 2263/2263/2263 2263/2263/2263 2264/2264/2264 
f 2263/2263/2263 2265/2265/2265 2264/2264/2264 
f 2264/2264/2264 2265/2265/2265 2266/2266/2266 
f 2265/2265/2265 2266/2266/2266 2266/2266/2266 
f 2266/2266/2266 2266/2266/2266 2267/2267/2267 
f 2266/2266/2266 2267/2267/2267 2267/2267/2267 
f 2267/2267/2267 2267/2267/2267 2268/2268/2268 
f 2267/2267/2267 2269/2269/2269 2268/2268/2268 
f 2268/2268/2268 2269/2269/2269 2270/2270/2270 
f 2269/2269/2269 2270/2270/2270 2270/2270/2270 
f 2270/2270/2270 2270/2270/2270 2271/2271/2271 
f 2270/2270/2270 2271/2271/2271 2271/2271/2271 
f 2271/2271/2271 2271/2271/2271 2272/2272/2272 
f 2271/2271/2271 2273/2273/2273 2272/2272/2272 
f 2272/2272/2272 2273/2273/2273 2274/2274/2274 
f 2273/2273/2273 2274/2274/2274 2274/2274/2274 
f 2274/2274/2274 2274/2274/2274 2275/2275/2275 
f 2274/2274/2274 2275/2275/2275 2275/2275/2275 
f 2275/2275/2275 2275/2275/2275 2276/2276/2276 
f 2275/2275/2275 2277/2277/2277 2276/2276/2276 
f 2276/2276/2276 2277/2277/2277 2278/2278/2278 
f 2277/2277/2277 2278/2278/2278 2278/2278/2278 
f 2278/2278/2278 2278/2278/2278 2279/2279/2279 
f 2278/2278/2278 2279/2279/2279 2279/2279/2279 
f 2279/2279/2279 2279/2279/2279 2280/2280/2280 
f 2279/2279/2279 2281/2281/2281 2280/2280/2280 
f 2280/2280/2280 2281/2281/2281 2282/2282/2282 
f 2281/2281/2281 2282/2282/2282 2282/2282/2282 
f 2282/2282/2282 2282/2282/2282 2283/2283/2283 
f 2282/2282/2282 2283/2283/2283 2283/2283/2283 
f 2283/2283/2283 2283/2283/2283 2284/2284/2284 
f 2283/2283/2283 2285/2285/2285 2284/2284/2284 
f 2284/2284/2284 2285/2285/2285 2286/2286/2286 
f 2285/2285/2285 2286/2286/2286 2286/2286/2286 
f 2286/2286/2286 2286/2286/2286 2287/2287/2287 
f 2286/2286/2286 2287/2287/2287 2287/2287/2287 
f 2287/2287/2287 2287/2287/2287 2288/2288/2288 
f 2287/2287/2287 2289/2289/2289 2288/2288/2288 
f 2288/2288/2288 2289/2289/2289 2290/2290/2290 
f 2289/2289/2289 2290/2290/2290 2290/2290/2290 
f 2290/2290/2290 2290/2290/2290 2291/2291/2291 
f 2290/2290/2290 2291/2291/2291 2291/2291/2291 
f 2291/2291/2291 2291/2291/2291 2292/2292/2292 
f 2291/2291/2291 2293/2293/2293 2292/2292/2292 
f 2292/2292/2292 2293/2293/2293 2294/2294/2294 
f 2293/2293/2293 2294/2294/2294 2294/2294/2294 
f 2294/2294/2294 2294/2294/2294 2295/2295/2295 
f 2294/2294/2294 2295/2295/2295 2295/2295/2295 
f 2295/2295/2295 2295/2295/2295 2296/2296/2296 
f 2295/2295/2295 2297/2297/2297 2296/2296/2296 
f 2296/2296/2296 2297/2297/2297 2298/2298/2298 
f 2297/2297/2297 2298/2298/2298 2298/2298/2298 
f 2298/2298/2298 2298/2298/2298 2299/2299/2299 
f 2298/2298/2298 2299/2299/2299 2299/2299/2299 
f 2299/2299/2299 2299/2299/2299 2300/2300/2300 
f 2299/2299/2299 2301/2301/2301 2300/2300/2300 
f 2300/2300/2300 2301/2301/2301 2302/2302/2302 
f 2301/2301/2301 2302/2302/2302 2302/2302/2302 
f 2302/2302/2302 2302/2302/2302 2303/2303/2303 
f 2302/2302/2302 2303/2303/2303 2303/2303/2303 
f 2303/2303/2303 2303/2303/2303 2304/2304/2304 
f 2303/2303/2303 2305/2305/2305 2304/2304/2304 
f 2304/2304/2304 2305/2305/2305 2306/2306/2306 
f 2305/2305/2305 2306/2306/2306 2306/2306/2306 
f 2306/2306/2306 2306/2306/2306 2307/2307/2307 
f 2306/2306/2306 2307/2307/2307 2307/2307/2307 
f 2307/2307/2307 2307/2307/2307 2308/2308/2308 
f 2307/2307/2307 2309/2309/2309 2308/2308/2308 
f 2308/2308/2308 2309/2309/2309 2310/2310/2310 
f 2309/2309/2309 2310/2310/2310 2310/2310/2310 
f 2310/2310/2310 2310/2310/2310 2311/2311/2311 
f 2310/2310/2310 2311/2311/2311 2311/2311/2311 
f 2311/2311/2311 2311/2311/2311 2312/2312/2312 
f 2311/2311/2311 2313/2313/2313 2312/2312/2312 
f 2312/2312/2312 2313/2313/2313 2314/2314/2314 
f 2313/2313/2313 2314/2314/2314 2314/2314/2314 
f 2314/2314/2314 2314/2314/2314 2315/2315/2315 
f 2314/2314/2314 2315/2315/2315 2315/2315/2315 
f 2315/2315/2315 2315/2315/2315 2316/2316/2316 
f 2315/2315/2315 2317/2317/2317 2316/2316/2316 
f 2316/2316/2316 2317/2317/2317 2318/2318/2318 
f 2317/2317/2317 2318/2318/2318 2318/2318/2318 
f 2318/2318/2318 2318/2318/2318 2319/2319/2319 
f 2318/2318/2318 2319/2319/2319 2319/2319/2319 
f 2319/2319/2319 2319/2319/2319 2320/2320/2320 
f 2319/2319/2319 2321/2321/2321 2320/2320/2320 
f 2320/2320/2320 2321/2321/2321 2322/2322/2322 
f 2321/2321/2321 2322/2322/2322 2322/2322/2322 
f 2322/2322/2322 2322/2322/2322 2323/2323/2323 
f 2322/2322/2322 2323/2323/2323 2323/2323/2323 
f 2323/2323/2323 2323/2323/2323 2324/2324/2324 
f 2323/2323/2323 2325/2325/2325 2324/2324/2324 
f 2324/2324/2324 2325/2325/2325 2326/2326/2326 
f 2325/2325/2325 2326/2326/2326 2326/2326/2326 
f 2326/2326/2326 2326/2326/2326 2327/2327/2327 
f 2326/2326/2326 2327/2327/2327 2327/2327/2327 
f 2327/2327/2327 2327/2327/2327 2328/2328/2328 
f 2327/2327/2327 2329/2329/2329 2328/2328/2328 
f 2328/2328/2328 2329/2329/2329 2330/2330/2330 
f 2329/2329/2329 2330/2330/2330 2330/2330/2330 
f 2330/2330/2330 2330/2330/2330 2331/2331/2331 
f 2330/2330/2330 2331/2331/2331 2331/2331/2331 
f 2331/2331/2331 2331/2331/2331 2332/2332/2332 
f 2331/2331/2331 2333/2333/2333 2332/2332/2332 
f 2332/2332/2332 2333/2333/2333 2334/2334/2334 
f 2333/2333/2333 2334/2334/2334 2334/2334/2334 
f 2334/2334/2334 2334/2334/2334 2335/2335/2335 
f 2334/2334/2334 2335/2335/2335 2335/2335/2335 
f 2335/2335/2335 2335/2335/2335 2336/2336/2336 
f 2335/2335/2335 2337/2337/2337 2336/2336/2336 
f 2336/2336/2336 2337/2337/2337 2338/2338/2338 
f 2337/2337/2337 2338/2338/2338 2338/2338/2338 
f 2338/2338/2338 2338/2338/2338 2339/2339/2339 
f 2338/2338/2338 2339/2339/2339 2339/2339/2339 
f 2339/2339/2339 2339/2339/2339 2340/2340/2340 
f 2339/2339/2339 2341/2341/2341 2340/2340/2340 
f 2340/2340/2340 2341/2341/2341 2342/2342/2342 
f 2341/2341/2341 2342/2342/2342 2342/2342/2342 
f 2342/2342/2342 2342/2342/2342 2343/2343/2343 
f 2342/2342/2342 2343/2343/2343 2343/2343/2343 
f 2343/2343/2343 2343/2343/2343 2344/2344/2344 
f 2343/2343/2343 2345/2345/2345 2344/2344/2344 
f 2344/2344/2344 2345/2345/2345 2346/2346/2346 
f 2345/2345/2345 2346/2346/2346 2346/2346/2346 
f 2346/2346/2346 2346/2346/2346 2347/2347/2347 
f 2346/2346/2346 2347/2347/2347 2347/2347/2347 
f 2347/2347/2347 2347/2347/2347 2348/2348/2348 
f 2347/2347/2347 2349/2349/2349 2348/2348/2348 
f 2348/2348/2348 2349/2349/2349 2350/2350/2350 
f 2349/2349/2349 2350/2350/2350 2350/2350/2350 
f 2350/2350/2350 2350/2350/2350 2351/2351/2351 
f 2350/2350/2350 2351/2351/2351 2351/2351/2351 
f 2351/2351/2351 2351/2351/2351 2352/2352/2352 
f 2351/2351/2351 2353/2353/2353 2352/2352/2352 
f 2352/2352/2352 2353/2353/2353 2354/2354/2354 
f 2353/2353/2353 2354/2354/2354 2354/2354/2354 
f 2354/2354/2354 2354/2354/2354 2355/2355/2355 
f 2354/2354/2354 2355/2355/2355 2355/2355/2355 
f 2355/2355/2355 2355/2355/2355 2356/2356/2356 
f 2355/2355/2355 2357/2357/2357 2356/2356/2356 
f 2356/2356/2356 2357/2357/2357 2358/2358/2358 
f 2357/2357/2357 2358/2358/2358 2358/2358/2358 
f 2358/2358/2358 2358/2358/2358 2359/2359/2359 
f 2358/2358/2358 2359/2359/2359 2359/2359/2359 
f 2359/2359/2359 2359/2359/2359 2360/2360/2360 
f 2359/2359/2359 2361/2361/2361 2360/2360/2360 
f 2360/2360/2360 2361/2361/2361 2362/2362/2362 
f 2361/2361/2361 2362/2362/2362 2362/2362/2362 
f 2362/2362/2362 2362/2362/2362 2363/2363/2363 
f 2362/2362/2362 2363/2363/2363 2363/2363/2363 
f 2363/2363/2363 2363/2363/2363 2364/2364/2364 
f 2363/2363/2363 2365/2365/2365 2364/2364/2364 
f 2364/2364/2364 2365/2365/2365 2366/2366/2366 
f 2365/2365/2365 2366/2366/2366 2366/2366/2366 
f 2366/2366/2366 2366/2366/2366 2367/2367/2367 
f 2366/2366/2366 2367/2367/2367 2367/2367/2367 
f 2367/2367/2367 2367/2367/2367 2368/2368/2368 
f 2367/2367/2367 2369/2369/2369 2368/2368/2368 
f 2368/2368/2368 2369/2369/2369 2370/2370/2370 
f 2369/2369/2369 2370/2370/2370 2370/2370/2370 
f 2370/2370/2370 2370/2370/2370 2371/2371/2371 
f 2370/2370/2370 2371/2371/2371 2371/2371/2371 
f 2371/2371/2371 2371/2371/2371 2372/2372/2372 
f 2371/2371/2371 2373/2373/2373 2372/2372/2372 
f 2372/2372/2372 2373/2373/2373 2374/2374/2374 
f 2373/2373/2373 2374/2374/2374 2374/2374/2374 
f 2374/2374/2374 2374/2374/2374 2375/2375/2375 
f 2374/2374/2374 2375/2375/2375 2375/2375/2375 
f 2375/2375/2375 2375/2375/2375 2376/2376/2376 
f 2375/2375/2375 2377/2377/2377 2376/2376/2376 
f 2376/2376/2376 2377/2377/2377 2378/2378/2378 
f 2377/2377/2377 2378/2378/2378 2378/2378/2378 
f 2378/2378/2378 2378/2378/2378 2379/2379/2379 
f 2378/2378/2378 2379/2379/2379 2379/2379/2379 
f 2379/2379/2379 2379/2379/2379 2380/2380/2380 
f 2379/2379/2379 2381/2381/2381 2380/2380/2380 
f 2380/2380/2380 2381/2381/2381 2382/2382/2382 
f 2381/2381/2381 2382/2382/2382 2382/2382/2382 
f 2382/2382/2382 2382/2382/2382 2383/2383/2383 
f 2382/2382/2382 2383/2383/2383 2383/2383/2383 
f 2383/2383/2383 2383/2383/2383 2384/2384/2384 
f 2383/2383/2383 2385/2385/2385 2384/2384/2384 
f 2384/2384/2384 2385/2385/2385 2386/2386/2386 
f 2385/2385/2385 2386/2386/2386 2386/2386/2386 
f 2386/2386/2386 2386/2386/2386 2387/2387/2387 
f 2386/2386/2386 2387/2387/2387 2387/2387/2387 
f 2387/2387/2387 2387/2387/2387 2388/2388/2388 
f 2387/2387/2387 2389/2389/2389 2388/2388/2388 
f 2388/2388/2388 2389/2389/2389 2390/2390/2390 
f 2389/2389/2389 2390/2390/2390 2390/2390/2390 
f 2390/2390/2390 2390/2390/2390 2391/2391/2391 
f 2390/2390/2390 2391/2391/2391 2391/2391/2391 
f 2391/2391/2391 2391/2391/2391 2392/2392/2392 
f 2391/2391/2391 2393/2393/2393 2392/2392/2392 
f 2392/2392/2392 2393/2393/2393 2394/2394/2394 
f 2393/2393/2393 2394/2394/2394 2394/2394/2394 
f 2394/2394/2394 2394/2394/2394 2395/2395/2395 
f 2394/2394/2394 2395/2395/2395 2395/2395/2395 
f 2395/2395/2395 2395/2395/2395 2396/2396/2396 
f 2395/2395/2395 2397/2397/2397 2396/2396/2396 
f 2396/2396/2396 2397/2397/2397 2398/2398/2398 
f 2397/2397/2397 2398/2398/2398 2398/2398/2398 
f 2398/2398/2398 2398/2398/2398 2399/2399/2399 
f 2398/2398/2398 2399/2399/2399 2399/2399/2399 
f 2399/2399/2399 2399/2399/2399 2400/2400/2400 
f 2399/2399/2399 2401/2401/2401 2400/2400/2400 
f 2400/2400/2400 2401/2401/2401 2402/2402/2402 
f 2401/2401/2401 2402/2402/2402 2402/2402/2402 
f 2402/2402/2402 2402/2402/2402 2403/2403/2403 
f 2402/2402/2402 2403/2403/2403 2403/2403/2403 
f 2403/2403/2403 2403/2403/2403 2404/2404/2404 
f 2403/2403/2403 2405/2405/2405 2404/2404/2404 
f 2404/2404/2404 2405/2405/2405 2406/2406/2406 
f 2405/2405/2405 2406/2406/2406 2406/2406/2406 
f 2406/2406/2406 2406/2406/2406 2407/2407/2407 
f 2406/2406/2406 2407/2407/2407 2407/2407/2407 
f 2407/2407/2407 2407/2407/2407 2408/2408/2408 
f 2407/2407/2407 2409/2409/2409 2408/2408/2408 
f 2408/2408/2408 2409/2409/2409 2410/2410/2410 
f 2409/2409/2409 2410/2410/2410 2410/2410/2410 
f 2410/2410/2410 2410/2410/2410 2411/2411/2411 
f 2410/2410/2410 2411/2411/2411 2411/2411/2411 
f 2411/2411/2411 2411/2411/2411 2412/2412/2412 
f 2411/2411/2411 2413/2413/2413 2412/2412/2412 
f 2412/2412/2412 2413/2413/2413 2414/2414/2414 
f 2413/2413/2413 2414/2414/2414 2414/2414/2414 
f 2414/2414/2414 2414/2414/2414 2415/2415/2415 
f 2414/2414/2414 2415/2415/2415 2415/2415/2415 
f 2415/2415/2415 2415/2415/2415 2416/2416/2416 
f 2415/2415/2415 2417/2417/2417 2416/2416/2416 
f 2416/2416/2416 2417/2417/2417 2418/2418/2418 
f 2417/2417/2417 2418/2418/2418 2418/2418/2418 
f 2418/2418/2418 2418/2418/2418 2419/2419/2419 
f 2418/2418/2418 2419/2419/2419 2419/2419/2419 
f 2419/2419/2419 2419/2419/2419 2420/2420/2420 
f 2419/2419/2419 2421/2421/2421 2420/2420/2420 
f 2420/2420/2420 2421/2421/2421 2422/2422/2422 
f 2421/2421/2421 2422/2422/2422 2422/2422/2422 
f 2422/2422/2422 2422/2422/2422 2423/2423/2423 
f 2422/2422/2422 2423/2423/2423 2423/2423/2423 
f 2423/2423/2423 2423/2423/2423 2424/2424/2424 
f 2423/2423/2423 2425/2425/2425 2424/2424/2424 
f 2424/2424/2424 2425/2425/2425 2426/2426/2426 
f 2425/2425/2425 2426/2426/2426 2426/2426/2426 
f 2426/2426/2426 2426/2426/2426 2427/2427/2427 
f 2426/2426/2426 2427/2427/2427 2427/2427/2427 
f 2427/2427/2427 2427/2427/2427 2428/2428/2428 
f 2427/2427/2427 2429/2429/2429 2428/2428/2428 
f 2428/2428/2428 2429/2429/2429 2430/2430/2430 
f 2429/2429/2429 2430/2430/2430 2430/2430/2430 
f 2430/2430/2430 2430/2430/2430 2431/2431/2431 
f 2430/2430/2430 2431/2431/2431 2431/2431/2431 
f 2431/2431/2431 2431/2431/2431 2432/2432/2432 
f 2431/2431/2431 2433/2433/2433 2432/2432/2432 
f 2432/2432/2432 2433/2433/2433 2434/2434/2434 
f 2433/2433/2433 2434/2434/2434 2434/2434/2434 
f 2434/2434/2434 2434/2434/2434 2435/2435/2435 
f 2434/2434/2434 2435/2435/2435 2435/2435/2435 
f 2435/2435/2435 2435/2435/2435 2436/2436/2436 
f 2435/2435/2435 2437/2437/2437 2436/2436/2436 
f 2436/2436/2436 2437/2437/2437 2438/2438/2438 
f 2437/2437/2437 2438/2438/2438 2438/2438/2438 
f 2438/2438/2438 2438/2438/2438 2439/2439/2439 
f 2438/2438/2438 2439/2439/2439 2439/2439/2439 
f 2439/2439/2439 2439/2439/2439 2440/2440/2440 
f 2439/2439/2439 2441/2441/2441 2440/2440/2440 
f 2440/2440/2440 2441/2441/2441 2442/2442/2442 
f 2441/2441/2441 2442/2442/2442 2442/2442/2442 
f 2442/2442/2442 2442/2442/2442 2443/2443/2443 
f 2442/2442/2442 2443/2443/2443 2443/2443/2443 
f 2443/2443/2443 2443/2443/2443 2444/2444/2444 
f 2443/2443/2443 2445/2445/2445 2444/2444/2444 
f 2444/2444/2444 2445/2445/2445 2446/2446/2446 
f 2445/2445/2445 2446/2446/2446 2446/2446/2446 
f 2446/2446/2446 2446/2446/2446 2447/2447/2447 
f 2446/2446/2446 2447/2447/2447 2447/2447/2447 
f 2447/2447/2447 2447/2447/2447 2448/2448/2448 
f 2447/2447/2447 2449/2449/2449 2448/2448/2448 
f 2448/2448/2448 2449/2449/2449 2450/2450/2450 
f 2449/2449/2449 2450/2450/2450 2450/2450/2450 
f 2450/2450/2450 2450/2450/2450 2451/2451/2451 
f 2450/2450/2450 2451/2451/2451 2451/2451/2451 
f 2451/2451/2451 2451/2451/2451 2452/2452/2452 
f 2451/2451/2451 2453/2453/2453 2452/2452/2452 
f 2452/2452/2452 2453/2453/2453 2454/2454/2454 
f 2453/2453/2453 2454/2454/2454 2454/2454/2454 
f 2454/2454/2454 2454/2454/2454 2455/2455/2455 
f 2454/2454/2454 2455/2455/2455 2455/2455/2455 
f 2455/2455/2455 2455/2455/2455 2456/2456/2456 
f 2455/2455/2455 2457/2457/2457 2456/2456/2456 
f 2456/2456/2456 2457/2457/2457 2458/2458/2458 
f 2457/2457/2457 2458/2458/2458 2458/2458/2458 
f 2458/2458/2458 2458/2458/2458 2459/2459/2459 
f 2458/2458/2458 2459/2459/2459 2459/2459/2459 
f 2459/2459/2459 2459/2459/2459 2460/2460/2460 
f 2459/2459/2459 2461/2461/2461 2460/2460/2460 
f 2460/2460/2460 2461/2461/2461 2462/2462/2462 
f 2461/2461/2461 2462/2462/2462 2462/2462/2462 
f 2462/2462/2462 2462/2462/2462 2463/2463/2463 
f 2462/2462/2462 2463/2463/2463 2463/2463/2463 
f 2463/2463/2463 2463/2463/2463 2464/2464/2464 
f 2463/2463/2463 2465/2465/2465 2464/2464/2464 
f 2464/2464/2464 2465/2465/2465 2466/2466/2466 
f 2465/2465/2465 2466/2466/2466 2466/2466/2466 
f 2466/2466/2466 2466/2466/2466 2467/2467/2467 
f 2466/2466/2466 2467/2467/2467 2467/2467/2467 
f 2467/2467/2467 2467/2467/2467 2468/2468/2468 
f 2467/2467/2467 2469/2469/2469 2468/2468/2468 
f 2468/2468/2468 2469/2469/2469 2470/2470/2470 
f 2469/2469/2469 2470/2470/2470 2470/2470/2470 
f 2470/2470/2470 2470/2470/2470 2471/2471/2471 
f 2470/2470/2470 2471/2471/2471 2471/2471/2471 
f 2471/2471/2471 2471/2471/2471 2472/2472/2472 
f 2471/2471/2471 2473/2473/2473 2472/2472/2472 
f 2472/2472/2472 2473/2473/2473 2474/2474/2474 
f 2473/2473/2473 2474/2474/2474 2474/2474/2474 
f 2474/2474/2474 2474/2474/2474 2475/2475/2475 
f 2474/2474/2474 2475/2475/2475 2475/2475/2475 
f 2475/2475/2475 2475/2475/2475 2476/2476/2476 
f 2475/2475/2475 2477/2477/2477 2476/2476/2476 
f 2476/2476/2476 2477/2477/2477 2478/2478/2478 
f 2477/2477/2477 2478/2478/2478 2478/2478/2478 
f 2478/2478/2478 2478/2478/2478 2479/2479/2479 
f 2478/2478/2478 2479/2479/2479 2479/2479/2479 
f 2479/2479/2479 2479/2479/2479 2480/2480/2480 
f 2479/2479/2479 2481/2481/2481 2480/2480/2480 
f 2480/2480/2480 2481/2481/2481 2482/2482/2482 
f 2481/2481/2481 2482/2482/2482 2482/2482/2482 
f 2482/2482/2482 2482/2482/2482 2483/2483/2483 
f 2482/2482/2482 2483/2483/2483 2483/2483/2483 
f 2483/2483/2483 2483/2483/2483 2484/2484/2484 
f 2483/2483/2483 2485/2485/2485 2484/2484/2484 
f 2484/2484/2484 2485/2485/2485 2486/2486/2486 
f 2485/2485/2485 2486/2486/2486 2486/2486/2486 
f 2486/2486/2486 2486/2486/2486 2487/2487/2487 
f 2486/2486/2486 2487/2487/2487 2487/2487/2487 
f 2487/2487/2487 2487/2487/2487 2488/2488/2488 
f 2487/2487/2487 2489/2489/2489 2488/2488/2488 
f 2488/2488/2488 2489/2489/2489 2490/2490/2490 
f 2489/2489/2489 2490/2490/2490 2490/2490/2490 
f 2490/2490/2490 2490/2490/2490 2491/2491/2491 
f 2490/2490/2490 2491/2491/2491 2491/2491/2491 
f 2491/2491/2491 2491/2491/2491 2492/2492/2492 
f 2491/2491/2491 2493/2493/2493 2492/2492/2492 
f 2492/2492/2492 2493/2493/2493 2494/2494/2494 
f 2493/2493/2493 2494/2494/2494 2494/2494/2494 
f 2494/2494/2494 2494/2494/2494 2495/2495/2495 
f 2494/2494/2494 2495/2495/2495 2495/2495/2495 
f 2495/2495/2495 2495/2495/2495 2496/2496/2496 
f 2495/2495/2495 2497/2497/2497 2496/2496/2496 
f 2496/2496/2496 2497/2497/2497 2498/2498/2498 
f 2497/2497/2497 2498/2498/2498 2498/2498/2498 
f 2498/2498/2498 2498/2498/2498 2499/2499/2499 
f 2498/2498/2498 2499/2499/2499 2499/2499/2499 
f 2499/2499/2499 2499/2499/2499 2500/2500/2500 
f 2499/2499/2499 2501/2501/2501 2500/2500/2500 
f 2500/2500/2500 2501/2501/2501 2502/2502/2502 
f 2501/2501/2501 2502/2502/2502 2502/2502/2502 
f 2502/2502/2502 2502/2502/2502 2503/2503/2503 
f 2502/2502/2502 2503/2503/2503 2503/2503/2503 
f 2503/2503/2503 2503/2503/2503 2504/2504/2504 
f 2503/2503/2503 2505/2505/2505 2504/2504/2504 
f 2504/2504/2504 2505/2505/2505 2506/2506/2506 
f 2505/2505/2505 2506/2506/2506 2506/2506/2506 
f 2506/2506/2506 2506/2506/2506 2507/2507/2507 
f 2506/2506/2506 2507/2507/2507 2507/2507/2507 
f 2507/2507/2507 2507/2507/2507 2508/2508/2508 
f 2507/2507/2507 2509/2509/2509 2508/2508/2508 
f 2508/2508/2508 2509/2509/2509 2510/2510/2510 
f 2509/2509/2509 2510/2510/2510 2510/2510/2510 
f 2510/2510/2510 2510/2510/2510 2511/2511/2511 
f 2510/2510/2510 2511/2511/2511 2511/2511/2511 
f 2511/2511/2511 2511/2511/2511 2512/2512/2512 
f 2511/2511/2511 2513/2513/2513 2512/2512/2512 
f 2512/2512/2512 2513/2513/2513 2514/2514/2514 
f 2513/2513/2513 2514/2514/2514 2514/2514/2514 
f 2514/2514/2514 2514/2514/2514 2515/2515/2515 
f 2514/2514/2514 2515/2515/2515 2515/2515/2515 
f 2515/2515/2515 2515/2515/2515 2516/2516/2516 
f 2515/2515/2515 2517/2517/2517 2516/2516/2516 
f 2516/2516/2516 2517/2517/2517 2518/2518/2518 
f 2517/2517/2517 2518/2518/2518 2518/2518/2518 
f 2518/2518/2518 2518/2518/2518 2519/2519/2519 
f 2518/2518/2518 2519/2519/2519 2519/2519/2519 
f 2519/2519/2519 2519/2519/2519 2520/2520/2520 
f 2519/2519/2519 2521/2521/2521 2520/2520/2520 
f 2520/2520/2520 2521/2521/2521 2522/2522/2522 
f 2521/2521/2521 2522/2522/2522 2522/2522/2522 
f 2522/2522/2522 2522/2522/2522 2523/2523/2523 
f 2522/2522/2522 2523/2523/2523 2523/2523/2523 
f 2523/2523/2523 2523/2523/2523 2524/2524/2524 
f 2523/2523/2523 2525/2525/2525 2524/2524/2524 
f 2524/2524/2524 2525/2525/2525 2526/2526/2526 
f 2525/2525/2525 2526/2526/2526 2526/2526/2526 
f 2526/2526/2526 2526/2526/2526 2527/2527/2527 
f 2526/2526/2526 2527/2527/2527 2527/2527/2527 
f 2527/2527/2527 2527/2527/2527 2528/2528/2528 
f 2527/2527/2527 2529/2529/2529 2528/2528/2528 
f 2528/2528/2528 2529/2529/2529 2530/2530/2530 
f 2529/2529/2529 2530/2530/2530 2530/2530/2530 
f 2530/2530/2530 2530/2530/2530 2531/2531/2531 
f 2530/2530/2530 2531/2531/2531 2531/2531/2531 
f 2531/2531/2531 2531/2531/2531 2532/2532/2532 
f 2531/2531/2531 2533/2533/2533 2532/2532/2532 
f 2532/2532/2532 2533/2533/2533 2534/2534/2534 
f 2533/2533/2533 2534/2534/2534 2534/2534/2534 
f 2534/2534/2534 2534/2534/2534 2535/2535/2535 
f 2534/2534/2534 2535/2535/2535 2535/2535/2535 
f 2535/2535/2535 2535/2535/2535 2536/2536/2536 
f 2535/2535/2535 2537/2537/2537 2536/2536/2536 
f 2536/2536/2536 2537/2537/2537 2538/2538/2538 
f 2537/2537/2537 2538/2538/2538 2538/2538/2538 
f 2538/2538/2538 2538/2538/2538 2539/2539/2539 
f 2538/2538/2538 2539/2539/2539 2539/2539/2539 
f 2539/2539/2539 2539/2539/2539 2540/2540/2540 
f 2539/2539/2539 2541/2541/2541 2540/2540/2540 
f 2540/2540/2540 2541/2541/2541 2542/2542/2542 
f 2541/2541/2541 2542/2542/2542 2542/2542/2542 
f 2542/2542/2542 2542/2542/2542 2543/2543/2543 
f 2542/2542/2542 2543/2543/2543 2543/2543/2543 
f 2543/2543/2543 2543/2543/2543 2544/2544/2544 
f 2543/2543/2543 2545/2545/2545 2544/2544/2544 
f 2544/2544/2544 2545/2545/2545 2546/2546/2546 
f 2545/2545/2545 2546/2546/2546 2546/2546/2546 
f 2546/2546/2546 2546/2546/2546 2547/2547/2547 
f 2546/2546/2546 2547/2547/2547 2547/2547/2547 
f 2547/2547/2547 2547/2547/2547 2548/2548/2548 
f 2547/2547/2547 2549/2549/2549 2548/2548/2548 
f 2548/2548/2548 2549/2549/2549 2550/2550/2550 
f 2549/2549/2549 2550/2550/2550 2550/2550/2550 
f 2550/2550/2550 2550/2550/2550 2551/2551/2551 
f 2550/2550/2550 2551/2551/2551 2551/2551/2551 
f 2551/2551/2551 2551/2551/2551 2552/2552/2552 
f 2551/2551/2551 2553/2553/2553 2552/2552/2552 
f 2552/2552/2552 2553/2553/2553 2554/2554/2554 
f 2553/2553/2553 2554/2554/2554 2554/2554/2554 
f 2554/2554/2554 2554/2554/2554 2555/2555/2555 
f 2554/2554/2554 2555/2555/2555 2555/2555/2555 
f 2555/2555/2555 2555/2555/2555 2556/2556/2556 
f 2555/2555/2555 2557/2557/2557 2556/2556/2556 
f 2556/2556/2556 2557/2557/2557 2558/2558/2558 
f 2557/2557/2557 2558/2558/2558 2558/2558/2558 
f 2558/2558/2558 2558/2558/2558 2559/2559/2559 
f 2558/2558/2558 2559/2559/2559 2559/2559/2559 
f 2559/2559/2559 2559/2559/2559 2560/2560/2560 
f 2559/2559/2559 2561/2561/2561 2560/2560/2560 
f 2560/2560/2560 2561/2561/2561 2562/2562/2562 
f 2561/2561/2561 2562/2562/2562 2562/2562/2562 
f 2562/2562/2562 2562/2562/2562 2563/2563/2563 
f 2562/2562/2562 2563/2563/2563 2563/2563/2563 
f 2563/2563/2563 2563/2563/2563 2564/2564/2564 
f 2563/2563/2563 2565/2565/2565 2564/2564/2564 
f 2564/2564/2564 2565/2565/2565 2566/2566/2566 
f 2565/2565/2565 2566/2566/2566 2566/2566/2566 
f 2566/2566/2566 2566/2566/2566 2567/2567/2567 
f 2566/2566/2566 2567/2567/2567 2567/2567/2567 
f 2567/2567/2567 2567/2567/2567 2568/2568/2568 
f 2567/2567/2567 2569/2569/2569 2568/2568/2568 
f 2568/2568/2568 2569/2569/2569 2570/2570/2570 
f 2569/2569/2569 2570/2570/2570 2570/2570/2570 
f 2570/2570/2570 2570/2570/2570 2571/2571/2571 
f 2570/2570/2570 2571/2571/2571 2571/2571/2571 
f 2571/2571/2571 2571/2571/2571 2572/2572/2572 
f 2571/2571/2571 2573/2573/2573 2572/2572/2572 
f 2572/2572/2572 2573/2573/2573 2574/2574/2574 
f 2573/2573/2573 2574/2574/2574 2574/2574/2574 
f 2574/2574/2574 2574/2574/2574 2575/2575/2575 
f 2574/2574/2574 2575/2575/2575 2575/2575/2575 
f 2575/2575/2575 2575/2575/2575 2576/2576/2576 
f 2575/2575/2575 2577/2577/2577 2576/2576/2576 
f 2576/2576/2576 2577/2577/2577 2578/2578/2578 
f 2577/2577/2577 2578/2578/2578 2578/2578/2578 
f 2578/2578/2578 2578/2578/2578 2579/2579/2579 
f 2578/2578/2578 2579/2579/2579 2579/2579/2579 
f 2579/2579/2579 2579/2579/2579 2580/2580/2580 
f 2579/2579/2579 2581/2581/2581 2580/2580/2580 
f 2580/2580/2580 2581/2581/2581 2582/2582/2582 
f 2581/2581/2581 2582/2582/2582 2582/2582/2582 
f 2582/2582/2582 2582/2582/2582 2583/2583/2583 
f 2582/2582/2582 2583/2583/2583 2583/2583/2583 
f 2583/2583/2583 2583/2583/2583 2584/2584/2584 
f 2583/2583/2583 2585/2585/2585 2584/2584/2584 
f 2584/2584/2584 2585/2585/2585 2586/2586/2586 
f 2585/2585/2585 2586/2586/2586 2586/2586/2586 
f 2586/2586/2586 2586/2586/2586 2587/2587/2587 
f 2586/2586/2586 2587/2587/2587 2587/2587/2587 
f 2587/2587/2587 2587/2587/2587 2588/2588/2588 
f 2587/2587/2587 2589/2589/2589 2588/2588/2588 
f 2588/2588/2588 2589/2589/2589 2590/2590/2590 
f 2589/2589/2589 2590/2590/2590 2590/2590/2590 
f 2590/2590/2590 2590/2590/2590 2591/2591/2591 
f 2590/2590/2590 2591/2591/2591 2591/2591/2591 
f 2591/2591/2591 2591/2591/2591 2592/2592/2592 
f 2591/2591/2591 2593/2593/2593 2592/2592/2592 
f 2592/2592/2592 2593/2593/2593 2594/2594/2594 
f 2593/2593/2593 2594/2594/2594 2594/2594/2594 
f 2594/2594/2594 2594/2594/2594 2595/2595/2595 
f 2594/2594/2594 2595/2595/2595 2595/2595/2595 
f 2595/2595/2595 2595/2595/2595 2596/2596/2596 
f 2595/2595/2595 2597/2597/2597 2596/2596/2596 
f 2596/2596/2596 2597/2597/2597 2598/2598/2598 
f 2597/2597/2597 2598/2598/2598 2598/2598/2598 
f 2598/2598/2598 2598/2598/2598 2599/2599/2599 
f 2598/2598/2598 2599/2599/2599 2599/2599/2599 
f 2599/2599/2599 2599/2599/2599 2600/2600/2600 
f 2599/2599/2599 2601/2601/2601 2600/2600/2600 
f 2600/2600/2600 2601/2601/2601 2602/2602/2602 
f 2601/2601/2601 2602/2602/2602 2602/2602/2602 
f 2602/2602/2602 2602/2602/2602 2603/2603/2603 
f 2602/2602/2602 2603/2603/2603 2603/2603/2603 
f 2603/2603/2603 2603/2603/2603 2604/2604/2604 
f 2603/2603/2603 2605/2605/2605 2604/2604/2604 
f 2604/2604/2604 2605/2605/2605 2606/2606/2606 
f 2605/2605/2605 2606/2606/2606 2606/2606/2606 
f 2606/2606/2606 2606/2606/2606 2607/2607/2607 
f 2606/2606/2606 2607/2607/2607 2607/2607/2607 
f 2607/2607/2607 2607/2607/2607 2608/2608/2608 
f 2607/2607/2607 2609/2609/2609 2608/2608/2608 
f 2608/2608/2608 2609/2609/2609 2610/2610/2610 
f 2609/2609/2609 2610/2610/2610 2610/2610/2610 
f 2610/2610/2610 2610/2610/2610 2611/2611/2611 
f 2610/2610/2610 2611/2611/2611 2611/2611/2611 
f 2611/2611/2611 2611/2611/2611 2612/2612/2612 
f 2611/2611/2611 2613/2613/2613 2612/2612/2612 
f 2612/2612/2612 2613/2613/2613 2614/2614/2614 
f 2613/2613/2613 2614/2614/2614 2614/2614/2614 
f 2614/2614/2614 2614/2614/2614 2615/2615/2615 
f 2614/2614/2614 2615/2615/2615 2615/2615/2615 
f 2615/2615/2615 2615/2615/2615 2616/2616/2616 
f 2615/2615/2615 2617/2617/2617 2616/2616/2616 
f 2616/2616/2616 2617/2617/2617 2618/2618/2618 
f 2617/2617/2617 2618/2618/2618 2618/2618/2618 
f 2618/2618/2618 2618/2618/2618 2619/2619/2619 
f 2618/2618/2618 2619/2619/2619 2619/2619/2619 
f 2619/2619/2619 2619/2619/2619 2620/2620/2620 
f 2619/2619/2619 2621/2621/2621 2620/2620/2620 
f 2620/2620/2620 2621/2621/2621 2622/2622/2622 
f 2621/2621/2621 2622/2622/2622 2622/2622/2622 
f 2622/2622/2622 2622/2622/2622 2623/2623/2623 
f 2622/2622/2622 2623/2623/2623 2623/2623/2623 
f 2623/2623/2623 2623/2623/2623 2624/2624/2624 
f 2623/2623/2623 2625/2625/2625 2624/2624/2624 
f 2624/2624/2624 2625/2625/2625 2626/2626/2626 
f 2625/2625/2625 2626/2626/2626 2626/2626/2626 
f 2626/2626/2626 2626/2626/2626 2627/2627/2627 
f 2626/2626/2626 2627/2627/2627 2627/2627/2627 
f 2627/2627/2627 2627/2627/2627 2628/2628/2628 
f 2627/2627/2627 2629/2629/2629 2628/2628/2628 
f 2628/2628/2628 2629/2629/2629 2630/2630/2630 
f 2629/2629/2629 2630/2630/2630 2630/2630/2630 
f 2630/2630/2630 2630/2630/2630 2631/2631/2631 
f 2630/2630/2630 2631/2631/2631 2631/2631/2631 
f 2631/2631/2631 2631/2631/2631 2632/2632/2632 
f 2631/2631/2631 2633/2633/2633 2632/2632/2632 
f 2632/2632/2632 2633/2633/2633 2634/2634/2634 
f 2633/2633/2633 2634/2634/2634 2634/2634/2634 
f 2634/2634/2634 2634/2634/2634 2635/2635/2635 
f 2634/2634/2634 2635/2635/2635 2635/2635/2635 
f 2635/2635/2635 2635/2635/2635 2636/2636/2636 
f 2635/2635/2635 2637/2637/2637 2636/2636/2636 
f 2636/2636/2636 2637/2637/2637 2638/2638/2638 
f 2637/2637/2637 2638/2638/2638 2638/2638/2638 
f 2638/2638/2638 2638/2638/2638 2639/2639/2639 
f 2638/2638/2638 2639/2639/2639 2639/2639/2639 
f 2639/2639/2639 2639/2639/2639 2640/2640/2640 
f 2639/2639/2639 2641/2641/2641 2640/2640/2640 
f 2640/2640/2640 2641/2641/2641 2642/2642/2642 
f 2641/2641/2641 2642/2642/2642 2642/2642/2642 
f 2642/2642/2642 2642/2642/2642 2643/2643/2643 
f 2642/2642/2642 2643/2643/2643 2643/2643/2643 
f 2643/2643/2643 2643/2643/2643 2644/2644/2644 
f 2643/2643/2643 2645/2645/2645 2644/2644/2644 
f 2644/2644/2644 2645/2645/2645 2646/2646/2646 
f 2645/2645/2645 2646/2646/2646 2646/2646/2646 
f 2646/2646/2646 2646/2646/2646 2647/2647/2647 
f 2646/2646/2646 2647/2647/2647 2647/2647/2647 
f 2647/2647/2647 2647/2647/2647 2648/2648/2648 
f 2647/2647/2647 2649/2649/2649 2648/2648/2648 
f 2648/2648/2648 2649/2649/2649 2650/2650/2650 
f 2649/2649/2649 2650/2650/2650 2650/2650/2650 
f 2650/2650/2650 2650/2650/2650 2651/2651/2651 
f 2650/2650/2650 2651/2651/2651 2651/2651/2651 
f 2651/2651/2651 2651/2651/2651 2652/2652/2652 
f 2651/2651/2651 2653/2653/2653 2652/2652/2652 
f 2652/2652/2652 2653/2653/2653 2654/2654/2654 
f 2653/2653/2653 2654/2654/2654 2654/2654/2654 
f 2654/2654/2654 2654/2654/2654 2655/2655/2655 
f 2654/2654/2654 2655/2655/2655 2655/2655/2655 
f 2655/2655/2655 2655/2655/2655 2656/2656/2656 
f 2655/2655/2655 2657/2657/2657 2656/2656/2656 
f 2656/2656/2656 2657/2657/2657 2658/2658/2658 
f 2657/2657/2657 2658/2658/2658 2658/2658/2658 
f 2658/2658/2658 2658/2658/2658 2659/2659/2659 
f 2658/2658/2658 2659/2659/2659 2659/2659/2659 
f 2659/2659/2659 2659/2659/2659 2660/2660/2660 
f 2659/2659/2659 2661/2661/2661 2660/2660/2660 
f 2660/2660/2660 2661/2661/2661 2662/2662/2662 
f 2661/2661/2661 2662/2662/2662 2662/2662/2662 
f 2662/2662/2662 2662/2662/2662 2663/2663/2663 
f 2662/2662/2662 2663/2663/2663 2663/2663/2663 
f 2663/2663/2663 2663/2663/2663 2664/2664/2664 
f 2663/2663/2663 2665/2665/2665 2664/2664/2664 
f 2664/2664/2664 2665/2665/2665 2666/2666/2666 
f 2665/2665/2665 2666/2666/2666 2666/2666/2666 
f 2666/2666/2666 2666/2666/2666 2667/2667/2667 
f 2666/2666/2666 2667/2667/2667 2667/2667/2667 
f 2667/2667/2667 2667/2667/2667 2668/2668/2668 
f 2667/2667/2667 2669/2669/2669 2668/2668/2668 
f 2668/2668/2668 2669/2669/2669 2670/2670/2670 
f 2669/2669/2669 2670/2670/2670 2670/2670/2670 
f 2670/2670/2670 2670/2670/2670 2671/2671/2671 
f 2670/2670/2670 2671/2671/2671 2671/2671/2671 
f 2671/2671/2671 2671/2671/2671 2672/2672/2672 
f 2671/2671/2671 2673/2673/2673 2672/2672/2672 
f 2672/2672/2672 2673/2673/2673 2674/2674/2674 
f 2673/2673/2673 2674/2674/2674 2674/2674/2674 
f 2674/2674/2674 2674/2674/2674 2675/2675/2675 
f 2674/2674/2674 2675/2675/2675 2675/2675/2675 
f 2675/2675/2675 2675/2675/2675 2676/2676/2676 
f 2675/2675/2675 2677/2677/2677 2676/2676/2676 
f 2676/2676/2676 2677/2677/2677 2678/2678/2678 
f 2677/2677/2677 2678/2678/2678 2678/2678/2678 
f 2678/2678/2678 2678/2678/2678 2679/2679/2679 
f 2678/2678/2678 2679/2679/2679 2679/2679/2679 
f 2679/2679/2679 2679/2679/2679 2680/2680/2680 
f 2679/2679/2679 2681/2681/2681 2680/2680/2680 
f 2680/2680/2680 2681/2681/2681 2682/2682/2682 
f 2681/2681/2681 2682/2682/2682 2682/2682/2682 
f 2682/2682/2682 2682/2682/2682 2683/2683/2683 
f 2682/2682/2682 2683/2683/2683 2683/2683/2683 
f 2683/2683/2683 2683/2683/2683 2684/2684/2684 
f 2683/2683/2683 2685/2685/2685 2684/2684/2684 
f 2684/2684/2684 2685/2685/2685 2686/2686/2686 
f 2685/2685/2685 2686/2686/2686 2686/2686/2686 
f 2686/2686/2686 2686/2686/2686 2687/2687/2687 
f 2686/2686/2686 2687/2687/2687 2687/2687/2687 
f 2687/2687/2687 2687/2687/2687 2688/2688/2688 
f 2687/2687/2687 2689/2689/2689 2688/2688/2688 
f 2688/2688/2688 2689/2689/2689 2690/2690/2690 
f 2689/2689/2689 2690/2690/2690 2690/2690/2690 
f 2690/2690/2690 2690/2690/2690 2691/2691/2691 
f 2690/2690/2690 2691/2691/2691 2691/2691/2691 
f 2691/2691/2691 2691/2691/2691 2692/2692/2692 
f 2691/2691/2691 2693/2693/2693 2692/2692/2692 
f 2692/2692/2692 2693/2693/2693 2694/2694/2694 
f 2693/2693/2693 2694/2694/2694 2694/2694/2694 
f 2694/2694/2694 2694/2694/2694 2695/2695/2695 
f 2694/2694/2694 2695/2695/2695 2695/2695/2695 
f 2695/2695/2695 2695/2695/2695 2696/2696/2696 
f 2695/2695/2695 2697/2697/2697 2696/2696/2696 
f 2696/2696/2696 2697/2697/2697 2698/2698/2698 
f 2697/2697/2697 2698/2698/2698 2698/2698/2698 
f 2698/2698/2698 2698/2698/2698 2699/2699/2699 
f 2698/2698/2698 2699/2699/2699 2699/2699/2699 
f 2699/2699/2699 2699/2699/2699 2700/2700/2700 
f 2699/2699/2699 2701/2701/2701 2700/2700/2700 
f 2700/2700/2700 2701/2701/2701 2702/2702/2702 
f 2701/2701/2701 2702/2702/2702 2702/2702/2702 
f 2702/2702/2702 2702/2702/2702 2703/2703/2703 
f 2702/2702/2702 2703/2703/2703 2703/2703/2703 
f 2703/2703/2703 2703/2703/2703 2704/2704/2704 
f 2703/2703/2703 2705/2705/2705 2704/2704/2704 
f 2704/2704/2704 2705/2705/2705 2706/2706/2706 
f 2705/2705/2705 2706/2706/2706 2706/2706/2706 
f 2706/2706/2706 2706/2706/2706 2707/2707/2707 
f 2706/2706/2706 2707/2707/2707 2707/2707/2707 
f 2707/2707/2707 2707/2707/2707 2708/2708/2708 
f 2707/2707/2707 2709/2709/2709 2708/2708/2708 
f 2708/2708/2708 2709/2709/2709 2710/2710/2710 
f 2709/2709/2709 2710/2710/2710 2710/2710/2710 
f 2710/2710/2710 2710/2710/2710 2711/2711/2711 
f 2710/2710/2710 2711/2711/2711 2711/2711/2711 
f 2711/2711/2711 2711/2711/2711 2712/2712/2712 
f 2711/2711/2711 2713/2713/2713 2712/2712/2712 
f 2712/2712/2712 2713/2713/2713 2714/2714/2714 
f 2713/2713/2713 2714/2714/2714 2714/2714/2714 
f 2714/2714/2714 2714/2714/2714 2715/2715/2715 
f 2714/2714/2714 2715/2715/2715 2715/2715/2715 
f 2715/2715/2715 2715/2715/2715 2716/2716/2716 
f 2715/2715/2715 2717/2717/2717 2716/2716/2716 
f 2716/2716/2716 2717/2717/2717 2718/2718/2718 
f 2717/2717/2717 2718/2718/2718 2718/2718/2718 
f 2718/2718/2718 2718/2718/2718 2719/2719/2719 
f 2718/2718/2718 2719/2719/2719 2719/2719/2719 
f 2719/2719/2719 2719/2719/2719 2720/2720/2720 
f 2719/2719/2719 2721/2721/2721 2720/2720/2720 
f 2720/2720/2720 2721/2721/2721 2722/2722/2722 
f 2721/2721/2721 2722/2722/2722 2722/2722/2722 
f 2722/2722/2722 2722/2722/2722 2723/2723/2723 
f 2722/2722/2722 2723/2723/2723 2723/2723/2723 
f 2723/2723/2723 2723/2723/2723 2724/2724/2724 
f 2723/2723/2723 2725/2725/2725 2724/2724/2724 
f 2724/2724/2724 2725/2725/2725 2726/2726/2726 
f 2725/2725/2725 2726/2726/2726 2726/2726/2726 
f 2726/2726/2726 2726/2726/2726 2727/2727/2727 
f 2726/2726/2726 2727/2727/2727 2727/2727/2727 
f 2727/2727/2727 2727/2727/2727 2728/2728/2728 
f 2727/2727/2727 2729/2729/2729 2728/2728/2728 
f 2728/2728/2728 2729/2729/2729 2730/2730/2730 
f 2729/2729/2729 2730/2730/2730 2730/2730/2730 
f 2730/2730/2730 2730/2730/2730 2731/2731/2731 
f 2730/2730/2730 2731/2731/2731 2731/2731/2731 
f 2731/2731/2731 2731/2731/2731 2732/2732/2732 
f 2731/2731/2731 2733/2733/2733 2732/2732/2732 
f 2732/2732/2732 2733/2733/2733 2734/2734/2734 
f 2733/2733/2733 2734/2734/2734 2734/2734/2734 
f 2734/2734/2734 2734/2734/2734 2735/2735/2735 
f 2734/2734/2734 2735/2735/2735 2735/2735/2735 
f 2735/2735/2735 2735/2735/2735 2736/2736/2736 
f 2735/2735/2735 2737/2737/2737 2736/2736/2736 
f 2736/2736/2736 2737/2737/2737 2738/2738/2738 
f 2737/2737/2737 2738/2738/2738 2738/2738/2738 
f 2738/2738/2738 2738/2738/2738 2739/2739/2739 
f 2738/2738/2738 2739/2739/2739 2739/2739/2739 
f 2739/2739/2739 2739/2739/2739 2740/2740/2740 
f 2739/2739/2739 2741/2741/2741 2740/2740/2740 
f 2740/2740/2740 2741/2741/2741 2742/2742/2742 
f 2741/2741/2741 2742/2742/2742 2742/2742/2742 
f 2742/2742/2742 2742/2742/2742 2743/2743/2743 
f 2742/2742/2742 2743/2743/2743 2743/2743/2743 
f 2743/2743/2743 2743/2743/2743 2744/2744/2744 
f 2743/2743/2743 2745/2745/2745 2744/2744/2744 
f 2744/2744/2744 2745/2745/2745 2746/2746/2746 
f 2745/2745/2745 2746/2746/2746 2746/2746/2746 
f 2746/2746/2746 2746/2746/2746 2747/2747/2747 
f 2746/2746/2746 2747/2747/2747 2747/2747/2747 
f 2747/2747/2747 2747/2747/2747 2748/2748/2748 
f 2747/2747/2747 2749/2749/2749 2748/2748/2748 
f 2748/2748/2748 2749/2749/2749 2750/2750/2750 
f 2749/2749/2749 2750/2750/2750 2750/2750/2750 
f 2750/2750/2750 2750/2750/2750 2751/2751/2751 
f 2750/2750/2750 2751/2751/2751 2751/2751/2751 
f 2751/2751/2751 2751/2751/2751 2752/2752/2752 
f 2751/2751/2751 2753/2753/2753 2752/2752/2752 
f 2752/2752/2752 2753/2753/2753 2754/2754/2754 
f 2753/2753/2753 2754/2754/2754 2754/2754/2754 
f 2754/2754/2754 2754/2754/2754 2755/2755/2755 
f 2754/2754/2754 2755/2755/2755 2755/2755/2755 
f 2755/2755/2755 2755/2755/2755 2756/2756/2756 
f 2755/2755/2755 2757/2757/2757 2756/2756/2756 
f 2756/2756/2756 2757/2757/2757 2758/2758/2758 
f 2757/2757/2757 2758/2758/2758 2758/2758/2758 
f 2758/2758/2758 2758/2758/2758 2759/2759/2759 
f 2758/2758/2758 2759/2759/2759 2759/2759/2759 
f 2759/2759/2759 2759/2759/2759 2760/2760/2760 
f 2759/2759/2759 2761/2761/2761 2760/2760/2760 
f 2760/2760/2760 2761/2761/2761 2762/2762/2762 
f 2761/2761/2761 2762/2762/2762 2762/2762/2762 
f 2762/2762/2762 2762/2762/2762 2763/2763/2763 
f 2762/2762/2762 2763/2763/2763 2763/2763/2763 
f 2763/2763/2763 2763/2763/2763 2764/2764/2764 
f 2763/2763/2763 2765/2765/2765 2764/2764/2764 
f 2764/2764/2764 2765/2765/2765 2766/2766/2766 
f 2765/2765/2765 2766/2766/2766 2766/2766/2766 
f 2766/2766/2766 2766/2766/2766 2767/2767/2767 
f 2766/2766/2766 2767/2767/2767 2767/2767/2767 
f 2767/2767/2767 2767/2767/2767 2768/2768/2768 
f 2767/2767/2767 2769/2769/2769 2768/2768/2768 
f 2768/2768/2768 2769/2769/2769 2770/2770/2770 
f 2769/2769/2769 2770/2770/2770 2770/2770/2770 
f 2770/2770/2770 2770/2770/2770 2771/2771/2771 
f 2770/2770/2770 2771/2771/2771 2771/2771/2771 
f 2771/2771/2771 2771/2771/2771 2772/2772/2772 
f 2771/2771/2771 2773/2773/2773 2772/2772/2772 
f 2772/2772/2772 2773/2773/2773 2774/2774/2774 
f 2773/2773/2773 2774/2774/2774 2774/2774/2774 
f 2774/2774/2774 2774/2774/2774 2775/2775/2775 
f 2774/2774/2774 2775/2775/2775 2775/2775/2775 
f 2775/2775/2775 2775/2775/2775 2776/2776/2776 
f 2775/2775/2775 2777/2777/2777 2776/2776/2776 
f 2776/2776/2776 2777/2777/2777 2778/2778/2778 
f 2777/2777/2777 2778/2778/2778 2778/2778/2778 
f 2778/2778/2778 2778/2778/2778 2779/2779/2779 
f 2778/2778/2778 2779/2779/2779 2779/2779/2779 
f 2779/2779/2779 2779/2779/2779 2780/2780/2780 
f 2779/2779/2779 2781/2781/2781 2780/2780/2780 
f 2780/2780/2780 2781/2781/2781 2782/2782/2782 
f 2781/2781/2781 2782/2782/2782 2782/2782/2782 
f 2782/2782/2782 2782/2782/2782 2783/2783/2783 
f 2782/2782/2782 2783/2783/2783 2783/2783/2783 
f 2783/2783/2783 2783/2783/2783 2784/2784/2784 
f 2783/2783/2783 2785/2785/2785 2784/2784/2784 
f 2784/2784/2784 2785/2785/2785 2786/2786/2786 
f 2785/2785/2785 2786/2786/2786 2786/2786/2786 
f 2786/2786/2786 2786/2786/2786 2787/2787/2787 
f 2786/2786/2786 2787/2787/2787 2787/2787/2787 
f 2787/2787/2787 2787/2787/2787 2788/2788/2788 
f 2787/2787/2787 2789/2789/2789 2788/2788/2788 
f 2788/2788/2788 2789/2789/2789 2790/2790/2790 
f 2789/2789/2789 2790/2790/2790 2790/2790/2790 
f 2790/2790/2790 2790/2790/2790 2791/2791/2791 
f 2790/2790/2790 2791/2791/2791 2791/2791/2791 
f 2791/2791/2791 2791/2791/2791 2792/2792/2792 
f 2791/2791/2791 2793/2793/2793 2792/2792/2792 
f 2792/2792/2792 2793/2793/2793 2794/2794/2794 
f 2793/2793/2793 2794/2794/2794 2794/2794/2794 
f 2794/2794/2794 2794/2794/2794 2795/2795/2795 
f 2794/2794/2794 2795/2795/2795 2795/2795/2795 
f 2795/2795/2795 2795/2795/2795 2796/2796/2796 
f 2795/2795/2795 2797/2797/2797 2796/2796/2796 
f 2796/2796/2796 2797/2797/2797 2798/2798/2798 
f 2797/2797/2797 2798/2798/2798 2798/2798/2798 
f 2798/2798/2798 2798/2798/2798 2799/2799/2799 
f 2798/2798/2798 2799/2799/2799 2799/2799/2799 
f 2799/2799/2799 2799/2799/2799 2800/2800/2800 
f 2799/2799/2799 2801/2801/2801 2800/2800/2800 
f 2800/2800/2800 2801/2801/2801 2802/2802/2802 
f 2801/2801/2801 2802/2802/2802 2802/2802/2802 
f 2802/2802/2802 2802/2802/2802 2803/2803/2803 
f 2802/2802/2802 2803/2803/2803 2803/2803/2803 
f 2803/2803/2803 2803/2803/2803 2804/2804/2804 
f 2803/2803/2803 2805/2805/2805 2804/2804/2804 
f 2804/2804/2804 2805/2805/2805 2806/2806/2806 
f 2805/2805/2805 2806/2806/2806 2806/2806/2806 
f 2806/2806/2806 2806/2806/2806 2807/2807/2807 
f 2806/2806/2806 2807/2807/2807 2807/2807/2807 
f 2807/2807/2807 2807/2807/2807 2808/2808/2808 
f 2807/2807/2807 2809/2809/2809 2808/2808/2808 
f 2808/2808/2808 2809/2809/2809 2810/2810/2810 
f 2809/2809/2809 2810/2810/2810 2810/2810/2810 
f 2810/2810/2810 2810/2810/2810 2811/2811/2811 
f 2810/2810/2810 2811/2811/2811 2811/2811/2811 
f 2811/2811/2811 2811/2811/2811 2812/2812/2812 
f 2811/2811/2811 2813/2813/2813 2812/2812/2812 
f 2812/2812/2812 2813/2813/2813 2814/2814/2814 
f 2813/2813/2813 2814/2814/2814 2814/2814/2814 
f 2814/2814/2814 2814/2814/2814 2815/2815/2815 
f 2814/2814/2814 2815/2815/2815 2815/2815/2815 
f 2815/2815/2815 2815/2815/2815 2816/2816/2816 
f 2815/2815/2815 2817/2817/2817 2816/2816/2816 
f 2816/2816/2816 2817/2817/2817 2818/2818/2818 
f 2817/2817/2817 2818/2818/2818 2818/2818/2818 
f 2818/2818/2818 2818/2818/2818 2819/2819/2819 
f 2818/2818/2818 2819/2819/2819 2819/2819/2819 
f 2819/2819/2819 2819/2819/2819 2820/2820/2820 
f 2819/2819/2819 2821/2821/2821 2820/2820/2820 
f 2820/2820/2820 2821/2821/2821 2822/2822/2822 
f 2821/2821/2821 2822/2822/2822 2822/2822/2822 
f 2822/2822/2822 2822/2822/2822 2823/2823/2823 
f 2822/2822/2822 2823/2823/2823 2823/2823/2823 
f 2823/2823/2823 2823/2823/2823 2824/2824/2824 
f 2823/2823/2823 2825/2825/2825 2824/2824/2824 
f 2824/2824/2824 2825/2825/2825 2826/2826/2826 
f 2825/2825/2825 2826/2826/2826 2826/2826/2826 
f 2826/2826/2826 2826/2826/2826 2827/2827/2827 
f 2826/2826/2826 2827/2827/2827 2827/2827/2827 
f 2827/2827/2827 2827/2827/2827 2828/2828/2828 
f 2827/2827/2827 2829/2829/2829 2828/2828/2828 
f 2828/2828/2828 2829/2829/2829 2830/2830/2830 
f 2829/2829/2829 2830/2830/2830 2830/2830/2830 
f 2830/2830/2830 2830/2830/2830 2831/2831/2831 
f 2830/2830/2830 2831/2831/2831 2831/2831/2831 
f 2831/2831/2831 2831/2831/2831 2832/2832/2832 
f 2831/2831/2831 2833/2833/2833 2832/2832/2832 
f 2832/2832/2832 2833/2833/2833 2834/2834/2834 
f 2833/2833/2833 2834/2834/2834 2834/2834/2834 
f 2834/2834/2834 2834/2834/2834 2835/2835/2835 
f 2834/2834/2834 2835/2835/2835 2835/2835/2835 
f 2835/2835/2835 2835/2835/2835 2836/2836/2836 
f 2835/2835/2835 2837/2837/2837 2836/2836/2836 
f 2836/2836/2836 2837/2837/2837 2838/2838/2838 
f 2837/2837/2837 2838/2838/2838 2838/2838/2838 
f 2838/2838/2838 2838/2838/2838 2839/2839/2839 
f 2838/2838/2838 2839/2839/2839 2839/2839/2839 
f 2839/2839/2839 2839/2839/2839 2840/2840/2840 
f 2839/2839/2839 2841/2841/2841 2840/2840/2840 
f 2840/2840/2840 2841/2841/2841 2842/2842/2842 
f 2841/2841/2841 2842/2842/2842 2842/2842/2842 
f 2842/2842/2842 2842/2842/2842 2843/2843/2843 
f 2842/2842/2842 2843/2843/2843 2843/2843/2843 
f 2843/2843/2843 2843/2843/2843 2844/2844/2844 
f 2843/2843/2843 2845/2845/2845 2844/2844/2844 
f 2844/2844/2844 2845/2845/2845 2846/2846/2846 
f 2845/2845/2845 2846/2846/2846 2846/2846/2846 
f 2846/2846/2846 2846/2846/2846 2847/2847/2847 
f 2846/2846/2846 2847/2847/2847 2847/2847/2847 
f 2847/2847/2847 2847/2847/2847 2848/2848/2848 
f 2847/2847/2847 2849/2849/2849 2848/2848/2848 
f 2848/2848/2848 2849/2849/2849 2850/2850/2850 
f 2849/2849/2849 2850/2850/2850 2850/2850/2850 
f 2850/2850/2850 2850/2850/2850 2851/2851/2851 
f 2850/2850/2850 2851/2851/2851 2851/2851/2851 
f 2851/2851/2851 2851/2851/2851 2852/2852/2852 
f 2851/2851/2851 2853/2853/2853 2852/2852/2852 
f 2852/2852/2852 2853/2853/2853 2854/2854/2854 
f 2853/2853/2853 2854/2854/2854 2854/2854/2854 
f 2854/2854/2854 2854/2854/2854 2855/2855/2855 
f 2854/2854/2854 2855/2855/2855 2855/2855/2855 
f 2855/2855/2855 2855/2855/2855 2856/2856/2856 
f 2855/2855/2855 2857/2857/2857 2856/2856/2856 
f 2856/2856/2856 2857/2857/2857 2858/2858/2858 
f 2857/2857/2857 2858/2858/2858 2858/2858/2858 
f 2858/2858/2858 2858/2858/2858 2859/2859/2859 
f 2858/2858/2858 2859/2859/2859 2859/2859/2859 
f 2859/2859/2859 2859/2859/2859 2860/2860/2860 
f 2859/2859/2859 2861/2861/2861 2860/2860/2860 
f 2860/2860/2860 2861/2861/2861 2862/2862/2862 
f 2861/2861/2861 2862/2862/2862 2862/2862/2862 
f 2862/2862/2862 2862/2862/2862 2863/2863/2863 
f 2862/2862/2862 2863/2863/2863 2863/2863/2863 
f 2863/2863/2863 2863/2863/2863 2864/2864/2864 
f 2863/2863/2863 2865/2865/2865 2864/2864/2864 
f 2864/2864/2864 2865/2865/2865 2866/2866/2866 
f 2865/2865/2865 2866/2866/2866 2866/2866/2866 
f 2866/2866/2866 2866/2866/2866 2867/2867/2867 
f 2866/2866/2866 2867/2867/2867 2867/2867/2867 
f 2867/2867/2867 2867/2867/2867 2868/2868/2868 
f 2867/2867/2867 2869/2869/2869 2868/2868/2868 
f 2868/2868/2868 2869/2869/2869 2870/2870/2870 
f 2869/2869/2869 2870/2870/2870 2870/2870/2870 
f 2870/2870/2870 2870/2870/2870 2871/2871/2871 
f 2870/2870/2870 2871/2871/2871 2871/2871/2871 
f 2871/2871/2871 2871/2871/2871 2872/2872/2872 
f 2871/2871/2871 2873/2873/2873 2872/2872/2872 
f 2872/2872/2872 2873/2873/2873 2874/2874/2874 
f 2873/2873/2873 2874/2874/2874 2874/2874/2874 
f 2874/2874/2874 2874/2874/2874 2875/2875/2875 
f 2874/2874/2874 2875/2875/2875 2875/2875/2875 
f 2875/2875/2875 2875/2875/2875 2876/2876/2876 
f 2875/2875/2875 2877/2877/2877 2876/2876/2876 
f 2876/2876/2876 2877/2877/2877 2878/2878/2878 
f 2877/2877/2877 2878/2878/2878 2878/2878/2878 
f 2878/2878/2878 2878/2878/2878 2879/2879/2879 
f 2878/2878/2878 2879/2879/2879 2879/2879/2879 
f 2879/2879/2879 2879/2879/2879 2880/2880/2880 
f 2879/2879/2879 2881/2881/2881 2880/2880/2880 
f 2880/2880/2880 2881/2881/2881 2882/2882/2882 
f 2881/2881/2881 2882/2882/2882 2882/2882/2882 
f 2882/2882/2882 2882/2882/2882 2883/2883/2883 
f 2882/2882/2882 2883/2883/2883 2883/2883/2883 
f 2883/2883/2883 2883/2883/2883 2884/2884/2884 
f 2883/2883/2883 2885/2885/2885 2884/2884/2884 
f 2884/2884/2884 2885/2885/2885 2886/2886/2886 
f 2885/2885/2885 2886/2886/2886 2886/2886/2886 
f 2886/2886/2886 2886/2886/2886 2887/2887/2887 
f 2886/2886/2886 2887/2887/2887 2887/2887/2887 
f 2887/2887/2887 2887/2887/2887 2888/2888/2888 
f 2887/2887/2887 2889/2889/2889 2888/2888/2888 
f 2888/2888/2888 2889/2889/2889 2890/2890/2890 
f 2889/2889/2889 2890/2890/2890 2890/2890/2890 
f 2890/2890/2890 2890/2890/2890 2891/2891/2891 
f 2890/2890/2890 2891/2891/2891 2891/2891/2891 
f 2891/2891/2891 2891/2891/2891 2892/2892/2892 
f 2891/2891/2891 2893/2893/2893 2892/2892/2892 
f 2892/2892/2892 2893/2893/2893 2894/2894/2894 
f 2893/2893/2893 2894/2894/2894 2894/2894/2894 
f 2894/2894/2894 2894/2894/2894 2895/2895/2895 
f 2894/2894/2894 2895/2895/2895 2895/2895/2895 
f 2895/2895/2895 2895/2895/2895 2896/2896/2896 
f 2895/2895/2895 2897/2897/2897 2896/2896/2896 
f 2896/2896/2896 2897/2897/2897 2898/2898/2898 
f 2897/2897/2897 2898/2898/2898 2898/2898/2898 
f 2898/2898/2898 2898/2898/2898 2899/2899/2899 
f 2898/2898/2898 2899/2899/2899 2899/2899/2899 
f 2899/2899/2899 2899/2899/2899 2900/2900/2900 
f 2899/2899/2899 2901/2901/2901 2900/2900/2900 
f 2900/2900/2900 2901/2901/2901 2902/2902/2902 
f 2901/2901/2901 2902/2902/2902 2902/2902/2902 
f 2902/2902/2902 2902/2902/2902 2903/2903/2903 
f 2902/2902/2902 2903/2903/2903 2903/2903/2903 
f 2903/2903/2903 2903/2903/2903 2904/2904/2904 
f 2903/2903/2903 2905/2905/2905 2904/2904/2904 
f 2904/2904/2904 2905/2905/2905 2906/2906/2906 
f 2905/2905/2905 2906/2906/2906 2906/2906/2906 
f 2906/2906/2906 2906/2906/2906 2907/2907/2907 
f 2906/2906/2906 2907/2907/2907 2907/2907/2907 
f 2907/2907/2907 2907/2907/2907 2908/2908/2908 
f 2907/2907/2907 2909/2909/2909 2908/2908/2908 
f 2908/2908/2908 2909/2909/2909 2910/2910/2910 
f 2909/2909/2909 2910/2910/2910 2910/2910/2910 
f 2910/2910/2910 2910/2910/2910 2911/2911/2911 
f 2910/2910/2910 2911/2911/2911 2911/2911/2911 
f 2911/2911/2911 2911/2911/2911 2912/2912/2912 
f 2911/2911/2911 2913/2913/2913 2912/2912/2912 
f 2912/2912/2912 2913/2913/2913 2914/2914/2914 
f 2913/2913/2913 2914/2914/2914 2914/2914/2914 
f 2914/2914/2914 2914/2914/2914 2915/2915/2915 
f 2914/2914/2914 2915/2915/2915 2915/2915/2915 
f 2915/2915/2915 2915/2915/2915 2916/2916/2916 
f 2915/2915/2915 2917/2917/2917 2916/2916/2916 
f 2916/2916/2916 2917/2917/2917 2918/2918/2918 
f 2917/2917/2917 2918/2918/2918 2918/2918/2918 
f 2918/2918/2918 2918/2918/2918 2919/2919/2919 
f 2918/2918/2918 2919/2919/2919 2919/2919/2919 
f 2919/2919/2919 2919/2919/2919 2920/2920/2920 
f 2919/2919/2919 2921/2921/2921 2920/2920/2920 
f 2920/2920/2920 2921/2921/2921 2922/2922/2922 
f 2921/2921/2921 2922/2922/2922 2922/2922/2922 
f 2922/2922/2922 2922/2922/2922 2923/2923/2923 
f 2922/2922/2922 2923/2923/2923 2923/2923/2923 
f 2923/2923/2923 2923/2923/2923 2924/2924/2924 
f 2923/2923/2923 2925/2925/2925 2924/2924/2924 
f 2924/2924/2924 2925/2925/2925 2926/2926/2926 
f 2925/2925/2925 2926/2926/2926 2926/2926/2926 
f 2926/2926/2926 2926/2926/2926 2927/2927/2927 
f 2926/2926/2926 2927/2927/2927 2927/2927/2927 
f 2927/2927/2927 2927/2927/2927 2928/2928/2928 
f 2927/2927/2927 2929/2929/2929 2928/2928/2928 
f 2928/2928/2928 2929/2929/2929 2930/2930/2930 
f 2929/2929/2929 2930/2930/2930 2930/2930/2930 
f 2930/2930/2930 2930/2930/2930 2931/2931/2931 
f 2930/2930/2930 2931/2931/2931 2931/2931/2931 
f 2931/2931/2931 2931/2931/2931 2932/2932/2932 
f 2931/2931/2931 2933/2933/2933 2932/2932/2932 
f 2932/2932/2932 2933/2933/2933 2934/2934/2934 
f 2933/2933/2933 2934/2934/2934 2934/2934/2934 
f 2934/2934/2934 2934/2934/2934 2935/2935/2935 
f 2934/2934/2934 2935/2935/2935 2935/2935/2935 
f 2935/2935/2935 2935/2935/2935 2936/2936/2936 
f 2935/2935/2935 2937/2937/2937 2936/2936/2936 
f 2936/2936/2936 2937/2937/2937 2938/2938/2938 
f 2937/2937/2937 2938/2938/2938 2938/2938/2938 
f 2938/2938/2938 2938/2938/2938 2939/2939/2939 
f 2938/2938/2938 2939/2939/2939 2939/2939/2939 
f 2939/2939/2939 2939/2939/2939 2940/2940/2940 
f 2939/2939/2939 2941/2941/2941 2940/2940/2940 
f 2940/2940/2940 2941/2941/2941 2942/2942/2942 
f 2941/2941/2941 2942/2942/2942 2942/2942/2942 
f 2942/2942/2942 2942/2942/2942 2943/2943/2943 
f 2942/2942/2942 2943/2943/2943 2943/2943/2943 
f 2943/2943/2943 2943/2943/2943 2944/2944/2944 
f 2943/2943/2943 2945/2945/2945 2944/2944/2944 
f 2944/2944/2944 2945/2945/2945 2946/2946/2946 
f 2945/2945/2945 2946/2946/2946 2946/2946/2946 
f 2946/2946/2946 2946/2946/2946 2947/2947/2947 
f 2946/2946/2946 2947/2947/2947 2947/2947/2947 
f 2947/2947/2947 2947/2947/2947 2948/2948/2948 
f 2947/2947/2947 2949/2949/2949 2948/2948/2948 
f 2948/2948/2948 2949/2949/2949 2950/2950/2950 
f 2949/2949/2949 2950/2950/2950 2950/2950/2950 
f 2950/2950/2950 2950/2950/2950 2951/2951/2951 
f 2950/2950/2950 2951/2951/2951 2951/2951/2951 
f 2951/2951/2951 2951/2951/2951 2952/2952/2952 
f 2951/2951/2951 2953/2953/2953 2952/2952/2952 
f 2952/2952/2952 2953/2953/2953 2954/2954/2954 
f 2953/2953/2953 2954/2954/2954 2954/2954/2954 
f 2954/2954/2954 2954/2954/2954 2955/2955/2955 
f 2954/2954/2954 2955/2955/2955 2955/2955/2955 
f 2955/2955/2955 2955/2955/2955 2956/2956/2956 
f 2955/2955/2955 2957/2957/2957 2956/2956/2956 
f 2956/2956/2956 2957/2957/2957 2958/2958/2958 
f 2957/2957/2957 2958/2958/2958 2958/2958/2958 
f 2958/2958/2958 2958/2958/2958 2959/2959/2959 
f 2958/2958/2958 2959/2959/2959 2959/2959/2959 
f 2959/2959/2959 2959/2959/2959 2960/2960/2960 
f 2959/2959/2959 2961/2961/2961 2960/2960/2960 
f 2960/2960/2960 2961/2961/2961 2962/2962/2962 
f 2961/2961/2961 2962/2962/2962 2962/2962/2962 
f 2962/2962/2962 2962/2962/2962 2963/2963/2963 
f 2962/2962/2962 2963/2963/2963 2963/2963/2963 
f 2963/2963/2963 2963/2963/2963 2964/2964/2964 
f 2963/2963/2963 2965/2965/2965 2964/2964/2964 
f 2964/2964/2964 2965/2965/2965 2966/2966/2966 
f 2965/2965/2965 2966/2966/2966 2966/2966/2966 
f 2966/2966/2966 2966/2966/2966 2967/2967/2967 
f 2966/2966/2966 2967/2967/2967 2967/2967/2967 
f 2967/2967/2967 2967/2967/2967 2968/2968/2968 
f 2967/2967/2967 2969/2969/2969 2968/2968/2968 
f 2968/2968/2968 2969/2969/2969 2970/2970/2970 
f 2969/2969/2969 2970/2970/2970 2970/2970/2970 
f 2970/2970/2970 2970/2970/2970 2971/2971/2971 
f 2970/2970/2970 2971/2971/2971 2971/2971/2971 
f 2971/2971/2971 2971/2971/2971 2972/2972/2972 
f 2971/2971/2971 2973/2973/2973 2972/2972/2972 
f 2972/2972/2972 2973/2973/2973 2974/2974/2974 
f 2973/2973/2973 2974/2974/2974 2974/2974/2974 
f 2974/2974/2974 2974/2974/2974 2975/2975/2975 
f 2974/2974/2974 2975/2975/2975 2975/2975/2975 
f 2975/2975/2975 2975/2975/2975 2976/2976/2976 
f 2975/2975/2975 2977/2977/2977 2976/2976/2976 
f 2976/2976/2976 2977/2977/2977 2978/2978/2978 
f 2977/2977/2977 2978/2978/2978 2978/2978/2978 
f 2978/2978/2978 2978/2978/2978 2979/2979/2979 
f 2978/2978/2978 2979/2979/2979 2979/2979/2979 
f 2979/2979/2979 2979/2979/2979 2980/2980/2980 
f 2979/2979/2979 2981/2981/2981 2980/2980/2980 
f 2980/2980/2980 2981/2981/2981 2982/2982/2982 
f 2981/2981/2981 2982/2982/2982 2982/2982/2982 
f 2982/2982/2982 2982/2982/2982 2983/2983/2983 
f 2982/2982/2982 2983/2983/2983 2983/2983/2983 
f 2983/2983/2983 2983/2983/2983 2984/2984/2984 
f 2983/2983/2983 2985/2985/2985 2984/2984/2984 
f 2984/2984/2984 2985/2985/2985 2986/2986/2986 
f 2985/2985/2985 2986/2986/2986 2986/2986/2986 
f 2986/2986/2986 2986/2986/2986 2987/2987/2987 
f 2986/2986/2986 2987/2987/2987 2987/2987/2987 
f 2987/2987/2987 2987/2987/2987 2988/2988/2988 
f 2987/2987/2987 2989/2989/2989 2988/2988/2988 
f 2988/2988/2988 2989/2989/2989 2990/2990/2990 
f 2989/2989/2989 2990/2990/2990 2990/2990/2990 
f 2990/2990/2990 2990/2990/2990 2991/2991/2991 
f 2990/2990/2990 2991/2991/2991 2991/2991/2991 
f 2991/2991/2991 2991/2991/2991 2992/2992/2992 
f 2991/2991/2991 2993/2993/2993 2992/2992/2992 
f 2992/2992/2992 2993/2993/2993 2994/2994/2994 
f 2993/2993/2993 2994/2994/2994 2994/2994/2994 
f 2994/2994/2994 2994/2994/2994 2995/2995/2995 
f 2994/2994/2994 2995/2995/2995 2995/2995/2995 
f 2995/2995/2995 2995/2995/2995 2996/2996/2996 
f 2995/2995/2995 2997/2997/2997 2996/2996/2996 
f 2996/2996/2996 2997/2997/2997 2998/2998/2998 
f 2997/2997/2997 2998/2998/2998 2998/2998/2998 
f 2998/2998/2998 2998/2998/2998 2999/2999/2999 
f 2998/2998/2998 2999/2999/2999 2999/2999/2999 
f 2999/2999/2999 2999/2999/2999 3000/3000/3000 
f 2999/2999/2999 3001/3001/3001 3000/3000/3000 
f 3000/3000/3000 3001/3001/3001 3002/3002/3002 
f 3001/3001/3001 3002/3002/3002 3002/3002/3002 
f 3002/3002/3002 3002/3002/3002 3003/3003/3003 
f 3002/3002/3002 3003/3003/3003 3003/3003/3003 
f 3003/3003/3003 3003/3003/3003 3004/3004/3004 
f 3003/3003/3003 3005/3005/3005 3004/3004/3004 
f 3004/3004/3004 3005/3005/3005 3006/3006/3006 
f 3005/3005/3005 3006/3006/3006 3006/3006/3006 
f 3006/3006/3006 3006/3006/3006 3007/3007/3007 
f 3006/3006/3006 3007/3007/3007 3007/3007/3007 
f 3007/3007/3007 3007/3007/3007 3008/3008/3008 
f 3007/3007/3007 3009/3009/3009 3008/3008/3008 
f 3008/3008/3008 3009/3009/3009 3010/3010/3010 
f 3009/3009/3009 3010/3010/3010 3010/3010/3010 
f 3010/3010/3010 3010/3010/3010 3011/3011/3011 
f 3010/3010/3010 3011/3011/3011 3011/3011/3011 
f 3011/3011/3011 3011/3011/3011 3012/3012/3012 
f 3011/3011/3011 3013/3013/3013 3012/3012/3012 
f 3012/3012/3012 3013/3013/3013 3014/3014/3014 
f 3013/3013/3013 3014/3014/3014 3014/3014/3014 
f 3014/3014/3014 3014/3014/3014 3015/3015/3015 
f 3014/3014/3014 3015/3015/3015 3015/3015/3015 
f 3015/3015/3015 3015/3015/3015 3016/3016/3016 
f 3015/3015/3015 3017/3017/3017 3016/3016/3016 
f 3016/3016/3016 3017/3017/3017 3018/3018/3018 
f 3017/3017/3017 3018/3018/3018 3018/3018/3018 
f 3018/3018/3018 3018/3018/3018 3019/3019/3019 
f 3018/3018/3018 3019/3019/3019 3019/3019/3019 
f 3019/3019/3019 3019/3019/3019 3020/3020/3020 
f 3019/3019/3019 3021/3021/3021 3020/3020/3020 
f 3020/3020/3020 3021/3021/3021 3022/3022/3022 
f 3021/3021/3021 3022/3022/3022 3022/3022/3022 
f 3022/3022/3022 3022/3022/3022 3023/3023/3023 
f 3022/3022/3022 3023/3023/3023 3023/3023/3023 
f 3023/3023/3023 3023/3023/3023 3024/3024/3024 
f 3023/3023/3023 3025/3025/3025 3024/3024/3024 
f 3024/3024/3024 3025/3025/3025 3026/3026/3026 
f 3025/3025/3025 3026/3026/3026 3026/3026/3026 
f 3026/3026/3026 3026/3026/3026 3027/3027/3027 
f 3026/3026/3026 3027/3027/3027 3027/3027/3027 
f 3027/3027/3027 3027/3027/3027 3028/3028/3028 
f 3027/3027/3027 3029/3029/3029 3028/3028/3028 
f 3028/3028/3028 3029/3029/3029 3030/3030/3030 
f 3029/3029/3029 3030/3030/3030 3030/3030/3030 
f 3030/3030/3030 3030/3030/3030 3031/3031/3031 
f 3030/3030/3030 3031/3031/3031 3031/3031/3031 
f 3031/3031/3031 3031/3031/3031 3032/3032/3032 
f 3031/3031/3031 3033/3033/3033 3032/3032/3032 
f 3032/3032/3032 3033/3033/3033 3034/3034/3034 
f 3033/3033/3033 3034/3034/3034 3034/3034/3034 
f 3034/3034/3034 3034/3034/3034 3035/3035/3035 
f 3034/3034/3034 3035/3035/3035 3035/3035/3035 
f 3035/3035/3035 3035/3035/3035 3036/3036/3036 
f 3035/3035/3035 3037/3037/3037 3036/3036/3036 
f 3036/3036/3036 3037/3037/3037 3038/3038/3038 
f 3037/3037/3037 3038/3038/3038 3038/3038/3038 
f 3038/3038/3038 3038/3038/3038 3039/3039/3039 
f 3038/3038/3038 3039/3039/3039 3039/3039/3039 
f 3039/3039/3039 3039/3039/3039 3040/3040/3040 
f 3039/3039/3039 3041/3041/3041 3040/3040/3040 
f 3040/3040/3040 3041/3041/3041 3042/3042/3042 
f 3041/3041/3041 3042/3042/3042 3042/3042/3042 
f 3042/3042/3042 3042/3042/3042 3043/3043/3043 
f 3042/3042/3042 3043/3043/3043 3043/3043/3043 
f 3043/3043/3043 3043/3043/3043 3044/3044/3044 
f 3043/3043/3043 3045/3045/3045 3044/3044/3044 
f 3044/3044/3044 3045/3045/3045 3046/3046/3046 
f 3045/3045/3045 3046/3046/3046 3046/3046/3046 
f 3046/3046/3046 3046/3046/3046 3047/3047/3047 
f 3046/3046/3046 3047/3047/3047 3047/3047/3047 
f 3047/3047/3047 3047/3047/3047 3048/3048/3048 
f 3047/3047/3047 3049/3049/3049 3048/3048/3048 
f 3048/3048/3048 3049/3049/3049 3050/3050/3050 
f 3049/3049/3049 3050/3050/3050 3050/3050/3050 
f 3050/3050/3050 3050/3050/3050 3051/3051/3051 
f 3050/3050/3050 3051/3051/3051 3051/3051/3051 
f 3051/3051/3051 3051/3051/3051 3052/3052/3052 
f 3051/3051/3051 3053/3053/3053 3052/3052/3052 
f 3052/3052/3052 3053/3053/3053 3054/3054/3054 
f 3053/3053/3053 3054/3054/3054 3054/3054/3054 
f 3054/3054/3054 3054/3054/3054 3055/3055/3055 
f 3054/3054/3054 3055/3055/3055 3055/3055/3055 
f 3055/3055/3055 3055/3055/3055 3056/3056/3056 
f 3055/3055/3055 3057/3057/3057 3056/3056/3056 
f 3056/3056/3056 3057/3057/3057 3058/3058/3058 
f 3057/3057/3057 3058/3058/3058 3058/3058/3058 
f 3058/3058/3058 3058/3058/3058 3059/3059/3059 
f 3058/3058/3058 3059/3059/3059 3059/3059/3059 
f 3059/3059/3059 3059/3059/3059 3060/3060/3060 
f 3059/3059/3059 3061/3061/3061 3060/3060/3060 
f 3060/3060/3060 3061/3061/3061 3062/3062/3062 
f 3061/3061/3061 3062/3062/3062 3062/3062/3062 
f 3062/3062/3062 3062/3062/3062 3063/3063/3063 
f 3062/3062/3062 3063/3063/3063 3063/3063/3063 
f 3063/3063/3063 3063/3063/3063 3064/3064/3064 
f 3063/3063/3063 3065/3065/3065 3064/3064/3064 
f 3064/3064/3064 3065/3065/3065 3066/3066/3066 
f 3065/3065/3065 3066/3066/3066 3066/3066/3066 
f 3066/3066/3066 3066/3066/3066 3067/3067/3067 
f 3066/3066/3066 3067/3067/3067 3067/3067/3067 
f 3067/3067/3067 3067/3067/3067 3068/3068/3068 
f 3067/3067/3067 3069/3069/3069 3068/3068/3068 
f 3068/3068/3068 3069/3069/3069 3070/3070/3070 
f 3069/3069/3069 3070/3070/3070 3070/3070/3070 
f 3070/3070/3070 3070/3070/3070 3071/3071/3071 
f 3070/3070/3070 3071/3071/3071 3071/3071/3071 
f 3071/3071/3071 3071/3071/3071 3072/3072/3072 
f 3071/3071/3071 3073/3073/3073 3072/3072/3072 
f 3072/3072/3072 3073/3073/3073 3074/3074/3074 
f 3073/3073/3073 3074/3074/3074 3074/3074/3074 
f 3074/3074/3074 3074/3074/3074 3075/3075/3075 
f 3074/3074/3074 3075/3075/3075 3075/3075/3075 
f 3075/3075/3075 3075/3075/3075 3076/3076/3076 
f 3075/3075/3075 3077/3077/3077 3076/3076/3076 
f 3076/3076/3076 3077/3077/3077 3078/3078/3078 
f 3077/3077/3077 3078/3078/3078 3078/3078/3078 
f 3078/3078/3078 3078/3078/3078 3079/3079/3079 
f 3078/3078/3078 3079/3079/3079 3079/3079/3079 
f 3079/3079/3079 3079/3079/3079 3080/3080/3080 
f 3079/3079/3079 3081/3081/3081 3080/3080/3080 
f 3080/3080/3080 3081/3081/3081 3082/3082/3082 
f 3081/3081/3081 3082/3082/3082 3082/3082/3082 
f 3082/3082/3082 3082/3082/3082 3083/3083/3083 
f 3082/3082/3082 3083/3083/3083 3083/3083/3083 
f 3083/3083/3083 3083/3083/3083 3084/3084/3084 
f 3083/3083/3083 3085/3085/3085 3084/3084/3084 
f 3084/3084/3084 3085/3085/3085 3086/3086/3086 
f 3085/3085/3085 3086/3086/3086 3086/3086/3086 
f 3086/3086/3086 3086/3086/3086 3087/3087/3087 
f 3086/3086/3086 3087/3087/3087 3087/3087/3087 
f 3087/3087/3087 3087/3087/3087 3088/3088/3088 
f 3087/3087/3087 3089/3089/3089 3088/3088/3088 
f 3088/3088/3088 3089/3089/3089 3090/3090/3090 
f 3089/3089/3089 3090/3090/3090 3090/3090/3090 
f 3090/3090/3090 3090/3090/3090 3091/3091/3091 
f 3090/3090/3090 3091/3091/3091 3091/3091/3091 
f 3091/3091/3091 3091/3091/3091 3092/3092/3092 
f 3091/3091/3091 3093/3093/3093 3092/3092/3092 
f 3092/3092/3092 3093/3093/3093 3094/3094/3094 
f 3093/3093/3093 3094/3094/3094 3094/3094/3094 
f 3094/3094/3094 3094/3094/3094 3095/3095/3095 
f 3094/3094/3094 3095/3095/3095 3095/3095/3095 
f 3095/3095/3095 3095/3095/3095 3096/3096/3096 
f 3095/3095/3095 3097/3097/3097 3096/3096/3096 
f 3096/3096/3096 3097/3097/3097 3098/3098/3098 
f 3097/3097/3097 3098/3098/3098 3098/3098/3098 
f 3098/3098/3098 3098/3098/3098 3099/3099/3099 
f 3098/3098/3098 3099/3099/3099 3099/3099/3099 
f 3099/3099/3099 3099/3099/3099 3100/3100/3100 
f 3099/3099/3099 3101/3101/3101 3100/3100/3100 
f 3100/3100/3100 3101/3101/3101 3102/3102/3102 
f 3101/3101/3101 3102/3102/3102 3102/3102/3102 
f 3102/3102/3102 3102/3102/3102 3103/3103/3103 
f 3102/3102/3102 3103/3103/3103 3103/3103/3103 
f 3103/3103/3103 3103/3103/3103 3104/3104/3104 
f 3103/3103/3103 3105/3105/3105 3104/3104/3104 
f 3104/3104/3104 3105/3105/3105 3106/3106/3106 
f 3105/3105/3105 3106/3106/3106 3106/3106/3106 
f 3106/3106/3106 3106/3106/3106 3107/3107/3107 
f 3106/3106/3106 3107/3107/3107 3107/3107/3107 
f 3107/3107/3107 3107/3107/3107 3108/3108/3108 
f 3107/3107/3107 3109/3109/3109 3108/3108/3108 
f 3108/3108/3108 3109/3109/3109 3110/3110/3110 
f 3109/3109/3109 3110/3110/3110 3110/3110/3110 
f 3110/3110/3110 3110/3110/3110 3111/3111/3111 
f 3110/3110/3110 3111/3111/3111 3111/3111/3111 
f 3111/3111/3111 3111/3111/3111 3112/3112/3112 
f 3111/3111/3111 3113/3113/3113 3112/3112/3112 
f 3112/3112/3112 3113/3113/3113 3114/3114/3114 
f 3113/3113/3113 3114/3114/3114 3114/3114/3114 
f 3114/3114/3114 3114/3114/3114 3115/3115/3115 
f 3114/3114/3114 3115/3115/3115 3115/3115/3115 
f 3115/3115/3115 3115/3115/3115 3116/3116/3116 
f 3115/3115/3115 3117/3117/3117 3116/3116/3116 
f 3116/3116/3116 3117/3117/3117 3118/3118/3118 
f 3117/3117/3117 3118/3118/3118 3118/3118/3118 
f 3118/3118/3118 3118/3118/3118 3119/3119/3119 
f 3118/3118/3118 3119/3119/3119 3119/3119/3119 
f 3119/3119/3119 3119/3119/3119 3120/3120/3120 
f 3119/3119/3119 3121/3121/3121 3120/3120/3120 
f 3120/3120/3120 3121/3121/3121 3122/3122/3122 
f 3121/3121/3121 3122/3122/3122 3122/3122/3122 
f 3122/3122/3122 3122/3122/3122 3123/3123/3123 
f 3122/3122/3122 3123/3123/3123 3123/3123/3123 
f 3123/3123/3123 3123/3123/3123 3124/3124/3124 
f 3123/3123/3123 3125/3125/3125 3124/3124/3124 
f 3124/3124/3124 3125/3125/3125 3126/3126/3126 
f 3125/3125/3125 3126/3126/3126 3126/3126/3126 
f 3126/3126/3126 3126/3126/3126 3127/3127/3127 
f 3126/3126/3126 3127/3127/3127 3127/3127/3127 
f 3127/3127/3127 3127/3127/3127 3128/3128/3128 
f 3127/3127/3127 3129/3129/3129 3128/3128/3128 
f 3128/3128/3128 3129/3129/3129 3130/3130/3130 
f 3129/3129/3129 3130/3130/3130 3130/3130/3130 
f 3130/3130/3130 3130/3130/3130 3131/3131/3131 
f 3130/3130/3130 3131/3131/3131 3131/3131/3131 
f 3131/3131/3131 3131/3131/3131 3132/3132/3132 
f 3131/3131/3131 3133/3133/3133 3132/3132/3132 
f 3132/3132/3132 3133/3133/3133 3134/3134/3134 
f 3133/3133/3133 3134/3134/3134 3134/3134/3134 
f 3134/3134/3134 3134/3134/3134 3135/3135/3135 
f 3134/3134/3134 3135/3135/3135 3135/3135/3135 
f 3135/3135/3135 3135/3135/3135 3136/3136/3136 
f 3135/3135/3135 3137/3137/3137 3136/3136/3136 
f 3136/3136/3136 3137/3137/3137 3138/3138/3138 
f 3137/3137/3137 3138/3138/3138 3138/3138/3138 
f 3138/3138/3138 3138/3138/3138 3139/3139/3139 
f 3138/3138/3138 3139/3139/3139 3139/3139/3139 
f 3139/3139/3139 3139/3139/3139 3140/3140/3140 
f 3139/3139/3139 3141/3141/3141 3140/3140/3140 
f 3140/3140/3140 3141/3141/3141 3142/3142/3142 
f 3141/3141/3141 3142/3142/3142 3142/3142/3142 
f 3142/3142/3142 3142/3142/3142 3143/3143/3143 
f 3142/3142/3142 3143/3143/3143 3143/3143/3143 
f 3143/3143/3143 3143/3143/3143 3144/3144/3144 
f 3143/3143/3143 3145/3145/3145 3144/3144/3144 
f 3144/3144/3144 3145/3145/3145 3146/3146/3146 
f 3145/3145/3145 3146/3146/3146 3146/3146/3146 
f 3146/3146/3146 3146/3146/3146 3147/3147/3147 
f 3146/3146/3146 3147/3147/3147 3147/3147/3147 
f 3147/3147/3147 3147/3147/3147 3148/3148/3148 
f 3147/3147/3147 3149/3149/3149 3148/3148/3148 
f 3148/3148/3148 3149/3149/3149 3150/3150/3150 
f 3149/3149/3149 3150/3150/3150 3150/3150/3150 
f 3150/3150/3150 3150/3150/3150 3151/3151/3151 
f 3150/3150/3150 3151/3151/3151 3151/3151/3151 
f 3151/3151/3151 3151/3151/3151 3152/3152/3152 
f 3151/3151/3151 3153/3153/3153 3152/3152/3152 
f 3152/3152/3152 3153/3153/3153 3154/3154/3154 
f 3153/3153/3153 3154/3154/3154 3154/3154/3154 
f 3154/3154/3154 3154/3154/3154 3155/3155/3155 
f 3154/3154/3154 3155/3155/3155 3155/3155/3155 
f 3155/3155/3155 3155/3155/3155 3156/3156/3156 
f 3155/3155/3155 3157/3157/3157 3156/3156/3156 
f 3156/3156/3156 3157/3157/3157 3158/3158/3158 
f 3157/3157/3157 3158/3158/3158 3158/3158/3158 
f 3158/3158/3158 3158/3158/3158 3159/3159/3159 
f 3158/3158/3158 3159/3159/3159 3159/3159/3159 
f 3159/3159/3159 3159/3159/3159 3160/3160/3160 
f 3159/3159/3159 3161/3161/3161 3160/3160/3160 
f 3160/3160/3160 3161/3161/3161 3162/3162/3162 
f 3161/3161/3161 3162/3162/3162 3162/3162/3162 
f 3162/3162/3162 3162/3162/3162 3163/3163/3163 
f 3162/3162/3162 3163/3163/3163 3163/3163/3163 
f 3163/3163/3163 3163/3163/3163 3164/3164/3164 
f 3163/3163/3163 3165/3165/3165 3164/3164/3164 
f 3164/3164/3164 3165/3165/3165 3166/3166/3166 
f 3165/3165/3165 3166/3166/3166 3166/3166/3166 
f 3166/3166/3166 3166/3166/3166 3167/3167/3167 
f 3166/3166/3166 3167/3167/3167 3167/3167/3167 
f 3167/3167/3167 3167/3167/3167 3168/3168/3168 
f 3167/3167/3167 3169/3169/3169 3168/3168/3168 
f 3168/3168/3168 3169/3169/3169 3170/3170/3170 
f 3169/3169/3169 3170/3170/3170 3170/3170/3170 
f 3170/3170/3170 3170/3170/3170 3171/3171/3171 
f 3170/3170/3170 3171/3171/3171 3171/3171/3171 
f 3171/3171/3171 3171/3171/3171 3172/3172/3172 
f 3171/3171/3171 3173/3173/3173 3172/3172/3172 
f 3172/3172/3172 3173/3173/3173 3174/3174/3174 
f 3173/3173/3173 3174/3174/3174 3174/3174/3174 
f 3174/3174/3174 3174/3174/3174 3175/3175/3175 
f 3174/3174/3174 3175/3175/3175 3175/3175/3175 
f 3175/3175/3175 3175/3175/3175 3176/3176/3176 
f 3175/3175/3175 3177/3177/3177 3176/3176/3176 
f 3176/3176/3176 3177/3177/3177 3178/3178/3178 
f 3177/3177/3177 3178/3178/3178 3178/3178/3178 
f 3178/3178/3178 3178/3178/3178 3179/3179/3179 
f 3178/3178/3178 3179/3179/3179 3179/3179/3179 
f 3179/3179/3179 3179/3179/3179 3180/3180/3180 
f 3179/3179/3179 3181/3181/3181 3180/3180/3180 
f 3180/3180/3180 3181/3181/3181 3182/3182/3182 
f 3181/3181/3181 3182/3182/3182 3182/3182/3182 
f 3182/3182/3182 3182/3182/3182 3183/3183/3183 
f 3182/3182/3182 3183/3183/3183 3183/3183/3183 
f 3183/3183/3183 3183/3183/3183 3184/3184/3184 
f 3183/3183/3183 3185/3185/3185 3184/3184/3184 
f 3184/3184/3184 3185/3185/3185 3186/3186/3186 
f 3185/3185/3185 3186/3186/3186 3186/3186/3186 
f 3186/3186/3186 3186/3186/3186 3187/3187/3187 
f 3186/3186/3186 3187/3187/3187 3187/3187/3187 
f 3187/3187/3187 3187/3187/3187 3188/3188/3188 
f 3187/3187/3187 3189/3189/3189 3188/3188/3188 
f 3188/3188/3188 3189/3189/3189 3190/3190/3190 
f 3189/3189/3189 3190/3190/3190 3190/3190/3190 
f 3190/3190/3190 3190/3190/3190 3191/3191/3191 
f 3190/3190/3190 3191/3191/3191 3191/3191/3191 
f 3191/3191/3191 3191/3191/3191 3192/3192/3192 
f 3191/3191/3191 3193/3193/3193 3192/3192/3192 
f 3192/3192/3192 3193/3193/3193 3194/3194/3194 
f 3193/3193/3193 3194/3194/3194 3194/3194/3194 
f 3194/3194/3194 3194/3194/3194 3195/3195/3195 
f 3194/3194/3194 3195/3195/3195 3195/3195/3195 
f 3195/3195/3195 3195/3195/3195 3196/3196/3196 
f 3195/3195/3195 3197/3197/3197 3196/3196/3196 
f 3196/3196/3196 3197/3197/3197 3198/3198/3198 
f 3197/3197/3197 3198/3198/3198 3198/3198/3198 
f 3198/3198/3198 3198/3198/3198 3199/3199/3199 
f 3198/3198/3198 3199/3199/3199 3199/3199/3199 
f 3199/3199/3199 3199/3199/3199 3200/3200/3200 
f 3199/3199/3199 3201/3201/3201 3200/3200/3200 
f 3200/3200/3200 3201/3201/3201 3202/3202/3202 
f 3201/3201/3201 3202/3202/3202 3202/3202/3202 
f 3202/3202/3202 3202/3202/3202 3203/3203/3203 
f 3202/3202/3202 3203/3203/3203 3203/3203/3203 
f 3203/3203/3203 3203/3203/3203 3204/3204/3204 
f 3203/3203/3203 3205/3205/3205 3204/3204/3204 
f 3204/3204/3204 3205/3205/3205 3206/3206/3206 
f 3205/3205/3205 3206/3206/3206 3206/3206/3206 
f 3206/3206/3206 3206/3206/3206 3207/3207/3207 
f 3206/3206/3206 3207/3207/3207 3207/3207/3207 
f 3207/3207/3207 3207/3207/3207 3208/3208/3208 
f 3207/3207/3207 3209/3209/3209 3208/3208/3208 
f 3208/3208/3208 3209/3209/3209 3210/3210/3210 
f 3209/3209/3209 3210/3210/3210 3210/3210/3210 
f 3210/3210/3210 3210/3210/3210 3211/3211/3211 
f 3210/3210/3210 3211/3211/3211 3211/3211/3211 
f 3211/3211/3211 3211/3211/3211 3212/3212/3212 
f 3211/3211/3211 3213/3213/3213 3212/3212/3212 
f 3212/3212/3212 3213/3213/3213 3214/3214/3214 
f 3213/3213/3213 3214/3214/3214 3214/3214/3214 
f 3214/3214/3214 3214/3214/3214 3215/3215/3215 
f 3214/3214/3214 3215/3215/3215 3215/3215/3215 
f 3215/3215/3215 3215/3215/3215 3216/3216/3216 
f 3215/3215/3215 3217/3217/3217 3216/3216/3216 
f 3216/3216/3216 3217/3217/3217 3218/3218/3218 
f 3217/3217/3217 3218/3218/3218 3218/3218/3218 
f 3218/3218/3218 3218/3218/3218 3219/3219/3219 
f 3218/3218/3218 3219/3219/3219 3219/3219/3219 
f 3219/3219/3219 3219/3219/3219 3220/3220/3220 
f 3219/3219/3219 3221/3221/3221 3220/3220/3220 
f 3220/3220/3220 3221/3221/3221 3222/3222/3222 
f 3221/3221/3221 3222/3222/3222 3222/3222/3222 
f 3222/3222/3222 3222/3222/3222 3223/3223/3223 
f 3222/3222/3222 3223/3223/3223 3223/3223/3223 
f 3223/3223/3223 3223/3223/3223 3224/3224/3224 
f 3223/3223/3223 3225/3225/3225 3224/3224/3224 
f 3224/3224/3224 3225/3225/3225 3226/3226/3226 
f 3225/3225/3225 3226/3226/3226 3226/3226/3226 
f 3226/3226/3226 3226/3226/3226 3227/3227/3227 
f 3226/3226/3226 3227/3227/3227 3227/3227/3227 
f 3227/3227/3227 3227/3227/3227 3228/3228/3228 
f 3227/3227/3227 3229/3229/3229 3228/3228/3228 
f 3228/3228/3228 3229/3229/3229 3230/3230/3230 
f 3229/3229/3229 3230/3230/3230 3230/3230/3230 
f 3230/3230/3230 3230/3230/3230 3231/3231/3231 
f 3230/3230/3230 3231/3231/3231 3231/3231/3231 
f 3231/3231/3231 3231/3231/3231 3232/3232/3232 
f 3231/3231/3231 3233/3233/3233 3232/3232/3232 
f 3232/3232/3232 3233/3233/3233 3234/3234/3234 
f 3233/3233/3233 3234/3234/3234 3234/3234/3234 
f 3234/3234/3234 3234/3234/3234 3235/3235/3235 
f 3234/3234/3234 3235/3235/3235 3235/3235/3235 
f 3235/3235/3235 3235/3235/3235 3236/3236/3236 
f 3235/3235/3235 3237/3237/3237 3236/3236/3236 
f 3236/3236/3236 3237/3237/3237 3238/3238/3238 
f 3237/3237/3237 3238/3238/3238 3238/3238/3238 
f 3238/3238/3238 3238/3238/3238 3239/3239/3239 
f 3238/3238/3238 3239/3239/3239 3239/3239/3239 
f 3239/3239/3239 3239/3239/3239 3240/3240/3240 
f 3239/3239/3239 3241/3241/3241 3240/3240/3240 
f 3240/3240/3240 3241/3241/3241 3242/3242/3242 
f 3241/3241/3241 3242/3242/3242 3242/3242/3242 
f 3242/3242/3242 3242/3242/3242 3243/3243/3243 
f 3242/3242/3242 3243/3243/3243 3243/3243/3243 
f 3243/3243/3243 3243/3243/3243 3244/3244/3244 
f 3243/3243/3243 3245/3245/3245 3244/3244/3244 
f 3244/3244/3244 3245/3245/3245 3246/3246/3246 
f 3245/3245/3245 3246/3246/3246 3246/3246/3246 
f 3246/3246/3246 3246/3246/3246 3247/3247/3247 
f 3246/3246/3246 3247/3247/3247 3247/3247/3247 
f 3247/3247/3247 3247/3247/3247 3248/3248/3248 
f 3247/3247/3247 3249/3249/3249 3248/3248/3248 
f 3248/3248/3248 3249/3249/3249 3250/3250/3250 
f 3249/3249/3249 3250/3250/3250 3250/3250/3250 
f 3250/3250/3250 3250/3250/3250 3251/3251/3251 
f 3250/3250/3250 3251/3251/3251 3251/3251/3251 
f 3251/3251/3251 3251/3251/3251 3252/3252/3252 
f 3251/3251/3251 3253/3253/3253 3252/3252/3252 
f 3252/3252/3252 3253/3253/3253 3254/3254/3254 
f 3253/3253/3253 3254/3254/3254 3254/3254/3254 
f 3254/3254/3254 3254/3254/3254 3255/3255/3255 
f 3254/3254/3254 3255/3255/3255 3255/3255/3255 
f 3255/3255/3255 3255/3255/3255 3256/3256/3256 
f 3255/3255/3255 3257/3257/3257 3256/3256/3256 
f 3256/3256/3256 3257/3257/3257 3258/3258/3258 
f 3257/3257/3257 3258/3258/3258 3258/3258/3258 
f 3258/3258/3258 3258/3258/3258 3259/3259/3259 
f 3258/3258/3258 3259/3259/3259 3259/3259/3259 
f 3259/3259/3259 3259/3259/3259 3260/3260/3260 
f 3259/3259/3259 3261/3261/3261 3260/3260/3260 
f 3260/3260/3260 3261/3261/3261 3262/3262/3262 
f 3261/3261/3261 3262/3262/3262 3262/3262/3262 
f 3262/3262/3262 3262/3262/3262 3263/3263/3263 
f 3262/3262/3262 3263/3263/3263 3263/3263/3263 
f 3263/3263/3263 3263/3263/3263 3264/3264/3264 
f 3263/3263/3263 3265/3265/3265 3264/3264/3264 
f 3264/3264/3264 3265/3265/3265 3266/3266/3266 
f 3265/3265/3265 3266/3266/3266 3266/3266/3266 
f 3266/3266/3266 3266/3266/3266 3267/3267/3267 
f 3266/3266/3266 3267/3267/3267 3267/3267/3267 
f 3267/3267/3267 3267/3267/3267 3268/3268/3268 
f 3267/3267/3267 3269/3269/3269 3268/3268/3268 
f 3268/3268/3268 3269/3269/3269 3270/3270/3270 
f 3269/3269/3269 3270/3270/3270 3270/3270/3270 
f 3270/3270/3270 3270/3270/3270 3271/3271/3271 
f 3270/3270/3270 3271/3271/3271 3271/3271/3271 
f 3271/3271/3271 3271/3271/3271 3272/3272/3272 
f 3271/3271/3271 3273/3273/3273 3272/3272/3272 
f 3272/3272/3272 3273/3273/3273 3274/3274/3274 
f 3273/3273/3273 3274/3274/3274 3274/3274/3274 
f 3274/3274/3274 3274/3274/3274 3275/3275/3275 
f 3274/3274/3274 3275/3275/3275 3275/3275/3275 
f 3275/3275/3275 3275/3275/3275 3276/3276/3276 
f 3275/3275/3275 3277/3277/3277 3276/3276/3276 
f 3276/3276/3276 3277/3277/3277 3278/3278/3278 
f 3277/3277/3277 3278/3278/3278 3278/3278/3278 
f 3278/3278/3278 3278/3278/3278 3279/3279/3279 
f 3278/3278/3278 3279/3279/3279 3279/3279/3279 
f 3279/3279/3279 3279/3279/3279 3280/3280/3280 
f 3279/3279/3279 3281/3281/3281 3280/3280/3280 
f 3280/3280/3280 3281/3281/3281 3282/3282/3282 
f 3281/3281/3281 3282/3282/3282 3282/3282/3282 
f 3282/3282/3282 3282/3282/3282 3283/3283/3283 
f 3282/3282/3282 3283/3283/3283 3283/3283/3283 
f 3283/3283/3283 3283/3283/3283 3284/3284/3284 
f 3283/3283/3283 3285/3285/3285 3284/3284/3284 
f 3284/3284/3284 3285/3285/3285 3286/3286/3286 
f 3285/3285/3285 3286/3286/3286 3286/3286/3286 
f 3286/3286/3286 3286/3286/3286 3287/3287/3287 
f 3286/3286/3286 3287/3287/3287 3287/3287/3287 
f 3287/3287/3287 3287/3287/3287 3288/3288/3288 
f 3287/3287/3287 3289/3289/3289 3288/3288/3288 
f 3288/3288/3288 3289/3289/3289 3290/3290/3290 
f 3289/3289/3289 3290/3290/3290 3290/3290/3290 
f 3290/3290/3290 3290/3290/3290 3291/3291/3291 
f 3290/3290/3290 3291/3291/3291 3291/3291/3291 
f 3291/3291/3291 3291/3291/3291 3292/3292/3292 
f 3291/3291/3291 3293/3293/3293 3292/3292/3292 
f 3292/3292/3292 3293/3293/3293 3294/3294/3294 
f 3293/3293/3293 3294/3294/3294 3294/3294/3294 
f 3294/3294/3294 3294/3294/3294 3295/3295/3295 
f 3294/3294/3294 3295/3295/3295 3295/3295/3295 
f 3295/3295/3295 3295/3295/3295 3296/3296/3296 
f 3295/3295/3295 3297/3297/3297 3296/3296/3296 
f 3296/3296/3296 3297/3297/3297 3298/3298/3298 
f 3297/3297/3297 3298/3298/3298 3298/3298/3298 
f 3298/3298/3298 3298/3298/3298 3299/3299/3299 
f 3298/3298/3298 3299/3299/3299 3299/3299/3299 
f 3299/3299/3299 3299/3299/3299 3300/3300/3300 
f 3299/3299/3299 3301/3301/3301 3300/3300/3300 
f 3300/3300/3300 3301/3301/3301 3302/3302/3302 
f 3301/3301/3301 3302/3302/3302 3302/3302/3302 
f 3302/3302/3302 3302/3302/3302 3303/3303/3303 
f 3302/3302/3302 3303/3303/3303 3303/3303/3303 
f 3303/3303/3303 3303/3303/3303 3304/3304/3304 
f 3303/3303/3303 3305/3305/3305 3304/3304/3304 
f 3304/3304/3304 3305/3305/3305 3306/3306/3306 
f 3305/3305/3305 3306/3306/3306 3306/3306/3306 
f 3306/3306/3306 3306/3306/3306 3307/3307/3307 
f 3306/3306/3306 3307/3307/3307 3307/3307/3307 
f 3307/3307/3307 3307/3307/3307 3308/3308/3308 
f 3307/3307/3307 3309/3309/3309 3308/3308/3308 
f 3308/3308/3308 3309/3309/3309 3310/3310/3310 
f 3309/3309/3309 3310/3310/3310 3310/3310/3310 
f 3310/3310/3310 3310/3310/3310 3311/3311/3311 
f 3310/3310/3310 3311/3311/3311 3311/3311/3311 
f 3311/3311/3311 3311/3311/3311 3312/3312/3312 
f 3311/3311/3311 3313/3313/3313 3312/3312/3312 
f 3312/3312/3312 3313/3313/3313 3314/3314/3314 
f 3313/3313/3313 3314/3314/3314 3314/3314/3314 
f 3314/3314/3314 3314/3314/3314 3315/3315/3315 
f 3314/3314/3314 3315/3315/3315 3315/3315/3315 
f 3315/3315/3315 3315/3315/3315 3316/3316/3316 
f 3315/3315/3315 3317/3317/3317 3316/3316/3316 
f 3316/3316/3316 3317/3317/3317 3318/3318/3318 
f 3317/3317/3317 3318/3318/3318 3318/3318/3318 
f 3318/3318/3318 3318/3318/3318 3319/3319/3319 
f 3318/3318/3318 3319/3319/3319 3319/3319/3319 
f 3319/3319/3319 3319/3319/3319 3320/3320/3320 
f 3319/3319/3319 3321/3321/3321 3320/3320/3320 
f 3320/3320/3320 3321/3321/3321 3322/3322/3322 
f 3321/3321/3321 3322/3322/3322 3322/3322/3322 
f 3322/3322/3322 3322/3322/3322 3323/3323/3323 
f 3322/3322/3322 3323/3323/3323 3323/3323/3323 
f 3323/3323/3323 3323/3323/3323 3324/3324/3324 
f 3323/3323/3323 3325/3325/3325 3324/3324/3324 
f 3324/3324/3324 3325/3325/3325 3326/3326/3326 
f 3325/3325/3325 3326/3326/3326 3326/3326/3326 
f 3326/3326/3326 3326/3326/3326 3327/3327/3327 
f 3326/3326/3326 3327/3327/3327 3327/3327/3327 
f 3327/3327/3327 3327/3327/3327 3328/3328/3328 
f 3327/3327/3327 3329/3329/3329 3328/3328/3328 
f 3328/3328/3328 3329/3329/3329 3330/3330/3330 
f 3329/3329/3329 3330/3330/3330 3330/3330/3330 
f 3330/3330/3330 3330/3330/3330 3331/3331/3331 
f 3330/3330/3330 3331/3331/3331 3331/3331/3331 
f 3331/3331/3331 3331/3331/3331 3332/3332/3332 
f 3331/3331/3331 3333/3333/3333 3332/3332/3332 
f 3332/3332/3332 3333/3333/3333 3334/3334/3334 
f 3333/3333/3333 3334/3334/3334 3334/3334/3334 
f 3334/3334/3334 3334/3334/3334 3335/3335/3335 
f 3334/3334/3334 3335/3335/3335 3335/3335/3335 
f 3335/3335/3335 3335/3335/3335 3336/3336/3336 
f 3335/3335/3335 3337/3337/3337 3336/3336/3336 
f 3336/3336/3336 3337/3337/3337 3338/3338/3338 
f 3337/3337/3337 3338/3338/3338 3338/3338/3338 
f 3338/3338/3338 3338/3338/3338 3339/3339/3339 
f 3338/3338/3338 3339/3339/3339 3339/3339/3339 
f 3339/3339/3339 3339/3339/3339 3340/3340/3340 
f 3339/3339/3339 3341/3341/3341 3340/3340/3340 
f 3340/3340/3340 3341/3341/3341 3342/3342/3342 
f 3341/3341/3341 3342/3342/3342 3342/3342/3342 
f 3342/3342/3342 3342/3342/3342 3343/3343/3343 
f 3342/3342/3342 3343/3343/3343 3343/3343/3343 
f 3343/3343/3343 3343/3343/3343 3344/3344/3344 
f 3343/3343/3343 3345/3345/3345 3344/3344/3344 
f 3344/3344/3344 3345/3345/3345 3346/3346/3346 
f 3345/3345/3345 3346/3346/3346 3346/3346/3346 
f 3346/3346/3346 3346/3346/3346 3347/3347/3347 
f 3346/3346/3346 3347/3347/3347 3347/3347/3347 
f 3347/3347/3347 3347/3347/3347 3348/3348/3348 
f 3347/3347/3347 3349/3349/3349 3348/3348/3348 
f 3348/3348/3348 3349/3349/3349 3350/3350/3350 
f 3349/3349/3349 3350/3350/3350 3350/3350/3350 
f 3350/3350/3350 3350/3350/3350 3351/3351/3351 
f 3350/3350/3350 3351/3351/3351 3351/3351/3351 
f 3351/3351/3351 3351/3351/3351 3352/3352/3352 
f 3351/3351/3351 3353/3353/3353 3352/3352/3352 
f 3352/3352/3352 3353/3353/3353 3354/3354/3354 
f 3353/3353/3353 3354/3354/3354 3354/3354/3354 
f 3354/3354/3354 3354/3354/3354 3355/3355/3355 
f 3354/3354/3354 3355/3355/3355 3355/3355/3355 
f 3355/3355/3355 3355/3355/3355 3356/3356/3356 
f 3355/3355/3355 3357/3357/3357 3356/3356/3356 
f 3356/3356/3356 3357/3357/3357 3357/3357/3357 
f 3357/3357/3357 3358/3358/3358 3357/3357/3357 
f 3357/3357/3357 3358/3358/3358 3358/3358/3358 
f 3358/3358/3358 3359/3359/3359 3358/3358/3358 
f 3358/3358/3358 3359/3359/3359 3360/3360/3360 
f 3359/3359/3359 3361/3361/3361 3360/3360/3360 
f 3360/3360/3360 3361/3361/3361 3361/3361/3361 
f 3361/3361/3361 3362/3362/3362 3361/3361/3361 
f 3361/3361/3361 3362/3362/3362 3362/3362/3362 
f 3362/3362/3362 3363/3363/3363 3362/3362/3362 
f 3362/3362/3362 3363/3363/3363 3364/3364/3364 
f 3363/3363/3363 3365/3365/3365 3364/3364/3364 
f 3364/3364/3364 3365/3365/3365 3365/3365/3365 
f 3365/3365/3365 3366/3366/3366 3365/3365/3365 
f 3365/3365/3365 3366/3366/3366 3366/3366/3366 
f 3366/3366/3366 3367/3367/3367 3366/3366/3366 
f 3366/3366/3366 3367/3367/3367 3368/3368/3368 
f 3367/3367/3367 3369/3369/3369 3368/3368/3368 
f 3368/3368/3368 3369/3369/3369 3369/3369/3369 
f 3369/3369/3369 3370/3370/3370 3369/3369/3369 
f 3369/3369/3369 3370/3370/3370 3370/3370/3370 
f 3370/3370/3370 3371/3371/3371 3370/3370/3370 
f 3370/3370/3370 3371/3371/3371 3372/3372/3372 
f 3371/3371/3371 3373/3373/3373 3372/3372/3372 
f 3372/3372/3372 3373/3373/3373 3373/3373/3373 
f 3373/3373/3373 3374/3374/3374 3373/3373/3373 
f 3373/3373/3373 3374/3374/3374 3374/3374/3374 
f 3374/3374/3374 3375/3375/3375 3374/3374/3374 
f 3374/3374/3374 3375/3375/3375 3376/3376/3376 
f 3375/3375/3375 3377/3377/3377 3376/3376/3376 
f 3376/3376/3376 3377/3377/3377 3377/3377/3377 
f 3377/3377/3377 3378/3378/3378 3377/3377/3377 
f 3377/3377/3377 3378/3378/3378 3378/3378/3378 
f 3378/3378/3378 3379/3379/3379 3378/3378/3378 
f 3378/3378/3378 3379/3379/3379 3380/3380/3380 
f 3379/3379/3379 3381/3381/3381 3380/3380/3380 
f 3380/3380/3380 3381/3381/3381 3381/3381/3381 
f 3381/3381/3381 3382/3382/3382 3381/3381/3381 
f 3381/3381/3381 3382/3382/3382 3382/3382/3382 
f 3382/3382/3382 3383/3383/3383 3382/3382/3382 
f 3382/3382/3382 3383/3383/3383 3384/3384/3384 
f 3383/3383/3383 3385/3385/3385 3384/3384/3384 
f 3384/3384/3384 3385/3385/3385 3385/3385/3385 
f 3385/3385/3385 3386/3386/3386 3385/3385/3385 
f 3385/3385/3385 3386/3386/3386 3386/3386/3386 
f 3386/3386/3386 3387/3387/3387 3386/3386/3386 
f 3386/3386/3386 3387/3387/3387 3388/3388/3388 
f 3387/3387/3387 3389/3389/3389 3388/3388/3388 
f 3388/3388/3388 3389/3389/3389 3389/3389/3389 
f 3389/3389/3389 3390/3390/3390 3389/3389/3389 
f 3389/3389/3389 3390/3390/3390 3390/3390/3390 
f 3390/3390/3390 3391/3391/3391 3390/3390/3390 
f 3390/3390/3390 3391/3391/3391 3392/3392/3392 
f 3391/3391/3391 3392/3392/3392 3392/3392/3392 
f 3392/3392/3392 3392/3392/3392 3393/3393/3393 
f 3392/3392/3392 3393/3393/3393 3393/3393/3393 
f 3393/3393/3393 3393/3393/3393 3394/3394/3394 
f 3393/3393/3393 3395/3395/3395 3394/3394/3394 
f 3394/3394/3394 3395/3395/3395 3396/3396/3396 
f 3395/3395/3395 3396/3396/3396 3396/3396/3396 
f 3396/3396/3396 3396/3396/3396 3397/3397/3397 
f 3396/3396/3396 3397/3397/3397 3397/3397/3397 
f 3397/3397/3397 3397/3397/3397 3398/3398/3398 
f 3397/3397/3397 3399/3399/3399 3398/3398/3398 
f 3398/3398/3398 3399/3399/3399 3400/3400/3400 

