mtllib model_5.mtl
o model_5
v 34.038414001464844 16.46697235107422 -5.808018207550049 
v 34.75240707397461 17.243148803710938 -6.049688816070557 
v 33.90968704223633 16.618864059448242 -6.321492671966553 
v 34.03707504272461 16.892345428466797 -6.780879020690918 
v 33.71709060668945 16.485383987426758 -7.307696342468262 
v 34.26603317260742 16.998706817626953 -7.764785289764404 
v 34.38273620605469 17.21339225769043 -7.065515041351318 
v 35.019569396972656 17.450151443481445 -7.817028045654297 
v 34.851749420166016 17.495220184326172 -7.098462104797363 
v 35.77367401123047 17.719091415405273 -7.451875686645508 
v 35.32112503051758 17.662870407104492 -6.870274543762207 
v 36.329200744628906 17.73413848876953 -6.765279769897461 
v 35.667762756347656 17.672252655029297 -6.442112445831299 
v 36.534366607666016 17.490224838256836 -5.944105625152588 
v 35.791996002197266 17.517866134643555 -5.931000232696533 
v 35.669097900390625 17.24687957763672 -5.469252109527588 
v 35.32343673706055 16.926301956176758 -5.185688018798828 
v 36.33134078979492 17.052324295043945 -5.2059173583984375 
v 37.318359375 17.22149658203125 -6.062681198120117 
v 37.05183792114258 17.546968460083008 -7.155354022979736 
v 36.310970306396484 17.526456832885742 -8.068462371826172 
v 35.31016159057617 17.170345306396484 -8.554255485534668 
v 34.30561828613281 16.567934036254883 -8.484810829162598 
v 33.57133102416992 15.885883331298828 -7.876864910125732 
v 33.51406478881836 16.047950744628906 -6.57057523727417 
v 33.719234466552734 15.803567886352539 -5.7483344078063965 
v 33.574180603027344 14.978511810302734 -5.801639556884766 
v 33.30264663696289 15.302947044372559 -6.896030426025391 
v 33.64883804321289 15.182043075561523 -8.386148452758789 
v 34.50600051879883 15.977899551391602 -9.092385292053223 
v 35.672061920166016 16.67589569091797 -9.173806190490723 
v 36.8384895324707 17.09270477294922 -8.608152389526367 
v 37.698081970214844 17.115495681762695 -7.546329021453857 
v 38.012882232666016 16.73695945739746 -6.2754950523376465 
v 37.0546875 16.639598846435547 -5.0801286697387695 
v 35.77738571166992 16.5379638671875 -4.750547409057617 
v 34.85442352294922 16.644472122192383 -5.152741432189941 
v 34.38505172729492 16.476823806762695 -5.3809285163879395 
v 35.02385330200195 16.08652114868164 -4.698303699493408 
v 36.3159065246582 15.954583168029785 -4.473471641540527 
v 37.70139694213867 16.06024932861328 -5.132901668548584 
v 38.659969329833984 16.012075424194336 -6.593332290649414 
v 38.321537017822266 16.421300888061523 -7.966725826263428 
v 37.395835876464844 16.396203994750977 -9.112337112426758 
v 36.13431930541992 15.946430206298828 -9.724145889282227 
v 34.87324905395508 15.192070007324219 -9.635366439819336 
v 33.95016860961914 14.33306884765625 -8.873777389526367 
v 33.33787155151367 14.504340171813965 -7.2452616691589355 
v 33.61531066894531 13.602346420288086 -7.640030384063721 
v 33.9537467956543 13.193122863769531 -6.266636371612549 
v 33.65215301513672 14.126795768737793 -5.972721099853516 
v 34.59709167480469 13.354950904846191 -9.246247291564941 
v 35.48219680786133 14.181107521057129 -9.981342315673828 
v 36.70025634765625 14.91048526763916 -10.065690994262695 
v 37.91924285888672 15.345044136047363 -9.475770950317383 
v 38.80687713623047 15.3672513961792 -8.372173309326172 
v 39.1357421875 14.974150657653809 -7.0478081703186035 
v 38.32511901855469 15.281353950500488 -5.359584808349609 
v 36.844234466552734 15.26485824584961 -4.427732467651367 
v 35.315860748291016 15.355603218078613 -4.403804779052734 
v 34.269744873046875 15.817578315734863 -5.0634565353393555 
v 34.3105583190918 14.996061325073242 -4.889820575714111 
v 34.511741638183594 14.150053024291992 -4.911965370178223 
v 34.87944793701172 13.217752456665039 -5.119956970214844 
v 35.67869186401367 14.565402030944824 -4.346951007843018 
v 37.40203857421875 14.421887397766113 -4.596927165985107 
v 38.810325622558594 14.26848316192627 -5.85921049118042 
v 36.141483306884766 13.666535377502441 -4.509859561920166 
v 36.70716094970703 12.712949752807617 -5.03976583480835 
v 35.48817825317383 12.277920722961426 -5.628613471984863 
v 34.60054397583008 12.256182670593262 -6.733283996582031 
v 34.271156311035156 12.65074348449707 -8.057010650634766 
v 35.21442794799805 11.811205863952637 -8.425385475158691 
v 35.4875602722168 12.410205841064453 -9.434895515441895 
v 36.245323181152344 13.11351203918457 -10.059077262878418 
v 37.27836608886719 13.732600212097168 -10.130199432373047 
v 38.31271743774414 14.100337028503418 -9.630438804626465 
v 39.06761169433594 14.11892032623291 -8.692696571350098 
v 39.34367752075195 13.784811973571777 -7.568120002746582 
v 39.07054138183594 13.185811996459961 -6.558609962463379 
v 38.31779479980469 12.484009742736816 -5.933777332305908 
v 37.92522048950195 13.44185733795166 -5.123042583465576 
v 37.28422927856445 11.866379737854004 -5.862016677856445 
v 36.25040054321289 11.497183799743652 -6.3624162673950195 
v 35.49049377441406 11.477097511291504 -7.300808906555176 
v 36.2099609375 11.353978157043457 -8.62667179107666 
v 36.407989501953125 11.785696983337402 -9.35481071472168 
v 36.95244598388672 12.292312622070312 -9.8046236038208 
v 37.69647979736328 12.737886428833008 -9.855599403381348 
v 38.441078186035156 13.003764152526855 -9.495594024658203 
v 38.987083435058594 13.018089294433594 -8.819502830505371 
v 39.187225341796875 12.776883125305176 -8.008611679077148 
v 38.989200592041016 12.34516429901123 -7.280472755432129 
v 38.444740295410156 11.83854866027832 -6.830659866333008 
v 37.700706481933594 11.392504692077637 -6.778611660003662 
v 36.95610809326172 11.127097129821777 -7.139688968658447 
v 36.41010284423828 11.112771987915039 -7.8157806396484375 
v 37.20370101928711 11.08841323852539 -8.744153022766113 
v 37.31333541870117 10.954259872436523 -8.295564651489258 
v 37.61688232421875 10.963460922241211 -7.919693470001221 
v 38.029720306396484 11.109870910644531 -7.719836711883545 
v 38.4422492980957 11.356422424316406 -7.749009132385254 
v 38.74545669555664 11.63745403289795 -7.998812675476074 
v 38.853397369384766 11.877254486083984 -8.401506423950195 
v 38.744285583496094 12.009947776794434 -8.850733757019043 
v 38.440223693847656 12.001738548278809 -9.224892616271973 
v 38.02737808227539 11.855329513549805 -9.424755096435547 
v 37.61485290527344 11.608776092529297 -9.395577430725098 
v 37.312164306640625 11.326753616333008 -9.147485733032227 
v 37.97699737548828 11.082969665527344 -8.747594833374023 
v 38.00483703613281 11.146964073181152 -8.853511810302734 
v 38.08577346801758 11.220701217651367 -8.920825004577637 
v 38.19478225708008 11.285897254943848 -8.92816162109375 
v 38.30386734008789 11.324889183044434 -8.875569343566895 
v 38.38451385498047 11.327082633972168 -8.775278091430664 
v 38.413185119628906 11.291346549987793 -8.657083511352539 
v 38.38482666015625 11.228343963623047 -8.549455642700195 
v 38.304405212402344 11.153615951538086 -8.483853340148926 
v 38.19540023803711 11.088419914245605 -8.476516723632812 
v 38.08631134033203 11.049427032470703 -8.529109001159668 
v 38.00514602661133 11.048225402832031 -8.627689361572266 
v 38.22140884399414 20.248186111450195 -11.893817901611328 
v 38.08101272583008 20.2243595123291 -12.424190521240234 
v 39.091644287109375 20.609893798828125 -12.424016952514648 
v 38.2203254699707 20.248327255249023 -12.954447746276855 
v 38.60175704956055 20.3107967376709 -13.344533920288086 
v 38.34885787963867 19.895244598388672 -13.898148536682129 
v 39.186275482177734 20.032194137573242 -14.126263618469238 
v 39.126502990722656 20.398120880126953 -13.485556602478027 
v 40.02470016479492 20.171812057495117 -13.898082733154297 
v 39.64833450317383 20.48395347595215 -13.344207763671875 
v 40.6403923034668 20.273069381713867 -13.275867462158203 
v 40.03377151489258 20.54777717590332 -12.956040382385254 
v 40.17416763305664 20.571138381958008 -12.424599647521973 
v 40.86762237548828 20.31223487854004 -12.424017906188965 
v 40.03433609008789 20.548629760742188 -11.89370346069336 
v 39.64841079711914 20.48366355895996 -11.505973815917969 
v 40.64088821411133 20.27457046508789 -11.573264122009277 
v 41.52413558959961 19.78851318359375 -12.42443561553955 
v 41.22548294067383 19.739116668701172 -13.5573091506958 
v 40.408077239990234 19.604000091552734 -14.38528060913086 
v 39.28868103027344 19.416852951049805 -14.689948081970215 
v 38.172821044921875 19.232309341430664 -14.386648178100586 
v 37.73317337036133 19.791826248168945 -13.275763511657715 
v 37.351558685302734 19.096017837524414 -13.557804107666016 
v 37.506439208984375 19.754161834716797 -12.425010681152344 
v 37.73419189453125 19.7918701171875 -11.573799133300781 
v 37.35123825073242 19.096973419189453 -11.291939735412598 
v 37.05258560180664 19.047578811645508 -12.424812316894531 
v 37.169246673583984 18.266712188720703 -13.741677284240723 
v 38.11851119995117 18.423269271850586 -14.705897331237793 
v 39.41983413696289 18.63956069946289 -15.058042526245117 
v 40.71887969970703 18.854564666748047 -14.705742835998535 
v 41.667415618896484 19.011720657348633 -13.742098808288574 
v 42.01719665527344 19.069700241088867 -12.424510955810547 
v 41.225685119628906 19.738616943359375 -11.29208755493164 
v 40.025203704833984 20.171154022216797 -10.95088005065918 
v 39.12815856933594 20.398834228515625 -11.362590789794922 
v 38.60183334350586 20.310039520263672 -11.505232810974121 
v 39.18778991699219 20.033735275268555 -10.721691131591797 
v 40.4044189453125 19.602323532104492 -10.463244438171387 
v 41.669429779052734 19.012065887451172 -11.108071327209473 
v 42.386985778808594 18.114456176757812 -12.424535751342773 
v 42.01293182373047 18.0532169342041 -13.846778869628906 
v 40.98429489135742 17.882579803466797 -14.888871192932129 
v 39.582889556884766 17.65129280090332 -15.269820213317871 
v 38.17751693725586 17.418128967285156 -14.889215469360352 
v 37.15016555786133 17.247610092163086 -13.846850395202637 
v 36.821475982666016 18.20861053466797 -12.424164772033691 
v 36.77342987060547 17.185550689697266 -12.425220489501953 
v 37.15250015258789 17.248292922973633 -11.002326965332031 
v 37.16624450683594 18.265552520751953 -11.10830020904541 
v 37.44029998779297 16.054658889770508 -13.795165061950684 
v 38.426361083984375 16.217182159423828 -14.800172805786133 
v 39.782470703125 16.442399978637695 -15.167612075805664 
v 41.1327018737793 16.665313720703125 -14.800456047058105 
v 42.1237907409668 16.829727172851562 -13.79672622680664 
v 42.48796081542969 16.890113830566406 -12.42455768585205 
v 42.010250091552734 18.052392959594727 -11.002902030944824 
v 40.71514892578125 18.85353660583496 -10.143434524536133 
v 39.28855895996094 19.41777992248535 -10.15993881225586 
v 38.349365234375 19.89411735534668 -10.949872016906738 
v 38.17366027832031 19.23312759399414 -10.462244987487793 
v 38.11979675292969 18.423742294311523 -10.14293384552002 
v 38.17612075805664 17.417423248291016 -9.960880279541016 
v 39.41884231567383 18.638748168945312 -9.79063892364502 
v 40.9828987121582 17.88187599182129 -9.960540771484375 
v 42.12294387817383 16.829309463500977 -11.053389549255371 
v 39.582542419433594 17.65021514892578 -9.579279899597168 
v 39.78076934814453 16.442033767700195 -9.682010650634766 
v 38.4305419921875 16.2191219329834 -10.049171447753906 
v 37.43944549560547 16.05470848083496 -11.052900314331055 
v 37.07528305053711 15.993854522705078 -12.423996925354004 
v 37.68523025512695 14.830283164978027 -12.424921035766602 
v 37.993343353271484 14.880718231201172 -13.590190887451172 
v 38.83827209472656 15.021705627441406 -14.441239356994629 
v 39.98680114746094 15.212189674377441 -14.75346565246582 
v 41.13230895996094 15.401597023010254 -14.4414701461792 
v 41.97323989868164 15.540654182434082 -13.590132713317871 
v 42.283843994140625 15.591614723205566 -12.42471981048584 
v 41.97573471069336 15.541179656982422 -11.259444236755371 
v 41.13581848144531 15.401697158813477 -10.407750129699707 
v 41.13688278198242 16.666786193847656 -10.048381805419922 
v 39.98677062988281 15.21267318725586 -10.094884872436523 
v 38.83625030517578 15.021761894226074 -10.40753173828125 
v 37.99583435058594 14.881243705749512 -11.25950813293457 
v 38.47529220581055 14.046050071716309 -12.424691200256348 
v 38.700477600097656 14.083878517150879 -13.263895988464355 
v 39.30510711669922 14.183931350708008 -13.878811836242676 
v 40.13146209716797 14.319854736328125 -14.104812622070312 
v 40.95985794067383 14.456934928894043 -13.879005432128906 
v 41.56551742553711 14.557991981506348 -13.264510154724121 
v 41.789283752441406 14.59548568725586 -12.42485523223877 
v 41.56910705566406 14.559161186218262 -11.584999084472656 
v 40.95946502685547 14.457605361938477 -10.970733642578125 
v 40.133636474609375 14.320222854614258 -10.74537181854248 
v 39.304718017578125 14.184135437011719 -10.969472885131836 
v 38.699058532714844 14.083544731140137 -11.58503532409668 
v 39.33317947387695 13.46098804473877 -12.424155235290527 
v 39.455204010009766 13.481727600097656 -11.95885181427002 
v 39.793582916259766 13.538140296936035 -11.618483543395996 
v 40.24867630004883 13.613480567932129 -11.494376182556152 
v 40.70808410644531 13.689393997192383 -11.618627548217773 
v 41.04616165161133 13.74549674987793 -11.959174156188965 
v 41.16719436645508 13.76546573638916 -12.424860954284668 
v 41.045166015625 13.744725227355957 -12.890164375305176 
v 40.706790924072266 13.688311576843262 -13.230527877807617 
v 40.2516975402832 13.612974166870117 -13.354639053344727 
v 39.79228591918945 13.537059783935547 -13.230388641357422 
v 39.45420837402344 13.48095703125 -12.88984203338623 
v 40.0672492980957 13.214996337890625 -12.424359321594238 
v 40.0982780456543 13.220606803894043 -12.5481595993042 
v 40.188453674316406 13.236417770385742 -12.638258934020996 
v 40.30909729003906 13.255295753479004 -12.670967102050781 
v 40.431514739990234 13.276660919189453 -12.637575149536133 
v 40.52112579345703 13.290395736694336 -12.5475492477417 
v 40.55337142944336 13.295947074890137 -12.424053192138672 
v 40.5223388671875 13.290804862976074 -12.301324844360352 
v 40.431640625 13.276450157165527 -12.21058177947998 
v 40.31151580810547 13.256112098693848 -12.178512573242188 
v 40.18857955932617 13.23620891571045 -12.211271286010742 
v 40.0994873046875 13.22054672241211 -12.300862312316895 
v 43.89787673950195 19.205055236816406 -16.79680633544922 
v 43.7835807800293 19.11345100402832 -17.24338150024414 
v 44.70869064331055 19.01332664489746 -17.21449089050293 
v 43.89990997314453 18.947465896606445 -17.670534133911133 
v 44.217308044433594 18.75516128540039 -17.961580276489258 
v 43.86100769042969 18.41195297241211 -18.355932235717773 
v 44.552490234375 18.13995933532715 -18.480907440185547 
v 44.649986267089844 18.58548355102539 -18.03891372680664 
v 45.249595642089844 17.982316970825195 -18.22952651977539 
v 45.0861701965332 18.487743377685547 -17.882097244262695 
v 45.76096725463867 17.977142333984375 -17.668996810913086 
v 45.40251159667969 18.484519958496094 -17.53335189819336 
v 45.52182388305664 18.577159881591797 -17.085052490234375 
v 45.94522476196289 18.12531280517578 -16.951736450195312 
v 45.40047836303711 18.741641998291016 -16.65855598449707 
v 45.08308029174805 18.934415817260742 -16.368576049804688 
v 45.76009750366211 18.391096115112305 -16.26795196533203 
v 46.2430534362793 17.4954891204834 -16.764751434326172 
v 45.99421310424805 17.29612922668457 -17.721036911010742 
v 45.31739807128906 17.303438186645508 -18.465255737304688 
v 44.387577056884766 17.51460075378418 -18.800006866455078 
v 43.46461868286133 17.874967575073242 -18.634796142578125 
v 43.34763717651367 18.719690322875977 -17.890480041503906 
v 42.78917694091797 18.285533905029297 -18.01325035095215 
v 43.162506103515625 18.98500633239746 -17.20562744140625 
v 43.35177993774414 19.134679794311523 -16.48771095275879 
v 42.786861419677734 18.836448669433594 -16.14818572998047 
v 42.538021087646484 18.636621475219727 -17.103397369384766 
v 42.31939697265625 17.70294952392578 -18.005985260009766 
v 43.10606002807617 17.224384307861328 -18.728809356689453 
v 44.182640075683594 16.80720329284668 -18.92034912109375 
v 45.26057052612305 16.560264587402344 -18.532602310180664 
v 46.04917526245117 16.55282974243164 -17.666200637817383 
v 46.33543014526367 16.78248405456543 -16.555208206176758 
v 45.99189758300781 17.8470458984375 -15.855971336364746 
v 45.25174331665039 18.699871063232422 -15.800782203674316 
v 44.65040588378906 19.10362434387207 -16.290170669555664 
v 44.21923065185547 19.20333480834961 -16.447410583496094 
v 44.555763244628906 18.968902587890625 -15.677090644836426 
v 45.31645584106445 18.25760841369629 -15.234420776367188 
v 46.047454833984375 17.192232131958008 -15.497270584106445 
v 46.244388580322266 15.943115234375 -16.307601928710938 
v 45.93147277832031 15.692978858947754 -17.507829666137695 
v 45.084197998046875 15.703730583190918 -18.442821502685547 
v 43.92113494873047 15.970805168151855 -18.862438201904297 
v 42.75511932373047 16.420448303222656 -18.655309677124023 
v 41.90497589111328 16.93766212463379 -17.87470245361328 
v 42.03142166137695 18.11269760131836 -16.948047637939453 
v 41.59072494506836 17.379985809326172 -16.73236656188965 
v 41.90364074707031 17.630123138427734 -15.532139778137207 
v 42.31715774536133 18.34427833557129 -15.837485313415527 
v 41.6535530090332 15.967501640319824 -17.542552947998047 
v 42.477230072021484 15.470388412475586 -18.2939395904541 
v 43.594295501708984 15.033516883850098 -18.49541664123535 
v 44.717041015625 14.777522087097168 -18.090015411376953 
v 45.540252685546875 14.768970489501953 -17.188457489013672 
v 45.839317321777344 15.010090827941895 -16.031673431396484 
v 45.935150146484375 16.386945724487305 -15.164619445800781 
v 45.26079177856445 17.67079734802246 -14.77444839477539 
v 44.38848114013672 18.616472244262695 -15.069860458374023 
v 43.85813522338867 19.128469467163086 -15.928906440734863 
v 43.46367645263672 18.829137802124023 -15.403961181640625 
v 43.10628128051758 18.334917068481445 -14.970654487609863 
v 42.75593185424805 17.62087631225586 -14.596502304077148 
v 44.183692932128906 18.089439392089844 -14.582268714904785 
v 45.079994201660156 16.902652740478516 -14.384659767150879 
v 45.54045486450195 15.436906814575195 -14.92928695678711 
v 43.91899108886719 17.35379981994629 -14.176880836486816 
v 43.59469985961914 16.3693904876709 -13.97707748413086 
v 42.47697067260742 16.626888275146484 -14.381823539733887 
v 41.65375518798828 16.635438919067383 -15.283382415771484 
v 41.35469055175781 16.394317626953125 -16.440166473388672 
v 41.366092681884766 15.311756134033203 -16.120553970336914 
v 41.61846160888672 14.949612617492676 -17.05691146850586 
v 42.31621551513672 14.52734661102295 -17.695083618164062 
v 43.270484924316406 14.156990051269531 -17.86470603942871 
v 44.217960357666016 13.938833236694336 -17.521562576293945 
v 44.919342041015625 13.93254566192627 -16.7552547454834 
v 45.17459487915039 14.13623332977295 -15.77286148071289 
v 44.91669464111328 14.498798370361328 -14.8375825881958 
v 44.21894073486328 14.920599937438965 -14.198348045349121 
v 44.71677780151367 15.933553695678711 -14.176831245422363 
v 43.270206451416016 15.29100227355957 -14.028714179992676 
v 42.317195892333984 15.509114265441895 -14.371868133544922 
v 41.620826721191406 15.516902923583984 -15.137520790100098 
v 41.655704498291016 14.438779830932617 -15.863945007324219 
v 41.8432502746582 14.178985595703125 -16.53746223449707 
v 42.343997955322266 13.874131202697754 -16.9978084564209 
v 43.028385162353516 13.606468200683594 -17.120880126953125 
v 43.714942932128906 13.448683738708496 -16.87337303161621 
v 44.221290588378906 13.445281982421875 -16.320987701416016 
v 44.40156936645508 13.591836929321289 -15.612074851989746 
v 44.219032287597656 13.853133201599121 -14.93790340423584 
v 43.71828842163086 14.157987594604492 -14.477556228637695 
v 43.02888107299805 14.424145698547363 -14.355135917663574 
v 42.34232711791992 14.581932067871094 -14.602642059326172 
v 41.84099197387695 14.586836814880371 -15.154376983642578 
v 42.0794563293457 13.68796443939209 -15.64079475402832 
v 42.181453704833984 13.770386695861816 -15.2492094039917 
v 42.46421813964844 13.767701148986816 -14.942251205444336 
v 42.84400177001953 13.68132209777832 -14.804608345031738 
v 43.22460174560547 13.533639907836914 -14.873530387878418 
v 43.50238800048828 13.365306854248047 -15.128545761108398 
v 43.60022735595703 13.21937084197998 -15.502281188964844 
v 43.49822998046875 13.137417793273926 -15.894938468933105 
v 43.22099685668945 13.139678955078125 -16.20081329345703 
v 42.84069061279297 13.227516174316406 -16.337818145751953 
v 42.46009063720703 13.375666618347168 -16.269962310791016 
v 42.18230438232422 13.544000625610352 -16.014951705932617 
v 42.54315948486328 13.230650901794434 -15.506098747253418 
v 42.572540283203125 13.194000244140625 -15.605030059814453 
v 42.64466857910156 13.14945125579834 -15.673051834106445 
v 42.747779846191406 13.1093168258667 -15.690741539001465 
v 42.84951400756836 13.087440490722656 -15.65455150604248 
v 42.9227180480957 13.085884094238281 -15.573739051818848 
v 42.94730758666992 13.10705280303955 -15.47017765045166 
v 42.92241668701172 13.146666526794434 -15.369956970214844 
v 42.84527587890625 13.189712524414062 -15.30258560180664 
v 42.747703552246094 13.229890823364258 -15.284883499145508 
v 42.64544677734375 13.253225326538086 -15.320435523986816 
v 42.5727653503418 13.25332260131836 -15.401881217956543 
v 66.64682006835938 21.458703994750977 -14.488770484924316 
v 66.5069351196289 21.33434295654297 -15.004454612731934 
v 67.51838684082031 21.71243667602539 -15.078927040100098 
v 66.6488265991211 21.25521469116211 -15.530071258544922 
v 67.03106689453125 21.242549896240234 -15.923693656921387 
v 66.7744140625 20.726619720458984 -16.387327194213867 
v 67.61688995361328 20.819185256958008 -16.637405395507812 
v 67.55567169189453 21.29961395263672 -16.0792179107666 
v 68.45800018310547 21.00048828125 -16.440723419189453 
v 68.07727813720703 21.412771224975586 -15.956517219543457 
v 69.07003021240234 21.219457626342773 -15.848628044128418 
v 68.45999908447266 21.54943084716797 -15.58749771118164 
v 68.60488891601562 21.675296783447266 -15.071162223815918 
v 69.29612731933594 21.42053985595703 -15.020319938659668 
v 68.46299743652344 21.754423141479492 -14.545546531677246 
v 68.08076477050781 21.767087936401367 -14.151924133300781 
v 69.07120513916016 21.54745101928711 -14.17919921875 
v 69.95321655273438 20.906614303588867 -14.919561386108398 
v 69.65474700927734 20.640169143676758 -16.022403717041016 
v 68.83484649658203 20.347732543945312 -16.80952262878418 
v 67.72040557861328 20.107027053833008 -17.071321487426758 
v 66.59928131103516 19.98295783996582 -16.7390193939209 
v 66.15992736816406 20.745407104492188 -15.757406234741211 
v 65.78279113769531 20.0106258392334 -15.898409843444824 
v 65.93448638916016 20.873310089111328 -14.914578437805176 
v 66.16058349609375 21.074392318725586 -14.086270332336426 
v 65.7850570678711 20.446941375732422 -13.675494194030762 
v 65.48157501220703 20.178524017333984 -14.777914047241211 
v 65.59716033935547 19.159086227416992 -15.919892311096191 
v 66.54844665527344 19.12944221496582 -16.896686553955078 
v 67.84864044189453 19.27203941345215 -17.283601760864258 
v 69.1456527709961 19.55168342590332 -16.97953224182129 
v 70.095947265625 19.890260696411133 -16.064048767089844 
v 70.44670104980469 20.201059341430664 -14.782536506652832 
v 69.65199279785156 21.074979782104492 -13.800139427185059 
v 68.4561996459961 21.567230224609375 -13.547572135925293 
v 67.55615234375 21.709556579589844 -13.99532699584961 
v 67.0345458984375 21.596864700317383 -14.119095802307129 
v 67.61424255371094 21.473203659057617 -13.298128128051758 
v 68.83550262451172 21.10264778137207 -12.959529876708984 
v 70.09628295898438 20.39803123474121 -13.478431701660156 
v 70.8197021484375 19.26612091064453 -14.597746849060059 
v 70.43986511230469 18.930727005004883 -15.983047485351562 
v 69.41365051269531 18.562786102294922 -16.972455978393555 
v 68.00979614257812 18.261554718017578 -17.301118850708008 
v 66.60899353027344 18.107494354248047 -16.88210105895996 
v 65.5799560546875 18.140623092651367 -15.827184677124023 
v 65.24674987792969 19.356525421142578 -14.616854667663574 
v 65.20589447021484 18.353050231933594 -14.419402122497559 
v 65.5807113647461 18.687408447265625 -13.0358247756958 
v 65.59749603271484 19.667322158813477 -13.335343360900879 
v 65.8650131225586 16.97728729248047 -15.548368453979492 
v 66.8556900024414 16.944438934326172 -16.564861297607422 
v 68.21119689941406 17.094972610473633 -16.968780517578125 
v 69.56388092041016 17.386425018310547 -16.650699615478516 
v 70.55464935302734 17.739971160888672 -15.696860313415527 
v 70.91716766357422 18.062808990478516 -14.362926483154297 
v 70.44062805175781 19.47704315185547 -13.190614700317383 
v 69.14500427246094 20.428142547607422 -12.502703666687012 
v 67.71939849853516 20.979616165161133 -12.625508308410645 
v 66.77762603759766 21.294862747192383 -13.493520736694336 
v 66.59994506835938 20.737873077392578 -12.889025688171387 
v 66.54727172851562 20.00735855102539 -12.419220924377441 
v 66.60693359375 19.05535125732422 -12.046416282653809 
v 67.84481048583984 20.285078048706055 -12.114721298217773 
v 69.41659545898438 19.511674880981445 -12.135048866271973 
v 70.55191040039062 18.26774787902832 -13.005597114562988 
v 68.01079559326172 19.356117248535156 -11.716686248779297 
v 68.21073913574219 18.15156364440918 -11.584529876708984 
v 66.8580551147461 17.860111236572266 -11.902610778808594 
v 65.8672866821289 17.506099700927734 -12.855381965637207 
v 65.5047607421875 17.183727264404297 -14.190388679504395 
v 66.1177749633789 16.042055130004883 -13.966290473937988 
v 66.42520141601562 15.867411613464355 -15.119060516357422 
v 67.26640319824219 15.84105110168457 -15.98207950592041 
v 68.41622161865234 15.966638565063477 -16.325231552124023 
v 69.56627655029297 16.214540481567383 -16.055238723754883 
v 70.40312957763672 16.514726638793945 -15.245631217956543 
v 70.71198272705078 16.788986206054688 -14.112619400024414 
v 70.40455627441406 16.9636287689209 -12.959842681884766 
v 69.5633544921875 16.989988327026367 -12.096823692321777 
v 69.56175231933594 18.29913330078125 -11.989738464355469 
v 68.41405487060547 16.86294174194336 -11.75430965423584 
v 67.26348114013672 16.61650276184082 -12.023670196533203 
v 66.42662811279297 16.316316604614258 -12.833276748657227 
v 66.90618896484375 15.272232055664062 -13.815695762634277 
v 67.12903594970703 15.147412300109863 -14.645697593688965 
v 67.73246765136719 15.125728607177734 -15.269222259521484 
v 68.56336975097656 15.218729972839355 -15.516545295715332 
v 69.3894271850586 15.395520210266113 -15.321815490722656 
v 69.99748229980469 15.612872123718262 -14.73806381225586 
v 70.22012329101562 15.811819076538086 -13.920886039733887 
v 69.99726867675781 15.936171531677246 -13.089812278747559 
v 69.38935089111328 15.954894065856934 -12.467581748962402 
v 68.56294250488281 15.865323066711426 -12.220036506652832 
v 67.73186492919922 15.686558723449707 -12.414344787597656 
v 67.12934875488281 15.469717979431152 -12.999152183532715 
v 67.7625732421875 14.699061393737793 -13.702874183654785 
v 67.88221740722656 14.807271003723145 -13.25031566619873 
v 68.2204818725586 14.92688274383545 -12.926936149597168 
v 68.681396484375 15.026726722717285 -12.818892478942871 
v 69.13911437988281 15.076757431030273 -12.955729484558105 
v 69.47538757324219 15.06689167022705 -13.300898551940918 
v 69.59535217285156 14.995849609375 -13.761754035949707 
v 69.47571563720703 14.887640953063965 -14.214311599731445 
v 69.13796997070312 14.766103744506836 -14.537261009216309 
v 68.6815414428711 14.66968822479248 -14.645084381103516 
v 68.21881866455078 14.617685317993164 -14.507824897766113 
v 67.8825454711914 14.628020286560059 -14.163728713989258 
v 68.49494171142578 14.456692695617676 -13.655595779418945 
v 68.52722930908203 14.438612937927246 -13.777006149291992 
v 68.61759948730469 14.435993194580078 -13.868794441223145 
v 68.74032592773438 14.449501991271973 -13.90512466430664 
v 68.86221313476562 14.474664688110352 -13.87644100189209 
v 68.94712829589844 14.506208419799805 -13.791373252868652 
v 68.98365020751953 14.535964012145996 -13.6713228225708 
v 68.95085144042969 14.555033683776855 -13.548201560974121 
v 68.86100006103516 14.556665420532227 -13.458123207092285 
v 68.73827362060547 14.5431547164917 -13.421793937683105 
v 68.61638641357422 14.517993927001953 -13.45047664642334 
v 68.52645874023438 14.484944343566895 -13.536195755004883 
v 69.95368957519531 18.025468826293945 -8.477835655212402 
v 69.811767578125 18.097606658935547 -9.004494667053223 
v 70.87802124023438 18.303815841674805 -8.975713729858398 
v 69.95809173583984 18.169677734375 -9.529023170471191 
v 70.34370422363281 18.21673583984375 -9.915663719177246 
v 70.01968383789062 17.928293228149414 -10.514311790466309 
v 70.8738784790039 17.95301628112793 -10.740527153015137 
v 70.87322998046875 18.23287582397461 -10.057215690612793 
v 71.72173309326172 17.91486167907715 -10.51614761352539 
v 71.40577697753906 18.209300994873047 -9.916547775268555 
v 72.34497833251953 17.826684951782227 -9.899003028869629 
v 71.79398345947266 18.154403686523438 -9.531847953796387 
v 71.9359130859375 18.08273696899414 -9.006261825561523 
v 72.57537841796875 17.711200714111328 -9.056130409240723 
v 71.79459381103516 18.011699676513672 -8.480010032653809 
v 71.40449523925781 17.961681365966797 -8.094663619995117 
v 72.34443664550781 17.59830093383789 -8.21277141571045 
v 73.13359832763672 17.088993072509766 -9.14027214050293 
v 72.82823944091797 17.242206573486328 -10.262309074401855 
v 72.00059509277344 17.35999870300293 -11.082953453063965 
v 70.86510467529297 17.409210205078125 -11.38241958618164 
v 69.7365493774414 17.378591537475586 -11.08063793182373 
v 69.39720916748047 17.849456787109375 -9.896470069885254 
v 68.90693664550781 17.272663116455078 -10.257633209228516 
v 69.17127990722656 17.738059997558594 -9.052454948425293 
v 69.39667510986328 17.620603561401367 -8.209165573120117 
v 68.90637969970703 16.969533920288086 -8.013814926147461 
v 68.60102844238281 17.12274932861328 -9.135856628417969 
v 68.5822982788086 16.51908302307129 -10.54588508605957 
v 69.54649353027344 16.641000747680664 -11.502324104309082 
v 70.86278533935547 16.677692413330078 -11.853973388671875 
v 72.17781829833984 16.61905860900879 -11.505331039428711 
v 73.1435775756836 16.482629776000977 -10.551513671875 
v 73.4944076538086 16.302080154418945 -9.246437072753906 
v 72.82769012451172 16.938610076904297 -8.017423629760742 
v 71.72196960449219 17.519466400146484 -7.59492826461792 
v 70.87445068359375 17.947467803955078 -7.953539848327637 
v 70.34691619873047 17.97208023071289 -8.092490196228027 
v 70.87278747558594 17.496246337890625 -7.368062973022461 
v 71.9980697631836 16.833147048950195 -7.195487022399902 
v 73.14334869384766 16.13041877746582 -7.940325736999512 
v 73.69902801513672 15.30854606628418 -9.381535530090332 
v 73.3187026977539 15.502766609191895 -10.790238380432129 
v 72.27661895751953 15.649505615234375 -11.821032524108887 
v 70.85297393798828 15.712169647216797 -12.197086334228516 
v 69.4289779663086 15.671625137329102 -11.81892204284668 
v 68.39066314697266 15.541102409362793 -10.784549713134766 
v 68.22674560546875 16.344457626342773 -9.241068840026855 
v 68.00875091552734 15.353351593017578 -9.374524116516113 
v 68.38906860351562 15.15913200378418 -7.965820789337158 
v 68.58258819580078 16.165876388549805 -7.936404228210449 
v 68.4668197631836 14.319174766540527 -10.898225784301758 
v 69.47335052490234 14.446636199951172 -11.894368171691895 
v 70.84652709960938 14.485014915466309 -12.260658264160156 
v 72.21585845947266 14.42413330078125 -11.897778511047363 
v 73.21727752685547 14.281331062316895 -10.904727935791016 
v 73.5851058959961 14.094490051269531 -9.545051574707031 
v 73.31710815429688 15.120792388916016 -7.971505641937256 
v 72.17915344238281 16.008501052856445 -6.983891487121582 
v 70.86951446533203 16.80253028869629 -6.893704891204834 
v 70.01991271972656 17.532894134521484 -7.593088626861572 
v 69.7340316772461 16.851741790771484 -7.193170070648193 
v 69.5433349609375 16.02747917175293 -6.982169151306152 
v 69.43115997314453 15.011923789978027 -6.93395471572876 
v 70.86337280273438 15.970817565917969 -6.633948802947998 
v 72.27378845214844 14.98876953125 -6.937788009643555 
v 73.2183609008789 13.914811134338379 -8.185060501098633 
v 70.85480499267578 14.949261665344238 -6.557905673980713 
v 70.84419250488281 13.749483108520508 -6.823683261871338 
v 69.474853515625 13.810362815856934 -7.186563491821289 
v 68.46842956542969 13.951663970947266 -8.18026351928711 
v 68.10060119628906 14.138036727905273 -9.538873672485352 
v 68.505126953125 12.899033546447754 -9.7063570022583 
v 68.81464385986328 13.051368713378906 -10.86150074005127 
v 69.66844177246094 13.16053295135498 -11.707348823547363 
v 70.83624267578125 13.193282127380371 -12.01717758178711 
v 71.99888610839844 13.142477035522461 -11.709521293640137 
v 72.85214233398438 13.021854400634766 -10.86592960357666 
v 73.16600036621094 12.863389015197754 -9.711773872375488 
v 72.85147094726562 12.709549903869629 -8.557281494140625 
v 71.99767303466797 12.600384712219238 -7.711432933807373 
v 72.21685028076172 13.789320945739746 -7.189334869384766 
v 70.83489227294922 12.569140434265137 -7.40095329284668 
v 69.66722869873047 12.618440628051758 -7.709260940551758 
v 68.81898498535156 12.741037368774414 -8.55327320098877 
v 69.14640045166016 11.99834156036377 -9.829511642456055 
v 69.37078094482422 12.1094331741333 -10.66090202331543 
v 69.98668670654297 12.188334465026855 -11.271059036254883 
v 70.8248062133789 12.210061073303223 -11.494735717773438 
v 71.66661071777344 12.174726486206055 -11.272941589355469 
v 72.27981567382812 12.086816787719727 -10.664590835571289 
v 72.5057144165039 11.972580909729004 -9.832639694213867 
v 72.28080749511719 11.862479209899902 -8.999539375305176 
v 71.66490173339844 11.78404712677002 -8.390454292297363 
v 70.8267822265625 11.761852264404297 -8.165705680847168 
v 69.98497772216797 11.797656059265137 -8.388571739196777 
v 69.37177276611328 11.885564804077148 -8.996922492980957 
v 69.8897705078125 11.28200626373291 -9.925742149353027 
v 70.01521301269531 11.219380378723145 -9.465022087097168 
v 70.35720825195312 11.172119140625 -9.126642227172852 
v 70.81936645507812 11.150604248046875 -9.004097938537598 
v 71.2864761352539 11.164076805114746 -9.128886222839355 
v 71.62769317626953 11.208150863647461 -9.465771675109863 
v 71.7528076171875 11.268416404724121 -9.927867889404297 
v 71.62684631347656 11.332501411437988 -10.387948989868164 
v 71.28485870361328 11.379293441772461 -10.725255966186523 
v 70.82270812988281 11.400810241699219 -10.847800254821777 
v 70.35558319091797 11.38780403137207 -10.724084854125977 
v 70.01437377929688 11.343730926513672 -10.387199401855469 
v 70.57142639160156 10.917598724365234 -9.97509479522705 
v 70.60433959960938 10.934404373168945 -10.096558570861816 
v 70.695556640625 10.946361541748047 -10.185794830322266 
v 70.8208999633789 10.949769973754883 -10.218897819519043 
v 70.94058990478516 10.943957328796387 -10.187182426452637 
v 71.0324935913086 10.931550979614258 -10.09711742401123 
v 71.06597137451172 10.915284156799316 -9.97551441192627 
v 71.0330581665039 10.898009300231934 -9.852984428405762 
v 70.94131469726562 10.887511253356934 -9.76310920715332 
v 70.81649780273438 10.882643699645996 -9.730644226074219 
v 70.69680786132812 10.888924598693848 -9.763426780700684 
v 70.60491180419922 10.900864601135254 -9.852424621582031 
v 74.61959838867188 16.873886108398438 -2.5229129791259766 
v 74.48762512207031 17.128173828125 -2.9916112422943115 
v 75.54804992675781 16.92226219177246 -3.076725959777832 
v 74.62001037597656 17.278318405151367 -3.5036542415618896 
v 74.97747802734375 17.28493881225586 -3.9219605922698975 
v 74.5345458984375 17.298385620117188 -4.515935897827148 
v 75.3172836303711 17.07373046875 -4.854911804199219 
v 75.463623046875 17.14317512512207 -4.133772373199463 
v 76.09746551513672 16.675325393676758 -4.772660255432129 
v 75.94804382324219 16.893531799316406 -4.082959175109863 
v 76.66880798339844 16.208709716796875 -4.291590690612793 
v 76.30628967285156 16.604581832885742 -3.781435251235962 
v 76.4382553100586 16.350290298461914 -3.312737226486206 
v 76.87642669677734 15.800997734069824 -3.5382120609283447 
v 76.30587005615234 16.200143814086914 -2.800689697265625 
v 75.94840240478516 16.193527221679688 -2.382388114929199 
v 76.6700439453125 15.560539245605469 -2.7175159454345703 
v 77.14779663085938 15.065057754516602 -3.8425233364105225 
v 76.8706283569336 15.607930183410645 -4.842674732208252 
v 76.1075210571289 16.228456497192383 -5.484384059906006 
v 75.06946563720703 16.758548736572266 -5.594121932983398 
v 74.0274887084961 17.05843162536621 -5.141574859619141 
v 73.96197509765625 17.2895450592041 -3.845881700515747 
v 73.26607513427734 17.04711151123047 -4.250522613525391 
v 73.75507354736328 17.050079345703125 -3.0234739780426025 
v 73.96321105957031 16.641376495361328 -2.2718069553375244 
v 73.2693862915039 16.185102462768555 -2.155463933944702 
v 72.9872055053711 16.72693634033203 -3.1573338508605957 
v 72.6632308959961 16.56525993347168 -4.647787094116211 
v 73.54833984375 16.57918930053711 -5.685749530792236 
v 74.75357818603516 16.229114532470703 -6.211459636688232 
v 75.96504974365234 15.612529754638672 -6.083686351776123 
v 76.8501205444336 14.891884803771973 -5.3380327224731445 
v 77.17145538330078 14.260334014892578 -4.174015045166016 
v 76.86892700195312 14.744884490966797 -2.749333620071411 
v 76.09747314453125 15.5516996383667 -2.047461748123169 
v 75.46226501464844 16.33529281616211 -2.1705753803253174 
v 74.97784423828125 16.584936141967773 -2.221388816833496 
v 75.31473541259766 15.77635383605957 -1.7084834575653076 
v 76.1075210571289 14.733095169067383 -1.8572092056274414 
v 76.85181427001953 13.887836456298828 -2.902217388153076 
v 76.97221374511719 13.332887649536133 -4.556310176849365 
v 76.62047576904297 14.013627052307129 -5.813517093658447 
v 75.66454315185547 14.792851448059082 -6.618874549865723 
v 74.35598754882812 15.459854125976562 -6.75634241104126 
v 73.05372619628906 15.83788776397705 -6.188956260681152 
v 72.0974349975586 15.822223663330078 -5.068782806396484 
v 72.33805084228516 16.193185806274414 -3.377073287963867 
v 71.74608612060547 15.419057846069336 -3.695613145828247 
v 72.09783172607422 14.738319396972656 -2.4384055137634277 
v 72.659912109375 15.560172080993652 -2.2136900424957275 
v 71.69369506835938 14.730663299560547 -5.4626359939575195 
v 72.61215209960938 14.744213104248047 -6.5428853034973145 
v 73.87393951416016 14.381658554077148 -7.090702056884766 
v 75.1314468383789 13.738879203796387 -6.9578728675842285 
v 76.05496978759766 12.987534523010254 -6.181072235107422 
v 76.38900756835938 12.329700469970703 -4.968645095825195 
v 76.6208724975586 12.929722785949707 -3.1831400394439697 
v 75.9666976928711 13.874372482299805 -1.8653223514556885 
v 75.07107543945312 15.033492088317871 -1.4057228565216064 
v 74.5340347290039 16.176218032836914 -1.7900986671447754 
v 74.02748107910156 15.563539505004883 -1.515470027923584 
v 73.54498291015625 14.83952808380127 -1.468036413192749 
v 73.05375671386719 13.959094047546387 -1.6330455541610718 
v 74.7564468383789 14.222944259643555 -1.3402624130249023 
v 75.66405487060547 12.91551685333252 -2.0623281002044678 
v 76.05074310302734 11.94184684753418 -3.646167755126953 
v 74.35678100585938 13.292045593261719 -1.495590329170227 
v 73.8705062866211 12.290851593017578 -2.018101692199707 
v 72.61299896240234 12.933631896972656 -2.150930166244507 
v 71.68946838378906 13.684975624084473 -2.927731513977051 
v 71.35543060302734 14.342809677124023 -4.140158653259277 
v 71.23954010009766 13.132302284240723 -4.638686180114746 
v 71.52546691894531 13.460780143737793 -5.762676239013672 
v 72.30657196044922 13.473308563232422 -6.680001258850098 
v 73.37984466552734 13.166239738464355 -7.143374443054199 
v 74.44525146484375 12.618463516235352 -7.032486915588379 
v 75.22759246826172 11.981416702270508 -6.372525215148926 
v 75.51638793945312 11.424074172973633 -5.343023777008057 
v 75.23098754882812 11.093668937683105 -4.218600273132324 
v 74.44435119628906 11.081096649169922 -3.3012895584106445 
v 75.13229370117188 11.928296089172363 -2.5659186840057373 
v 73.37609100341797 11.389666557312012 -2.837261438369751 
v 72.30567169189453 11.936408042907715 -2.94987154006958 
v 71.52333068847656 12.57298755645752 -3.6087632179260254 
v 71.4783935546875 12.126994132995605 -5.053078651428223 
v 71.68427276611328 12.36469841003418 -5.863504409790039 
v 72.249755859375 12.374594688415527 -6.524162292480469 
v 73.0203857421875 12.15136432647705 -6.858677387237549 
v 73.78845977783203 11.757190704345703 -6.778380393981934 
v 74.35269927978516 11.298182487487793 -6.30289888381958 
v 74.560302734375 10.89515209197998 -5.560225009918213 
v 74.35442352294922 10.657444953918457 -4.749794960021973 
v 73.78842163085938 10.649009704589844 -4.088500499725342 
v 73.018310546875 10.870779991149902 -3.754626750946045 
v 72.24971771240234 11.266411781311035 -3.834282636642456 
v 71.68547821044922 11.725420951843262 -4.30976676940918 
v 71.87928771972656 11.243912696838379 -5.416800022125244 
v 71.9980239868164 11.021574974060059 -5.005505084991455 
v 72.3067398071289 10.766510009765625 -4.742640018463135 
v 72.73248291015625 10.548286437988281 -4.697134494781494 
v 73.16000366210938 10.424368858337402 -4.883213520050049 
v 73.4720230102539 10.43045425415039 -5.249420166015625 
v 73.59030151367188 10.563056945800781 -5.697721481323242 
v 73.47209167480469 10.783937454223633 -6.109654903411865 
v 73.16337585449219 11.03900146484375 -6.372520446777344 
v 72.73710632324219 11.258684158325195 -6.41738748550415 
v 72.31011199951172 11.381142616271973 -6.23194694519043 
v 71.99756622314453 11.376516342163086 -5.8651018142700195 
v 72.36485290527344 10.686223030090332 -5.6460113525390625 
v 72.39756774902344 10.72146224975586 -5.765784740447998 
v 72.47686767578125 10.721090316772461 -5.862945079803467 
v 72.59256744384766 10.689303398132324 -5.911423683166504 
v 72.70281219482422 10.631266593933105 -5.899980545043945 
v 72.78631591796875 10.563253402709961 -5.830395698547363 
v 72.8172607421875 10.505120277404785 -5.720720291137695 
v 72.78506469726562 10.468889236450195 -5.6026530265808105 
v 72.70576477050781 10.469261169433594 -5.505492687225342 
v 72.5900650024414 10.500579833984375 -5.455946922302246 
v 72.47929382324219 10.560542106628418 -5.4678192138671875 
v 72.39631652832031 10.627099990844727 -5.538046360015869 
v 99.15685272216797 15.085043907165527 -8.411477088928223 
v 98.68120574951172 15.084306716918945 -8.335927963256836 
v 98.68051147460938 15.288834571838379 -9.871955871582031 
v 98.20805358886719 15.08514404296875 -8.411406517028809 
v 97.77690124511719 14.491066932678223 -7.0935564041137695 
v 98.67945861816406 14.490853309631348 -6.950828552246094 
v 99.58544921875 14.491609573364258 -7.093254566192627 
v 100.39926147460938 14.492266654968262 -7.508413791656494 
v 99.58467102050781 15.085128784179688 -8.630029678344727 
v 101.04379272460938 14.491394996643066 -8.154767036437988 
v 99.92283630371094 15.085054397583008 -8.969642639160156 
v 101.45995330810547 14.491912841796875 -8.968474388122559 
v 100.14456176757812 15.085596084594727 -9.39678955078125 
v 101.60474395751953 14.492270469665527 -9.871125221252441 
v 100.21754455566406 15.085159301757812 -9.872610092163086 
v 100.14061737060547 15.084503173828125 -10.347037315368652 
v 99.92416381835938 15.084891319274902 -10.774927139282227 
v 101.46128845214844 14.49222183227539 -10.774828910827637 
v 101.04537200927734 14.492328643798828 -11.588855743408203 
v 99.5851821899414 15.085651397705078 -11.114521026611328 
v 100.39751434326172 14.490702629089355 -12.236307144165039 
v 99.15827178955078 15.086133003234863 -11.33172607421875 
v 99.58536529541016 14.491827011108398 -12.650304794311523 
v 98.68009948730469 15.085465431213379 -11.407851219177246 
v 98.20445251464844 15.084728240966797 -11.33230209350586 
v 97.77682495117188 14.491286277770996 -12.650606155395508 
v 98.68281555175781 14.492043495178223 -12.793031692504883 
v 99.926025390625 13.568217277526855 -13.69587230682373 
v 101.04503631591797 13.567150115966797 -13.124187469482422 
v 101.9341049194336 13.56667709350586 -12.235758781433105 
v 102.50448608398438 13.566243171691895 -11.114843368530273 
v 102.70368957519531 13.566631317138672 -9.871952056884766 
v 102.50397491455078 13.565722465515137 -8.630356788635254 
v 101.93636322021484 13.566781044006348 -7.5085039138793945 
v 101.0440444946289 13.566983222961426 -6.6186041831970215 
v 99.92185974121094 13.565729141235352 -6.049018859863281 
v 98.68061828613281 13.567479133605957 -5.851494312286377 
v 97.44117736816406 13.567063331604004 -6.047582149505615 
v 96.3171615600586 13.566160202026367 -6.618844509124756 
v 96.96527862548828 14.491203308105469 -7.50926399230957 
v 97.78113555908203 15.086091995239258 -8.629679679870605 
v 97.43714141845703 15.084878921508789 -8.968852996826172 
v 97.22069549560547 15.0852689743042 -9.39674186706543 
v 95.90099334716797 14.490674018859863 -8.969030380249023 
v 95.76254272460938 14.492130279541016 -9.87208366394043 
v 97.14376068115234 15.085081100463867 -9.872241020202637 
v 97.22176361083984 15.085680961608887 -10.346338272094727 
v 97.4384765625 15.085188865661621 -10.77520751953125 
v 97.7766342163086 15.085110664367676 -11.114822387695312 
v 96.96302032470703 14.490630149841309 -12.235445976257324 
v 96.31690979003906 14.490567207336426 -8.155004501342773 
v 96.31848907470703 14.49150276184082 -11.589092254638672 
v 95.9023208618164 14.490982055664062 -10.775386810302734 
v 94.65902709960938 13.56568431854248 -9.872786521911621 
v 94.85771179199219 13.567533493041992 -8.629256248474121 
v 95.42808532714844 13.56710147857666 -7.5083465576171875 
v 94.85850524902344 12.401372909545898 -7.094259738922119 
v 95.90452575683594 12.40120792388916 -6.047828197479248 
v 97.22090148925781 12.401814460754395 -5.37624454498291 
v 98.6830825805664 12.40263843536377 -5.144590854644775 
v 100.13976287841797 12.40063762664795 -5.3769426345825195 
v 101.4584732055664 12.400945663452148 -6.047926425933838 
v 102.5042495727539 12.400552749633789 -7.093649864196777 
v 103.17459869384766 12.400697708129883 -8.411449432373047 
v 103.40821838378906 12.401897430419922 -9.872243881225586 
v 103.17601013183594 12.402253150939941 -11.33276653289795 
v 102.50416564941406 12.400772094726562 -12.650705337524414 
v 101.45814514160156 12.400470733642578 -13.69606876373291 
v 100.1412582397461 12.401322364807129 -14.367013931274414 
v 98.68157196044922 13.566295623779297 -13.892605781555176 
v 97.44084930419922 13.566585540771484 -13.695720672607422 
v 96.31814575195312 13.566792488098145 -13.125495910644531 
v 95.42633819580078 13.565535545349121 -12.23624038696289 
v 94.8587417602539 13.566596031188965 -11.114386558532715 
v 93.95393371582031 12.401707649230957 -9.872081756591797 
v 94.18614196777344 12.401351928710938 -8.411559104919434 
v 93.95354461669922 11.109600067138672 -8.336061477661133 
v 94.6613998413086 11.109981536865234 -6.9510884284973145 
v 95.76106262207031 11.111079216003418 -5.850630283355713 
v 97.14575958251953 11.109846115112305 -5.145523548126221 
v 98.6838607788086 11.110994338989258 -4.901081562042236 
v 100.21903228759766 11.111381530761719 -5.145247936248779 
v 101.60379028320312 11.110230445861816 -5.851381778717041 
v 102.7010498046875 11.109424591064453 -6.950904369354248 
v 103.40782928466797 11.109790802001953 -8.336223602294922 
v 103.6512680053711 11.110883712768555 -9.872295379638672 
v 103.40724182128906 11.109490394592285 -11.408785820007324 
v 102.70439910888672 11.110611915588379 -12.793107986450195 
v 101.60421752929688 11.110971450805664 -13.892923355102539 
v 100.21501922607422 11.109241485595703 -14.599325180053711 
v 98.68408203125 12.402470588684082 -14.59908390045166 
v 97.22239685058594 12.40296745300293 -14.367382049560547 
v 95.90367889404297 12.402192115783691 -13.695331573486328 
v 94.85842895507812 12.401124954223633 -12.65024185180664 
v 94.18756866455078 12.402442932128906 -11.331807136535645 
v 93.70899963378906 11.109665870666504 -9.871912956237793 
v 93.95256042480469 9.817191123962402 -9.872604370117188 
v 94.18425750732422 9.818296432495117 -8.411441802978516 
v 94.85661315917969 9.818315505981445 -7.094143390655518 
v 95.90264129638672 9.818151473999023 -6.047711372375488 
v 97.21952819824219 9.817296981811523 -5.376761436462402 
v 98.68170928955078 9.818120002746582 -5.145108222961426 
v 100.14288330078125 9.819083213806152 -5.376170635223389 
v 101.46160125732422 9.819390296936035 -6.047154426574707 
v 102.50736999511719 9.819466590881348 -7.093950271606445 
v 103.1777114868164 9.81913948059082 -8.41067886352539 
v 103.40633392333984 9.818840026855469 -9.872121810913086 
v 103.17463684082031 9.817732810974121 -11.333284378051758 
v 102.50728607177734 9.819217681884766 -12.649932861328125 
v 101.46127319335938 9.81938362121582 -13.696364402770996 
v 100.14437866210938 9.820237159729004 -14.367314338684082 
v 98.6814193725586 11.110589981079102 -14.84140396118164 
v 97.14624786376953 11.110669136047363 -14.598310470581055 
v 95.76201629638672 11.110363006591797 -13.892814636230469 
v 94.65973663330078 11.109665870666504 -12.79394245147705 
v 93.95295715332031 11.109298706054688 -11.408624649047852 
v 94.18618774414062 9.81839370727539 -11.333396911621094 
v 94.85653686523438 9.81806755065918 -12.650125503540039 
v 95.90230560302734 9.81814193725586 -13.696922302246094 
v 97.22103118896484 9.818452835083008 -14.367903709411621 
v 98.68218994140625 9.819412231445312 -14.598967552185059 
v 99.92462158203125 8.65353012084961 -13.696614265441895 
v 101.04362487792969 8.652460098266602 -13.124930381774902 
v 101.93218231201172 8.653449058532715 -12.235861778259277 
v 102.50756072998047 8.654516220092773 -11.114297866821289 
v 102.70176696777344 8.653403282165527 -9.872056007385254 
v 102.50706481933594 8.653997421264648 -8.629810333251953 
v 101.93444061279297 8.653553009033203 -7.508607387542725 
v 101.04264068603516 8.65229606628418 -6.6193461418151855 
v 99.9249496459961 8.65400505065918 -6.048471927642822 
v 98.67921447753906 8.652325630187988 -5.851168632507324 
v 97.43925476074219 8.653833389282227 -6.047686576843262 
v 96.32024383544922 8.654434204101562 -6.618298053741455 
v 95.42668151855469 8.652413368225098 -7.50908899307251 
v 94.85630798339844 8.652844429016113 -8.629999160766602 
v 94.66211700439453 8.653960227966309 -9.87224006652832 
v 94.85681915283203 8.65336799621582 -11.114490509033203 
v 95.42942810058594 8.653810501098633 -12.23569393157959 
v 96.31622314453125 8.653562545776367 -13.125600814819336 
v 97.43892669677734 8.65335750579834 -13.695823669433594 
v 98.67964935302734 8.653066635131836 -13.892709732055664 
v 99.58336639404297 7.729481220245361 -12.650652885437012 
v 100.4005126953125 7.72938871383667 -12.234932899475098 
v 101.04387664794922 7.728518962860107 -11.589838981628418 
v 101.45979309082031 7.7279462814331055 -10.774744987487793 
v 101.60325622558594 7.728462219238281 -9.872113227844238 
v 101.45846557617188 7.728108882904053 -8.969460487365723 
v 101.04731750488281 7.729088306427002 -8.155099868774414 
v 100.39776611328125 7.728458881378174 -7.509401321411133 
v 99.58344268798828 7.729259967803955 -7.09359884262085 
v 98.68246459960938 7.730007648468018 -6.950521945953369 
v 97.78042602539062 7.728763580322266 -7.0938873291015625 
v 96.96327209472656 7.728387832641602 -7.508540153503418 
v 96.31990814208984 7.7297234535217285 -8.154702186584473 
v 95.90399169921875 7.729828357696533 -8.968724250793457 
v 95.76052856445312 7.729312896728516 -9.871360778808594 
v 95.90532684326172 7.729669094085693 -10.774012565612793 
v 96.31647491455078 7.729154109954834 -11.589441299438477 
v 96.96601867675781 7.7297844886779785 -12.235139846801758 
v 97.78034210205078 7.728983402252197 -12.650941848754883 
v 98.68132781982422 7.728235721588135 -12.794018745422363 
v 98.68131256103516 7.3007636070251465 -12.019678115844727 
v 98.01841735839844 7.300915718078613 -11.914158821105957 
v 97.41825866699219 7.30173397064209 -11.609560012817383 
v 96.94583129882812 7.301860332489014 -11.133326530456543 
v 96.64053344726562 7.302311420440674 -10.534795761108398 
v 96.53275299072266 7.300981521606445 -9.872298240661621 
v 96.6407699584961 7.300931453704834 -9.208266258239746 
v 96.94569396972656 7.301934719085693 -8.610332489013672 
v 97.41705322265625 7.3009257316589355 -8.135891914367676 
v 98.020751953125 7.301778316497803 -7.830382823944092 
v 98.68396759033203 7.3014912605285645 -7.724328994750977 
v 99.34686279296875 7.301339149475098 -7.829847812652588 
v 99.94149017333984 7.30094575881958 -8.135530471801758 
v 100.4189224243164 7.301852226257324 -8.610042572021484 
v 100.72423553466797 7.3014020919799805 -9.20856761932373 
v 100.82699584960938 7.30122709274292 -9.871715545654297 
v 100.7245101928711 7.301323890686035 -10.535740852355957 
v 100.41905975341797 7.302248001098633 -11.134108543395996 
v 99.94269561767578 7.30175256729126 -11.609193801879883 
v 99.34452819824219 7.300943851470947 -11.914691925048828 
v -32.973907470703125 7.273651123046875 18.602136611938477 
v -30.627046585083008 7.272786617279053 18.13448143005371 
v -32.97611999511719 7.272689342498779 12.465780258178711 
v -30.627046585083008 7.272786617279053 18.13448143005371 
v -32.97611999511719 7.272689342498779 12.465780258178711 
v -28.634578704833984 7.272746562957764 16.804590225219727 
v -28.634578704833984 7.272746562957764 16.804590225219727 
v -27.305538177490234 7.273179054260254 14.81415843963623 
v -32.97611999511719 7.272689342498779 12.465780258178711 
v -27.305538177490234 7.273179054260254 14.81415843963623 
v -32.97611999511719 7.272689342498779 12.465780258178711 
v -26.839609146118164 7.2727580070495605 12.465025901794434 
v -35.321250915527344 7.273690223693848 18.134952545166016 
v -32.973907470703125 7.273651123046875 18.602136611938477 
v -32.97611999511719 7.272689342498779 12.465780258178711 
v -37.31211853027344 7.27252721786499 16.804943084716797 
v -32.97611999511719 7.272689342498779 12.465780258178711 
v -35.321250915527344 7.273690223693848 18.134952545166016 
v -38.64583969116211 7.271823883056641 14.813847541809082 
v -37.31211853027344 7.27252721786499 16.804943084716797 
v -32.97611999511719 7.272689342498779 12.465780258178711 
v -39.112632751464844 7.273092269897461 12.465462684631348 
v -32.97611999511719 7.272689342498779 12.465780258178711 
v -38.64583969116211 7.271823883056641 14.813847541809082 
v -30.6259765625 7.27366304397583 6.7961883544921875 
v -32.97332000732422 7.2737016677856445 6.329002857208252 
v -32.97611999511719 7.272689342498779 12.465780258178711 
v -28.63458824157715 7.272895812988281 8.126628875732422 
v -32.97611999511719 7.272689342498779 12.465780258178711 
v -30.6259765625 7.27366304397583 6.7961883544921875 
v -27.305879592895508 7.272099494934082 10.117073059082031 
v -28.63458824157715 7.272895812988281 8.126628875732422 
v -32.97611999511719 7.272689342498779 12.465780258178711 
v -26.839609146118164 7.2727580070495605 12.465025901794434 
v -32.97611999511719 7.272689342498779 12.465780258178711 
v -27.305879592895508 7.272099494934082 10.117073059082031 
v -32.97332000732422 7.2737016677856445 6.329002857208252 
v -35.3251953125 7.2730631828308105 6.7960076332092285 
v -32.97611999511719 7.272689342498779 12.465780258178711 
v -35.3251953125 7.2730631828308105 6.7960076332092285 
v -32.97611999511719 7.272689342498779 12.465780258178711 
v -37.31212615966797 7.272676467895508 8.126981735229492 
v -37.31212615966797 7.272676467895508 8.126981735229492 
v -38.64168930053711 7.273705959320068 10.118053436279297 
v -32.97611999511719 7.272689342498779 12.465780258178711 
v -38.64168930053711 7.273705959320068 10.118053436279297 
v -32.97611999511719 7.272689342498779 12.465780258178711 
v -39.112632751464844 7.273092269897461 12.465462684631348 
v -58.304176330566406 0.24821357429027557 9.208645820617676 
v -57.29248046875 0.24815280735492706 8.894887924194336 
v -58.735084533691406 0.24740846455097198 1.5443811416625977 
v -56.29645919799805 0.2477937489748001 8.916309356689453 
v -54.59545135498047 0.2487473040819168 9.188486099243164 
v -52.70352554321289 0.24803750216960907 7.9935736656188965 
v -50.7809944152832 0.2480251044034958 8.5276460647583 
v -49.73865509033203 0.24906879663467407 1.0929157733917236 
v -49.68675994873047 0.24783802032470703 6.808813095092773 
v -48.52578353881836 0.24825866520404816 6.070530414581299 
v -47.29755401611328 0.24783483147621155 6.3121562004089355 
v -46.946956634521484 0.24792121350765228 4.465703964233398 
v -46.35326385498047 0.24956190586090088 3.820521593093872 
v -46.42472839355469 0.24754910171031952 2.7513999938964844 
v -46.2974853515625 0.2483721822500229 1.9828412532806396 
v -46.40980911254883 0.2481665164232254 -0.14357440173625946 
v -45.948524475097656 0.24859753251075745 0.020436950027942657 
v -45.963619232177734 0.24728190898895264 1.4222365617752075 
v -45.51344299316406 0.24861545860767365 0.04534367099404335 
v -45.52278518676758 0.2485896497964859 1.528018593788147 
v -46.82658004760742 0.24843090772628784 -0.6949053406715393 
v -46.83731460571289 0.24852599203586578 -2.19409441947937 
v -47.429656982421875 0.2488025426864624 -2.589643955230713 
v -47.909175872802734 0.24726201593875885 -4.10675048828125 
v -48.674827575683594 0.24855001270771027 -3.810640573501587 
v -49.390403747558594 0.24873638153076172 -4.3679680824279785 
v -50.05038070678711 0.24879755079746246 -5.780862331390381 
v -51.92686462402344 0.2490229457616806 -5.003066062927246 
v -53.7029914855957 0.24779567122459412 -5.379800319671631 
v -55.37479782104492 0.24906142055988312 -6.908064365386963 
v -56.97743225097656 0.24819432199001312 -5.715516567230225 
v -58.579833984375 0.2474537044763565 -5.679214954376221 
v -60.1820068359375 0.24731728434562683 -6.800232410430908 
v -61.99443817138672 0.2477329820394516 -5.91790246963501 
v -63.664791107177734 0.24709078669548035 -5.871267795562744 
v -65.6136245727539 0.24900208413600922 -6.677294731140137 
v -67.3290023803711 0.24789837002754211 -5.000244617462158 
v -71.35303497314453 0.2487460821866989 2.1053946018218994 
v -68.88908386230469 0.24828721582889557 -5.762851238250732 
v -70.01453399658203 0.24910148978233337 -3.420290470123291 
v -71.5229721069336 0.24720165133476257 -3.036590099334717 
v -73.255126953125 0.24856866896152496 -3.3306562900543213 
v -73.22350311279297 0.24865980446338654 -1.1378861665725708 
v -73.43295288085938 0.24861641228199005 -0.4644874930381775 
v -73.92969512939453 0.24758923053741455 -0.3966858983039856 
v -73.55255126953125 0.24812354147434235 5.074763298034668 
v -74.44613647460938 0.24747887253761292 4.65117883682251 
v -74.68719482421875 0.248411625623703 0.17968125641345978 
v -75.390869140625 0.24921837449073792 4.787099361419678 
v -75.53765869140625 0.2486516386270523 0.10573641210794449 
v -75.86257934570312 0.24695685505867004 1.330590844154358 
v -75.75112915039062 0.24823327362537384 4.18797492980957 
v -76.26410675048828 0.2487148642539978 1.8125357627868652 
v -76.10595703125 0.24817737936973572 3.9296388626098633 
v -76.34137725830078 0.24787668883800507 2.8372690677642822 
v -73.06209564208984 0.24882261455059052 5.398212909698486 
v -72.73359680175781 0.248383566737175 6.330772876739502 
v -72.4161376953125 0.24899929761886597 8.030003547668457 
v -70.9993667602539 0.24840593338012695 7.375066757202148 
v -69.35457611083984 0.24883803725242615 7.611395835876465 
v -67.794189453125 0.2473556250333786 9.058127403259277 
v -66.70886993408203 0.24846632778644562 8.687408447265625 
v -65.41101837158203 0.24944262206554413 9.329861640930176 
v -63.44034194946289 0.24836358428001404 8.982468605041504 
v -61.47043228149414 0.2479376494884491 9.02419662475586 
v -59.535499572753906 0.247744619846344 10.232577323913574 
v 38.0322151184082 10.757129669189453 -8.890141487121582 
v 37.97699737548828 11.082969665527344 -8.747594833374023 
v 38.074954986572266 10.705426216125488 -8.715203285217285 
v 38.00514602661133 11.048225402832031 -8.627689361572266 
v 38.074954986572266 10.705426216125488 -8.715203285217285 
v 38.00514602661133 11.048225402832031 -8.627689361572266 
v 38.19367218017578 10.7091064453125 -8.569696426391602 
v 38.08631134033203 11.049427032470703 -8.529109001159668 
v 38.19367218017578 10.7091064453125 -8.569696426391602 
v 38.08631134033203 11.049427032470703 -8.529109001159668 
v 38.35479736328125 10.767309188842773 -8.49219799041748 
v 38.19540023803711 11.088419914245605 -8.476516723632812 
v 38.35479736328125 10.767309188842773 -8.49219799041748 
v 38.19540023803711 11.088419914245605 -8.476516723632812 
v 38.51131057739258 10.860922813415527 -8.503752708435059 
v 38.304405212402344 11.153615951538086 -8.483853340148926 
v 38.51131057739258 10.860922813415527 -8.503752708435059 
v 38.304405212402344 11.153615951538086 -8.483853340148926 
v 38.62969207763672 10.970362663269043 -8.60012435913086 
v 38.38482666015625 11.228343963623047 -8.549455642700195 
v 38.62969207763672 10.970362663269043 -8.60012435913086 
v 38.38482666015625 11.228343963623047 -8.549455642700195 
v 38.67197799682617 11.063724517822266 -8.756964683532715 
v 38.413185119628906 11.291346549987793 -8.657083511352539 
v 38.10588455200195 10.232977867126465 -8.801982879638672 
v 38.03449249267578 10.31527042388916 -9.083342552185059 
v 38.074954986572266 10.705426216125488 -8.715203285217285 
v 38.0322151184082 10.757129669189453 -8.890141487121582 
v 38.29624938964844 10.237137794494629 -8.568395614624023 
v 38.10588455200195 10.232977867126465 -8.801982879638672 
v 38.19367218017578 10.7091064453125 -8.569696426391602 
v 38.074954986572266 10.705426216125488 -8.715203285217285 
v 38.55194091796875 10.329767227172852 -8.444108009338379 
v 38.29624938964844 10.237137794494629 -8.568395614624023 
v 38.35479736328125 10.767309188842773 -8.49219799041748 
v 38.19367218017578 10.7091064453125 -8.569696426391602 
v 38.80795669555664 10.482705116271973 -8.461726188659668 
v 38.55194091796875 10.329767227172852 -8.444108009338379 
v 38.51131057739258 10.860922813415527 -8.503752708435059 
v 38.35479736328125 10.767309188842773 -8.49219799041748 
v 38.99726867675781 10.658663749694824 -8.617080688476562 
v 38.80795669555664 10.482705116271973 -8.461726188659668 
v 38.62969207763672 10.970362663269043 -8.60012435913086 
v 38.51131057739258 10.860922813415527 -8.503752708435059 
v 39.068450927734375 10.807953834533691 -8.869342803955078 
v 38.99726867675781 10.658663749694824 -8.617080688476562 
v 38.67197799682617 11.063724517822266 -8.756964683532715 
v 38.62969207763672 10.970362663269043 -8.60012435913086 
v 38.0322151184082 10.757129669189453 -8.890141487121582 
v 38.074501037597656 10.850025177001953 -9.045913696289062 
v 37.97699737548828 11.082969665527344 -8.747594833374023 
v 38.00483703613281 11.146964073181152 -8.853511810302734 
v 38.074501037597656 10.850025177001953 -9.045913696289062 
v 38.19288635253906 10.959463119506836 -9.142280578613281 
v 38.00483703613281 11.146964073181152 -8.853511810302734 
v 38.08577346801758 11.220701217651367 -8.920825004577637 
v 38.19288635253906 10.959463119506836 -9.142280578613281 
v 38.35388946533203 11.05650806427002 -9.153617858886719 
v 38.08577346801758 11.220701217651367 -8.920825004577637 
v 38.19478225708008 11.285897254943848 -8.92816162109375 
v 38.35388946533203 11.05650806427002 -9.153617858886719 
v 38.510520935058594 11.111279487609863 -9.076336860656738 
v 38.19478225708008 11.285897254943848 -8.92816162109375 
v 38.30386734008789 11.324889183044434 -8.875569343566895 
v 38.510520935058594 11.111279487609863 -9.076336860656738 
v 38.62923812866211 11.114962577819824 -8.930834770202637 
v 38.30386734008789 11.324889183044434 -8.875569343566895 
v 38.38451385498047 11.327082633972168 -8.775278091430664 
v 38.62923812866211 11.114962577819824 -8.930834770202637 
v 38.67197799682617 11.063724517822266 -8.756964683532715 
v 38.38451385498047 11.327082633972168 -8.775278091430664 
v 38.413185119628906 11.291346549987793 -8.657083511352539 
v 38.10515213012695 10.46555233001709 -9.333898544311523 
v 38.074501037597656 10.850025177001953 -9.045913696289062 
v 38.03449249267578 10.31527042388916 -9.083342552185059 
v 38.0322151184082 10.757129669189453 -8.890141487121582 
v 38.294986724853516 10.640049934387207 -9.489887237548828 
v 38.19288635253906 10.959463119506836 -9.142280578613281 
v 38.10515213012695 10.46555233001709 -9.333898544311523 
v 38.074501037597656 10.850025177001953 -9.045913696289062 
v 38.550479888916016 10.794917106628418 -9.507939338684082 
v 38.35388946533203 11.05650806427002 -9.153617858886719 
v 38.294986724853516 10.640049934387207 -9.489887237548828 
v 38.19288635253906 10.959463119506836 -9.142280578613281 
v 38.80669021606445 10.885618209838867 -9.383217811584473 
v 38.510520935058594 11.111279487609863 -9.076336860656738 
v 38.550479888916016 10.794917106628418 -9.507939338684082 
v 38.35388946533203 11.05650806427002 -9.153617858886719 
v 38.99653625488281 10.89123821258545 -9.148996353149414 
v 38.62923812866211 11.114962577819824 -8.930834770202637 
v 38.80669021606445 10.885618209838867 -9.383217811584473 
v 38.510520935058594 11.111279487609863 -9.076336860656738 
v 39.068450927734375 10.807953834533691 -8.869342803955078 
v 38.67197799682617 11.063724517822266 -8.756964683532715 
v 38.99653625488281 10.89123821258545 -9.148996353149414 
v 38.62923812866211 11.114962577819824 -8.930834770202637 
v 40.007102966308594 12.860860824584961 -12.424860954284668 
v 40.0672492980957 13.214996337890625 -12.424359321594238 
v 40.05874252319336 12.86938762664795 -12.243992805480957 
v 40.0994873046875 13.22054672241211 -12.300862312316895 
v 40.05874252319336 12.86938762664795 -12.243992805480957 
v 40.0994873046875 13.22054672241211 -12.300862312316895 
v 40.18537902832031 12.889399528503418 -12.111754417419434 
v 40.18857955932617 13.23620891571045 -12.211271286010742 
v 40.18537902832031 12.889399528503418 -12.111754417419434 
v 40.18857955932617 13.23620891571045 -12.211271286010742 
v 40.3645133972168 12.918717384338379 -12.063488006591797 
v 40.31151580810547 13.256112098693848 -12.178512573242188 
v 40.3645133972168 12.918717384338379 -12.063488006591797 
v 40.31151580810547 13.256112098693848 -12.178512573242188 
v 40.544437408447266 12.94995403289795 -12.111272811889648 
v 40.431640625 13.276450157165527 -12.21058177947998 
v 40.544437408447266 12.94995403289795 -12.111272811889648 
v 40.431640625 13.276450157165527 -12.21058177947998 
v 40.67192459106445 12.970739364624023 -12.243865966796875 
v 40.5223388671875 13.290804862976074 -12.301324844360352 
v 40.67192459106445 12.970739364624023 -12.243865966796875 
v 40.5223388671875 13.290804862976074 -12.301324844360352 
v 40.720726013183594 12.978531837463379 -12.42410659790039 
v 40.55337142944336 13.295947074890137 -12.424053192138672 
v 39.937442779541016 12.412775993347168 -12.134960174560547 
v 39.86204147338867 12.400931358337402 -12.424330711364746 
v 40.05874252319336 12.86938762664795 -12.243992805480957 
v 40.007102966308594 12.860860824584961 -12.424860954284668 
v 40.1486701965332 12.448762893676758 -11.92191219329834 
v 39.937442779541016 12.412775993347168 -12.134960174560547 
v 40.18537902832031 12.889399528503418 -12.111754417419434 
v 40.05874252319336 12.86938762664795 -12.243992805480957 
v 40.435176849365234 12.495866775512695 -11.844341278076172 
v 40.1486701965332 12.448762893676758 -11.92191219329834 
v 40.3645133972168 12.918717384338379 -12.063488006591797 
v 40.18537902832031 12.889399528503418 -12.111754417419434 
v 40.71967315673828 12.542981147766113 -11.92229175567627 
v 40.435176849365234 12.495866775512695 -11.844341278076172 
v 40.544437408447266 12.94995403289795 -12.111272811889648 
v 40.3645133972168 12.918717384338379 -12.063488006591797 
v 40.9307746887207 12.578242301940918 -12.134090423583984 
v 40.71967315673828 12.542981147766113 -11.92229175567627 
v 40.67192459106445 12.970739364624023 -12.243865966796875 
v 40.544437408447266 12.94995403289795 -12.111272811889648 
v 41.009056091308594 12.590875625610352 -12.424444198608398 
v 40.9307746887207 12.578242301940918 -12.134090423583984 
v 40.720726013183594 12.978531837463379 -12.42410659790039 
v 40.67192459106445 12.970739364624023 -12.243865966796875 
v 40.007102966308594 12.860860824584961 -12.424860954284668 
v 40.0558967590332 12.868653297424316 -12.605101585388184 
v 40.0672492980957 13.214996337890625 -12.424359321594238 
v 40.0982780456543 13.220606803894043 -12.5481595993042 
v 40.0558967590332 12.868653297424316 -12.605101585388184 
v 40.18840026855469 12.890945434570312 -12.737048149108887 
v 40.0982780456543 13.220606803894043 -12.5481595993042 
v 40.188453674316406 13.236417770385742 -12.638258934020996 
v 40.18840026855469 12.890945434570312 -12.737048149108887 
v 40.363834381103516 12.91921615600586 -12.786117553710938 
v 40.188453674316406 13.236417770385742 -12.638258934020996 
v 40.30909729003906 13.255295753479004 -12.670967102050781 
v 40.363834381103516 12.91921615600586 -12.786117553710938 
v 40.542964935302734 12.948533058166504 -12.737852096557617 
v 40.30909729003906 13.255295753479004 -12.670967102050781 
v 40.431514739990234 13.276660919189453 -12.637575149536133 
v 40.542964935302734 12.948533058166504 -12.737852096557617 
v 40.674617767333984 12.970049858093262 -12.604963302612305 
v 40.431514739990234 13.276660919189453 -12.637575149536133 
v 40.52112579345703 13.290395736694336 -12.5475492477417 
v 40.674617767333984 12.970049858093262 -12.604963302612305 
v 40.720726013183594 12.978531837463379 -12.42410659790039 
v 40.52112579345703 13.290395736694336 -12.5475492477417 
v 40.55337142944336 13.295947074890137 -12.424053192138672 
v 39.94032287597656 12.413565635681152 -12.714683532714844 
v 40.0558967590332 12.868653297424316 -12.605101585388184 
v 39.86204147338867 12.400931358337402 -12.424330711364746 
v 40.007102966308594 12.860860824584961 -12.424860954284668 
v 40.15142822265625 12.44882583618164 -12.926483154296875 
v 40.18840026855469 12.890945434570312 -12.737048149108887 
v 39.94032287597656 12.413565635681152 -12.714683532714844 
v 40.0558967590332 12.868653297424316 -12.605101585388184 
v 40.43592071533203 12.495942115783691 -13.004438400268555 
v 40.363834381103516 12.91921615600586 -12.786117553710938 
v 40.15142822265625 12.44882583618164 -12.926483154296875 
v 40.18840026855469 12.890945434570312 -12.737048149108887 
v 40.72242736816406 12.543046951293945 -12.926867485046387 
v 40.542964935302734 12.948533058166504 -12.737852096557617 
v 40.43592071533203 12.495942115783691 -13.004438400268555 
v 40.363834381103516 12.91921615600586 -12.786117553710938 
v 40.929161071777344 12.576069831848145 -12.715103149414062 
v 40.674617767333984 12.970049858093262 -12.604963302612305 
v 40.72242736816406 12.543046951293945 -12.926867485046387 
v 40.542964935302734 12.948533058166504 -12.737852096557617 
v 41.009056091308594 12.590875625610352 -12.424444198608398 
v 40.720726013183594 12.978531837463379 -12.42410659790039 
v 40.929161071777344 12.576069831848145 -12.715103149414062 
v 40.674617767333984 12.970049858093262 -12.604963302612305 
v 42.36079788208008 12.994338035583496 -15.435789108276367 
v 42.54315948486328 13.230650901794434 -15.506098747253418 
v 42.40373992919922 13.025613784790039 -15.283210754394531 
v 42.5727653503418 13.25332260131836 -15.401881217956543 
v 42.40373992919922 13.025613784790039 -15.283210754394531 
v 42.5727653503418 13.25332260131836 -15.401881217956543 
v 42.51051330566406 13.024921417236328 -15.163824081420898 
v 42.64544677734375 13.253225326538086 -15.320435523986816 
v 42.51051330566406 13.024921417236328 -15.163824081420898 
v 42.64544677734375 13.253225326538086 -15.320435523986816 
v 42.658103942871094 12.991073608398438 -15.111260414123535 
v 42.747703552246094 13.229890823364258 -15.284883499145508 
v 42.658103942871094 12.991073608398438 -15.111260414123535 
v 42.747703552246094 13.229890823364258 -15.284883499145508 
v 42.806190490722656 12.934212684631348 -15.137598037719727 
v 42.84527587890625 13.189712524414062 -15.30258560180664 
v 42.806190490722656 12.934212684631348 -15.137598037719727 
v 42.84527587890625 13.189712524414062 -15.30258560180664 
v 42.91135787963867 12.86716079711914 -15.237180709838867 
v 42.92241668701172 13.146666526794434 -15.369956970214844 
v 42.91135787963867 12.86716079711914 -15.237180709838867 
v 42.92241668701172 13.146666526794434 -15.369956970214844 
v 42.9521484375 12.811984062194824 -15.381197929382324 
v 42.94730758666992 13.10705280303955 -15.47017765045166 
v 42.132266998291016 12.76355266571045 -15.108027458190918 
v 42.0687141418457 12.71131706237793 -15.352607727050781 
v 42.40373992919922 13.025613784790039 -15.283210754394531 
v 42.36079788208008 12.994338035583496 -15.435789108276367 
v 42.307743072509766 12.761616706848145 -14.916609764099121 
v 42.132266998291016 12.76355266571045 -15.108027458190918 
v 42.51051330566406 13.024921417236328 -15.163824081420898 
v 42.40373992919922 13.025613784790039 -15.283210754394531 
v 42.54599380493164 12.707204818725586 -14.831088066101074 
v 42.307743072509766 12.761616706848145 -14.916609764099121 
v 42.658103942871094 12.991073608398438 -15.111260414123535 
v 42.51051330566406 13.024921417236328 -15.163824081420898 
v 42.77902603149414 12.61445426940918 -14.873239517211914 
v 42.54599380493164 12.707204818725586 -14.831088066101074 
v 42.806190490722656 12.934212684631348 -15.137598037719727 
v 42.658103942871094 12.991073608398438 -15.111260414123535 
v 42.953208923339844 12.509734153747559 -15.03272819519043 
v 42.77902603149414 12.61445426940918 -14.873239517211914 
v 42.91135787963867 12.86716079711914 -15.237180709838867 
v 42.806190490722656 12.934212684631348 -15.137598037719727 
v 43.01629638671875 12.418965339660645 -15.266284942626953 
v 42.953208923339844 12.509734153747559 -15.03272819519043 
v 42.9521484375 12.811984062194824 -15.381197929382324 
v 42.91135787963867 12.86716079711914 -15.237180709838867 
v 42.36079788208008 12.994338035583496 -15.435789108276367 
v 42.4021110534668 12.937702178955078 -15.580445289611816 
v 42.54315948486328 13.230650901794434 -15.506098747253418 
v 42.572540283203125 13.194000244140625 -15.605030059814453 
v 42.4021110534668 12.937702178955078 -15.580445289611816 
v 42.50727844238281 12.870650291442871 -15.680027961730957 
v 42.572540283203125 13.194000244140625 -15.605030059814453 
v 42.64466857910156 13.14945125579834 -15.673051834106445 
v 42.50727844238281 12.870650291442871 -15.680027961730957 
v 42.65536880493164 12.813789367675781 -15.706364631652832 
v 42.64466857910156 13.14945125579834 -15.673051834106445 
v 42.747779846191406 13.1093168258667 -15.690741539001465 
v 42.65536880493164 12.813789367675781 -15.706364631652832 
v 42.802955627441406 12.779940605163574 -15.653801918029785 
v 42.747779846191406 13.1093168258667 -15.690741539001465 
v 42.84951400756836 13.087440490722656 -15.65455150604248 
v 42.802955627441406 12.779940605163574 -15.653801918029785 
v 42.91474151611328 12.780752182006836 -15.533764839172363 
v 42.84951400756836 13.087440490722656 -15.65455150604248 
v 42.9227180480957 13.085884094238281 -15.573739051818848 
v 42.91474151611328 12.780752182006836 -15.533764839172363 
v 42.9521484375 12.811984062194824 -15.381197929382324 
v 42.9227180480957 13.085884094238281 -15.573739051818848 
v 42.94730758666992 13.10705280303955 -15.47017765045166 
v 42.13128662109375 12.622005462646484 -15.585521697998047 
v 42.4021110534668 12.937702178955078 -15.580445289611816 
v 42.0687141418457 12.71131706237793 -15.352607727050781 
v 42.36079788208008 12.994338035583496 -15.435789108276367 
v 42.30598449707031 12.515827178955078 -15.74565315246582 
v 42.50727844238281 12.870650291442871 -15.680027961730957 
v 42.13128662109375 12.622005462646484 -15.585521697998047 
v 42.4021110534668 12.937702178955078 -15.580445289611816 
v 42.54403305053711 12.424578666687012 -15.787149429321289 
v 42.65536880493164 12.813789367675781 -15.706364631652832 
v 42.30598449707031 12.515827178955078 -15.74565315246582 
v 42.50727844238281 12.870650291442871 -15.680027961730957 
v 42.782283782958984 12.370169639587402 -15.701632499694824 
v 42.802955627441406 12.779940605163574 -15.653801918029785 
v 42.54403305053711 12.424578666687012 -15.787149429321289 
v 42.65536880493164 12.813789367675781 -15.706364631652832 
v 42.9527473449707 12.366729736328125 -15.510865211486816 
v 42.91474151611328 12.780752182006836 -15.533764839172363 
v 42.782283782958984 12.370169639587402 -15.701632499694824 
v 42.802955627441406 12.779940605163574 -15.653801918029785 
v 43.01629638671875 12.418965339660645 -15.266284942626953 
v 42.9521484375 12.811984062194824 -15.381197929382324 
v 42.9527473449707 12.366729736328125 -15.510865211486816 
v 42.91474151611328 12.780752182006836 -15.533764839172363 
v 68.44054412841797 14.108997344970703 -13.586996078491211 
v 68.49494171142578 14.456692695617676 -13.655595779418945 
v 68.48832702636719 14.151317596435547 -13.411745071411133 
v 68.52645874023438 14.484944343566895 -13.536195755004883 
v 68.48832702636719 14.151317596435547 -13.411745071411133 
v 68.52645874023438 14.484944343566895 -13.536195755004883 
v 68.61370849609375 14.196892738342285 -13.286176681518555 
v 68.61638641357422 14.517993927001953 -13.45047664642334 
v 68.61370849609375 14.196892738342285 -13.286176681518555 
v 68.61638641357422 14.517993927001953 -13.45047664642334 
v 68.79627990722656 14.235833168029785 -13.243905067443848 
v 68.73827362060547 14.5431547164917 -13.421793937683105 
v 68.79627990722656 14.235833168029785 -13.243905067443848 
v 68.73827362060547 14.5431547164917 -13.421793937683105 
v 68.9748306274414 14.255819320678711 -13.297879219055176 
v 68.86100006103516 14.556665420532227 -13.458123207092285 
v 68.9748306274414 14.255819320678711 -13.297879219055176 
v 68.86100006103516 14.556665420532227 -13.458123207092285 
v 69.10460662841797 14.250933647155762 -13.431503295898438 
v 68.95085144042969 14.555033683776855 -13.548201560974121 
v 69.10460662841797 14.250933647155762 -13.431503295898438 
v 68.95085144042969 14.555033683776855 -13.548201560974121 
v 69.15225219726562 14.224833488464355 -13.609989166259766 
v 68.98365020751953 14.535964012145996 -13.6713228225708 
v 68.36894226074219 13.725109100341797 -13.216752052307129 
v 68.29259490966797 13.65766429901123 -13.498560905456543 
v 68.48832702636719 14.151317596435547 -13.411745071411133 
v 68.44054412841797 14.108997344970703 -13.586996078491211 
v 68.5807876586914 13.8006591796875 -13.01445198059082 
v 68.36894226074219 13.725109100341797 -13.216752052307129 
v 68.61370849609375 14.196892738342285 -13.286176681518555 
v 68.48832702636719 14.151317596435547 -13.411745071411133 
v 68.86467742919922 13.8611421585083 -12.947600364685059 
v 68.5807876586914 13.8006591796875 -13.01445198059082 
v 68.79627990722656 14.235833168029785 -13.243905067443848 
v 68.61370849609375 14.196892738342285 -13.286176681518555 
v 69.14936065673828 13.892635345458984 -13.03366470336914 
v 68.86467742919922 13.8611421585083 -12.947600364685059 
v 68.9748306274414 14.255819320678711 -13.297879219055176 
v 68.79627990722656 14.235833168029785 -13.243905067443848 
v 69.36190795898438 13.887174606323242 -13.247970581054688 
v 69.14936065673828 13.892635345458984 -13.03366470336914 
v 69.10460662841797 14.250933647155762 -13.431503295898438 
v 68.9748306274414 14.255819320678711 -13.297879219055176 
v 69.43474578857422 13.842646598815918 -13.535263061523438 
v 69.36190795898438 13.887174606323242 -13.247970581054688 
v 69.15225219726562 14.224833488464355 -13.609989166259766 
v 69.10460662841797 14.250933647155762 -13.431503295898438 
v 68.44054412841797 14.108997344970703 -13.586996078491211 
v 68.48368835449219 14.079931259155273 -13.766767501831055 
v 68.49494171142578 14.456692695617676 -13.655595779418945 
v 68.52722930908203 14.438612937927246 -13.777006149291992 
v 68.48368835449219 14.079931259155273 -13.766767501831055 
v 68.61795806884766 14.078010559082031 -13.899106979370117 
v 68.52722930908203 14.438612937927246 -13.777006149291992 
v 68.61759948730469 14.435993194580078 -13.868794441223145 
v 68.61795806884766 14.078010559082031 -13.899106979370117 
v 68.79651641845703 14.097997665405273 -13.953080177307129 
v 68.61759948730469 14.435993194580078 -13.868794441223145 
v 68.74032592773438 14.449501991271973 -13.90512466430664 
v 68.79651641845703 14.097997665405273 -13.953080177307129 
v 68.97407531738281 14.1354341506958 -13.911458969116211 
v 68.74032592773438 14.449501991271973 -13.90512466430664 
v 68.86221313476562 14.474664688110352 -13.87644100189209 
v 68.97407531738281 14.1354341506958 -13.911458969116211 
v 69.1044692993164 14.182512283325195 -13.785240173339844 
v 68.86221313476562 14.474664688110352 -13.87644100189209 
v 68.94712829589844 14.506208419799805 -13.791373252868652 
v 69.1044692993164 14.182512283325195 -13.785240173339844 
v 69.15225219726562 14.224833488464355 -13.609989166259766 
v 68.94712829589844 14.506208419799805 -13.791373252868652 
v 68.98365020751953 14.535964012145996 -13.6713228225708 
v 68.37044525146484 13.614640235900879 -13.785202980041504 
v 68.48368835449219 14.079931259155273 -13.766767501831055 
v 68.29259490966797 13.65766429901123 -13.498560905456543 
v 68.44054412841797 14.108997344970703 -13.586996078491211 
v 68.57849884033203 13.60668659210205 -14.001870155334473 
v 68.61795806884766 14.078010559082031 -13.899106979370117 
v 68.37044525146484 13.614640235900879 -13.785202980041504 
v 68.48368835449219 14.079931259155273 -13.766767501831055 
v 68.8631820678711 13.637707710266113 -14.086857795715332 
v 68.79651641845703 14.097997665405273 -13.953080177307129 
v 68.57849884033203 13.60668659210205 -14.001870155334473 
v 68.61795806884766 14.078010559082031 -13.899106979370117 
v 69.15208435058594 13.699695587158203 -14.019360542297363 
v 68.97407531738281 14.1354341506958 -13.911458969116211 
v 68.8631820678711 13.637707710266113 -14.086857795715332 
v 68.79651641845703 14.097997665405273 -13.953080177307129 
v 69.35891723632812 13.77374267578125 -13.817709922790527 
v 69.1044692993164 14.182512283325195 -13.785240173339844 
v 69.15208435058594 13.699695587158203 -14.019360542297363 
v 68.97407531738281 14.1354341506958 -13.911458969116211 
v 69.43474578857422 13.842646598815918 -13.535263061523438 
v 69.15225219726562 14.224833488464355 -13.609989166259766 
v 69.35891723632812 13.77374267578125 -13.817709922790527 
v 69.1044692993164 14.182512283325195 -13.785240173339844 
v 70.45588684082031 10.582201957702637 -10.019598007202148 
v 70.57142639160156 10.917598724365234 -9.97509479522705 
v 70.50135040283203 10.557206153869629 -9.841911315917969 
v 70.60491180419922 10.900864601135254 -9.852424621582031 
v 70.50135040283203 10.557206153869629 -9.841911315917969 
v 70.60491180419922 10.900864601135254 -9.852424621582031 
v 70.63444519042969 10.537532806396484 -9.710455894470215 
v 70.69680786132812 10.888924598693848 -9.763426780700684 
v 70.63444519042969 10.537532806396484 -9.710455894470215 
v 70.69680786132812 10.888924598693848 -9.763426780700684 
v 70.81398010253906 10.529046058654785 -9.663419723510742 
v 70.81649780273438 10.882643699645996 -9.730644226074219 
v 70.81398010253906 10.529046058654785 -9.663419723510742 
v 70.81649780273438 10.882643699645996 -9.730644226074219 
v 70.99567413330078 10.535600662231445 -9.710525512695312 
v 70.94131469726562 10.887511253356934 -9.76310920715332 
v 70.99567413330078 10.535600662231445 -9.710525512695312 
v 70.94131469726562 10.887511253356934 -9.76310920715332 
v 71.1297378540039 10.55257797241211 -9.842243194580078 
v 71.0330581665039 10.898009300231934 -9.852984428405762 
v 71.1297378540039 10.55257797241211 -9.842243194580078 
v 71.0330581665039 10.898009300231934 -9.852984428405762 
v 71.17886352539062 10.576878547668457 -10.020370483398438 
v 71.06597137451172 10.915284156799316 -9.97551441192627 
v 70.31012725830078 10.11803913116455 -9.790165901184082 
v 70.23066711425781 10.156081199645996 -10.078116416931152 
v 70.50135040283203 10.557206153869629 -9.841911315917969 
v 70.45588684082031 10.582201957702637 -10.019598007202148 
v 70.5245590209961 10.088624000549316 -9.578948974609375 
v 70.31012725830078 10.11803913116455 -9.790165901184082 
v 70.63444519042969 10.537532806396484 -9.710455894470215 
v 70.50135040283203 10.557206153869629 -9.841911315917969 
v 70.8127212524414 10.075170516967773 -9.50235652923584 
v 70.5245590209961 10.088624000549316 -9.578948974609375 
v 70.81398010253906 10.529046058654785 -9.663419723510742 
v 70.63444519042969 10.537532806396484 -9.710455894470215 
v 71.10315704345703 10.084063529968262 -9.580461502075195 
v 70.8127212524414 10.075170516967773 -9.50235652923584 
v 70.99567413330078 10.535600662231445 -9.710525512695312 
v 70.81398010253906 10.529046058654785 -9.663419723510742 
v 71.31686401367188 10.110157012939453 -9.791173934936523 
v 71.10315704345703 10.084063529968262 -9.580461502075195 
v 71.1297378540039 10.55257797241211 -9.842243194580078 
v 70.99567413330078 10.535600662231445 -9.710525512695312 
v 71.39286041259766 10.147995948791504 -10.079427719116211 
v 71.31686401367188 10.110157012939453 -9.791173934936523 
v 71.17886352539062 10.576878547668457 -10.020370483398438 
v 71.1297378540039 10.55257797241211 -9.842243194580078 
v 70.45588684082031 10.582201957702637 -10.019598007202148 
v 70.50552368164062 10.605509757995605 -10.199431419372559 
v 70.57142639160156 10.917598724365234 -9.97509479522705 
v 70.60433959960938 10.934404373168945 -10.096558570861816 
v 70.50552368164062 10.605509757995605 -10.199431419372559 
v 70.6340560913086 10.62197494506836 -10.330094337463379 
v 70.60433959960938 10.934404373168945 -10.096558570861816 
v 70.695556640625 10.946361541748047 -10.185794830322266 
v 70.6340560913086 10.62197494506836 -10.330094337463379 
v 70.81626892089844 10.627537727355957 -10.37890625 
v 70.695556640625 10.946361541748047 -10.185794830322266 
v 70.8208999633789 10.949769973754883 -10.218897819519043 
v 70.81626892089844 10.627537727355957 -10.37890625 
v 70.99580383300781 10.618583679199219 -10.33079719543457 
v 70.8208999633789 10.949769973754883 -10.218897819519043 
v 70.94058990478516 10.943957328796387 -10.187182426452637 
v 70.99580383300781 10.618583679199219 -10.33079719543457 
v 71.12837982177734 10.600839614868164 -10.199780464172363 
v 70.94058990478516 10.943957328796387 -10.187182426452637 
v 71.0324935913086 10.931550979614258 -10.09711742401123 
v 71.12837982177734 10.600839614868164 -10.199780464172363 
v 71.17886352539062 10.576878547668457 -10.020370483398438 
v 71.0324935913086 10.931550979614258 -10.09711742401123 
v 71.06597137451172 10.915284156799316 -9.97551441192627 
v 70.3111572265625 10.196883201599121 -10.365080833435059 
v 70.50552368164062 10.605509757995605 -10.199431419372559 
v 70.23066711425781 10.156081199645996 -10.078116416931152 
v 70.45588684082031 10.582201957702637 -10.019598007202148 
v 70.52487182617188 10.222977638244629 -10.575793266296387 
v 70.6340560913086 10.62197494506836 -10.330094337463379 
v 70.3111572265625 10.196883201599121 -10.365080833435059 
v 70.50552368164062 10.605509757995605 -10.199431419372559 
v 70.81029510498047 10.229896545410156 -10.65347671508789 
v 70.81626892089844 10.627537727355957 -10.37890625 
v 70.52487182617188 10.222977638244629 -10.575793266296387 
v 70.6340560913086 10.62197494506836 -10.330094337463379 
v 71.10346221923828 10.217947959899902 -10.576238632202148 
v 70.99580383300781 10.618583679199219 -10.33079719543457 
v 70.81029510498047 10.229896545410156 -10.65347671508789 
v 70.81626892089844 10.627537727355957 -10.37890625 
v 71.31288146972656 10.187495231628418 -10.366735458374023 
v 71.12837982177734 10.600839614868164 -10.199780464172363 
v 71.10346221923828 10.217947959899902 -10.576238632202148 
v 70.99580383300781 10.618583679199219 -10.33079719543457 
v 71.39286041259766 10.147995948791504 -10.079427719116211 
v 71.17886352539062 10.576878547668457 -10.020370483398438 
v 71.31288146972656 10.187495231628418 -10.366735458374023 
v 71.12837982177734 10.600839614868164 -10.199780464172363 
v 72.12532806396484 10.438063621520996 -5.749089241027832 
v 72.36485290527344 10.686223030090332 -5.6460113525390625 
v 72.16897583007812 10.352712631225586 -5.588864803314209 
v 72.39631652832031 10.627099990844727 -5.538046360015869 
v 72.16897583007812 10.352712631225586 -5.588864803314209 
v 72.39631652832031 10.627099990844727 -5.538046360015869 
v 72.29093170166016 10.25352954864502 -5.487060546875 
v 72.47929382324219 10.560542106628418 -5.4678192138671875 
v 72.29093170166016 10.25352954864502 -5.487060546875 
v 72.47929382324219 10.560542106628418 -5.4678192138671875 
v 72.45829010009766 10.16891860961914 -5.469465732574463 
v 72.5900650024414 10.500579833984375 -5.455946922302246 
v 72.45829010009766 10.16891860961914 -5.469465732574463 
v 72.5900650024414 10.500579833984375 -5.455946922302246 
v 72.62102508544922 10.120186805725098 -5.541996002197266 
v 72.70576477050781 10.469261169433594 -5.505492687225342 
v 72.62102508544922 10.120186805725098 -5.541996002197266 
v 72.70576477050781 10.469261169433594 -5.505492687225342 
v 72.74421691894531 10.12238597869873 -5.683987140655518 
v 72.78506469726562 10.468889236450195 -5.6026530265808105 
v 72.74421691894531 10.12238597869873 -5.683987140655518 
v 72.78506469726562 10.468889236450195 -5.6026530265808105 
v 72.78499603271484 10.172835350036621 -5.858311176300049 
v 72.8172607421875 10.505120277404785 -5.720720291137695 
v 71.82347106933594 10.015340805053711 -5.6096906661987305 
v 71.75390625 10.154711723327637 -5.866096019744873 
v 72.16897583007812 10.352712631225586 -5.588864803314209 
v 72.12532806396484 10.438063621520996 -5.749089241027832 
v 72.01680755615234 9.854713439941406 -5.4456095695495605 
v 71.82347106933594 10.015340805053711 -5.6096906661987305 
v 72.29093170166016 10.25352954864502 -5.487060546875 
v 72.16897583007812 10.352712631225586 -5.588864803314209 
v 72.28627014160156 9.720721244812012 -5.416602611541748 
v 72.01680755615234 9.854713439941406 -5.4456095695495605 
v 72.45829010009766 10.16891860961914 -5.469465732574463 
v 72.29093170166016 10.25352954864502 -5.487060546875 
v 72.55208587646484 9.643084526062012 -5.532501697540283 
v 72.28627014160156 9.720721244812012 -5.416602611541748 
v 72.62102508544922 10.120186805725098 -5.541996002197266 
v 72.45829010009766 10.16891860961914 -5.469465732574463 
v 72.7469711303711 9.64696216583252 -5.760555267333984 
v 72.55208587646484 9.643084526062012 -5.532501697540283 
v 72.74421691894531 10.12238597869873 -5.683987140655518 
v 72.62102508544922 10.120186805725098 -5.541996002197266 
v 72.8199691772461 9.728492736816406 -6.0411696434021 
v 72.7469711303711 9.64696216583252 -5.760555267333984 
v 72.78499603271484 10.172835350036621 -5.858311176300049 
v 72.74421691894531 10.12238597869873 -5.683987140655518 
v 72.12532806396484 10.438063621520996 -5.749089241027832 
v 72.1711196899414 10.490015029907227 -5.922762870788574 
v 72.36485290527344 10.686223030090332 -5.6460113525390625 
v 72.39756774902344 10.72146224975586 -5.765784740447998 
v 72.1711196899414 10.490015029907227 -5.922762870788574 
v 72.28929138183594 10.49071216583252 -6.065410137176514 
v 72.39756774902344 10.72146224975586 -5.765784740447998 
v 72.47686767578125 10.721090316772461 -5.862945079803467 
v 72.28929138183594 10.49071216583252 -6.065410137176514 
v 72.45704650878906 10.443482398986816 -6.137284278869629 
v 72.47686767578125 10.721090316772461 -5.862945079803467 
v 72.59256744384766 10.689303398132324 -5.911423683166504 
v 72.45704650878906 10.443482398986816 -6.137284278869629 
v 72.6188735961914 10.358827590942383 -6.119701385498047 
v 72.59256744384766 10.689303398132324 -5.911423683166504 
v 72.70281219482422 10.631266593933105 -5.899980545043945 
v 72.6188735961914 10.358827590942383 -6.119701385498047 
v 72.74082946777344 10.25964641571045 -6.01790189743042 
v 72.70281219482422 10.631266593933105 -5.899980545043945 
v 72.78631591796875 10.563253402709961 -5.830395698547363 
v 72.74082946777344 10.25964641571045 -6.01790189743042 
v 72.78499603271484 10.172835350036621 -5.858311176300049 
v 72.78631591796875 10.563253402709961 -5.830395698547363 
v 72.8172607421875 10.505120277404785 -5.720720291137695 
v 71.82137298583984 10.23573112487793 -6.145654678344727 
v 72.1711196899414 10.490015029907227 -5.922762870788574 
v 71.75390625 10.154711723327637 -5.866096019744873 
v 72.12532806396484 10.438063621520996 -5.749089241027832 
v 72.01677703857422 10.23814582824707 -6.374342441558838 
v 72.28929138183594 10.49071216583252 -6.065410137176514 
v 71.82137298583984 10.23573112487793 -6.145654678344727 
v 72.1711196899414 10.490015029907227 -5.922762870788574 
v 72.28760528564453 10.162485122680664 -6.490667819976807 
v 72.45704650878906 10.443482398986816 -6.137284278869629 
v 72.01677703857422 10.23814582824707 -6.374342441558838 
v 72.28929138183594 10.49071216583252 -6.065410137176514 
v 72.55205535888672 10.026986122131348 -6.462307453155518 
v 72.6188735961914 10.358827590942383 -6.119701385498047 
v 72.28760528564453 10.162485122680664 -6.490667819976807 
v 72.45704650878906 10.443482398986816 -6.137284278869629 
v 72.74539184570312 9.866360664367676 -6.29823112487793 
v 72.74082946777344 10.25964641571045 -6.01790189743042 
v 72.55205535888672 10.026986122131348 -6.462307453155518 
v 72.6188735961914 10.358827590942383 -6.119701385498047 
v 72.8199691772461 9.728492736816406 -6.0411696434021 
v 72.78499603271484 10.172835350036621 -5.858311176300049 
v 72.74539184570312 9.866360664367676 -6.29823112487793 
v 72.74082946777344 10.25964641571045 -6.01790189743042 
v 65.5765151977539 5.631103515625 -13.733048439025879 
v 65.09364318847656 5.24305534362793 -13.732497215270996 
v 59.50944900512695 16.144399642944336 -7.19008207321167 
v 57.63871383666992 14.64747428894043 -7.185472011566162 
v 65.82532501220703 6.017178058624268 -14.14847469329834 
v 65.5765151977539 5.631103515625 -13.733048439025879 
v 60.48230743408203 17.645334243774414 -8.792943000793457 
v 59.50944900512695 16.144399642944336 -7.19008207321167 
v 65.69722747802734 6.179129123687744 -14.732770919799805 
v 65.82532501220703 6.017178058624268 -14.14847469329834 
v 59.97951889038086 18.265317916870117 -11.05433464050293 
v 60.48230743408203 17.645334243774414 -8.792943000793457 
v 65.2610855102539 6.017624855041504 -15.145723342895508 
v 65.69722747802734 6.179129123687744 -14.732770919799805 
v 58.29790496826172 17.644399642944336 -12.650646209716797 
v 59.97951889038086 18.265317916870117 -11.05433464050293 
v 64.77769470214844 5.631036281585693 -15.14453411102295 
v 65.2610855102539 6.017624855041504 -15.145723342895508 
v 56.42216491699219 16.1455078125 -12.645618438720703 
v 58.29790496826172 17.644399642944336 -12.650646209716797 
v 64.52940368652344 5.243504047393799 -14.729751586914062 
v 64.77769470214844 5.631036281585693 -15.14453411102295 
v 55.45431900024414 14.6465425491333 -11.043174743652344 
v 56.42216491699219 16.1455078125 -12.645618438720703 
v 64.65750122070312 5.081552982330322 -14.145455360412598 
v 64.52940368652344 5.243504047393799 -14.729751586914062 
v 55.95710754394531 14.026091575622559 -8.780715942382812 
v 55.45431900024414 14.6465425491333 -11.043174743652344 
v 65.09364318847656 5.24305534362793 -13.732497215270996 
v 64.65750122070312 5.081552982330322 -14.145455360412598 
v 57.63871383666992 14.64747428894043 -7.185472011566162 
v 55.95710754394531 14.026091575622559 -8.780715942382812 
v 52.62305450439453 14.647235870361328 -7.185054302215576 
v 45.16934585571289 5.244168281555176 -13.732686996459961 
v 50.75339889526367 16.14693832397461 -7.189692497253418 
v 44.68734359741211 5.630722522735596 -13.733837127685547 
v 50.75339889526367 16.14693832397461 -7.189692497253418 
v 44.68734359741211 5.630722522735596 -13.733837127685547 
v 49.784908294677734 17.64578628540039 -8.792069435119629 
v 44.43606948852539 6.018599033355713 -14.147788047790527 
v 49.784908294677734 17.64578628540039 -8.792069435119629 
v 44.43606948852539 6.018599033355713 -14.147788047790527 
v 50.28677749633789 18.265127182006836 -11.055122375488281 
v 44.564064025878906 6.1782331466674805 -14.733443260192871 
v 50.28677749633789 18.265127182006836 -11.055122375488281 
v 44.564064025878906 6.1782331466674805 -14.733443260192871 
v 51.96720886230469 17.64469337463379 -12.650744438171387 
v 44.998741149902344 6.017463207244873 -15.146005630493164 
v 51.96720886230469 17.64469337463379 -12.650744438171387 
v 44.998741149902344 6.017463207244873 -15.146005630493164 
v 53.83686447143555 16.14499282836914 -12.646111488342285 
v 45.480743408203125 5.630438327789307 -15.143777847290039 
v 53.83686447143555 16.14499282836914 -12.646111488342285 
v 45.480743408203125 5.630438327789307 -15.143777847290039 
v 54.805355072021484 14.64614486694336 -11.043734550476074 
v 45.732017517089844 5.242563724517822 -14.72983169555664 
v 54.805355072021484 14.64614486694336 -11.043734550476074 
v 45.732017517089844 5.242563724517822 -14.72983169555664 
v 54.304012298583984 14.025344848632812 -8.781319618225098 
v 45.60401916503906 5.083395957946777 -14.145244598388672 
v 54.304012298583984 14.025344848632812 -8.781319618225098 
v 45.60401916503906 5.083395957946777 -14.145244598388672 
v 52.62305450439453 14.647235870361328 -7.185054302215576 
v 45.16934585571289 5.244168281555176 -13.732686996459961 
vn -0.5266427397727966 0.3971365690231323 0.32791030406951904 
vn -0.3413916826248169 0.5967725515365601 0.2644045650959015 
vn -0.5613256692886353 0.4367457926273346 0.19173374772071838 
vn -0.5269969701766968 0.5098568201065063 0.07011070847511292 
vn -0.6245841979980469 0.3796764612197876 -0.09129894524812698 
vn -0.47004374861717224 0.5231064558029175 -0.21912072598934174 
vn -0.43872180581092834 0.5916973352432251 -0.0035905754193663597 
vn -0.2585076093673706 0.6485089659690857 -0.2349584847688675 
vn -0.31726810336112976 0.6646744012832642 -0.012016276828944683 
vn -0.05221637710928917 0.7228923439979553 -0.13151271641254425 
vn -0.19007354974746704 0.7101078629493713 0.047057971358299255 
vn 0.10448861867189407 0.7268216609954834 0.058376744389534 
vn -0.10046554356813431 0.7118167877197266 0.16068319976329803 
vn 0.16184379160404205 0.658505380153656 0.2877025306224823 
vn -0.0684606283903122 0.6719601154327393 0.29390183091163635 
vn -0.10011791437864304 0.6011912822723389 0.413691908121109 
vn -0.1894652396440506 0.5165250301361084 0.4897962510585785 
vn 0.10508675128221512 0.5364803075790405 0.4937014579772949 
vn 0.3651372492313385 0.5863443613052368 0.25587162375450134 
vn 0.289398193359375 0.6760521531105042 -0.04239634796977043 
vn 0.09147349745035172 0.6708422899246216 -0.2901700437068939 
vn -0.18279960751533508 0.5739191770553589 -0.4240243434906006 
vn -0.4615306854248047 0.40582793951034546 -0.4060646891593933 
vn -0.6610741019248962 0.22124168276786804 -0.2379668802022934 
vn -0.681368887424469 0.25609153509140015 0.11290937662124634 
vn -0.6239886283874512 0.1901489794254303 0.34216442704200745 
vn -0.6602998971939087 -0.025139667093753815 0.32552555203437805 
vn -0.7334522008895874 0.06205485016107559 0.028140326961874962 
vn -0.643160343170166 0.06996706873178482 -0.35219940543174744 
vn -0.4169476628303528 0.2824864089488983 -0.5375421047210693 
vn -0.10820106416940689 0.4664262533187866 -0.5597630143165588 
vn 0.20158599317073822 0.5774686336517334 -0.4104733467102051 
vn 0.4327162802219391 0.582607090473175 -0.12617693841457367 
vn 0.5138709545135498 0.4838170111179352 0.21083827316761017 
vn 0.29017701745033264 0.4282133877277374 0.5244292616844177 
vn -0.05118364840745926 0.3942509889602661 0.6201144456863403 
vn -0.31656894087791443 0.4421789050102234 0.49684739112854004 
vn -0.43811529874801636 0.398689866065979 0.437831848859787 
vn -0.2573106288909912 0.2675934135913849 0.636223554611206 
vn 0.09281928092241287 0.24257849156856537 0.6893009543418884 
vn 0.43359366059303284 0.3034021258354187 0.5123856067657471 
vn 0.6314414143562317 0.34785911440849304 0.1512305587530136 
vn 0.54435795545578 0.4533156454563141 -0.20192617177963257 
vn 0.30570846796035767 0.447269469499588 -0.4990867078304291 
vn -0.021022925153374672 0.3304041028022766 -0.6580172777175903 
vn -0.3493596911430359 0.13624460995197296 -0.6340194940567017 
vn -0.5852547287940979 -0.08489222824573517 -0.4391644299030304 
vn -0.7265762686729431 -0.11244767159223557 -0.045134544372558594 
vn -0.6730117797851562 -0.2746765613555908 -0.11917512118816376 
vn -0.58432537317276 -0.38063597679138184 0.23722341656684875 
vn -0.6422752737998962 -0.21169990301132202 0.2919938266277313 
vn -0.4880297780036926 -0.23706498742103577 -0.49821916222572327 
vn -0.2531973719596863 -0.01938599906861782 -0.6914555430412292 
vn 0.06446360796689987 0.1718197762966156 -0.7133848071098328 
vn 0.3862699866294861 0.28471919894218445 -0.5588610172271729 
vn 0.6207641363143921 0.29250818490982056 -0.26774170994758606 
vn 0.7072794437408447 0.18891100585460663 0.08162792026996613 
vn 0.545279324054718 0.16011486947536469 0.46864578127861023 
vn 0.20311477780342102 0.09096985310316086 0.7021854519844055 
vn -0.1812419295310974 0.07822395116090775 0.7096673846244812 
vn -0.469009131193161 0.19385755062103271 0.5338959097862244 
vn -0.4601830840110779 -0.023008013144135475 0.5747149586677551 
vn -0.41542133688926697 -0.2032344937324524 0.5733375549316406 
vn -0.34775853157043457 -0.3732927441596985 0.5313301682472229 
vn -0.10643890500068665 -0.09433922916650772 0.7227491736412048 
vn 0.30731001496315 -0.062385257333517075 0.6665314435958862 
vn 0.6216748952865601 0.0026850143913179636 0.39510536193847656 
vn -0.01917157880961895 -0.25874289870262146 0.689405620098114 
vn 0.06628245115280151 -0.406983882188797 0.610382080078125 
vn -0.25162097811698914 -0.52103590965271 0.4558549225330353 
vn -0.4871180057525635 -0.5272184610366821 0.16538335382938385 
vn -0.5744367241859436 -0.42277371883392334 -0.18406450748443604 
vn -0.4327040910720825 -0.5464123487472534 -0.23831893503665924 
vn -0.3550865352153778 -0.3749905824661255 -0.5252532362937927 
vn -0.14136730134487152 -0.17844898998737335 -0.7005475163459778 
vn 0.15201056003570557 0.00007403476047329605 -0.7207553386688232 
vn 0.4409639239311218 0.10292147099971771 -0.5809931755065918 
vn 0.6571259498596191 0.1086530014872551 -0.3146026134490967 
vn 0.7364476323127747 0.014529519714415073 0.005341304931789637 
vn 0.6579592227935791 -0.15651969611644745 0.2918669879436493 
vn 0.44240665435791016 -0.3561943769454956 0.4690387547016144 
vn 0.3878452181816101 -0.21655923128128052 0.5875999331474304 
vn 0.15367288887500763 -0.528923511505127 0.4891013205051422 
vn -0.13993072509765625 -0.6356030702590942 0.3449978232383728 
vn -0.3542519509792328 -0.6405836939811707 0.08217793703079224 
vn -0.2753995656967163 -0.6249902248382568 -0.2759304344654083 
vn -0.20856133103370667 -0.4808926582336426 -0.517532467842102 
vn -0.02679998241364956 -0.3127759099006653 -0.6663696765899658 
vn 0.219246044754982 -0.16241353750228882 -0.6842137575149536 
vn 0.46761763095855713 -0.07342097908258438 -0.5643919110298157 
vn 0.6514732241630554 -0.07070087641477585 -0.3364207148551941 
vn 0.718254804611206 -0.14936484396457672 -0.06629487127065659 
vn 0.6521759033203125 -0.29432567954063416 0.1750258207321167 
vn 0.46884411573410034 -0.4637182354927063 0.3282468616962433 
vn 0.22065995633602142 -0.6123601198196411 0.3448474705219269 
vn -0.02557811513543129 -0.7016059160232544 0.22291335463523865 
vn -0.2078518271446228 -0.7066764831542969 -0.0011481967521831393 
vn -0.12078613042831421 -0.6658413410186768 -0.2909665107727051 
vn -0.0675925612449646 -0.7292694449424744 -0.07869400829076767 
vn 0.07887387275695801 -0.7253292202949524 0.10135090351104736 
vn 0.27318936586380005 -0.6559382677078247 0.19418580830097198 
vn 0.4676896929740906 -0.5388519167900085 0.1830311119556427 
vn 0.6124532222747803 -0.4042717516422272 0.06372226774692535 
vn 0.6643810272216797 -0.29112908244132996 -0.12820585072040558 
vn 0.6118965148925781 -0.2271064966917038 -0.34146782755851746 
vn 0.46672242879867554 -0.231045663356781 -0.5209445953369141 
vn 0.27207890152931213 -0.30255556106567383 -0.6140265464782715 
vn 0.07790818810462952 -0.41802141070365906 -0.6014848351478577 
vn -0.06814641505479813 -0.553020715713501 -0.4817880392074585 
vn -0.005466705188155174 -0.6749000549316406 -0.29508575797080994 
vn 0.03554514795541763 -0.5862215161323547 -0.4446081221103668 
vn 0.14607489109039307 -0.48227235674858093 -0.5372811555862427 
vn 0.3019917607307434 -0.3908332586288452 -0.5464849472045898 
vn 0.4539460241794586 -0.33611348271369934 -0.472817063331604 
vn 0.5645934343338013 -0.3333883285522461 -0.33568087220191956 
vn 0.6063471436500549 -0.38291871547698975 -0.16826024651527405 
vn 0.5650297403335571 -0.4722374975681305 -0.01812257245182991 
vn 0.45469632744789124 -0.5748750567436218 0.07324837148189545 
vn 0.30285727977752686 -0.6662652492523193 0.08344843238592148 
vn 0.14682744443416595 -0.721753716468811 0.010430491529405117 
vn 0.03597940504550934 -0.7244137525558472 -0.12855224311351776 
vn -0.35038474202156067 0.6326352953910828 0.1399950534105301 
vn -0.3874637484550476 0.626471996307373 0.0004245334421284497 
vn -0.12172774970531464 0.7264828085899353 -0.0007748781936243176 
vn -0.3466924726963043 0.6345602869987488 -0.14047455787658691 
vn -0.24933061003684998 0.6497296690940857 -0.24141493439674377 
vn -0.3265379071235657 0.5168731212615967 -0.410865843296051 
vn -0.09295342117547989 0.5546680688858032 -0.4757084250450134 
vn -0.10950208455324173 0.6740648150444031 -0.27611851692199707 
vn 0.1430433988571167 0.5940873622894287 -0.4113321900367737 
vn 0.024022294208407402 0.6956698894500732 -0.24096013605594635 
vn 0.3112543821334839 0.6239938139915466 -0.23737649619579315 
vn 0.12547646462917328 0.7127501964569092 -0.13725246489048004 
vn 0.16089516878128052 0.7188240885734558 0.0003237497585359961 
vn 0.3760771155357361 0.6333727240562439 0.00032617864781059325 
vn 0.1261533945798874 0.711920440196991 0.14089006185531616 
vn 0.024330422282218933 0.6964707374572754 0.23860442638397217 
vn 0.31266072392463684 0.6238106489181519 0.23600608110427856 
vn 0.5447183847427368 0.4958590865135193 0.0007710083154961467 
vn 0.4649766981601715 0.48182380199432373 -0.30698123574256897 
vn 0.23815301060676575 0.4436851739883423 -0.5376075506210327 
vn -0.06663462519645691 0.3927280008792877 -0.6196128129959106 
vn -0.3692499101161957 0.3451598584651947 -0.5358307957649231 
vn -0.4983920454978943 0.4881976842880249 -0.2363552451133728 
vn -0.5925736427307129 0.30765825510025024 -0.3111239969730377 
vn -0.5617001056671143 0.4765368402004242 0.0009570077527314425 
vn -0.4983125627040863 0.48869088292121887 0.2355017513036728 
vn -0.5942467451095581 0.30786964297294617 0.3077046573162079 
vn -0.6761840581893921 0.29217293858528137 0.002272550482302904 
vn -0.6353806257247925 0.12631867825984955 -0.35061392188072205 
vn -0.38363388180732727 0.167256161570549 -0.6061731576919556 
vn -0.03923966363072395 0.22433160245418549 -0.7005220651626587 
vn 0.30973732471466064 0.28478536009788513 -0.6046116948127747 
vn 0.5610318779945374 0.3253456652164459 -0.34926825761795044 
vn 0.6522100567817688 0.34236305952072144 -0.002086683874949813 
vn 0.46414655447006226 0.47955450415611267 0.3117540776729584 
vn 0.1413288563489914 0.5963431000709534 0.4086521565914154 
vn -0.11107079684734344 0.6735693216323853 0.27670058608055115 
vn -0.24836716055870056 0.650208055973053 0.24111978709697723 
vn -0.09135730564594269 0.5555320382118225 0.475009024143219 
vn 0.23991848528385162 0.4424416124820709 0.5378475785255432 
vn 0.5609139204025269 0.3242556154727936 0.35046955943107605 
vn 0.7176259756088257 0.16615179181098938 -0.001113410689868033 
vn 0.6220681071281433 0.14694327116012573 -0.36610615253448486 
vn 0.353891521692276 0.1035601794719696 -0.637676477432251 
vn -0.007186097092926502 0.04521273449063301 -0.7351868748664856 
vn -0.3704962134361267 -0.017062727361917496 -0.6364250779151917 
vn -0.6359399557113647 -0.060842327773571014 -0.3667064309120178 
vn -0.7277858853340149 0.11367443948984146 -0.0008435130002908409 
vn -0.7327238917350769 -0.07554861158132553 -0.001683792332187295 
vn -0.6346607804298401 -0.0588051900267601 0.36924582719802856 
vn -0.6357424855232239 0.12857702374458313 0.34913378953933716 
vn -0.5924956798553467 -0.24502477049827576 -0.3626386523246765 
vn -0.33370497822761536 -0.2018350511789322 -0.6248992085456848 
vn 0.026098966598510742 -0.14367638528347015 -0.7219913005828857 
vn 0.37820056080818176 -0.08417243510484695 -0.6264778971672058 
vn 0.6403406262397766 -0.04149229824542999 -0.36171406507492065 
vn 0.7361744046211243 -0.025337887927889824 0.000056945606047520414 
vn 0.621850848197937 0.14843468368053436 0.36587393283843994 
vn 0.30991101264953613 0.28352680802345276 0.6051141619682312 
vn -0.06491677463054657 0.3942338228225708 0.6188384890556335 
vn -0.32533156871795654 0.516592264175415 0.4121738076210022 
vn -0.3692478835582733 0.34468334913253784 0.5361387133598328 
vn -0.3842804729938507 0.16870081424713135 0.6053625345230103 
vn -0.3721156716346741 -0.014937123283743858 0.6355328559875488 
vn -0.035659778863191605 0.22669754922389984 0.6999515295028687 
vn 0.35666465759277344 0.10542785376310349 0.6358228921890259 
vn 0.6414854526519775 -0.04098818823695183 0.3597380220890045 
vn -0.008363346569240093 0.044858526438474655 0.7351961135864258 
vn 0.026567621156573296 -0.1431455761194229 0.7220796942710876 
vn -0.3320155739784241 -0.20341381430625916 0.625286877155304 
vn -0.5944627523422241 -0.24580912292003632 0.3588685989379883 
vn -0.6881959438323975 -0.26264041662216187 0.0010459583718329668 
vn -0.5978254675865173 -0.4303470849990845 -0.0009588477551005781 
vn -0.5098049640655518 -0.4172559380531311 -0.32953211665153503 
vn -0.27182090282440186 -0.37896835803985596 -0.5701682567596436 
vn 0.05216646566987038 -0.3230789303779602 -0.6599198579788208 
vn 0.378970205783844 -0.2692624628543854 -0.5713796019554138 
vn 0.6162758469581604 -0.22986020147800446 -0.33160728216171265 
vn 0.704422652721405 -0.2153618335723877 0.0017283170018345118 
vn 0.616283655166626 -0.23038625717163086 0.33122777938842773 
vn 0.3794519007205963 -0.2705133259296417 0.5704684853553772 
vn 0.37818118929862976 -0.08564914762973785 0.6262896060943604 
vn 0.05106038227677345 -0.32404035329818726 0.6595348715782166 
vn -0.27298325300216675 -0.3783336877822876 0.5700342059135437 
vn -0.5095583200454712 -0.4168408513069153 0.33043739199638367 
vn -0.4751773476600647 -0.5628498196601868 0.0012530898675322533 
vn -0.399828165769577 -0.5516170859336853 -0.28009143471717834 
vn -0.19902989268302917 -0.5184120535850525 -0.48397475481033325 
vn 0.07964926213026047 -0.4710848033428192 -0.5606520175933838 
vn 0.35227254033088684 -0.4261702001094818 -0.4867015480995178 
vn 0.5574589967727661 -0.3915441930294037 -0.28022798895835876 
vn 0.6307989954948425 -0.3803783655166626 0.00028611140442080796 
vn 0.555917501449585 -0.39348670840263367 0.28056949377059937 
vn 0.35683029890060425 -0.4244055449962616 0.4849202036857605 
vn 0.07724859565496445 -0.470994770526886 0.5610633492469788 
vn -0.1993015855550766 -0.5182545781135559 0.4840313792228699 
vn -0.3997530937194824 -0.5506327152252197 0.28212788701057434 
vn -0.3412347435951233 -0.6528037190437317 -0.0011685671051964164 
vn -0.28051090240478516 -0.6441892981529236 0.22119902074337006 
vn -0.12395983934402466 -0.6173434257507324 0.3822517395019531 
vn 0.09511282294988632 -0.5814815163612366 0.4420727789402008 
vn 0.31268954277038574 -0.5462631583213806 0.38264521956443787 
vn 0.4718531370162964 -0.5206658244132996 0.2210364192724228 
vn 0.5336090326309204 -0.5077936053276062 -0.0015394951915368438 
vn 0.4747273027896881 -0.5180271863937378 -0.2210817039012909 
vn 0.3159046173095703 -0.54551762342453 -0.38106465339660645 
vn 0.09408798068761826 -0.5820257067680359 -0.44157567620277405 
vn -0.12185580283403397 -0.6170119643211365 -0.38346168398857117 
vn -0.28150707483291626 -0.6430791020393372 -0.2231554538011551 
vn -0.23373641073703766 -0.698542594909668 -0.0009471661760471761 
vn -0.1882353127002716 -0.6915091276168823 -0.1702292263507843 
vn -0.06331288069486618 -0.6713294982910156 -0.2964855432510376 
vn 0.10564714670181274 -0.6430856585502625 -0.34332937002182007 
vn 0.2768210768699646 -0.6140313744544983 -0.29821324348449707 
vn 0.4001447558403015 -0.5941439270973206 -0.1716759204864502 
vn 0.44828781485557556 -0.5844931602478027 -0.0010842356132343411 
vn 0.3991799056529999 -0.594587504863739 0.17238500714302063 
vn 0.2784864604473114 -0.6130237579345703 0.2987351417541504 
vn 0.10805153846740723 -0.6414346098899841 0.3456616997718811 
vn -0.06353387236595154 -0.6704026460647583 0.2985283136367798 
vn -0.18714798986911774 -0.6911221146583557 0.17297746241092682 
vn -0.02071349136531353 0.7328715920448303 -0.07117383182048798 
vn -0.05567149072885513 0.7043421864509583 -0.2083224505186081 
vn 0.22683344781398773 0.6725124716758728 -0.1971517652273178 
vn -0.021967560052871704 0.6541851758956909 -0.3378678262233734 
vn 0.07646184414625168 0.5964252948760986 -0.42547139525413513 
vn -0.05097147077322006 0.46845775842666626 -0.5661666989326477 
vn 0.17120350897312164 0.38039690256118774 -0.6071102619171143 
vn 0.2063441127538681 0.5449207425117493 -0.4506427049636841 
vn 0.3985322117805481 0.3293726146221161 -0.5246721506118774 
vn 0.34135890007019043 0.5148797631263733 -0.4012082815170288 
vn 0.5633241534233093 0.32738780975341797 -0.34362471103668213 
vn 0.43717947602272034 0.5136929750442505 -0.29595381021499634 
vn 0.47300586104393005 0.5411760807037354 -0.16121062636375427 
vn 0.6238962411880493 0.37583041191101074 -0.10999893397092819 
vn 0.43804916739463806 0.5914344787597656 -0.030219193547964096 
vn 0.3411129117012024 0.6502171754837036 0.05877763032913208 
vn 0.5634243488311768 0.46151861548423767 0.11022021621465683 
vn 0.7114111185073853 0.1833018809556961 -0.05375279486179352 
vn 0.633104145526886 0.1187739446759224 -0.35730472207069397 
vn 0.4169597327709198 0.12124503403902054 -0.5950120687484741 
vn 0.12248197942972183 0.18743112683296204 -0.7017571926116943 
vn -0.17306317389011383 0.30181050300598145 -0.6492727994918823 
vn -0.21935680508613586 0.5667802095413208 -0.4162190556526184 
vn -0.3898078501224518 0.43406105041503906 -0.44970694184303284 
vn -0.27687379717826843 0.654485285282135 -0.19386975467205048 
vn -0.21731816232204437 0.7027509212493896 0.038852132856845856 
vn -0.386020690202713 0.6110246181488037 0.1422407478094101 
vn -0.4680793583393097 0.5457807183265686 -0.16006410121917725 
vn -0.5046416521072388 0.28851962089538574 -0.4524252116680145 
vn -0.2643720209598541 0.13943536579608917 -0.673246443271637 
vn 0.07287120819091797 0.010750669054687023 -0.7329186201095581 
vn 0.4051726162433624 -0.06592054665088654 -0.6116247773170471 
vn 0.646641194820404 -0.06817751377820969 -0.3461240231990814 
vn 0.736605167388916 0.0027347560971975327 0.00018394670041743666 
vn 0.6331102252006531 0.2931840121746063 0.23624034225940704 
vn 0.3979533910751343 0.561278760433197 0.2630484402179718 
vn 0.20866458117961884 0.701383650302887 0.08435279875993729 
vn 0.07693371921777725 0.7318174839019775 0.033463817089796066 
vn 0.1740604192018509 0.6490592956542969 0.30169591307640076 
vn 0.4169938564300537 0.42480921745300293 0.4338761866092682 
vn 0.6480006575584412 0.13160797953605652 0.32460662722587585 
vn 0.7142621278762817 -0.17292319238185883 0.05022004619240761 
vn 0.6201401948928833 -0.2520909309387207 -0.3073619306087494 
vn 0.3624708354473114 -0.24711410701274872 -0.5917304158210754 
vn 0.015550677664577961 -0.16789543628692627 -0.7170529365539551 
vn -0.33743560314178467 -0.033712610602378845 -0.653908371925354 
vn -0.5939574837684631 0.12351379543542862 -0.41779661178588867 
vn -0.5974498391151428 0.41344431042671204 -0.12129593640565872 
vn -0.6861885786056519 0.2570859491825104 -0.07514688372612 
vn -0.5920254588127136 0.33184340596199036 0.28632307052612305 
vn -0.5058664083480835 0.4869421720504761 0.22266969084739685 
vn -0.6397696733474731 -0.0496162585914135 -0.3617015779018402 
vn -0.38802599906921387 -0.20139135420322418 -0.5928513407707214 
vn -0.04363660514354706 -0.3375079333782196 -0.6532838940620422 
vn 0.29977720975875854 -0.414549320936203 -0.5299791693687439 
vn 0.5523837208747864 -0.4182172119617462 -0.250123530626297 
vn 0.6432192325592041 -0.34403759241104126 0.10248067229986191 
vn 0.6194958686828613 -0.0427856370806694 0.3962188959121704 
vn 0.40163132548332214 0.2783200442790985 0.5512037873268127 
vn 0.12192311137914658 0.539810299873352 0.4861430525779724 
vn -0.05312594771385193 0.7013640403747559 0.21877320110797882 
vn -0.17167454957962036 0.6075775623321533 0.37943756580352783 
vn -0.26496466994285583 0.48415255546569824 0.4878375828266144 
vn -0.335986465215683 0.3286054730415344 0.567209780216217 
vn 0.07123441994190216 0.40893176198005676 0.6085195541381836 
vn 0.3626355230808258 0.11314477771520615 0.6311015486717224 
vn 0.5507999658584595 -0.2135423868894577 0.44001635909080505 
vn 0.010905743576586246 0.2491215020418167 0.6931198239326477 
vn -0.04525865986943245 0.0726286843419075 0.7316229939460754 
vn -0.387450635433197 0.14970827102661133 0.6083294749259949 
vn -0.6409156918525696 0.15297798812389374 0.32927149534225464 
vn -0.7321339249610901 0.07789833098649979 -0.022507470101118088 
vn -0.72803795337677 -0.10710351169109344 0.03292810544371605 
vn -0.6442777514457703 -0.2243480086326599 -0.27779316902160645 
vn -0.41316789388656616 -0.3650876581668854 -0.4884655475616455 
vn -0.10155986249446869 -0.4865458607673645 -0.5436490178108215 
vn 0.2143479585647583 -0.557111918926239 -0.4315979480743408 
vn 0.4426010549068451 -0.5607331991195679 -0.17966076731681824 
vn 0.5273269414901733 -0.49343541264533997 0.14506253600120544 
vn 0.4418751299381256 -0.3742883801460266 0.4552472233772278 
vn 0.21462301909923553 -0.23459991812705994 0.6644511818885803 
vn 0.29949715733528137 -0.05952582135796547 0.6703384518623352 
vn -0.10199153423309326 -0.11304811388254166 0.7207033634185791 
vn -0.41439589858055115 -0.04085008054971695 0.607620358467102 
vn -0.644712507724762 -0.03884546831250191 0.354163259267807 
vn -0.6797837018966675 -0.27212435007095337 0.08023209869861603 
vn -0.6086587905883789 -0.3722555935382843 -0.18318063020706177 
vn -0.4127998650074005 -0.4912431538105011 -0.36176183819770813 
vn -0.14685772359371185 -0.5935546159744263 -0.41075682640075684 
vn 0.1216120794415474 -0.6563694477081299 -0.31142449378967285 
vn 0.31407979130744934 -0.6590004563331604 -0.09832508862018585 
vn 0.3853282332420349 -0.6020097732543945 0.17805038392543793 
vn 0.3150559961795807 -0.4991704225540161 0.4406405985355377 
vn 0.118721604347229 -0.3811695873737335 0.6190399527549744 
vn -0.14626210927963257 -0.2759075164794922 0.6671415567398071 
vn -0.41289234161376953 -0.21556931734085083 0.5706530213356018 
vn -0.6087337732315063 -0.213131383061409 0.3558272421360016 
vn -0.6015720367431641 -0.4082072675228119 0.11862831562757492 
vn -0.5449220538139343 -0.36264505982398987 0.3378511369228363 
vn -0.3921037018299103 -0.363528847694397 0.506652295589447 
vn -0.17810671031475067 -0.41297125816345215 0.5833764672279358 
vn 0.032141465693712234 -0.494235098361969 0.5452468395233154 
vn 0.18213681876659393 -0.5875513553619385 0.4052223563194275 
vn 0.23885615170001984 -0.667884111404419 0.19868096709251404 
vn 0.18285812437534332 -0.7132960557937622 -0.019162580370903015 
vn 0.030361158773303032 -0.7119588255882263 -0.18651635944843292 
vn -0.17999815940856934 -0.6631415486335754 -0.26540407538414 
vn -0.3922892212867737 -0.5799773335456848 -0.2287590205669403 
vn -0.5445012450218201 -0.4880870580673218 -0.08879391849040985 
vn -0.5275187492370605 -0.4935699999332428 0.1439010500907898 
vn -0.4836655259132385 -0.5553640127182007 -0.015279648825526237 
vn -0.36239129304885864 -0.629149854183197 -0.12425064295530319 
vn -0.200206458568573 -0.6915821433067322 -0.1556498259305954 
vn -0.0350789912045002 -0.7297047972679138 -0.09431808441877365 
vn 0.08540932089090347 -0.7306994795799255 0.03713611885905266 
vn 0.13078144192695618 -0.6953162550926208 0.20500506460666656 
vn 0.08511525392532349 -0.6327551603317261 0.36738505959510803 
vn -0.03601278364658356 -0.560781717300415 0.476258784532547 
vn -0.20186738669872284 -0.49639788269996643 0.5054048299789429 
vn -0.3619268238544464 -0.45947664976119995 0.4477558732032776 
vn -0.4854567348957062 -0.45613133907318115 0.31443750858306885 
vn -0.34838688373565674 0.6488289833068848 0.015590138733386993 
vn -0.3830224275588989 0.6173867583274841 -0.1213381290435791 
vn -0.12021766602993011 0.713101863861084 -0.14010341465473175 
vn -0.3501625061035156 0.5951882600784302 -0.25638389587402344 
vn -0.2484138458967209 0.5921962261199951 -0.3608182370662689 
vn -0.32641324400901794 0.42910417914390564 -0.5019158720970154 
vn -0.09094008058309555 0.45369860529899597 -0.5731343626976013 
vn -0.11395812034606934 0.607097864151001 -0.40129950642585754 
vn 0.14275279641151428 0.505250871181488 -0.5166609287261963 
vn 0.023386549204587936 0.6363627910614014 -0.37025800347328186 
vn 0.3157622218132019 0.5649884939193726 -0.35167792439460754 
vn 0.12322136014699936 0.6723579168319702 -0.274493545293808 
vn 0.16207952797412872 0.7051894664764404 -0.13796165585517883 
vn 0.3755483627319336 0.6219019889831543 -0.12164067476987839 
vn 0.125594362616539 0.7258173823356628 -0.00325603736564517 
vn 0.024148844182491302 0.7292272448539734 0.10119275748729706 
vn 0.31325188279151917 0.6569272875785828 0.1136443167924881 
vn 0.5456263422966003 0.48566922545433044 -0.09493250399827957 
vn 0.46300917863845825 0.4141509532928467 -0.3958490192890167 
vn 0.23794269561767578 0.3327227532863617 -0.6125962138175964 
vn -0.06704628467559814 0.2660689949989319 -0.6835989952087402 
vn -0.3704741895198822 0.23235242068767548 -0.592753529548645 
vn -0.4969441592693329 0.43469011783599854 -0.3266288638114929 
vn -0.5952627062797546 0.24058480560779572 -0.36107680201530457 
vn -0.5611543655395508 0.4681999087333679 -0.09214039891958237 
vn -0.498134583234787 0.5242156982421875 0.1401967704296112 
vn -0.593725860118866 0.3602309823036194 0.24559803307056427 
vn -0.6758293509483337 0.28699877858161926 -0.059003446251153946 
vn -0.6354560256004333 0.05775510519742966 -0.3680421710014343 
vn -0.38355404138565063 0.047258708626031876 -0.6270951628684998 
vn -0.036924850195646286 0.08902882784605026 -0.7302780151367188 
vn 0.3097437024116516 0.1625606268644333 -0.6482500433921814 
vn 0.5621525645256042 0.2506670653820038 -0.4046546220779419 
vn 0.6534975171089172 0.33362656831741333 -0.06503106653690338 
vn 0.46311670541763306 0.531514048576355 0.21356689929962158 
vn 0.14295098185539246 0.6621567010879517 0.2893250286579132 
vn -0.11257488280534744 0.714151918888092 0.14110101759433746 
vn -0.24999161064624786 0.6839939951896667 0.11068844795227051 
vn -0.09257200360298157 0.6363046765327454 0.35936376452445984 
vn 0.23824802041053772 0.5391424894332886 0.44176772236824036 
vn 0.5607573390007019 0.38516339659690857 0.28248077630996704 
vn 0.7178354263305664 0.16189159452915192 -0.03313716500997543 
vn 0.620199978351593 0.07640428096055984 -0.3900117576122284 
vn 0.35320037603378296 -0.01945333182811737 -0.646116316318512 
vn -0.007861793041229248 -0.0987854078412056 -0.7299144864082336 
vn -0.3712688982486725 -0.13816151022911072 -0.6210203170776367 
vn -0.6358906626701355 -0.13198663294315338 -0.34758833050727844 
vn -0.7279435992240906 0.11019279807806015 -0.02346360869705677 
vn -0.7326512932777405 -0.07503429800271988 0.013663103803992271 
vn -0.636420488357544 0.013218151405453682 0.37066030502319336 
vn -0.6352583169937134 0.19365336000919342 0.31865376234054565 
vn -0.593504786491394 -0.30838972330093384 -0.30861446261405945 
vn -0.3334180414676666 -0.31773853302001953 -0.5748652219772339 
vn 0.0261622816324234 -0.2795371413230896 -0.681006669998169 
vn 0.3789304196834564 -0.20311708748340607 -0.5981224775314331 
vn 0.6403051018714905 -0.1099085658788681 -0.3471662402153015 
vn 0.7361699938774109 -0.02464420348405838 0.006414827890694141 
vn 0.6201409101486206 0.21715901792049408 0.33295968174934387 
vn 0.3057905435562134 0.3950449526309967 0.541319727897644 
vn -0.06497393548488617 0.5059080123901367 0.531442403793335 
vn -0.32466697692871094 0.5871518850326538 0.3040386140346527 
vn -0.3710051476955414 0.4408648908138275 0.45889943838119507 
vn -0.38474351167678833 0.28350120782852173 0.5605308413505554 
vn -0.37113794684410095 0.10716524720191956 0.6271901726722717 
vn -0.03710278868675232 0.35757407546043396 0.6429305672645569 
vn 0.3569822609424591 0.22629378736019135 0.6032828688621521 
vn 0.6395753026008606 0.029984721913933754 0.3641969561576843 
vn -0.008588717319071293 0.1840822547674179 0.7131868600845337 
vn 0.02419295534491539 -0.0014577478868886828 0.7362120151519775 
vn -0.3346268832683563 -0.07870253920555115 0.6514798998832703 
vn -0.5930023789405823 -0.17027875781059265 0.4024278223514557 
vn -0.688884437084198 -0.255603551864624 0.05195937305688858 
vn -0.596747636795044 -0.4237218201160431 0.08334799855947495 
vn -0.5106506943702698 -0.471099853515625 -0.24473625421524048 
vn -0.2720208168029785 -0.48166587948799133 -0.48641347885131836 
vn 0.05228272080421448 -0.4441516697406769 -0.585313081741333 
vn 0.37904953956604004 -0.3744070529937744 -0.508661150932312 
vn 0.6185247898101807 -0.2886252999305725 -0.2769792973995209 
vn 0.7048827409744263 -0.21010085940361023 0.03991034999489784 
vn 0.6171387434005737 -0.1619652658700943 0.3681061863899231 
vn 0.37740403413772583 -0.1542152613401413 0.6134976148605347 
vn 0.38052666187286377 0.03812921419739723 0.6295562386512756 
vn 0.05524864047765732 -0.18952468037605286 0.7096643447875977 
vn -0.27143803238868713 -0.2614794373512268 0.6328864097595215 
vn -0.5089742541313171 -0.3458828330039978 0.40485209226608276 
vn -0.4756220281124115 -0.5523288249969482 0.10635554790496826 
vn -0.40042737126350403 -0.5947799682617188 -0.16878952085971832 
vn -0.19917160272598267 -0.6008135080337524 -0.3767615556716919 
vn 0.07707129418849945 -0.5717751383781433 -0.4579615294933319 
vn 0.3541191816329956 -0.5102657079696655 -0.39600998163223267 
vn 0.5570903420448303 -0.43900853395462036 -0.1987890750169754 
vn 0.6317241787910461 -0.37178152799606323 0.07278868556022644 
vn 0.5573099851608276 -0.33072659373283386 0.3501724898815155 
vn 0.35657021403312683 -0.3235267102718353 0.557479739189148 
vn 0.07853855192661285 -0.35403603315353394 0.6411596536636353 
vn -0.19933179020881653 -0.41363751888275146 0.5759914517402649 
vn -0.40088164806365967 -0.48731347918510437 0.38001909852027893 
vn -0.3380376398563385 -0.6420641541481018 0.12680433690547943 
vn -0.2814311981201172 -0.589149534702301 0.3410198390483856 
vn -0.11913029104471207 -0.5329352617263794 0.49435147643089294 
vn 0.09407501667737961 -0.48616352677345276 0.5453351736068726 
vn 0.31542685627937317 -0.4607493579387665 0.48042839765548706 
vn 0.47282421588897705 -0.46682390570640564 0.3179750442504883 
vn 0.5321230888366699 -0.5000545382499695 0.09688065201044083 
vn 0.4728565812110901 -0.5524248480796814 -0.11759592592716217 
vn 0.315334677696228 -0.6075325012207031 -0.2721465826034546 
vn 0.09724894911050797 -0.6561862230300903 -0.32024648785591125 
vn -0.12209843099117279 -0.6793001890182495 -0.2573687732219696 
vn -0.2801748812198639 -0.6748927235603333 -0.09282844513654709 
vn -0.2350470870733261 -0.6852394938468933 0.13339798152446747 
vn -0.19005684554576874 -0.7106858491897583 -0.03740866482257843 
vn -0.06200810521841049 -0.7156554460525513 -0.16305752098560333 
vn 0.10442917048931122 -0.6966279745101929 -0.21540550887584686 
vn 0.27846643328666687 -0.6593378782272339 -0.1741422563791275 
vn 0.40112292766571045 -0.6153023838996887 -0.055667296051979065 
vn 0.44588467478752136 -0.5750229358673096 0.11459025740623474 
vn 0.4029213488101959 -0.548037052154541 0.28267520666122437 
vn 0.27764829993247986 -0.5440272092819214 0.4117540419101715 
vn 0.10486780107021332 -0.5640853047370911 0.4619589149951935 
vn -0.06385976821184158 -0.6003013253211975 0.4220849573612213 
vn -0.19075924158096313 -0.644303023815155 0.3017944097518921 
vn -0.23475156724452972 0.6594239473342896 0.2294500172138214 
vn -0.2726142704486847 0.6783316135406494 0.09023956209421158 
vn 0.005182834807783365 0.7300392389297485 0.09803743660449982 
vn -0.23500846326351166 0.6965714693069458 -0.04641924053430557 
vn -0.1313713937997818 0.709830105304718 -0.1465548723936081 
vn -0.23350603878498077 0.615549623966217 -0.33040758967399597 
vn 0.0027363731060177088 0.6213951706886292 -0.39554527401924133 
vn 0.0038002249784767628 0.7129551768302917 -0.18513770401477814 
vn 0.2409382462501526 0.6113068461418152 -0.33293840289115906 
vn 0.14262540638446808 0.7075440287590027 -0.14708785712718964 
vn 0.4148496389389038 0.5874456167221069 -0.15938138961791992 
vn 0.2458057701587677 0.6927664875984192 -0.047427866607904434 
vn 0.2833898961544037 0.6735722422599792 0.09266006201505661 
vn 0.4794284999370575 0.5543875694274902 0.07346931844949722 
vn 0.2450219988822937 0.6567432880401611 0.22637984156608582 
vn 0.1435842216014862 0.6430560350418091 0.32932960987091064 
vn 0.41478782892227173 0.5224117040634155 0.3124615550041199 
vn 0.6222720146179199 0.3903195858001709 0.05498214438557625 
vn 0.5394887924194336 0.4335553050041199 -0.25214383006095886 
vn 0.31239017844200134 0.4657807946205139 -0.4775519073009491 
vn 0.0010332624660804868 0.4775719940662384 -0.5608202815055847 
vn -0.3069211542606354 0.4692530632019043 -0.4776991903781891 
vn -0.40795278549194336 0.5923944115638733 -0.1588675081729889 
vn -0.5340272188186646 0.44000595808029175 -0.25259649753570557 
vn -0.4706672430038452 0.5612306594848633 0.07802488654851913 
vn -0.40682631731033325 0.5304222106933594 0.30941885709762573 
vn -0.5319516062736511 0.35901349782943726 0.36156877875328064 
vn -0.6170717477798462 0.39849168062210083 0.05497291311621666 
vn -0.6043576002120972 0.2788190543651581 -0.31560584902763367 
vn -0.34732526540756226 0.31088876724243164 -0.5703585147857666 
vn 0.0011431379243731499 0.32184889912605286 -0.6625763773918152 
vn 0.3535461127758026 0.30679768323898315 -0.5687490701675415 
vn 0.6067749261856079 0.2694586515426636 -0.3190784156322479 
vn 0.7020303606987 0.22114498913288116 0.029034221544861794 
vn 0.5383570790290833 0.34948694705963135 0.3614216148853302 
vn 0.24375014007091522 0.50220787525177 0.48059186339378357 
vn 0.0052153607830405235 0.6380577683448792 0.3680361807346344 
vn -0.1343754380941391 0.6452459692955017 0.32893234491348267 
vn 0.0027214251458644867 0.49417364597320557 0.5462422370910645 
vn 0.31254956126213074 0.32169222831726074 0.5843135714530945 
vn 0.6079185009002686 0.17513428628444672 0.377303808927536 
vn 0.7355338931083679 0.039590202271938324 0.004156444221735001 
vn 0.6367725133895874 0.08955590426921844 -0.35929831862449646 
vn 0.36771583557128906 0.12743301689624786 -0.6254127025604248 
vn 0.0013322359882295132 0.14250357449054718 -0.7226938605308533 
vn -0.36949023604393005 0.1318284422159195 -0.6234530806541443 
vn -0.6362940669059753 0.10009372979402542 -0.35736000537872314 
vn -0.698086678981781 0.2327442318201065 0.03316681459546089 
vn -0.7348694205284119 0.05002021789550781 0.007723984308540821 
vn -0.635330855846405 -0.0003766306908801198 0.3727591335773468 
vn -0.6054240465164185 0.18430250883102417 0.376947283744812 
vn -0.6277351975440979 -0.09150588512420654 -0.37439316511154175 
vn -0.36305171251296997 -0.05681507661938667 -0.6384050250053406 
vn -0.0009058068390004337 -0.048238907009363174 -0.7350290417671204 
vn 0.36090102791786194 -0.06362558156251907 -0.6389815807342529 
vn 0.6235215663909912 -0.09869517385959625 -0.37957215309143066 
vn 0.7208822965621948 -0.150307759642601 -0.018196681514382362 
vn 0.6378074288368225 -0.009355681017041206 0.3683873414993286 
vn 0.3520612120628357 0.1444634199142456 0.6306970119476318 
vn 0.0043449741788208485 0.3122611343860626 0.6671354174613953 
vn -0.2304861843585968 0.5060179829597473 0.48313289880752563 
vn -0.3075796067714691 0.3272261619567871 0.5838777422904968 
vn -0.3462129235267639 0.147965207695961 0.6331178545951843 
vn -0.36752960085868835 -0.03711573779582977 0.6372908353805542 
vn 0.0008502047276124358 0.13362650573253632 0.7243885397911072 
vn 0.3673211634159088 -0.04272640123963356 0.63705974817276 
vn 0.6248959302902222 -0.1953319013118744 0.33755841851234436 
vn -0.00016868463717401028 -0.05457834526896477 0.7345860600471497 
vn -0.003346487879753113 -0.2412252128124237 0.6959847211837769 
vn -0.3644440472126007 -0.22524616122245789 0.5991993546485901 
vn -0.6266599893569946 -0.1868659406900406 0.3390768766403198 
vn -0.7234616279602051 -0.13717029988765717 -0.019553134217858315 
vn -0.6624225378036499 -0.3194355070590973 -0.04185838997364044 
vn -0.574678361415863 -0.27486902475357056 -0.3698470890522003 
vn -0.33141985535621643 -0.24350467324256897 -0.6111152172088623 
vn -0.0008310406119562685 -0.2348252683877945 -0.6981775760650635 
vn 0.3281632363796234 -0.2515229284763336 -0.6096232533454895 
vn 0.5697321891784668 -0.2845686674118042 -0.37016353011131287 
vn 0.656524121761322 -0.33124902844429016 -0.04295564442873001 
vn 0.5690903663635254 -0.37362152338027954 0.2813153862953186 
vn 0.32843589782714844 -0.40277040004730225 0.5220166444778442 
vn 0.360392689704895 -0.23146679997444153 0.5992793440818787 
vn -0.002040987368673086 -0.41299688816070557 0.6099384427070618 
vn -0.33058640360832214 -0.39749908447265625 0.5246925354003906 
vn -0.5745705962181091 -0.3639339804649353 0.2828700840473175 
vn -0.5650551319122314 -0.4680532217025757 -0.06506774574518204 
vn -0.4905749559402466 -0.43242934346199036 -0.3390224277973175 
vn -0.2841327488422394 -0.4056988060474396 -0.54522705078125 
vn -0.0014594317181035876 -0.397463858127594 -0.6201741099357605 
vn 0.27430540323257446 -0.41158682107925415 -0.5458464026451111 
vn 0.48224347829818726 -0.4406621754169464 -0.34037238359451294 
vn 0.5571239590644836 -0.4773216247558594 -0.06612283736467361 
vn 0.4800528883934021 -0.5153926610946655 0.2156735062599182 
vn 0.27598288655281067 -0.5407692790031433 0.4171302318572998 
vn -0.0026759000029414892 -0.5487333536148071 0.49140623211860657 
vn -0.28451740741729736 -0.5368025302886963 0.41651904582977295 
vn -0.48985910415649414 -0.5070277452468872 0.21343816816806793 
vn -0.4457927942276001 -0.5810186862945557 -0.07925361394882202 
vn -0.3875570595264435 -0.6109991073608398 0.13811133801937103 
vn -0.22742044925689697 -0.6337833404541016 0.2986534833908081 
vn -0.007013892754912376 -0.6436011791229248 0.3582230806350708 
vn 0.21606485545635223 -0.6364568471908569 0.30138716101646423 
vn 0.3802986741065979 -0.6154224276542664 0.13864944875240326 
vn 0.437007337808609 -0.5875443816184998 -0.08007235080003738 
vn 0.37921786308288574 -0.5567771196365356 -0.29797402024269104 
vn 0.21545806527137756 -0.5342239737510681 -0.45910578966140747 
vn -0.0027666070964187384 -0.5248704552650452 -0.5168161392211914 
vn -0.22596657276153564 -0.5292167067527771 -0.459852397441864 
vn -0.38796138763427734 -0.5520879030227661 -0.2954321801662445 
vn -0.35192540287971497 -0.6410048604011536 -0.08863680064678192 
vn -0.3048502802848816 -0.6189300417900085 -0.25804492831230164 
vn -0.17871391773223877 -0.602983832359314 -0.38349348306655884 
vn -0.0071491277776658535 -0.5992625951766968 -0.4282858371734619 
vn 0.16603529453277588 -0.6065810918807983 -0.3835194706916809 
vn 0.2941628098487854 -0.6230214238166809 -0.26059165596961975 
vn 0.3402268886566162 -0.6476424932479858 -0.08602559566497803 
vn 0.29272541403770447 -0.6705781817436218 0.08504273742437363 
vn 0.16577556729316711 -0.6867396235466003 0.20857295393943787 
vn -0.006529721897095442 -0.691878080368042 0.2527006268501282 
vn -0.17702405154705048 -0.6836039423942566 0.20962704718112946 
vn -0.30445215106010437 -0.6654480695724487 0.08416005969047546 
vn 0.050922002643346786 0.6141688227653503 0.4034837782382965 
vn 0.014561573974788189 0.6812679171562195 0.2797454595565796 
vn 0.2929271161556244 0.6258774399757385 0.2550811469554901 
vn 0.05013461783528328 0.7200781106948853 0.1468655914068222 
vn 0.14478419721126556 0.7212536334991455 0.037764716893434525 
vn 0.0066217584535479546 0.7216158509254456 -0.1477234661579132 
vn 0.22439530491828918 0.6583372354507446 -0.242557555437088 
vn 0.2700009346008301 0.685146152973175 -0.016416242346167564 
vn 0.4411138892173767 0.5479637384414673 -0.21851597726345062 
vn 0.39801496267318726 0.6197929978370667 -0.005985171999782324 
vn 0.6000661253929138 0.4185854494571686 -0.0854499563574791 
vn 0.4926387667655945 0.5425824522972107 0.07420460134744644 
vn 0.5251743793487549 0.4778471291065216 0.196084126830101 
vn 0.6592639088630676 0.3035629391670227 0.12575961649417877 
vn 0.49037644267082214 0.4395088255405426 0.33008790016174316 
vn 0.398331880569458 0.4372905492782593 0.4389805793762207 
vn 0.6009910106658936 0.23765185475349426 0.3534493148326874 
vn 0.7265848517417908 0.11133550107479095 0.04768229275941849 
vn 0.6503726840019226 0.2599276602268219 -0.22813962399959564 
vn 0.44442126154899597 0.42851874232292175 -0.40181639790534973 
vn 0.15602603554725647 0.5747157335281372 -0.4335355758666992 
vn -0.12724226713180542 0.6557895541191101 -0.3103949725627899 
vn -0.15169782936573029 0.7197701334953308 0.03891396149992943 
vn -0.33582231402397156 0.6522661447525024 -0.06608915328979492 
vn -0.21236252784729004 0.6518222093582153 0.26949119567871094 
vn -0.15219658613204956 0.5400869250297546 0.4772188663482666 
vn -0.3349284529685974 0.41741639375686646 0.506144106388092 
vn -0.4101080298423767 0.5658453702926636 0.23286446928977966 
vn -0.46505239605903625 0.5505875945091248 -0.15223339200019836 
vn -0.23159801959991455 0.5543432831764221 -0.42621758580207825 
vn 0.09295634180307388 0.46238744258880615 -0.5658200979232788 
vn 0.4104520082473755 0.2973831295967102 -0.5344973802566528 
vn 0.6463736295700073 0.10740514099597931 -0.3365412950515747 
vn 0.7334522008895874 -0.06205485016107559 -0.028140326961874962 
vn 0.6503978371620178 0.023806950077414513 0.34497952461242676 
vn 0.44159653782844543 0.23683515191078186 0.5399045348167419 
vn 0.2719556987285614 0.4724513590335846 0.49540409445762634 
vn 0.1423456072807312 0.5387973785400391 0.48169562220573425 
vn 0.22158189117908478 0.2966657280921936 0.6367781162261963 
vn 0.4432075321674347 0.02047927863895893 0.587999165058136 
vn 0.6478605270385742 -0.1615094095468521 0.3111053705215454 
vn 0.692925214767456 -0.23080849647521973 -0.09579675644636154 
vn 0.6010096669197083 -0.05418235436081886 -0.4224294126033783 
vn 0.35620424151420593 0.14555180072784424 -0.6281149387359619 
vn 0.019998088479042053 0.3181436359882355 -0.6640633940696716 
vn -0.3174380362033844 0.4156376123428345 -0.5187234282493591 
vn -0.5673666596412659 0.4111599624156952 -0.2272396683692932 
vn -0.5506939888000488 0.4512406587600708 0.18897946178913116 
vn -0.6572522521018982 0.3065941035747528 0.1288975328207016 
vn -0.5673004984855652 0.13172481954097748 0.4510141611099243 
vn -0.4667234718799591 0.2831200361251831 0.4945780634880066 
vn -0.6307674646377563 0.24512995779514313 -0.29092755913734436 
vn -0.38733482360839844 0.2480027675628662 -0.5753797292709351 
vn -0.05749223753809929 0.15231221914291382 -0.7183948755264282 
vn 0.2747851312160492 -0.018388329073786736 -0.6831912994384766 
vn 0.5166217684745789 -0.2136090248823166 -0.47965434193611145 
vn 0.606229305267334 -0.3874167501926422 -0.15808050334453583 
vn 0.6010907888412476 -0.33716779947280884 0.2600056827068329 
vn 0.41151922941207886 -0.16430355608463287 0.5884315967559814 
vn 0.15752968192100525 0.10420455783605576 0.7119840979576111 
vn 0.003948288504034281 0.4081518352031708 0.6131818890571594 
vn -0.1239599958062172 0.24956589937210083 0.6818696856498718 
vn -0.2297743707895279 0.09257328510284424 0.6937069296836853 
vn -0.3189948797225952 -0.07014986127614975 0.6602397561073303 
vn 0.09117236733436584 -0.07198471575975418 0.7273935675621033 
vn 0.3554695248603821 -0.33824729919433594 0.5493866801261902 
vn 0.5151289105415344 -0.49133023619651794 0.18929380178451538 
vn 0.01979554258286953 -0.24035371840000153 0.6960127353668213 
vn -0.058007340878248215 -0.39921969175338745 0.6163231730461121 
vn -0.38995984196662903 -0.23002862930297852 0.5810449719429016 
vn -0.6315245628356934 -0.031091509386897087 0.3778952956199646 
vn -0.7203190326690674 0.14295807480812073 0.05743090808391571 
vn -0.7356306314468384 -0.03515753149986267 -0.014361817389726639 
vn -0.6554852724075317 0.056415755301713943 -0.33128753304481506 
vn -0.4332004487514496 0.05876346305012703 -0.5928571820259094 
vn -0.13058997690677643 -0.027884092181921005 -0.7244061827659607 
vn 0.17208147048950195 -0.18108263611793518 -0.6929592490196228 
vn 0.3919897675514221 -0.3629290759563446 -0.5071704387664795 
vn 0.47457456588745117 -0.5203032493591309 -0.2160065770149231 
vn 0.3945116698741913 -0.6134600043296814 0.10306718945503235 
vn 0.17311954498291016 -0.6171184778213501 0.36302894353866577 
vn 0.2740403413772583 -0.4926581084728241 0.4741154611110687 
vn -0.12869538366794586 -0.5297788977622986 0.4953455924987793 
vn -0.4347693622112274 -0.37408068776130676 0.4622058868408203 
vn -0.6548904776573181 -0.19444257020950317 0.2755091190338135 
vn -0.704494297504425 -0.19960995018482208 -0.0802396610379219 
vn -0.6354581713676453 -0.12261742353439331 -0.3517853021621704 
vn -0.447807252407074 -0.11947408318519592 -0.5725294351577759 
vn -0.1898810863494873 -0.19299185276031494 -0.6850510239601135 
vn 0.06773380935192108 -0.32303982973098755 -0.6585233211517334 
vn 0.2560098171234131 -0.4768730700016022 -0.4996463656425476 
vn 0.32584625482559204 -0.6116306781768799 -0.249655082821846 
vn 0.2559184730052948 -0.6905012130737305 0.017588356509804726 
vn 0.06795982271432877 -0.6934155225753784 0.23906463384628296 
vn -0.18914158642292023 -0.6199613213539124 0.3499552607536316 
vn -0.44890129566192627 -0.48665472865104675 0.3228773772716522 
vn -0.6344057321548462 -0.3347744643688202 0.16748200356960297 
vn -0.6395204663276672 -0.3384701609611511 -0.138008713722229 
vn -0.5849664211273193 -0.4440157115459442 0.05708872899413109 
vn -0.43712881207466125 -0.5645350813865662 0.18114514648914337 
vn -0.23206843435764313 -0.6685777902603149 0.204311802983284 
vn -0.03201304003596306 -0.7271451354026794 0.11327242106199265 
vn 0.11548063904047012 -0.725083589553833 -0.0592750646173954 
vn 0.17152142524719238 -0.6616824269294739 -0.27450376749038696 
vn 0.11974307149648666 -0.5552854537963867 -0.46895119547843933 
vn -0.03055606782436371 -0.43499135971069336 -0.5936703085899353 
vn -0.2343370020389557 -0.33165958523750305 -0.6145596504211426 
vn -0.43697041273117065 -0.2713175415992737 -0.5272940397262573 
vn -0.5858713984489441 -0.2766796946525574 -0.3504255712032318 
vn -0.5743372440338135 -0.4272080361843109 -0.17385315895080566 
vn -0.5329582095146179 -0.37675878405570984 -0.34147241711616516 
vn -0.41689151525497437 -0.37395843863487244 -0.4784891605377197 
vn -0.25887972116470337 -0.42152151465415955 -0.5457988381385803 
vn -0.09947767108678818 -0.5027560591697693 -0.5290898680686951 
vn 0.01597301848232746 -0.5956933498382568 -0.43300095200538635 
vn 0.05963420122861862 -0.6791899800300598 -0.2788194715976715 
vn 0.017406994476914406 -0.7279908657073975 -0.1110038086771965 
vn -0.1007399931550026 -0.7293689250946045 0.02163056656718254 
vn -0.2591809332370758 -0.6835393905639648 0.09052335470914841 
vn -0.4151652455329895 -0.6036144495010376 0.07669760286808014 
vn -0.532152533531189 -0.508769690990448 -0.023707315325737 
vn 0.06537164002656937 0.7069263458251953 0.196410670876503 
vn -0.0007494844612665474 0.7079247236251831 0.20356214046478271 
vn 0.0019376823911443353 0.7366082668304443 0.00014931587793398649 
vn -0.06199466437101364 0.7076144814491272 0.195022851228714 
vn -0.12220880389213562 0.6213194727897644 0.37632790207862854 
vn -0.0001547983702039346 0.6220360398292542 0.39454618096351624 
vn 0.12166902422904968 0.6229433417320251 0.3738097846508026 
vn 0.23104816675186157 0.6219587922096252 0.3199678659439087 
vn 0.11965576559305191 0.7073718309402466 0.16704218089580536 
vn 0.3181009292602539 0.6233943700790405 0.22975315153598785 
vn 0.1663888692855835 0.7072698473930359 0.12115930020809174 
vn 0.37369266152381897 0.6229771971702576 0.12185386568307877 
vn 0.19543828070163727 0.707179069519043 0.06555153429508209 
vn 0.39481037855148315 0.6218677759170532 0.0005939750117249787 
vn 0.20472025871276855 0.7075878381729126 0.002101481193676591 
vn 0.19574671983718872 0.7074195146560669 -0.061936765909194946 
vn 0.1674397736787796 0.7072067856788635 -0.12007426470518112 
vn 0.3755483627319336 0.6219019889831543 -0.12164067476987839 
vn 0.317937970161438 0.6217873692512512 -0.23428839445114136 
vn 0.12121156603097916 0.707641065120697 -0.1647643744945526 
vn 0.23285648226737976 0.6219041347503662 -0.3187606632709503 
vn 0.06449845433235168 0.7078248858451843 -0.19344088435173035 
vn 0.11994343250989914 0.6224861741065979 -0.37512651085853577 
vn -0.001138809835538268 0.707472562789917 -0.2051263004541397 
vn -0.06149902939796448 0.7080015540122986 -0.1937711089849472 
vn -0.12342742830514908 0.6221924424171448 -0.3744833469390869 
vn -0.0006861313013359904 0.6225289106369019 -0.39376741647720337 
vn 0.17372262477874756 0.4719108045101166 -0.5382527709007263 
vn 0.3296113908290863 0.4740307331085205 -0.4574345052242279 
vn 0.45607900619506836 0.47233664989471436 -0.33389368653297424 
vn 0.5374656319618225 0.47359418869018555 -0.17156371474266052 
vn 0.5657972097396851 0.4716624617576599 0.001719430205412209 
vn 0.535848081111908 0.4737616777420044 0.17610134184360504 
vn 0.4555850327014923 0.47343525290489197 0.333011269569397 
vn 0.33126625418663025 0.4716435670852661 0.4587050974369049 
vn 0.17580419778823853 0.472932368516922 0.5366780757904053 
vn 0.0005681371549144387 0.4745502471923828 0.563380241394043 
vn -0.17271293699741364 0.4748685359954834 0.5359717011451721 
vn -0.3301857113838196 0.47227180004119873 0.4588378369808197 
vn -0.23224881291389465 0.6225456595420837 0.3179512023925781 
vn -0.12096474319696426 0.7072166204452515 0.16675639152526855 
vn -0.16751885414123535 0.7075539231300354 0.1179003193974495 
vn -0.19299674034118652 0.7081025242805481 0.06275854259729385 
vn -0.3750850558280945 0.6224781274795532 0.12011509388685226 
vn -0.39263057708740234 0.6232469081878662 -0.000042726038373075426 
vn -0.20213136076927185 0.7083340883255005 -0.0011341572972014546 
vn -0.19545044004917145 0.7074986100196838 -0.06197100877761841 
vn -0.16576631367206573 0.707298994064331 -0.1218409612774849 
vn -0.12196935713291168 0.7069751024246216 -0.16704855859279633 
vn -0.23248973488807678 0.6219646334648132 -0.3189108371734619 
vn -0.31835734844207764 0.6217008829116821 0.23394903540611267 
vn -0.32032111287117004 0.6220207214355469 -0.23039135336875916 
vn -0.3730641007423401 0.6233152747154236 -0.12205228209495544 
vn -0.5649147033691406 0.47271841764450073 0.0019867962691932917 
vn -0.5367668271064758 0.4723670482635498 0.17704801261425018 
vn -0.4570485055446625 0.47338804602622986 0.33106762170791626 
vn -0.5574976205825806 0.2588549554347992 0.40593791007995605 
vn -0.40601450204849243 0.25857722759246826 0.5575709342956543 
vn -0.2153453230857849 0.25963491201400757 0.6548370718955994 
vn 0.0013675146037712693 0.25833022594451904 0.6898254752159119 
vn 0.211737722158432 0.25695693492889404 0.6570660471916199 
vn 0.40451139211654663 0.2596622407436371 0.5581589341163635 
vn 0.5561578273773193 0.25872501730918884 0.40785402059555054 
vn 0.6550236344337463 0.25919434428215027 0.21530726552009583 
vn 0.6892486214637756 0.2598573863506317 -0.002273026155307889 
vn 0.6562138795852661 0.25872763991355896 -0.21222169697284698 
vn 0.5571379661560059 0.26024129986763 -0.40554481744766235 
vn 0.4075617790222168 0.25834423303604126 -0.5565489530563354 
vn 0.21287277340888977 0.2581355571746826 -0.6562366485595703 
vn 0.0003247393178753555 0.4721883535385132 -0.5653614401817322 
vn -0.17464689910411835 0.4741428792476654 -0.5359874963760376 
vn -0.33146530389785767 0.4741021692752838 -0.4560190737247467 
vn -0.45721137523651123 0.47254717350006104 -0.33204275369644165 
vn -0.5357524752616882 0.4746395945549011 -0.1740168035030365 
vn -0.6894247531890869 0.2594001591205597 -0.000252379453741014 
vn -0.6558126211166382 0.2604655921459198 0.21133482456207275 
vn -0.7005190849304199 -0.000051037288358202204 0.2277449071407318 
vn -0.5945283770561218 0.00004929681745124981 0.43489184975624084 
vn -0.4317871630191803 0.00019124840036965907 0.59678715467453 
vn -0.2266230434179306 0.0018226903630420566 0.7008809447288513 
vn 0.0005067320307716727 0.00019560439977794886 0.7366106510162354 
vn 0.2300398051738739 0.000365486805094406 0.6997693181037903 
vn 0.4337178170681 -0.0007937088957987726 0.5953852534294128 
vn 0.5947328805923462 -0.002061172854155302 0.43460753560066223 
vn 0.7006912231445312 0.0016320457216352224 0.22720929980278015 
vn 0.7366094589233398 -0.00021420828124973923 -0.0011054641800001264 
vn 0.7005190849304199 0.000051037288358202204 -0.2277449071407318 
vn 0.5945283770561218 -0.00004929681745124981 -0.43489184975624084 
vn 0.43403562903404236 -0.00010391219257144257 -0.5951539278030396 
vn 0.22808346152305603 -0.0015087187057361007 -0.7004078030586243 
vn -0.0013270591152831912 0.2589006721973419 -0.6896116137504578 
vn -0.2127629518508911 0.2576245069503784 -0.6564732193946838 
vn -0.4044375419616699 0.2598305344581604 -0.5581341981887817 
vn -0.5569450259208679 0.26000285148620605 -0.40596315264701843 
vn -0.6560794115066528 0.25843286514282227 -0.2129959762096405 
vn -0.7366076707839966 0.001329505699686706 -0.0014410135336220264 
vn -0.6892486214637756 -0.2598573863506317 0.002273026155307889 
vn -0.656356155872345 -0.25863510370254517 0.21189433336257935 
vn -0.5592434406280518 -0.2598344385623932 0.4028991162776947 
vn -0.4075617790222168 -0.25834423303604126 0.5565489530563354 
vn -0.21287277340888977 -0.2581355571746826 0.6562366485595703 
vn -0.001316184876486659 -0.25971049070358276 0.6893070936203003 
vn 0.21022929251194 -0.25870054960250854 0.6568662524223328 
vn 0.4066844582557678 -0.25856998562812805 0.5570859909057617 
vn 0.5587524771690369 -0.258648157119751 0.40434160828590393 
vn 0.6558936238288879 -0.25863969326019287 0.21331700682640076 
vn 0.6893981695175171 -0.2594705820083618 0.00039162117172963917 
vn 0.6557888984680176 -0.2604140639305115 -0.21147193014621735 
vn 0.5572270154953003 -0.2587634027004242 -0.40636762976646423 
vn 0.40526798367500305 -0.2586132884025574 -0.5580970644950867 
vn 0.21287861466407776 -0.2602729797363281 -0.6553900837898254 
vn -0.0019288109615445137 -0.0007041670614853501 -0.7366080284118652 
vn -0.2291836440563202 0.00006297011714195833 -0.7000502943992615 
vn -0.4337178170681 0.0007937088957987726 -0.5953852534294128 
vn -0.5975798964500427 -0.0006699397345073521 -0.4306889474391937 
vn -0.6999298334121704 -0.00033598148729652166 -0.2295495867729187 
vn -0.6550236344337463 -0.25919434428215027 -0.21530726552009583 
vn -0.5580343008041382 -0.261222779750824 -0.40367743372917175 
vn -0.40578505396842957 -0.2607426345348358 -0.5567289590835571 
vn -0.21538087725639343 -0.2591542899608612 -0.655015766620636 
vn -0.0003396651882212609 -0.2578909993171692 -0.6899910569190979 
vn 0.17392215132713318 -0.4744434654712677 -0.5359570980072021 
vn 0.3340374827384949 -0.47199714183807373 -0.45632562041282654 
vn 0.4567680060863495 -0.4732034206390381 -0.3317180573940277 
vn 0.536756694316864 -0.4724254906177521 -0.1769227236509323 
vn 0.5647585391998291 -0.4729061722755432 -0.001685173949226737 
vn 0.534942626953125 -0.47526782751083374 0.17479188740253448 
vn 0.45871472358703613 -0.47165682911872864 0.3312341868877411 
vn 0.33052390813827515 -0.47453850507736206 0.4562484920024872 
vn 0.1734556406736374 -0.4745712876319885 0.5359951853752136 
vn 0.000914989213924855 -0.47186416387557983 0.5656313896179199 
vn -0.17273342609405518 -0.4717563986778259 0.5387063026428223 
vn -0.3296113908290863 -0.4740307331085205 0.4574345052242279 
vn -0.4556439518928528 -0.4724012613296509 0.3343958854675293 
vn -0.536176860332489 -0.47418177127838135 0.17395654320716858 
vn -0.5657358765602112 -0.47173672914505005 -0.0014998107217252254 
vn -0.5357272624969482 -0.47485455870628357 -0.17350612580776215 
vn -0.45555558800697327 -0.47336071729660034 -0.333157479763031 
vn -0.3332926630973816 -0.4741465747356415 -0.4546387195587158 
vn -0.17543695867061615 -0.47263357043266296 -0.537061333656311 
vn 0.002395435469225049 -0.4728814661502838 -0.5647768974304199 
vn 0.12982922792434692 -0.6037815809249878 -0.40148186683654785 
vn 0.2472837120294571 -0.603841245174408 -0.34179240465164185 
vn 0.3403521180152893 -0.6048833131790161 -0.24672266840934753 
vn 0.40106749534606934 -0.6036190986633301 -0.131849467754364 
vn 0.4196406602859497 -0.6053900718688965 -0.00011993455700576305 
vn 0.4031218886375427 -0.6029279232025146 0.1287093609571457 
vn 0.34338366985321045 -0.6033602356910706 0.246251180768013 
vn 0.2500630021095276 -0.6030767560005188 0.3411194384098053 
vn 0.1293109804391861 -0.6044169068336487 0.4006924331188202 
vn 0.002348580863326788 -0.6030310392379761 0.4230171740055084 
vn -0.130288764834404 -0.6045545935630798 0.40016743540763855 
vn -0.2472417801618576 -0.6040289998054504 0.34149038791656494 
vn -0.3424091339111328 -0.6034459471702576 0.24739471077919006 
vn -0.4015674293041229 -0.6033703088760376 0.13146445155143738 
vn -0.420736163854599 -0.60462486743927 0.00221737171523273 
vn -0.4019356667995453 -0.6033226251602173 -0.1305551826953888 
vn -0.3422844409942627 -0.6042830944061279 -0.24551703035831451 
vn -0.24943296611309052 -0.6042235493659973 -0.33954745531082153 
vn -0.1316303014755249 -0.6038109064102173 -0.4008508026599884 
vn 0.0008753718575462699 -0.6024054288864136 -0.4239133596420288 
vn 0.0009082414326258004 -0.6444305181503296 -0.35679689049720764 
vn -0.1109396442770958 -0.6457201838493347 -0.3366502523422241 
vn -0.2084919512271881 -0.6440308690071106 -0.2904319763183594 
vn -0.28880807757377625 -0.6446453928947449 -0.2088480144739151 
vn -0.3373892307281494 -0.6453296542167664 -0.11096567660570145 
vn -0.3567502200603485 -0.644456684589386 0.0002476596273481846 
vn -0.3390251100063324 -0.6445356011390686 0.1105937659740448 
vn -0.2891179621219635 -0.6447106599807739 0.20821669697761536 
vn -0.2086055427789688 -0.6448564529418945 0.28851190209388733 
vn -0.11224702000617981 -0.6447146534919739 0.3381405770778656 
vn -0.00019295736274216324 -0.6456323862075806 0.35461848974227905 
vn 0.11168701946735382 -0.6451629400253296 0.3374704420566559 
vn 0.21103663742542267 -0.6436585783958435 0.28941792249679565 
vn 0.2881934940814972 -0.6451734900474548 0.20806531608104706 
vn 0.3399544060230255 -0.6440823674201965 0.11038301885128021 
vn 0.3534432053565979 -0.6462763547897339 -0.0005272799753583968 
vn 0.33611518144607544 -0.6462430357933044 -0.1095079705119133 
vn 0.29013293981552124 -0.643521785736084 -0.2104710340499878 
vn 0.2088281214237213 -0.6437509655952454 -0.2908110022544861 
vn 0.11143820732831955 -0.6435811519622803 -0.3405589163303375 
vn 0.0019376823911443353 0.7366082668304443 0.00014931587793398649 
vn 0.0019376823911443353 0.7366082668304443 0.00014931587793398649 
vn 0.0019376823911443353 0.7366082668304443 0.00014931587793398649 
vn 0.0019376823911443353 0.7366082668304443 0.00014931587793398649 
vn 0.0019376823911443353 0.7366082668304443 0.00014931587793398649 
vn 0.0019376823911443353 0.7366082668304443 0.00014931587793398649 
vn 0.0019376823911443353 0.7366082668304443 0.00014931587793398649 
vn 0.0019376823911443353 0.7366082668304443 0.00014931587793398649 
vn 0.0019376823911443353 0.7366082668304443 0.00014931587793398649 
vn 0.0019376823911443353 0.7366082668304443 0.00014931587793398649 
vn 0.0019376823911443353 0.7366082668304443 0.00014931587793398649 
vn 0.0019376823911443353 0.7366082668304443 0.00014931587793398649 
vn 0.0019376823911443353 0.7366082668304443 0.00014931587793398649 
vn 0.0019376823911443353 0.7366082668304443 0.00014931587793398649 
vn 0.0019376823911443353 0.7366082668304443 0.00014931587793398649 
vn 0.0019376823911443353 0.7366082668304443 0.00014931587793398649 
vn 0.0019376823911443353 0.7366082668304443 0.00014931587793398649 
vn 0.0019376823911443353 0.7366082668304443 0.00014931587793398649 
vn 0.0019376823911443353 0.7366082668304443 0.00014931587793398649 
vn 0.0019376823911443353 0.7366082668304443 0.00014931587793398649 
vn 0.0019376823911443353 0.7366082668304443 0.00014931587793398649 
vn 0.0019376823911443353 0.7366082668304443 0.00014931587793398649 
vn 0.0019376823911443353 0.7366082668304443 0.00014931587793398649 
vn 0.0019376823911443353 0.7366082668304443 0.00014931587793398649 
vn 0.0019376823911443353 0.7366082668304443 0.00014931587793398649 
vn 0.0019376823911443353 0.7366082668304443 0.00014931587793398649 
vn 0.0019376823911443353 0.7366082668304443 0.00014931587793398649 
vn 0.0019376823911443353 0.7366082668304443 0.00014931587793398649 
vn 0.0019376823911443353 0.7366082668304443 0.00014931587793398649 
vn 0.0019376823911443353 0.7366082668304443 0.00014931587793398649 
vn 0.0019376823911443353 0.7366082668304443 0.00014931587793398649 
vn 0.0019376823911443353 0.7366082668304443 0.00014931587793398649 
vn 0.0019376823911443353 0.7366082668304443 0.00014931587793398649 
vn 0.0019376823911443353 0.7366082668304443 0.00014931587793398649 
vn 0.0019376823911443353 0.7366082668304443 0.00014931587793398649 
vn 0.0019376823911443353 0.7366082668304443 0.00014931587793398649 
vn 0.0019376823911443353 0.7366082668304443 0.00014931587793398649 
vn 0.0019376823911443353 0.7366082668304443 0.00014931587793398649 
vn 0.0019376823911443353 0.7366082668304443 0.00014931587793398649 
vn 0.0019376823911443353 0.7366082668304443 0.00014931587793398649 
vn 0.0019376823911443353 0.7366082668304443 0.00014931587793398649 
vn 0.0019376823911443353 0.7366082668304443 0.00014931587793398649 
vn 0.0019376823911443353 0.7366082668304443 0.00014931587793398649 
vn 0.0019376823911443353 0.7366082668304443 0.00014931587793398649 
vn 0.0019376823911443353 0.7366082668304443 0.00014931587793398649 
vn 0.0019376823911443353 0.7366082668304443 0.00014931587793398649 
vn 0.0019376823911443353 0.7366082668304443 0.00014931587793398649 
vn 0.0019376823911443353 0.7366082668304443 0.00014931587793398649 
vn 0.0019376823911443353 0.7366082668304443 0.00014931587793398649 
vn 0.0019376823911443353 0.7366082668304443 0.00014931587793398649 
vn 0.0019376823911443353 0.7366082668304443 0.00014931587793398649 
vn 0.0019376823911443353 0.7366082668304443 0.00014931587793398649 
vn 0.0019376823911443353 0.7366082668304443 0.00014931587793398649 
vn 0.0019376823911443353 0.7366082668304443 0.00014931587793398649 
vn 0.0019376823911443353 0.7366082668304443 0.00014931587793398649 
vn 0.0019376823911443353 0.7366082668304443 0.00014931587793398649 
vn 0.0019376823911443353 0.7366082668304443 0.00014931587793398649 
vn 0.0019376823911443353 0.7366082668304443 0.00014931587793398649 
vn 0.0019376823911443353 0.7366082668304443 0.00014931587793398649 
vn 0.0019376823911443353 0.7366082668304443 0.00014931587793398649 
vn 0.0019376823911443353 0.7366082668304443 0.00014931587793398649 
vn 0.0019376823911443353 0.7366082668304443 0.00014931587793398649 
vn 0.0019376823911443353 0.7366082668304443 0.00014931587793398649 
vn 0.0019376823911443353 0.7366082668304443 0.00014931587793398649 
vn 0.0019376823911443353 0.7366082668304443 0.00014931587793398649 
vn 0.0019376823911443353 0.7366082668304443 0.00014931587793398649 
vn 0.0019376823911443353 0.7366082668304443 0.00014931587793398649 
vn 0.0019376823911443353 0.7366082668304443 0.00014931587793398649 
vn 0.0019376823911443353 0.7366082668304443 0.00014931587793398649 
vn 0.0019376823911443353 0.7366082668304443 0.00014931587793398649 
vn 0.0019376823911443353 0.7366082668304443 0.00014931587793398649 
vn 0.0019376823911443353 0.7366082668304443 0.00014931587793398649 
vn 0.0019376823911443353 0.7366082668304443 0.00014931587793398649 
vn 0.0019376823911443353 0.7366082668304443 0.00014931587793398649 
vn 0.0019376823911443353 0.7366082668304443 0.00014931587793398649 
vn 0.0019376823911443353 0.7366082668304443 0.00014931587793398649 
vn 0.0019376823911443353 0.7366082668304443 0.00014931587793398649 
vn 0.0019376823911443353 0.7366082668304443 0.00014931587793398649 
vn 0.0019376823911443353 0.7366082668304443 0.00014931587793398649 
vn 0.0019376823911443353 0.7366082668304443 0.00014931587793398649 
vn 0.0019376823911443353 0.7366082668304443 0.00014931587793398649 
vn 0.0019376823911443353 0.7366082668304443 0.00014931587793398649 
vn 0.0019376823911443353 0.7366082668304443 0.00014931587793398649 
vn 0.0019376823911443353 0.7366082668304443 0.00014931587793398649 
vn 0.0019376823911443353 0.7366082668304443 0.00014931587793398649 
vn 0.0019376823911443353 0.7366082668304443 0.00014931587793398649 
vn 0.0019376823911443353 0.7366082668304443 0.00014931587793398649 
vn 0.0019376823911443353 0.7366082668304443 0.00014931587793398649 
vn 0.0019376823911443353 0.7366082668304443 0.00014931587793398649 
vn 0.0019376823911443353 0.7366082668304443 0.00014931587793398649 
vn 0.0019376823911443353 0.7366082668304443 0.00014931587793398649 
vn 0.0019376823911443353 0.7366082668304443 0.00014931587793398649 
vn 0.0019376823911443353 0.7366082668304443 0.00014931587793398649 
vn 0.0019376823911443353 0.7366082668304443 0.00014931587793398649 
vn 0.0019376823911443353 0.7366082668304443 0.00014931587793398649 
vn 0.0019376823911443353 0.7366082668304443 0.00014931587793398649 
vn 0.0019376823911443353 0.7366082668304443 0.00014931587793398649 
vn 0.0019376823911443353 0.7366082668304443 0.00014931587793398649 
vn 0.0019376823911443353 0.7366082668304443 0.00014931587793398649 
vn 0.0019376823911443353 0.7366082668304443 0.00014931587793398649 
vn 0.0019376823911443353 0.7366082668304443 0.00014931587793398649 
vn 0.0019376823911443353 0.7366082668304443 0.00014931587793398649 
vn 0.0019376823911443353 0.7366082668304443 0.00014931587793398649 
vn 0.0019376823911443353 0.7366082668304443 0.00014931587793398649 
vn 0.0019376823911443353 0.7366082668304443 0.00014931587793398649 
vn 0.0019376823911443353 0.7366082668304443 0.00014931587793398649 
vn 0.0019376823911443353 0.7366082668304443 0.00014931587793398649 
vn 0.0019376823911443353 0.7366082668304443 0.00014931587793398649 
vn 0.0019376823911443353 0.7366082668304443 0.00014931587793398649 
vn 0.0019376823911443353 0.7366082668304443 0.00014931587793398649 
vn 0.0019376823911443353 0.7366082668304443 0.00014931587793398649 
vn 0.0019376823911443353 0.7366082668304443 0.00014931587793398649 
vn 0.0019376823911443353 0.7366082668304443 0.00014931587793398649 
vn 0.0019376823911443353 0.7366082668304443 0.00014931587793398649 
vn -0.7049877047538757 -0.17462517321109772 0.12285372614860535 
vn -0.7049877047538757 -0.17462517321109772 0.12285372614860535 
vn -0.7049877047538757 -0.17462517321109772 0.12285372614860535 
vn -0.7049877047538757 -0.17462517321109772 0.12285372614860535 
vn -0.5427009463310242 -0.2247469574213028 0.44447651505470276 
vn -0.5427009463310242 -0.2247469574213028 0.44447651505470276 
vn -0.5427009463310242 -0.2247469574213028 0.44447651505470276 
vn -0.5427009463310242 -0.2247469574213028 0.44447651505470276 
vn -0.26397690176963806 -0.16212652623653412 0.6683012247085571 
vn -0.26397690176963806 -0.16212652623653412 0.6683012247085571 
vn -0.26397690176963806 -0.16212652623653412 0.6683012247085571 
vn -0.26397690176963806 -0.16212652623653412 0.6683012247085571 
vn 0.05573563650250435 -0.010140297934412956 0.7344291806221008 
vn 0.05573563650250435 -0.010140297934412956 0.7344291806221008 
vn 0.05573563650250435 -0.010140297934412956 0.7344291806221008 
vn 0.05573563650250435 -0.010140297934412956 0.7344291806221008 
vn 0.33684444427490234 0.19618672132492065 0.6250136494636536 
vn 0.33684444427490234 0.19618672132492065 0.6250136494636536 
vn 0.33684444427490234 0.19618672132492065 0.6250136494636536 
vn 0.33684444427490234 0.19618672132492065 0.6250136494636536 
vn 0.49446234107017517 0.39990562200546265 0.3717225193977356 
vn 0.49446234107017517 0.39990562200546265 0.3717225193977356 
vn 0.49446234107017517 0.39990562200546265 0.3717225193977356 
vn 0.49446234107017517 0.39990562200546265 0.3717225193977356 
vn -0.7163636088371277 -0.07391560077667236 0.1547720730304718 
vn -0.7163636088371277 -0.07391560077667236 0.1547720730304718 
vn -0.7163636088371277 -0.07391560077667236 0.1547720730304718 
vn -0.7163636088371277 -0.07391560077667236 0.1547720730304718 
vn -0.5629481673240662 -0.12093919515609741 0.4594104588031769 
vn -0.5629481673240662 -0.12093919515609741 0.4594104588031769 
vn -0.5629481673240662 -0.12093919515609741 0.4594104588031769 
vn -0.5629481673240662 -0.12093919515609741 0.4594104588031769 
vn -0.30268552899360657 -0.06452523171901703 0.6684408783912659 
vn -0.30268552899360657 -0.06452523171901703 0.6684408783912659 
vn -0.30268552899360657 -0.06452523171901703 0.6684408783912659 
vn -0.30268552899360657 -0.06452523171901703 0.6684408783912659 
vn 0.0023058680817484856 0.08298418670892715 0.7319179177284241 
vn 0.0023058680817484856 0.08298418670892715 0.7319179177284241 
vn 0.0023058680817484856 0.08298418670892715 0.7319179177284241 
vn 0.0023058680817484856 0.08298418670892715 0.7319179177284241 
vn 0.2653699517250061 0.2758496105670929 0.6293498873710632 
vn 0.2653699517250061 0.2758496105670929 0.6293498873710632 
vn 0.2653699517250061 0.2758496105670929 0.6293498873710632 
vn 0.2653699517250061 0.2758496105670929 0.6293498873710632 
vn 0.4174441993236542 0.4661419689655304 0.38864797353744507 
vn 0.4174441993236542 0.4661419689655304 0.38864797353744507 
vn 0.4174441993236542 0.4661419689655304 0.38864797353744507 
vn 0.4174441993236542 0.4661419689655304 0.38864797353744507 
vn -0.7054450511932373 -0.029092654585838318 -0.20998993515968323 
vn -0.7054450511932373 -0.029092654585838318 -0.20998993515968323 
vn -0.7054450511932373 -0.029092654585838318 -0.20998993515968323 
vn -0.7054450511932373 -0.029092654585838318 -0.20998993515968323 
vn -0.5439513325691223 0.17315030097961426 -0.4655440151691437 
vn -0.5439513325691223 0.17315030097961426 -0.4655440151691437 
vn -0.5439513325691223 0.17315030097961426 -0.4655440151691437 
vn -0.5439513325691223 0.17315030097961426 -0.4655440151691437 
vn -0.26568132638931274 0.38026735186576843 -0.5721938014030457 
vn -0.26568132638931274 0.38026735186576843 -0.5721938014030457 
vn -0.26568132638931274 0.38026735186576843 -0.5721938014030457 
vn -0.26568132638931274 0.38026735186576843 -0.5721938014030457 
vn 0.054030947387218475 0.5323362946510315 -0.506255030632019 
vn 0.054030947387218475 0.5323362946510315 -0.506255030632019 
vn 0.054030947387218475 0.5323362946510315 -0.506255030632019 
vn 0.054030947387218475 0.5323362946510315 -0.506255030632019 
vn 0.3355993926525116 0.5923927426338196 -0.2811388671398163 
vn 0.3355993926525116 0.5923927426338196 -0.2811388671398163 
vn 0.3355993926525116 0.5923927426338196 -0.2811388671398163 
vn 0.3355993926525116 0.5923927426338196 -0.2811388671398163 
vn 0.4940066337585449 0.5449305176734924 0.04003981873393059 
vn 0.4940066337585449 0.5449305176734924 0.04003981873393059 
vn 0.4940066337585449 0.5449305176734924 0.04003981873393059 
vn 0.4940066337585449 0.5449305176734924 0.04003981873393059 
vn -0.7167929410934448 0.06271082162857056 -0.15770266950130463 
vn -0.7167929410934448 0.06271082162857056 -0.15770266950130463 
vn -0.7167929410934448 0.06271082162857056 -0.15770266950130463 
vn -0.7167929410934448 0.06271082162857056 -0.15770266950130463 
vn -0.5641282200813293 0.2545798122882843 -0.3994292914867401 
vn -0.5641282200813293 0.2545798122882843 -0.3994292914867401 
vn -0.5641282200813293 0.2545798122882843 -0.3994292914867401 
vn -0.5641282200813293 0.2545798122882843 -0.3994292914867401 
vn -0.304291695356369 0.44660308957099915 -0.500547468662262 
vn -0.304291695356369 0.44660308957099915 -0.500547468662262 
vn -0.304291695356369 0.44660308957099915 -0.500547468662262 
vn -0.304291695356369 0.44660308957099915 -0.500547468662262 
vn 0.0007010754197835922 0.5936712622642517 -0.4360612630844116 
vn 0.0007010754197835922 0.5936712622642517 -0.4360612630844116 
vn 0.0007010754197835922 0.5936712622642517 -0.4360612630844116 
vn 0.0007010754197835922 0.5936712622642517 -0.4360612630844116 
vn 0.2641955018043518 0.6495959162712097 -0.22543558478355408 
vn 0.2641955018043518 0.6495959162712097 -0.22543558478355408 
vn 0.2641955018043518 0.6495959162712097 -0.22543558478355408 
vn 0.2641955018043518 0.6495959162712097 -0.22543558478355408 
vn 0.41701650619506836 0.6022534370422363 0.07735095918178558 
vn 0.41701650619506836 0.6022534370422363 0.07735095918178558 
vn 0.41701650619506836 0.6022534370422363 0.07735095918178558 
vn 0.41701650619506836 0.6022534370422363 0.07735095918178558 
vn -0.7051178216934204 0.11364922672510147 0.18024304509162903 
vn -0.7051178216934204 0.11364922672510147 0.18024304509162903 
vn -0.7051178216934204 0.11364922672510147 0.18024304509162903 
vn -0.7051178216934204 0.11364922672510147 0.18024304509162903 
vn -0.5257061719894409 0.1441987305879593 0.49541378021240234 
vn -0.5257061719894409 0.1441987305879593 0.49541378021240234 
vn -0.5257061719894409 0.1441987305879593 0.49541378021240234 
vn -0.5257061719894409 0.1441987305879593 0.49541378021240234 
vn -0.21492573618888855 0.19502294063568115 0.6770291328430176 
vn -0.21492573618888855 0.19502294063568115 0.6770291328430176 
vn -0.21492573618888855 0.19502294063568115 0.6770291328430176 
vn -0.21492573618888855 0.19502294063568115 0.6770291328430176 
vn 0.1435694843530655 0.25458836555480957 0.6761420965194702 
vn 0.1435694843530655 0.25458836555480957 0.6761420965194702 
vn 0.1435694843530655 0.25458836555480957 0.6761420965194702 
vn 0.1435694843530655 0.25458836555480957 0.6761420965194702 
vn 0.4515095055103302 0.30332639813423157 0.4967167377471924 
vn 0.4515095055103302 0.30332639813423157 0.4967167377471924 
vn 0.4515095055103302 0.30332639813423157 0.4967167377471924 
vn 0.4515095055103302 0.30332639813423157 0.4967167377471924 
vn 0.63074791431427 0.33428794145584106 0.18166875839233398 
vn 0.63074791431427 0.33428794145584106 0.18166875839233398 
vn 0.63074791431427 0.33428794145584106 0.18166875839233398 
vn 0.63074791431427 0.33428794145584106 0.18166875839233398 
vn -0.6835439205169678 0.2168586403131485 0.16832979023456573 
vn -0.6835439205169678 0.2168586403131485 0.16832979023456573 
vn -0.6835439205169678 0.2168586403131485 0.16832979023456573 
vn -0.6835439205169678 0.2168586403131485 0.16832979023456573 
vn -0.5125033855438232 0.2448476254940033 0.4690256416797638 
vn -0.5125033855438232 0.2448476254940033 0.4690256416797638 
vn -0.5125033855438232 0.2448476254940033 0.4690256416797638 
vn -0.5125033855438232 0.2448476254940033 0.4690256416797638 
vn -0.22456695139408112 0.2931181788444519 0.637374997138977 
vn -0.22456695139408112 0.2931181788444519 0.637374997138977 
vn -0.22456695139408112 0.2931181788444519 0.637374997138977 
vn -0.22456695139408112 0.2931181788444519 0.637374997138977 
vn 0.11637253314256668 0.3491945266723633 0.6380565762519836 
vn 0.11637253314256668 0.3491945266723633 0.6380565762519836 
vn 0.11637253314256668 0.3491945266723633 0.6380565762519836 
vn 0.11637253314256668 0.3491945266723633 0.6380565762519836 
vn 0.40798330307006836 0.39794111251831055 0.46667739748954773 
vn 0.40798330307006836 0.39794111251831055 0.46667739748954773 
vn 0.40798330307006836 0.39794111251831055 0.46667739748954773 
vn 0.40798330307006836 0.39794111251831055 0.46667739748954773 
vn 0.5763468146324158 0.42490124702453613 0.17285308241844177 
vn 0.5763468146324158 0.42490124702453613 0.17285308241844177 
vn 0.5763468146324158 0.42490124702453613 0.17285308241844177 
vn 0.5763468146324158 0.42490124702453613 0.17285308241844177 
vn -0.7046619057655334 0.11294477432966232 -0.18245567381381989 
vn -0.7046619057655334 0.11294477432966232 -0.18245567381381989 
vn -0.7046619057655334 0.11294477432966232 -0.18245567381381989 
vn -0.7046619057655334 0.11294477432966232 -0.18245567381381989 
vn -0.5240812301635742 0.14315246045589447 -0.49743497371673584 
vn -0.5240812301635742 0.14315246045589447 -0.49743497371673584 
vn -0.5240812301635742 0.14315246045589447 -0.49743497371673584 
vn -0.5240812301635742 0.14315246045589447 -0.49743497371673584 
vn -0.21767805516719818 0.19436316192150116 -0.6763392686843872 
vn -0.21767805516719818 0.19436316192150116 -0.6763392686843872 
vn -0.21767805516719818 0.19436316192150116 -0.6763392686843872 
vn -0.21767805516719818 0.19436316192150116 -0.6763392686843872 
vn 0.1442081779241562 0.25348302721977234 -0.6764212846755981 
vn 0.1442081779241562 0.25348302721977234 -0.6764212846755981 
vn 0.1442081779241562 0.25348302721977234 -0.6764212846755981 
vn 0.1442081779241562 0.25348302721977234 -0.6764212846755981 
vn 0.45134150981903076 0.3058622479438782 -0.4953121840953827 
vn 0.45134150981903076 0.3058622479438782 -0.4953121840953827 
vn 0.45134150981903076 0.3058622479438782 -0.4953121840953827 
vn 0.45134150981903076 0.3058622479438782 -0.4953121840953827 
vn 0.6313116550445557 0.33485856652259827 -0.1786338835954666 
vn 0.6313116550445557 0.33485856652259827 -0.1786338835954666 
vn 0.6313116550445557 0.33485856652259827 -0.1786338835954666 
vn 0.6313116550445557 0.33485856652259827 -0.1786338835954666 
vn -0.6819360256195068 0.2184753566980362 -0.17270435392856598 
vn -0.6819360256195068 0.2184753566980362 -0.17270435392856598 
vn -0.6819360256195068 0.2184753566980362 -0.17270435392856598 
vn -0.6819360256195068 0.2184753566980362 -0.17270435392856598 
vn -0.5153242945671082 0.24470877647399902 -0.4659976363182068 
vn -0.5153242945671082 0.24470877647399902 -0.4659976363182068 
vn -0.5153242945671082 0.24470877647399902 -0.4659976363182068 
vn -0.5153242945671082 0.24470877647399902 -0.4659976363182068 
vn -0.22063498198986053 0.2946314513683319 -0.6380501985549927 
vn -0.22063498198986053 0.2946314513683319 -0.6380501985549927 
vn -0.22063498198986053 0.2946314513683319 -0.6380501985549927 
vn -0.22063498198986053 0.2946314513683319 -0.6380501985549927 
vn 0.11772914975881577 0.34896576404571533 -0.6379327178001404 
vn 0.11772914975881577 0.34896576404571533 -0.6379327178001404 
vn 0.11772914975881577 0.34896576404571533 -0.6379327178001404 
vn 0.11772914975881577 0.34896576404571533 -0.6379327178001404 
vn 0.4089464843273163 0.39652958512306213 -0.4670354425907135 
vn 0.4089464843273163 0.39652958512306213 -0.4670354425907135 
vn 0.4089464843273163 0.39652958512306213 -0.4670354425907135 
vn 0.4089464843273163 0.39652958512306213 -0.4670354425907135 
vn 0.576057493686676 0.4258643090724945 -0.17144151031970978 
vn 0.576057493686676 0.4258643090724945 -0.17144151031970978 
vn 0.576057493686676 0.4258643090724945 -0.17144151031970978 
vn 0.576057493686676 0.4258643090724945 -0.17144151031970978 
vn -0.5743119716644287 0.45827507972717285 0.05239245295524597 
vn -0.5743119716644287 0.45827507972717285 0.05239245295524597 
vn -0.5743119716644287 0.45827507972717285 0.05239245295524597 
vn -0.5743119716644287 0.45827507972717285 0.05239245295524597 
vn -0.40021398663520813 0.4942448139190674 0.37168020009994507 
vn -0.40021398663520813 0.4942448139190674 0.37168020009994507 
vn -0.40021398663520813 0.4942448139190674 0.37168020009994507 
vn -0.40021398663520813 0.4942448139190674 0.37168020009994507 
vn -0.10470101237297058 0.45170074701309204 0.5723632574081421 
vn -0.10470101237297058 0.45170074701309204 0.5723632574081421 
vn -0.10470101237297058 0.45170074701309204 0.5723632574081421 
vn -0.10470101237297058 0.45170074701309204 0.5723632574081421 
vn 0.2440265268087387 0.34614577889442444 0.6026853919029236 
vn 0.2440265268087387 0.34614577889442444 0.6026853919029236 
vn 0.2440265268087387 0.34614577889442444 0.6026853919029236 
vn 0.2440265268087387 0.34614577889442444 0.6026853919029236 
vn 0.541549026966095 0.20405139029026031 0.4557223320007324 
vn 0.541549026966095 0.20405139029026031 0.4557223320007324 
vn 0.541549026966095 0.20405139029026031 0.4557223320007324 
vn 0.541549026966095 0.20405139029026031 0.4557223320007324 
vn 0.7140916585922241 0.060512859374284744 0.17031168937683105 
vn 0.7140916585922241 0.060512859374284744 0.17031168937683105 
vn 0.7140916585922241 0.060512859374284744 0.17031168937683105 
vn 0.7140916585922241 0.060512859374284744 0.17031168937683105 
vn -0.5069577693939209 0.5341007709503174 0.01804344356060028 
vn -0.5069577693939209 0.5341007709503174 0.01804344356060028 
vn -0.5069577693939209 0.5341007709503174 0.01804344356060028 
vn -0.5069577693939209 0.5341007709503174 0.01804344356060028 
vn -0.34694233536720276 0.566689670085907 0.3179454207420349 
vn -0.34694233536720276 0.566689670085907 0.3179454207420349 
vn -0.34694233536720276 0.566689670085907 0.3179454207420349 
vn -0.34694233536720276 0.566689670085907 0.3179454207420349 
vn -0.06263653188943863 0.5291259288787842 0.5086236000061035 
vn -0.06263653188943863 0.5291259288787842 0.5086236000061035 
vn -0.06263653188943863 0.5291259288787842 0.5086236000061035 
vn -0.06263653188943863 0.5291259288787842 0.5086236000061035 
vn 0.26249516010284424 0.4288076162338257 0.5383453965187073 
vn 0.26249516010284424 0.4288076162338257 0.5383453965187073 
vn 0.26249516010284424 0.4288076162338257 0.5383453965187073 
vn 0.26249516010284424 0.4288076162338257 0.5383453965187073 
vn 0.5445240139961243 0.2931489944458008 0.40019041299819946 
vn 0.5445240139961243 0.2931489944458008 0.40019041299819946 
vn 0.5445240139961243 0.2931489944458008 0.40019041299819946 
vn 0.5445240139961243 0.2931489944458008 0.40019041299819946 
vn 0.7071268558502197 0.1603982299566269 0.12976451218128204 
vn 0.7071268558502197 0.1603982299566269 0.12976451218128204 
vn 0.7071268558502197 0.1603982299566269 0.12976451218128204 
vn 0.7071268558502197 0.1603982299566269 0.12976451218128204 
vn -0.5736426711082458 0.35584646463394165 -0.2947925329208374 
vn -0.5736426711082458 0.35584646463394165 -0.2947925329208374 
vn -0.5736426711082458 0.35584646463394165 -0.2947925329208374 
vn -0.5736426711082458 0.35584646463394165 -0.2947925329208374 
vn -0.40138116478919983 0.21211037039756775 -0.5800843238830566 
vn -0.40138116478919983 0.21211037039756775 -0.5800843238830566 
vn -0.40138116478919983 0.21211037039756775 -0.5800843238830566 
vn -0.40138116478919983 0.21211037039756775 -0.5800843238830566 
vn -0.10370902717113495 0.070421002805233 -0.7258656024932861 
vn -0.10370902717113495 0.070421002805233 -0.7258656024932861 
vn -0.10370902717113495 0.070421002805233 -0.7258656024932861 
vn -0.10370902717113495 0.070421002805233 -0.7258656024932861 
vn 0.24243079125881195 -0.037776652723550797 -0.6945470571517944 
vn 0.24243079125881195 -0.037776652723550797 -0.6945470571517944 
vn 0.24243079125881195 -0.037776652723550797 -0.6945470571517944 
vn 0.24243079125881195 -0.037776652723550797 -0.6945470571517944 
vn 0.5397111773490906 -0.07798416912555695 -0.49520227313041687 
vn 0.5397111773490906 -0.07798416912555695 -0.49520227313041687 
vn 0.5397111773490906 -0.07798416912555695 -0.49520227313041687 
vn 0.5397111773490906 -0.07798416912555695 -0.49520227313041687 
vn 0.7136772871017456 -0.04420412331819534 -0.17693351209163666 
vn 0.7136772871017456 -0.04420412331819534 -0.17693351209163666 
vn 0.7136772871017456 -0.04420412331819534 -0.17693351209163666 
vn 0.7136772871017456 -0.04420412331819534 -0.17693351209163666 
vn -0.5060738325119019 0.4382384121417999 -0.30729755759239197 
vn -0.5060738325119019 0.4382384121417999 -0.30729755759239197 
vn -0.5060738325119019 0.4382384121417999 -0.30729755759239197 
vn -0.5060738325119019 0.4382384121417999 -0.30729755759239197 
vn -0.34541216492652893 0.30307435989379883 -0.5757011771202087 
vn -0.34541216492652893 0.30307435989379883 -0.5757011771202087 
vn -0.34541216492652893 0.30307435989379883 -0.5757011771202087 
vn -0.34541216492652893 0.30307435989379883 -0.5757011771202087 
vn -0.06372702866792679 0.16670705378055573 -0.7146629691123962 
vn -0.06372702866792679 0.16670705378055573 -0.7146629691123962 
vn -0.06372702866792679 0.16670705378055573 -0.7146629691123962 
vn -0.06372702866792679 0.16670705378055573 -0.7146629691123962 
vn 0.264751672744751 0.06801237165927887 -0.6840147972106934 
vn 0.264751672744751 0.06801237165927887 -0.6840147972106934 
vn 0.264751672744751 0.06801237165927887 -0.6840147972106934 
vn 0.264751672744751 0.06801237165927887 -0.6840147972106934 
vn 0.5435317754745483 0.02830091305077076 -0.49635395407676697 
vn 0.5435317754745483 0.02830091305077076 -0.49635395407676697 
vn 0.5435317754745483 0.02830091305077076 -0.49635395407676697 
vn 0.5435317754745483 0.02830091305077076 -0.49635395407676697 
vn 0.7075101733207703 0.06062980368733406 -0.19582656025886536 
vn 0.7075101733207703 0.06062980368733406 -0.19582656025886536 
vn 0.7075101733207703 0.06062980368733406 -0.19582656025886536 
vn 0.7075101733207703 0.06062980368733406 -0.19582656025886536 
vn -0.7045952081680298 0.14528879523277283 0.1582137644290924 
vn -0.7045952081680298 0.14528879523277283 0.1582137644290924 
vn -0.7045952081680298 0.14528879523277283 0.1582137644290924 
vn -0.7045952081680298 0.14528879523277283 0.1582137644290924 
vn -0.52587890625 0.23756515979766846 0.4578310549259186 
vn -0.52587890625 0.23756515979766846 0.4578310549259186 
vn -0.52587890625 0.23756515979766846 0.4578310549259186 
vn -0.52587890625 0.23756515979766846 0.4578310549259186 
vn -0.21707509458065033 0.3213236331939697 0.6262786984443665 
vn -0.21707509458065033 0.3213236331939697 0.6262786984443665 
vn -0.21707509458065033 0.3213236331939697 0.6262786984443665 
vn -0.21707509458065033 0.3213236331939697 0.6262786984443665 
vn 0.14076627790927887 0.3779364824295044 0.6163963079452515 
vn 0.14076627790927887 0.3779364824295044 0.6163963079452515 
vn 0.14076627790927887 0.3779364824295044 0.6163963079452515 
vn 0.14076627790927887 0.3779364824295044 0.6163963079452515 
vn 0.45102277398109436 0.3958488702774048 0.4271736443042755 
vn 0.45102277398109436 0.3958488702774048 0.4271736443042755 
vn 0.45102277398109436 0.3958488702774048 0.4271736443042755 
vn 0.45102277398109436 0.3958488702774048 0.4271736443042755 
vn 0.6303914785385132 0.36313244700431824 0.11548265069723129 
vn 0.6303914785385132 0.36313244700431824 0.11548265069723129 
vn 0.6303914785385132 0.36313244700431824 0.11548265069723129 
vn 0.6303914785385132 0.36313244700431824 0.11548265069723129 
vn -0.6824051737785339 0.24785035848617554 0.12445222586393356 
vn -0.6824051737785339 0.24785035848617554 0.12445222586393356 
vn -0.6824051737785339 0.24785035848617554 0.12445222586393356 
vn -0.6824051737785339 0.24785035848617554 0.12445222586393356 
vn -0.512729823589325 0.3312600553035736 0.4122743010520935 
vn -0.512729823589325 0.3312600553035736 0.4122743010520935 
vn -0.512729823589325 0.3312600553035736 0.4122743010520935 
vn -0.512729823589325 0.3312600553035736 0.4122743010520935 
vn -0.21939413249492645 0.411827951669693 0.5699644088745117 
vn -0.21939413249492645 0.411827951669693 0.5699644088745117 
vn -0.21939413249492645 0.411827951669693 0.5699644088745117 
vn -0.21939413249492645 0.411827951669693 0.5699644088745117 
vn 0.11501572281122208 0.46421507000923157 0.5602421760559082 
vn 0.11501572281122208 0.46421507000923157 0.5602421760559082 
vn 0.11501572281122208 0.46421507000923157 0.5602421760559082 
vn 0.11501572281122208 0.46421507000923157 0.5602421760559082 
vn 0.4069730341434479 0.47985953092575073 0.3830183148384094 
vn 0.4069730341434479 0.47985953092575073 0.3830183148384094 
vn 0.4069730341434479 0.47985953092575073 0.3830183148384094 
vn 0.4069730341434479 0.47985953092575073 0.3830183148384094 
vn 0.5774049162864685 0.4490906000137329 0.08669548481702805 
vn 0.5774049162864685 0.4490906000137329 0.08669548481702805 
vn 0.5774049162864685 0.4490906000137329 0.08669548481702805 
vn 0.5774049162864685 0.4490906000137329 0.08669548481702805 
vn -0.7052628397941589 0.07739633321762085 -0.19801275432109833 
vn -0.7052628397941589 0.07739633321762085 -0.19801275432109833 
vn -0.7052628397941589 0.07739633321762085 -0.19801275432109833 
vn -0.7052628397941589 0.07739633321762085 -0.19801275432109833 
vn -0.5271585583686829 0.04547486454248428 -0.5124754905700684 
vn -0.5271585583686829 0.04547486454248428 -0.5124754905700684 
vn -0.5271585583686829 0.04547486454248428 -0.5124754905700684 
vn -0.5271585583686829 0.04547486454248428 -0.5124754905700684 
vn -0.21372799575328827 0.06047161668539047 -0.7023240327835083 
vn -0.21372799575328827 0.06047161668539047 -0.7023240327835083 
vn -0.21372799575328827 0.06047161668539047 -0.7023240327835083 
vn -0.21372799575328827 0.06047161668539047 -0.7023240327835083 
vn 0.1398826241493225 0.11975007504224777 -0.7132238149642944 
vn 0.1398826241493225 0.11975007504224777 -0.7132238149642944 
vn 0.1398826241493225 0.11975007504224777 -0.7132238149642944 
vn 0.1398826241493225 0.11975007504224777 -0.7132238149642944 
vn 0.4498409032821655 0.2037866711616516 -0.5465429425239563 
vn 0.4498409032821655 0.2037866711616516 -0.5465429425239563 
vn 0.4498409032821655 0.2037866711616516 -0.5465429425239563 
vn 0.4498409032821655 0.2037866711616516 -0.5465429425239563 
vn 0.6316304802894592 0.2922147214412689 -0.24134673178195953 
vn 0.6316304802894592 0.2922147214412689 -0.24134673178195953 
vn 0.6316304802894592 0.2922147214412689 -0.24134673178195953 
vn 0.6316304802894592 0.2922147214412689 -0.24134673178195953 
vn -0.682775616645813 0.18064719438552856 -0.20923446118831635 
vn -0.682775616645813 0.18064719438552856 -0.20923446118831635 
vn -0.682775616645813 0.18064719438552856 -0.20923446118831635 
vn -0.682775616645813 0.18064719438552856 -0.20923446118831635 
vn -0.5128104090690613 0.15123164653778076 -0.5067048668861389 
vn -0.5128104090690613 0.15123164653778076 -0.5067048668861389 
vn -0.5128104090690613 0.15123164653778076 -0.5067048668861389 
vn -0.5128104090690613 0.15123164653778076 -0.5067048668861389 
vn -0.22081299126148224 0.16650226712226868 -0.6827255487442017 
vn -0.22081299126148224 0.16650226712226868 -0.6827255487442017 
vn -0.22081299126148224 0.16650226712226868 -0.6827255487442017 
vn -0.22081299126148224 0.16650226712226868 -0.6827255487442017 
vn 0.11555635929107666 0.22121182084083557 -0.6930422186851501 
vn 0.11555635929107666 0.22121182084083557 -0.6930422186851501 
vn 0.11555635929107666 0.22121182084083557 -0.6930422186851501 
vn 0.11555635929107666 0.22121182084083557 -0.6930422186851501 
vn 0.4059075713157654 0.3002556562423706 -0.5363587141036987 
vn 0.4059075713157654 0.3002556562423706 -0.5363587141036987 
vn 0.4059075713157654 0.3002556562423706 -0.5363587141036987 
vn 0.4059075713157654 0.3002556562423706 -0.5363587141036987 
vn 0.5777931809425354 0.3833063840866089 -0.24864855408668518 
vn 0.5777931809425354 0.3833063840866089 -0.24864855408668518 
vn 0.5777931809425354 0.3833063840866089 -0.24864855408668518 
vn 0.5777931809425354 0.3833063840866089 -0.24864855408668518 
vn -0.6750295758247375 0.20768104493618011 0.20928096771240234 
vn -0.6750295758247375 0.20768104493618011 0.20928096771240234 
vn -0.6750295758247375 0.20768104493618011 0.20928096771240234 
vn -0.6750295758247375 0.20768104493618011 0.20928096771240234 
vn -0.49544551968574524 0.16369770467281342 0.5199345350265503 
vn -0.49544551968574524 0.16369770467281342 0.5199345350265503 
vn -0.49544551968574524 0.16369770467281342 0.5199345350265503 
vn -0.49544551968574524 0.16369770467281342 0.5199345350265503 
vn -0.18158894777297974 0.13674776256084442 0.7006574869155884 
vn -0.18158894777297974 0.13674776256084442 0.7006574869155884 
vn -0.18158894777297974 0.13674776256084442 0.7006574869155884 
vn -0.18158894777297974 0.13674776256084442 0.7006574869155884 
vn 0.18150994181632996 0.13412922620773315 0.7011840343475342 
vn 0.18150994181632996 0.13412922620773315 0.7011840343475342 
vn 0.18150994181632996 0.13412922620773315 0.7011840343475342 
vn 0.18150994181632996 0.13412922620773315 0.7011840343475342 
vn 0.49603191018104553 0.1552305817604065 0.5219684839248657 
vn 0.49603191018104553 0.1552305817604065 0.5219684839248657 
vn 0.49603191018104553 0.1552305817604065 0.5219684839248657 
vn 0.49603191018104553 0.1552305817604065 0.5219684839248657 
vn 0.6779720187187195 0.1955118626356125 0.21148033440113068 
vn 0.6779720187187195 0.1955118626356125 0.21148033440113068 
vn 0.6779720187187195 0.1955118626356125 0.21148033440113068 
vn 0.6779720187187195 0.1955118626356125 0.21148033440113068 
vn -0.6350663304328918 0.3046445846557617 0.21558639407157898 
vn -0.6350663304328918 0.3046445846557617 0.21558639407157898 
vn -0.6350663304328918 0.3046445846557617 0.21558639407157898 
vn -0.6350663304328918 0.3046445846557617 0.21558639407157898 
vn -0.4636085331439972 0.2646487057209015 0.5075661540031433 
vn -0.4636085331439972 0.2646487057209015 0.5075661540031433 
vn -0.4636085331439972 0.2646487057209015 0.5075661540031433 
vn -0.4636085331439972 0.2646487057209015 0.5075661540031433 
vn -0.17084407806396484 0.23812907934188843 0.6757975220680237 
vn -0.17084407806396484 0.23812907934188843 0.6757975220680237 
vn -0.17084407806396484 0.23812907934188843 0.6757975220680237 
vn -0.17084407806396484 0.23812907934188843 0.6757975220680237 
vn 0.17195947468280792 0.23406775295734406 0.6769326329231262 
vn 0.17195947468280792 0.23406775295734406 0.6769326329231262 
vn 0.17195947468280792 0.23406775295734406 0.6769326329231262 
vn 0.17195947468280792 0.23406775295734406 0.6769326329231262 
vn 0.4700888395309448 0.2590799033641815 0.5044693946838379 
vn 0.4700888395309448 0.2590799033641815 0.5044693946838379 
vn 0.4700888395309448 0.2590799033641815 0.5044693946838379 
vn 0.4700888395309448 0.2590799033641815 0.5044693946838379 
vn 0.6404283046722412 0.29509925842285156 0.21298564970493317 
vn 0.6404283046722412 0.29509925842285156 0.21298564970493317 
vn 0.6404283046722412 0.29509925842285156 0.21298564970493317 
vn 0.6404283046722412 0.29509925842285156 0.21298564970493317 
vn -0.6749247908592224 0.255378395318985 -0.147829070687294 
vn -0.6749247908592224 0.255378395318985 -0.147829070687294 
vn -0.6749247908592224 0.255378395318985 -0.147829070687294 
vn -0.6749247908592224 0.255378395318985 -0.147829070687294 
vn -0.49248093366622925 0.29644834995269775 -0.4606259763240814 
vn -0.49248093366622925 0.29644834995269775 -0.4606259763240814 
vn -0.49248093366622925 0.29644834995269775 -0.4606259763240814 
vn -0.49248093366622925 0.29644834995269775 -0.4606259763240814 
vn -0.1778484731912613 0.3181453347206116 -0.6401163935661316 
vn -0.1778484731912613 0.3181453347206116 -0.6401163935661316 
vn -0.1778484731912613 0.3181453347206116 -0.6401163935661316 
vn -0.1778484731912613 0.3181453347206116 -0.6401163935661316 
vn 0.1852855086326599 0.31471583247184753 -0.6397019624710083 
vn 0.1852855086326599 0.31471583247184753 -0.6397019624710083 
vn 0.1852855086326599 0.31471583247184753 -0.6397019624710083 
vn 0.1852855086326599 0.31471583247184753 -0.6397019624710083 
vn 0.498431921005249 0.28849324584007263 -0.4592735767364502 
vn 0.498431921005249 0.28849324584007263 -0.4592735767364502 
vn 0.498431921005249 0.28849324584007263 -0.4592735767364502 
vn 0.498431921005249 0.28849324584007263 -0.4592735767364502 
vn 0.6786373257637024 0.2435271441936493 -0.15080004930496216 
vn 0.6786373257637024 0.2435271441936493 -0.15080004930496216 
vn 0.6786373257637024 0.2435271441936493 -0.15080004930496216 
vn 0.6786373257637024 0.2435271441936493 -0.15080004930496216 
vn -0.6360124349594116 0.3502698242664337 -0.12407399713993073 
vn -0.6360124349594116 0.3502698242664337 -0.12407399713993073 
vn -0.6360124349594116 0.3502698242664337 -0.12407399713993073 
vn -0.6360124349594116 0.3502698242664337 -0.12407399713993073 
vn -0.46473485231399536 0.39001795649528503 -0.4177354872226715 
vn -0.46473485231399536 0.39001795649528503 -0.4177354872226715 
vn -0.46473485231399536 0.39001795649528503 -0.4177354872226715 
vn -0.46473485231399536 0.39001795649528503 -0.4177354872226715 
vn -0.16569815576076508 0.40927475690841675 -0.5896047949790955 
vn -0.16569815576076508 0.40927475690841675 -0.5896047949790955 
vn -0.16569815576076508 0.40927475690841675 -0.5896047949790955 
vn -0.16569815576076508 0.40927475690841675 -0.5896047949790955 
vn 0.17371942102909088 0.40658560395240784 -0.5891562700271606 
vn 0.17371942102909088 0.40658560395240784 -0.5891562700271606 
vn 0.17371942102909088 0.40658560395240784 -0.5891562700271606 
vn 0.17371942102909088 0.40658560395240784 -0.5891562700271606 
vn 0.4704035520553589 0.3824094235897064 -0.4184238612651825 
vn 0.4704035520553589 0.3824094235897064 -0.4184238612651825 
vn 0.4704035520553589 0.3824094235897064 -0.4184238612651825 
vn 0.4704035520553589 0.3824094235897064 -0.4184238612651825 
vn 0.6408218145370483 0.34085187315940857 -0.12554749846458435 
vn 0.6408218145370483 0.34085187315940857 -0.12554749846458435 
vn 0.6408218145370483 0.34085187315940857 -0.12554749846458435 
vn 0.6408218145370483 0.34085187315940857 -0.12554749846458435 
vn -0.5299410223960876 0.37248098850250244 0.35073578357696533 
vn -0.5299410223960876 0.37248098850250244 0.35073578357696533 
vn -0.5299410223960876 0.37248098850250244 0.35073578357696533 
vn -0.5299410223960876 0.37248098850250244 0.35073578357696533 
vn -0.363633394241333 0.18626216053962708 0.6129212379455566 
vn -0.363633394241333 0.18626216053962708 0.6129212379455566 
vn -0.363633394241333 0.18626216053962708 0.6129212379455566 
vn -0.363633394241333 0.18626216053962708 0.6129212379455566 
vn -0.07523386180400848 0.0019939355552196503 0.7327560186386108 
vn -0.07523386180400848 0.0019939355552196503 0.7327560186386108 
vn -0.07523386180400848 0.0019939355552196503 0.7327560186386108 
vn -0.07523386180400848 0.0019939355552196503 0.7327560186386108 
vn 0.2553469240665436 -0.1336338222026825 0.6778904795646667 
vn 0.2553469240665436 -0.1336338222026825 0.6778904795646667 
vn 0.2553469240665436 -0.1336338222026825 0.6778904795646667 
vn 0.2553469240665436 -0.1336338222026825 0.6778904795646667 
vn 0.5459708571434021 -0.17785704135894775 0.4613869786262512 
vn 0.5459708571434021 -0.17785704135894775 0.4613869786262512 
vn 0.5459708571434021 -0.17785704135894775 0.4613869786262512 
vn 0.5459708571434021 -0.17785704135894775 0.4613869786262512 
vn 0.7119248509407043 -0.12405839562416077 0.14271456003189087 
vn 0.7119248509407043 -0.12405839562416077 0.14271456003189087 
vn 0.7119248509407043 -0.12405839562416077 0.14271456003189087 
vn 0.7119248509407043 -0.12405839562416077 0.14271456003189087 
vn -0.4554978013038635 0.444957435131073 0.37031057476997375 
vn -0.4554978013038635 0.444957435131073 0.37031057476997375 
vn -0.4554978013038635 0.444957435131073 0.37031057476997375 
vn -0.4554978013038635 0.444957435131073 0.37031057476997375 
vn -0.2996927797794342 0.2709735631942749 0.61591637134552 
vn -0.2996927797794342 0.2709735631942749 0.61591637134552 
vn -0.2996927797794342 0.2709735631942749 0.61591637134552 
vn -0.2996927797794342 0.2709735631942749 0.61591637134552 
vn -0.029963785782456398 0.09493976086378098 0.7298521399497986 
vn -0.029963785782456398 0.09493976086378098 0.7298521399497986 
vn -0.029963785782456398 0.09493976086378098 0.7298521399497986 
vn -0.029963785782456398 0.09493976086378098 0.7298521399497986 
vn 0.2849607467651367 -0.028322648257017136 0.6786683201789856 
vn 0.2849607467651367 -0.028322648257017136 0.6786683201789856 
vn 0.2849607467651367 -0.028322648257017136 0.6786683201789856 
vn 0.2849607467651367 -0.028322648257017136 0.6786683201789856 
vn 0.5569829940795898 -0.07436759024858475 0.4762715697288513 
vn 0.5569829940795898 -0.07436759024858475 0.4762715697288513 
vn 0.5569829940795898 -0.07436759024858475 0.4762715697288513 
vn 0.5569829940795898 -0.07436759024858475 0.4762715697288513 
vn 0.7149719595909119 -0.021453725174069405 0.175925150513649 
vn 0.7149719595909119 -0.021453725174069405 0.175925150513649 
vn 0.7149719595909119 -0.021453725174069405 0.175925150513649 
vn 0.7149719595909119 -0.021453725174069405 0.175925150513649 
vn -0.5309984683990479 0.5103868842124939 0.011880203150212765 
vn -0.5309984683990479 0.5103868842124939 0.011880203150212765 
vn -0.5309984683990479 0.5103868842124939 0.011880203150212765 
vn -0.5309984683990479 0.5103868842124939 0.011880203150212765 
vn -0.3659868836402893 0.5623120665550232 -0.30406296253204346 
vn -0.3659868836402893 0.5623120665550232 -0.30406296253204346 
vn -0.3659868836402893 0.5623120665550232 -0.30406296253204346 
vn -0.3659868836402893 0.5623120665550232 -0.30406296253204346 
vn -0.07791771739721298 0.5179456472396851 -0.5179349780082703 
vn -0.07791771739721298 0.5179456472396851 -0.5179349780082703 
vn -0.07791771739721298 0.5179456472396851 -0.5179349780082703 
vn -0.07791771739721298 0.5179456472396851 -0.5179349780082703 
vn 0.2543334364891052 0.3846699893474579 -0.5744029879570007 
vn 0.2543334364891052 0.3846699893474579 -0.5744029879570007 
vn 0.2543334364891052 0.3846699893474579 -0.5744029879570007 
vn 0.2543334364891052 0.3846699893474579 -0.5744029879570007 
vn 0.5455326437950134 0.2003975659608841 -0.4525813162326813 
vn 0.5455326437950134 0.2003975659608841 -0.4525813162326813 
vn 0.5455326437950134 0.2003975659608841 -0.4525813162326813 
vn 0.5455326437950134 0.2003975659608841 -0.4525813162326813 
vn 0.7109153270721436 0.015356717631220818 -0.19224534928798676 
vn 0.7109153270721436 0.015356717631220818 -0.19224534928798676 
vn 0.7109153270721436 0.015356717631220818 -0.19224534928798676 
vn 0.7109153270721436 0.015356717631220818 -0.19224534928798676 
vn -0.45515918731689453 0.5768882632255554 0.051239121705293655 
vn -0.45515918731689453 0.5768882632255554 0.051239121705293655 
vn -0.45515918731689453 0.5768882632255554 0.051239121705293655 
vn -0.45515918731689453 0.5768882632255554 0.051239121705293655 
vn -0.2988196313381195 0.6266992688179016 -0.24606996774673462 
vn -0.2988196313381195 0.6266992688179016 -0.24606996774673462 
vn -0.2988196313381195 0.6266992688179016 -0.24606996774673462 
vn -0.2988196313381195 0.6266992688179016 -0.24606996774673462 
vn -0.02893851324915886 0.5825998783111572 -0.4498171806335449 
vn -0.02893851324915886 0.5825998783111572 -0.4498171806335449 
vn -0.02893851324915886 0.5825998783111572 -0.4498171806335449 
vn -0.02893851324915886 0.5825998783111572 -0.4498171806335449 
vn 0.28535550832748413 0.45631110668182373 -0.5029390454292297 
vn 0.28535550832748413 0.45631110668182373 -0.5029390454292297 
vn 0.28535550832748413 0.45631110668182373 -0.5029390454292297 
vn 0.28535550832748413 0.45631110668182373 -0.5029390454292297 
vn 0.5597782731056213 0.28229808807373047 -0.38671815395355225 
vn 0.5597782731056213 0.28229808807373047 -0.38671815395355225 
vn 0.5597782731056213 0.28229808807373047 -0.38671815395355225 
vn 0.5597782731056213 0.28229808807373047 -0.38671815395355225 
vn 0.7151482701301575 0.10648228973150253 -0.14078058302402496 
vn 0.7151482701301575 0.10648228973150253 -0.14078058302402496 
vn 0.7151482701301575 0.10648228973150253 -0.14078058302402496 
vn 0.7151482701301575 0.10648228973150253 -0.14078058302402496 
vn 0.2197830229997635 -0.27651873230934143 0.6463964581489563 
vn 0.2197830229997635 -0.27651873230934143 0.6463964581489563 
vn 0.2197830229997635 -0.27651873230934143 0.6463964581489563 
vn 0.2197830229997635 -0.27651873230934143 0.6463964581489563 
vn 0.595538854598999 0.07550212740898132 0.42688173055648804 
vn 0.595538854598999 0.07550212740898132 0.42688173055648804 
vn 0.595538854598999 0.07550212740898132 0.42688173055648804 
vn 0.595538854598999 0.07550212740898132 0.42688173055648804 
vn 0.6575005650520325 0.3273622691631317 -0.05587237328290939 
vn 0.6575005650520325 0.3273622691631317 -0.05587237328290939 
vn 0.6575005650520325 0.3273622691631317 -0.05587237328290939 
vn 0.6575005650520325 0.3273622691631317 -0.05587237328290939 
vn 0.37773916125297546 0.340360552072525 -0.5329755544662476 
vn 0.37773916125297546 0.340360552072525 -0.5329755544662476 
vn 0.37773916125297546 0.340360552072525 -0.5329755544662476 
vn 0.37773916125297546 0.340360552072525 -0.5329755544662476 
vn -0.0869680866599083 0.10433341562747955 -0.7239797115325928 
vn -0.0869680866599083 0.10433341562747955 -0.7239797115325928 
vn -0.0869680866599083 0.10433341562747955 -0.7239797115325928 
vn -0.0869680866599083 0.10433341562747955 -0.7239797115325928 
vn -0.46589523553848267 -0.2462252676486969 -0.514694094657898 
vn -0.46589523553848267 -0.2462252676486969 -0.514694094657898 
vn -0.46589523553848267 -0.2462252676486969 -0.514694094657898 
vn -0.46589523553848267 -0.2462252676486969 -0.514694094657898 
vn -0.5343376994132996 -0.506513237953186 -0.02285796031355858 
vn -0.5343376994132996 -0.506513237953186 -0.02285796031355858 
vn -0.5343376994132996 -0.506513237953186 -0.02285796031355858 
vn -0.5343376994132996 -0.506513237953186 -0.02285796031355858 
vn -0.2467454969882965 -0.5182698965072632 0.461636483669281 
vn -0.2467454969882965 -0.5182698965072632 0.461636483669281 
vn -0.2467454969882965 -0.5182698965072632 0.461636483669281 
vn -0.2467454969882965 -0.5182698965072632 0.461636483669281 
vn -0.2206345498561859 -0.27509793639183044 0.6467123627662659 
vn -0.2206345498561859 -0.27509793639183044 0.6467123627662659 
vn -0.2206345498561859 -0.27509793639183044 0.6467123627662659 
vn -0.2206345498561859 -0.27509793639183044 0.6467123627662659 
vn -0.5948630571365356 0.0756521224975586 0.42779627442359924 
vn -0.5948630571365356 0.0756521224975586 0.42779627442359924 
vn -0.5948630571365356 0.0756521224975586 0.42779627442359924 
vn -0.5948630571365356 0.0756521224975586 0.42779627442359924 
vn -0.6569065451622009 0.32821592688560486 -0.05782059207558632 
vn -0.6569065451622009 0.32821592688560486 -0.05782059207558632 
vn -0.6569065451622009 0.32821592688560486 -0.05782059207558632 
vn -0.6569065451622009 0.32821592688560486 -0.05782059207558632 
vn -0.3786308467388153 0.3403022289276123 -0.5323801040649414 
vn -0.3786308467388153 0.3403022289276123 -0.5323801040649414 
vn -0.3786308467388153 0.3403022289276123 -0.5323801040649414 
vn -0.3786308467388153 0.3403022289276123 -0.5323801040649414 
vn 0.0871482640504837 0.1055554449558258 -0.7237808108329773 
vn 0.0871482640504837 0.1055554449558258 -0.7237808108329773 
vn 0.0871482640504837 0.1055554449558258 -0.7237808108329773 
vn 0.0871482640504837 0.1055554449558258 -0.7237808108329773 
vn 0.46449723839759827 -0.2494044005870819 -0.5144268274307251 
vn 0.46449723839759827 -0.2494044005870819 -0.5144268274307251 
vn 0.46449723839759827 -0.2494044005870819 -0.5144268274307251 
vn 0.46449723839759827 -0.2494044005870819 -0.5144268274307251 
vn 0.5344657897949219 -0.506378173828125 -0.022862868383526802 
vn 0.5344657897949219 -0.506378173828125 -0.022862868383526802 
vn 0.5344657897949219 -0.506378173828125 -0.022862868383526802 
vn 0.5344657897949219 -0.506378173828125 -0.022862868383526802 
vn 0.2459883689880371 -0.5174336433410645 0.46297702193260193 
vn 0.2459883689880371 -0.5174336433410645 0.46297702193260193 
vn 0.2459883689880371 -0.5174336433410645 0.46297702193260193 
vn 0.2459883689880371 -0.5174336433410645 0.46297702193260193 
vt 0.7786903381347656 0.5712200999259949 
vt 0.8179243803024292 0.5954861640930176 
vt 0.7684033513069153 0.5886387825012207 
vt 0.7786903381347656 0.5712200999259949 
vt 0.7558436989784241 0.5500773787498474 
vt 0.7850300073623657 0.535902202129364 
vt 0.7963935136795044 0.5600481033325195 
vt 0.817804753780365 0.5312171578407288 
vt 0.817804753780365 0.5562039613723755 
vt 0.850579559803009 0.5356619358062744 
vt 0.8393356800079346 0.5600481033325195 
vt 0.8797658681869507 0.5497170090675354 
vt 0.8570387959480286 0.5710999965667725 
vt 0.9018948078155518 0.5735025405883789 
vt 0.8674454092979431 0.5883985757827759 
vt 0.8570387959480286 0.5710999965667725 
vt 0.8393356800079346 0.5600481033325195 
vt 0.8797658681869507 0.5497170090675354 
vt 0.9358657598495483 0.5452722311019897 
vt 0.8999809622764587 0.5213665962219238 
vt 0.8599095940589905 0.5081523656845093 
vt 0.8176851868629456 0.5040680170059204 
vt 0.7754607200622559 0.5083926320075989 
vt 0.7353893518447876 0.5218470692634583 
vt 0.7338343262672424 0.5739830732345581 
vt 0.7558436989784241 0.5500773787498474 
vt 0.7353893518447876 0.5218470692634583 
vt 0.6997438073158264 0.5459930300712585 
vt 0.7212746739387512 0.48953238129615784 
vt 0.7691210508346558 0.4802824556827545 
vt 0.8175655603408813 0.4773993492126465 
vt 0.8660100102424622 0.4800421893596649 
vt 0.9139760136604309 0.4889317452907562 
vt 0.9613440036773682 0.5052692890167236 
vt 0.8999809622764587 0.5213665962219238 
vt 0.850579559803009 0.5356619358062744 
vt 0.817804753780365 0.5562039613723755 
vt 0.7963935136795044 0.5600481033325195 
vt 0.817804753780365 0.5312171578407288 
vt 0.8599095940589905 0.5081523656845093 
vt 0.9139760136604309 0.4889317452907562 
vt 0.9747409820556641 0.45241251587867737 
vt 0.9210333824157715 0.4488086402416229 
vt 0.8691200613975525 0.4466463327407837 
vt 0.8174459338188171 0.4460456967353821 
vt 0.765891432762146 0.4468865990638733 
vt 0.713978111743927 0.4494093060493469 
vt 0.674026370048523 0.5062302947044373 
vt 0.6602705121040344 0.4533735513687134 
vt 0.713978111743927 0.4494093060493469 
vt 0.7212746739387512 0.48953238129615784 
vt 0.7166096568107605 0.4011174440383911 
vt 0.7670875787734985 0.4056823253631592 
vt 0.8173263072967529 0.4068836271762848 
vt 0.8676846623420715 0.40544208884239197 
vt 0.9180429577827454 0.4005167782306671 
vt 0.9691190123558044 0.39018571376800537 
vt 0.9210333824157715 0.4488086402416229 
vt 0.8660100102424622 0.4800421893596649 
vt 0.8176851868629456 0.5040680170059204 
vt 0.7850300073623657 0.535902202129364 
vt 0.7754607200622559 0.5083926320075989 
vt 0.7691210508346558 0.4802824556827545 
vt 0.765891432762146 0.4468865990638733 
vt 0.8175655603408813 0.4773993492126465 
vt 0.8691200613975525 0.4466463327407837 
vt 0.9180429577827454 0.4005167782306671 
vt 0.8174459338188171 0.4460456967353821 
vt 0.8173263072967529 0.4068836271762848 
vt 0.7670875787734985 0.4056823253631592 
vt 0.7166096568107605 0.4011174440383911 
vt 0.6655336022377014 0.3912668526172638 
vt 0.6911314129829407 0.33240365982055664 
vt 0.7312027812004089 0.3513840436935425 
vt 0.7736664414405823 0.3607541024684906 
vt 0.8172066807746887 0.36339694261550903 
vt 0.8607469201087952 0.360513836145401 
vt 0.9032105803489685 0.3507833778858185 
vt 0.9431623220443726 0.33156275749206543 
vt 0.9032105803489685 0.3507833778858185 
vt 0.8607469201087952 0.360513836145401 
vt 0.8676846623420715 0.40544208884239197 
vt 0.8172066807746887 0.36339694261550903 
vt 0.7736664414405823 0.3607541024684906 
vt 0.7312027812004089 0.3513840436935425 
vt 0.7265377640724182 0.29240068793296814 
vt 0.7522552013397217 0.3122219741344452 
vt 0.7835946083068848 0.3225530683994293 
vt 0.8170870542526245 0.32567641139030457 
vt 0.850579559803009 0.3224329352378845 
vt 0.8817993402481079 0.3118616044521332 
vt 0.9073971509933472 0.29180005192756653 
vt 0.8817993402481079 0.3118616044521332 
vt 0.850579559803009 0.3224329352378845 
vt 0.8170870542526245 0.32567641139030457 
vt 0.7835946083068848 0.3225530683994293 
vt 0.7522552013397217 0.3122219741344452 
vt 0.7654129862785339 0.266452819108963 
vt 0.7778530120849609 0.2796670198440552 
vt 0.7962738871574402 0.28651437163352966 
vt 0.8169674873352051 0.2885565757751465 
vt 0.8376610279083252 0.28639423847198486 
vt 0.8560819029808044 0.2794267535209656 
vt 0.868402361869812 0.266092449426651 
vt 0.8560819029808044 0.2794267535209656 
vt 0.8376610279083252 0.28639423847198486 
vt 0.8169674873352051 0.2885565757751465 
vt 0.7962738871574402 0.28651437163352966 
vt 0.7778530120849609 0.2796670198440552 
vt 0.7955561876296997 0.2569626271724701 
vt 0.8003408312797546 0.2585243284702301 
vt 0.8078766465187073 0.2591249644756317 
vt 0.8168478608131409 0.2592450976371765 
vt 0.8259386420249939 0.2591249644756317 
vt 0.8333548307418823 0.2584041953086853 
vt 0.8381394743919373 0.2569626271724701 
vt 0.8333548307418823 0.2584041953086853 
vt 0.8259386420249939 0.2591249644756317 
vt 0.8168478608131409 0.2592450976371765 
vt 0.8078766465187073 0.2591249644756317 
vt 0.8003408312797546 0.2585243284702301 
vt 0.4516601860523224 0.5741031765937805 
vt 0.44137322902679443 0.5916420221328735 
vt 0.49089425802230835 0.5983692407608032 
vt 0.4516601860523224 0.5741031765937805 
vt 0.46936336159706116 0.5630513429641724 
vt 0.4579998552799225 0.5387852787971497 
vt 0.49077463150024414 0.5341002345085144 
vt 0.49077463150024414 0.5592072010040283 
vt 0.5235494375228882 0.5385450124740601 
vt 0.512305498123169 0.5629311800003052 
vt 0.5527357459068298 0.552600085735321 
vt 0.5300086736679077 0.5739830732345581 
vt 0.5404152870178223 0.5914017558097839 
vt 0.5748646855354309 0.5765057802200317 
vt 0.5300086736679077 0.5739830732345581 
vt 0.512305498123169 0.5629311800003052 
vt 0.5527357459068298 0.552600085735321 
vt 0.6088356375694275 0.5482754707336426 
vt 0.5729508399963379 0.5243697762489319 
vt 0.5328794717788696 0.5110355019569397 
vt 0.49065500497817993 0.506951093673706 
vt 0.4484305679798126 0.5112757086753845 
vt 0.42881354689598083 0.5529605150222778 
vt 0.40835919976234436 0.5248503088951111 
vt 0.4068042039871216 0.5768661499023438 
vt 0.42881354689598083 0.5529605150222778 
vt 0.40835919976234436 0.5248503088951111 
vt 0.3727136254310608 0.5489962100982666 
vt 0.394244521856308 0.49241548776626587 
vt 0.4420909285545349 0.48328566551208496 
vt 0.4905354082584381 0.4802824556827545 
vt 0.5389798879623413 0.48292529582977295 
vt 0.5869458913803101 0.49181482195854187 
vt 0.6343138217926025 0.5081523656845093 
vt 0.5729508399963379 0.5243697762489319 
vt 0.5235494375228882 0.5385450124740601 
vt 0.49077463150024414 0.5592072010040283 
vt 0.46936336159706116 0.5630513429641724 
vt 0.49077463150024414 0.5341002345085144 
vt 0.5328794717788696 0.5110355019569397 
vt 0.5869458913803101 0.49181482195854187 
vt 0.6477108001708984 0.4552956223487854 
vt 0.5941228270530701 0.45169174671173096 
vt 0.5420898795127869 0.4495294392108917 
vt 0.4904157817363739 0.4489287734031677 
vt 0.43886128067970276 0.44988980889320374 
vt 0.3869479298591614 0.45241251587867737 
vt 0.3469961881637573 0.5091134309768677 
vt 0.3332403600215912 0.4563767910003662 
vt 0.3869479298591614 0.45241251587867737 
vt 0.394244521856308 0.49241548776626587 
vt 0.38957950472831726 0.40412065386772156 
vt 0.4400574564933777 0.408685564994812 
vt 0.4902961552143097 0.4098868668079376 
vt 0.5406544804573059 0.4083251655101776 
vt 0.5910128355026245 0.40339988470077515 
vt 0.6420888900756836 0.3931889235973358 
vt 0.5941228270530701 0.45169174671173096 
vt 0.5389798879623413 0.48292529582977295 
vt 0.49065500497817993 0.506951093673706 
vt 0.4579998552799225 0.5387852787971497 
vt 0.4484305679798126 0.5112757086753845 
vt 0.4420909285545349 0.48328566551208496 
vt 0.43886128067970276 0.44988980889320374 
vt 0.4905354082584381 0.4802824556827545 
vt 0.5420898795127869 0.4495294392108917 
vt 0.5910128355026245 0.40339988470077515 
vt 0.4904157817363739 0.4489287734031677 
vt 0.4902961552143097 0.4098868668079376 
vt 0.4400574564933777 0.408685564994812 
vt 0.38957950472831726 0.40412065386772156 
vt 0.3385034501552582 0.3941499590873718 
vt 0.3641012907028198 0.3352867364883423 
vt 0.4041726589202881 0.3542671203613281 
vt 0.4466363191604614 0.36363717913627625 
vt 0.49017655849456787 0.3664001524448395 
vt 0.5337167978286743 0.36339694261550903 
vt 0.5761804580688477 0.3536664843559265 
vt 0.6161321997642517 0.3345659673213959 
vt 0.5761804580688477 0.3536664843559265 
vt 0.5337167978286743 0.36339694261550903 
vt 0.5406544804573059 0.4083251655101776 
vt 0.49017655849456787 0.3664001524448395 
vt 0.4466363191604614 0.36363717913627625 
vt 0.4041726589202881 0.3542671203613281 
vt 0.399507611989975 0.29528379440307617 
vt 0.42522504925727844 0.3151050806045532 
vt 0.45656445622444153 0.32555630803108215 
vt 0.49005693197250366 0.3285595178604126 
vt 0.5235494375228882 0.32531604170799255 
vt 0.5547692179679871 0.3147446811199188 
vt 0.5803670287132263 0.294803261756897 
vt 0.5547692179679871 0.3147446811199188 
vt 0.5235494375228882 0.32531604170799255 
vt 0.49005693197250366 0.3285595178604126 
vt 0.45656445622444153 0.32555630803108215 
vt 0.42522504925727844 0.3151050806045532 
vt 0.4383828341960907 0.26933592557907104 
vt 0.4508228898048401 0.2825501263141632 
vt 0.46924376487731934 0.2893974781036377 
vt 0.48993730545043945 0.29143965244293213 
vt 0.5106309056282043 0.2892773449420929 
vt 0.5290517210960388 0.2823098599910736 
vt 0.5413721799850464 0.26909565925598145 
vt 0.5290517210960388 0.2823098599910736 
vt 0.5106309056282043 0.2892773449420929 
vt 0.48993730545043945 0.29143965244293213 
vt 0.46924376487731934 0.2893974781036377 
vt 0.4508228898048401 0.2825501263141632 
vt 0.46852606534957886 0.2599658668041229 
vt 0.4733106791973114 0.26140740513801575 
vt 0.48084649443626404 0.26200804114341736 
vt 0.48981770873069763 0.26224830746650696 
vt 0.49890851974487305 0.26200804114341736 
vt 0.5063247084617615 0.26140740513801575 
vt 0.5112289786338806 0.2598457336425781 
vt 0.5063247084617615 0.26140740513801575 
vt 0.49890851974487305 0.26200804114341736 
vt 0.48981770873069763 0.26224830746650696 
vt 0.48084649443626404 0.26200804114341736 
vt 0.4733106791973114 0.26140740513801575 
vt 0.7746233940124512 0.9617595076560974 
vt 0.7642167806625366 0.9791781902313232 
vt 0.8137378096580505 0.9860255122184753 
vt 0.7746233940124512 0.9617595076560974 
vt 0.7922069430351257 0.9507076144218445 
vt 0.7808434367179871 0.9264415502548218 
vt 0.8136182427406311 0.9217565059661865 
vt 0.8137378096580505 0.946743369102478 
vt 0.8463929891586304 0.9262012839317322 
vt 0.8351491093635559 0.9505875110626221 
vt 0.8756989240646362 0.9402564167976379 
vt 0.8528522849082947 0.9616393446922302 
vt 0.8632588386535645 0.9789379239082336 
vt 0.8977082371711731 0.9640419483184814 
vt 0.8528522849082947 0.9616393446922302 
vt 0.8351491093635559 0.9505875110626221 
vt 0.8756989240646362 0.9402564167976379 
vt 0.9316791892051697 0.9358116388320923 
vt 0.8959140181541443 0.9119059443473816 
vt 0.8557230234146118 0.8986917734146118 
vt 0.8134986162185669 0.8946073651313782 
vt 0.7713937759399414 0.8989320397377014 
vt 0.7516571283340454 0.94061678647995 
vt 0.7313224077224731 0.9123864769935608 
vt 0.729767382144928 0.9645224213600159 
vt 0.7516571283340454 0.94061678647995 
vt 0.7313224077224731 0.9123864769935608 
vt 0.695676863193512 0.9365323781967163 
vt 0.7170881032943726 0.880071759223938 
vt 0.7650541067123413 0.8709419369697571 
vt 0.8134986162185669 0.867938756942749 
vt 0.8619430661201477 0.8705815672874451 
vt 0.9099090695381165 0.8794711232185364 
vt 0.9571574330329895 0.8958086371421814 
vt 0.8959140181541443 0.9119059443473816 
vt 0.8463929891586304 0.9262012839317322 
vt 0.8137378096580505 0.946743369102478 
vt 0.7922069430351257 0.9507076144218445 
vt 0.8136182427406311 0.9217565059661865 
vt 0.8557230234146118 0.8986917734146118 
vt 0.9099090695381165 0.8794711232185364 
vt 0.9706740379333496 0.8429518938064575 
vt 0.916966438293457 0.8393480181694031 
vt 0.8649334907531738 0.8371856808662415 
vt 0.8133789896965027 0.8365850448608398 
vt 0.7618244886398315 0.837425947189331 
vt 0.7097915410995483 0.8400688171386719 
vt 0.6699594259262085 0.8967697024345398 
vt 0.6560839414596558 0.8440330624580383 
vt 0.7097915410995483 0.8400688171386719 
vt 0.7170881032943726 0.880071759223938 
vt 0.712542712688446 0.7916567921638489 
vt 0.7629010081291199 0.7962217330932617 
vt 0.8132593631744385 0.7974230051040649 
vt 0.8634980916976929 0.7959814667701721 
vt 0.9138564467430115 0.7910561561584473 
vt 0.9649324417114258 0.7808452248573303 
vt 0.916966438293457 0.8393480181694031 
vt 0.8619430661201477 0.8705815672874451 
vt 0.8134986162185669 0.8946073651313782 
vt 0.7808434367179871 0.9264415502548218 
vt 0.7713937759399414 0.8989320397377014 
vt 0.7650541067123413 0.8709419369697571 
vt 0.7618244886398315 0.837425947189331 
vt 0.8134986162185669 0.867938756942749 
vt 0.8649334907531738 0.8371856808662415 
vt 0.9138564467430115 0.7910561561584473 
vt 0.8133789896965027 0.8365850448608398 
vt 0.8132593631744385 0.7974230051040649 
vt 0.7629010081291199 0.7962217330932617 
vt 0.712542712688446 0.7916567921638489 
vt 0.6613470315933228 0.781806230545044 
vt 0.686944842338562 0.7229430079460144 
vt 0.7270162105560303 0.7419233918190002 
vt 0.7695994973182678 0.7512934803962708 
vt 0.8130201101303101 0.754056453704834 
vt 0.8565603494644165 0.7510532140731812 
vt 0.8990240097045898 0.7413227558135986 
vt 0.9389758110046387 0.7221021056175232 
vt 0.8990240097045898 0.7413227558135986 
vt 0.8565603494644165 0.7510532140731812 
vt 0.8634980916976929 0.7959814667701721 
vt 0.8130201101303101 0.754056453704834 
vt 0.7695994973182678 0.7512934803962708 
vt 0.7270162105560303 0.7419233918190002 
vt 0.7224708199501038 0.6829400658607483 
vt 0.7481882572174072 0.7027613520622253 
vt 0.7794080376625061 0.7132126092910767 
vt 0.8129005432128906 0.7162157893180847 
vt 0.8463929891586304 0.7129723429679871 
vt 0.8777323961257935 0.7024009823799133 
vt 0.9032105803489685 0.6823394298553467 
vt 0.8777323961257935 0.7024009823799133 
vt 0.8463929891586304 0.7129723429679871 
vt 0.8129005432128906 0.7162157893180847 
vt 0.7794080376625061 0.7132126092910767 
vt 0.7481882572174072 0.7027613520622253 
vt 0.7612264156341553 0.6569921970367432 
vt 0.7736664414405823 0.6702064275741577 
vt 0.7922069430351257 0.6770537495613098 
vt 0.8127809166908264 0.6790959239006042 
vt 0.8334744572639465 0.6769336462020874 
vt 0.8518953323364258 0.6699661612510681 
vt 0.8642157912254333 0.6566318273544312 
vt 0.8518953323364258 0.6699661612510681 
vt 0.8334744572639465 0.6769336462020874 
vt 0.8127809166908264 0.6790959239006042 
vt 0.7922069430351257 0.6770537495613098 
vt 0.7736664414405823 0.6702064275741577 
vt 0.791369616985321 0.6476221680641174 
vt 0.796154260635376 0.6490637063980103 
vt 0.8036900758743286 0.6496643424034119 
vt 0.8127809166908264 0.6499046087265015 
vt 0.82175213098526 0.6496643424034119 
vt 0.8292878866195679 0.6489435434341431 
vt 0.8340725302696228 0.6475020051002502 
vt 0.8292878866195679 0.6489435434341431 
vt 0.82175213098526 0.6496643424034119 
vt 0.8127809166908264 0.6499046087265015 
vt 0.8036900758743286 0.6496643424034119 
vt 0.796154260635376 0.6490637063980103 
vt 0.4490286409854889 0.9656035900115967 
vt 0.43862205743789673 0.9830223321914673 
vt 0.48814308643341064 0.9898696541786194 
vt 0.4490286409854889 0.9656035900115967 
vt 0.46673181653022766 0.9544315934181213 
vt 0.4553682804107666 0.9301655292510986 
vt 0.48802345991134644 0.9254805445671082 
vt 0.48814308643341064 0.9505875110626221 
vt 0.5207982659339905 0.9300454258918762 
vt 0.5096739530563354 0.9543114900588989 
vt 0.5501041412353516 0.9441004991531372 
vt 0.52725750207901 0.9653633236885071 
vt 0.5377837419509888 0.9827820658683777 
vt 0.5722331404685974 0.9678860306739807 
vt 0.52725750207901 0.9653633236885071 
vt 0.5096739530563354 0.9543114900588989 
vt 0.5501041412353516 0.9441004991531372 
vt 0.6060844659805298 0.9396557211875916 
vt 0.5703192949295044 0.9157500863075256 
vt 0.5302479267120361 0.9025358557701111 
vt 0.48802345991134644 0.8984515070915222 
vt 0.4457990229129791 0.9027761220932007 
vt 0.42606237530708313 0.9443407654762268 
vt 0.40572765469551086 0.9162306189537048 
vt 0.4041726589202881 0.9683665633201599 
vt 0.42606237530708313 0.9443407654762268 
vt 0.40572765469551086 0.9162306189537048 
vt 0.3700820803642273 0.9403765201568604 
vt 0.3916129767894745 0.8837957382202148 
vt 0.43945935368537903 0.8746659755706787 
vt 0.4879038333892822 0.8717828392982483 
vt 0.5363483428955078 0.8744257092475891 
vt 0.5843143463134766 0.8831951022148132 
vt 0.6315626502037048 0.8996527791023254 
vt 0.5703192949295044 0.9157500863075256 
vt 0.5207982659339905 0.9300454258918762 
vt 0.48814308643341064 0.9505875110626221 
vt 0.46673181653022766 0.9544315934181213 
vt 0.48802345991134644 0.9254805445671082 
vt 0.5302479267120361 0.9025358557701111 
vt 0.5843143463134766 0.8831951022148132 
vt 0.6450792551040649 0.8467960357666016 
vt 0.5913717150688171 0.8431921601295471 
vt 0.5393387079238892 0.8410298228263855 
vt 0.4877842366695404 0.8403090834617615 
vt 0.43622973561286926 0.8412700891494751 
vt 0.38419678807258606 0.8437927961349487 
vt 0.34436464309692383 0.9004936814308167 
vt 0.3304891884326935 0.8477570414543152 
vt 0.38419678807258606 0.8437927961349487 
vt 0.3916129767894745 0.8837957382202148 
vt 0.3869479298591614 0.7955009341239929 
vt 0.43730628490448 0.8000658750534058 
vt 0.4876646101474762 0.801267147064209 
vt 0.5379033088684082 0.7998256087303162 
vt 0.588381290435791 0.7947801947593689 
vt 0.6393377184867859 0.7845692038536072 
vt 0.5913717150688171 0.8431921601295471 
vt 0.5363483428955078 0.8744257092475891 
vt 0.48802345991134644 0.8984515070915222 
vt 0.4553682804107666 0.9301655292510986 
vt 0.4457990229129791 0.9027761220932007 
vt 0.43945935368537903 0.8746659755706787 
vt 0.43622973561286926 0.8412700891494751 
vt 0.4879038333892822 0.8717828392982483 
vt 0.5393387079238892 0.8410298228263855 
vt 0.588381290435791 0.7947801947593689 
vt 0.4877842366695404 0.8403090834617615 
vt 0.4876646101474762 0.801267147064209 
vt 0.43730628490448 0.8000658750534058 
vt 0.3869479298591614 0.7955009341239929 
vt 0.3358719050884247 0.7855302095413208 
vt 0.3613501191139221 0.7267871499061584 
vt 0.4014214873313904 0.7457675337791443 
vt 0.44400477409362793 0.7551376223564148 
vt 0.487544983625412 0.7577804327011108 
vt 0.5309656262397766 0.7548973560333252 
vt 0.57342928647995 0.7451668977737427 
vt 0.613381028175354 0.7259462475776672 
vt 0.57342928647995 0.7451668977737427 
vt 0.5309656262397766 0.7548973560333252 
vt 0.5379033088684082 0.7998256087303162 
vt 0.487544983625412 0.7577804327011108 
vt 0.44400477409362793 0.7551376223564148 
vt 0.4014214873313904 0.7457675337791443 
vt 0.3968760669231415 0.6867842078208923 
vt 0.42259350419044495 0.7066054940223694 
vt 0.45393291115760803 0.7169365882873535 
vt 0.48742538690567017 0.7200599312782288 
vt 0.5209178328514099 0.7166963219642639 
vt 0.5521376132965088 0.7061249613761902 
vt 0.5777354836463928 0.6861835718154907 
vt 0.5521376132965088 0.7061249613761902 
vt 0.5209178328514099 0.7166963219642639 
vt 0.48742538690567017 0.7200599312782288 
vt 0.45393291115760803 0.7169365882873535 
vt 0.42259350419044495 0.7066054940223694 
vt 0.4357512593269348 0.6608363389968872 
vt 0.4481913447380066 0.674050509929657 
vt 0.46661219000816345 0.6808978915214539 
vt 0.48730576038360596 0.6828199625015259 
vt 0.5079993605613708 0.6807777285575867 
vt 0.5263006091117859 0.6738102436065674 
vt 0.5387406349182129 0.6604759693145752 
vt 0.5263006091117859 0.6738102436065674 
vt 0.5079993605613708 0.6807777285575867 
vt 0.48730576038360596 0.6828199625015259 
vt 0.46661219000816345 0.6808978915214539 
vt 0.4481913447380066 0.674050509929657 
vt 0.46577489376068115 0.6513461470603943 
vt 0.4706791341304779 0.6529078483581543 
vt 0.47809532284736633 0.6535084843635559 
vt 0.48718616366386414 0.6536285877227783 
vt 0.49615734815597534 0.6533883213996887 
vt 0.503693163394928 0.6527876853942871 
vt 0.5084778070449829 0.6512260437011719 
vt 0.503693163394928 0.6527876853942871 
vt 0.49615734815597534 0.6533883213996887 
vt 0.48718616366386414 0.6536285877227783 
vt 0.47809532284736633 0.6535084843635559 
vt 0.4706791341304779 0.6529078483581543 
vt 0.1270223706960678 0.5826323628425598 
vt 0.11661577969789505 0.6000510454177856 
vt 0.16613680124282837 0.6068984270095825 
vt 0.1270223706960678 0.5826323628425598 
vt 0.14460591971874237 0.5714603662490845 
vt 0.1332424134016037 0.5471943020820618 
vt 0.16601718962192535 0.5425092577934265 
vt 0.16613680124282837 0.5676162242889404 
vt 0.1987919807434082 0.5470741987228394 
vt 0.18754807114601135 0.5713402032852173 
vt 0.22809790074825287 0.5610091090202332 
vt 0.20525123178958893 0.5823920965194702 
vt 0.21565783023834229 0.599810779094696 
vt 0.2501072287559509 0.5849148035049438 
vt 0.20525123178958893 0.5823920965194702 
vt 0.18754807114601135 0.5713402032852173 
vt 0.22809790074825287 0.5610091090202332 
vt 0.2840781807899475 0.5566844940185547 
vt 0.24831299483776093 0.532778799533844 
vt 0.20812201499938965 0.5195646286010742 
vt 0.16589757800102234 0.5154802203178406 
vt 0.12379274517297745 0.5198048949241638 
vt 0.10405610501766205 0.5613695383071899 
vt 0.08372138440608978 0.5332593321800232 
vt 0.08216637372970581 0.585395336151123 
vt 0.10405610501766205 0.5613695383071899 
vt 0.08372138440608978 0.5332593321800232 
vt 0.04807581380009651 0.5574052929878235 
vt 0.0694870799779892 0.500824511051178 
vt 0.11745309084653854 0.49169471859931946 
vt 0.16589757800102234 0.4888116121292114 
vt 0.21434205770492554 0.49145445227622986 
vt 0.2623080611228943 0.5002238750457764 
vt 0.30955639481544495 0.5166815519332886 
vt 0.24831299483776093 0.532778799533844 
vt 0.1987919807434082 0.5470741987228394 
vt 0.16613680124282837 0.5676162242889404 
vt 0.14460591971874237 0.5714603662490845 
vt 0.16601718962192535 0.5425092577934265 
vt 0.20812201499938965 0.5195646286010742 
vt 0.2623080611228943 0.5002238750457764 
vt 0.32307299971580505 0.4638247787952423 
vt 0.2693654000759125 0.46010076999664307 
vt 0.21733245253562927 0.45805859565734863 
vt 0.16577795147895813 0.45733779668807983 
vt 0.11410384625196457 0.45829883217811584 
vt 0.062190502882003784 0.4608215391635895 
vt 0.022358374670147896 0.5175224542617798 
vt 0.0084829181432724 0.4647858142852783 
vt 0.062190502882003784 0.4608215391635895 
vt 0.0694870799779892 0.500824511051178 
vt 0.06494166702032089 0.41252970695495605 
vt 0.1153000071644783 0.4170945882797241 
vt 0.16565833985805511 0.41829589009284973 
vt 0.2158970683813095 0.4167342185974121 
vt 0.2662554085254669 0.41180890798568726 
vt 0.3173314332962036 0.4015979468822479 
vt 0.2693654000759125 0.46010076999664307 
vt 0.21434205770492554 0.49145445227622986 
vt 0.16589757800102234 0.5154802203178406 
vt 0.1332424134016037 0.5471943020820618 
vt 0.12379274517297745 0.5198048949241638 
vt 0.11745309084653854 0.49169471859931946 
vt 0.11410384625196457 0.45829883217811584 
vt 0.16589757800102234 0.4888116121292114 
vt 0.21733245253562927 0.45805859565734863 
vt 0.2662554085254669 0.41180890798568726 
vt 0.16577795147895813 0.45733779668807983 
vt 0.16565833985805511 0.41829589009284973 
vt 0.1153000071644783 0.4170945882797241 
vt 0.06494166702032089 0.41252970695495605 
vt 0.013746022246778011 0.40255898237228394 
vt 0.03934384509921074 0.3438158929347992 
vt 0.0794152095913887 0.36267614364624023 
vt 0.12199850380420685 0.37216633558273315 
vt 0.16541911661624908 0.3748091757297516 
vt 0.20895934104919434 0.37180596590042114 
vt 0.2514230012893677 0.3621956408023834 
vt 0.2913747727870941 0.342974990606308 
vt 0.2514230012893677 0.3621956408023834 
vt 0.20895934104919434 0.37180596590042114 
vt 0.2158970683813095 0.4167342185974121 
vt 0.16541911661624908 0.3748091757297516 
vt 0.12199850380420685 0.37216633558273315 
vt 0.0794152095913887 0.36267614364624023 
vt 0.0748697966337204 0.3038129508495331 
vt 0.10058724135160446 0.32363423705101013 
vt 0.13180701434612274 0.33396533131599426 
vt 0.16529949009418488 0.3370886743068695 
vt 0.1987919807434082 0.33372506499290466 
vt 0.2300117462873459 0.32315370440483093 
vt 0.25560957193374634 0.30321231484413147 
vt 0.2300117462873459 0.32315370440483093 
vt 0.1987919807434082 0.33372506499290466 
vt 0.16529949009418488 0.3370886743068695 
vt 0.13180701434612274 0.33396533131599426 
vt 0.10058724135160446 0.32363423705101013 
vt 0.11362538486719131 0.27786508202552795 
vt 0.1260654479265213 0.2910792827606201 
vt 0.14448630809783936 0.2979266345500946 
vt 0.16517987847328186 0.2998487055301666 
vt 0.18587344884872437 0.2978065013885498 
vt 0.20429430902004242 0.2908390164375305 
vt 0.2166147530078888 0.27750468254089355 
vt 0.20429430902004242 0.2908390164375305 
vt 0.18587344884872437 0.2978065013885498 
vt 0.16517987847328186 0.2998487055301666 
vt 0.14448630809783936 0.2979266345500946 
vt 0.1260654479265213 0.2910792827606201 
vt 0.14376860857009888 0.26837489008903503 
vt 0.1485532522201538 0.26993656158447266 
vt 0.15608906745910645 0.27053722739219666 
vt 0.16517987847328186 0.27065733075141907 
vt 0.17415107786655426 0.27041709423065186 
vt 0.1816868931055069 0.26981642842292786 
vt 0.18647152185440063 0.26825475692749023 
vt 0.1816868931055069 0.26981642842292786 
vt 0.17415107786655426 0.27041709423065186 
vt 0.16517987847328186 0.27065733075141907 
vt 0.15608906745910645 0.27053722739219666 
vt 0.1485532522201538 0.26993656158447266 
vt 0.1260654479265213 0.9677659273147583 
vt 0.11565885692834854 0.9851846098899841 
vt 0.16517987847328186 0.992031991481781 
vt 0.1260654479265213 0.9677659273147583 
vt 0.14364899694919586 0.9567140340805054 
vt 0.132285475730896 0.9324480295181274 
vt 0.16506026685237885 0.9277629852294922 
vt 0.16517987847328186 0.9527497887611389 
vt 0.1978350430727005 0.9322077631950378 
vt 0.18659114837646484 0.956593930721283 
vt 0.22714096307754517 0.9462628364562988 
vt 0.20429430902004242 0.9676458239555359 
vt 0.21470090746879578 0.9849444031715393 
vt 0.24915030598640442 0.9700483679771423 
vt 0.20429430902004242 0.9676458239555359 
vt 0.18659114837646484 0.956593930721283 
vt 0.22714096307754517 0.9462628364562988 
vt 0.283121258020401 0.9418180584907532 
vt 0.24735607206821442 0.9179124236106873 
vt 0.20716509222984314 0.9046981930732727 
vt 0.16494064033031464 0.9006138443946838 
vt 0.12271619588136673 0.9049384593963623 
vt 0.10309917479753494 0.9466232061386108 
vt 0.08276445418596268 0.9183928966522217 
vt 0.0812094435095787 0.9705289006233215 
vt 0.10309917479753494 0.9466232061386108 
vt 0.08276445418596268 0.9183928966522217 
vt 0.04699926823377609 0.942538857460022 
vt 0.06853014975786209 0.8860782384872437 
vt 0.11649616807699203 0.8769484162330627 
vt 0.16494064033031464 0.8739451766014099 
vt 0.21338512003421783 0.8765880465507507 
vt 0.2613511383533478 0.8854775428771973 
vt 0.30859947204589844 0.9018151164054871 
vt 0.24735607206821442 0.9179124236106873 
vt 0.1978350430727005 0.9322077631950378 
vt 0.16517987847328186 0.9527497887611389 
vt 0.14364899694919586 0.9567140340805054 
vt 0.16506026685237885 0.9277629852294922 
vt 0.20716509222984314 0.9046981930732727 
vt 0.2613511383533478 0.8854775428771973 
vt 0.32211607694625854 0.8489583730697632 
vt 0.26840847730636597 0.8453544974327087 
vt 0.21637552976608276 0.8431921601295471 
vt 0.16482102870941162 0.8425915241241455 
vt 0.11314691603183746 0.8434324264526367 
vt 0.06123357266187668 0.8460752367973328 
vt 0.02140144631266594 0.9027761220932007 
vt 0.007525989785790443 0.8500394821166992 
vt 0.06123357266187668 0.8460752367973328 
vt 0.06853014975786209 0.8860782384872437 
vt 0.06398474425077438 0.7976632714271545 
vt 0.1143430769443512 0.8022281527519226 
vt 0.1647014170885086 0.8034294843673706 
vt 0.2149401307106018 0.801987886428833 
vt 0.265298455953598 0.7970626354217529 
vt 0.3163745105266571 0.7868516445159912 
vt 0.26840847730636597 0.8453544974327087 
vt 0.21338512003421783 0.8765880465507507 
vt 0.16494064033031464 0.9006138443946838 
vt 0.132285475730896 0.9324480295181274 
vt 0.12271619588136673 0.9049384593963623 
vt 0.11649616807699203 0.8769484162330627 
vt 0.11314691603183746 0.8434324264526367 
vt 0.16494064033031464 0.8739451766014099 
vt 0.21637552976608276 0.8431921601295471 
vt 0.265298455953598 0.7970626354217529 
vt 0.16482102870941162 0.8425915241241455 
vt 0.1647014170885086 0.8034294843673706 
vt 0.1143430769443512 0.8022281527519226 
vt 0.06398474425077438 0.7976632714271545 
vt 0.012789093889296055 0.7878127098083496 
vt 0.03838691860437393 0.7289494872093201 
vt 0.0784582793712616 0.7479298710823059 
vt 0.12092195451259613 0.7572999000549316 
vt 0.16446217894554138 0.7600628733634949 
vt 0.20800240337848663 0.7570596933364868 
vt 0.25046607851982117 0.7473292350769043 
vt 0.2904178202152252 0.7281085848808289 
vt 0.25046607851982117 0.7473292350769043 
vt 0.20800240337848663 0.7570596933364868 
vt 0.2149401307106018 0.801987886428833 
vt 0.16446217894554138 0.7600628733634949 
vt 0.12092195451259613 0.7572999000549316 
vt 0.0784582793712616 0.7479298710823059 
vt 0.07391286641359329 0.688946545124054 
vt 0.09963031113147736 0.708767831325531 
vt 0.13085009157657623 0.7192190289497375 
vt 0.16434256732463837 0.7222222685813904 
vt 0.1978350430727005 0.718978762626648 
vt 0.22905482351779938 0.7084074020385742 
vt 0.25465264916419983 0.6883458495140076 
vt 0.22905482351779938 0.7084074020385742 
vt 0.1978350430727005 0.718978762626648 
vt 0.16434256732463837 0.7222222685813904 
vt 0.13085009157657623 0.7192190289497375 
vt 0.09963031113147736 0.708767831325531 
vt 0.11266845464706421 0.6629986763000488 
vt 0.1251085251569748 0.6762128472328186 
vt 0.14352938532829285 0.6830602288246155 
vt 0.16422295570373535 0.6851024031639099 
vt 0.18491651117801666 0.6829400658607483 
vt 0.2033373862504959 0.675972580909729 
vt 0.21565783023834229 0.6627584099769592 
vt 0.2033373862504959 0.675972580909729 
vt 0.18491651117801666 0.6829400658607483 
vt 0.16422295570373535 0.6851024031639099 
vt 0.14352938532829285 0.6830602288246155 
vt 0.1251085251569748 0.6762128472328186 
vt 0.14281168580055237 0.6536285877227783 
vt 0.1475963294506073 0.6550701260566711 
vt 0.15513212978839874 0.6556707620620728 
vt 0.16422295570373535 0.6559110283851624 
vt 0.17319415509700775 0.6556707620620728 
vt 0.1807299554347992 0.6549500226974487 
vt 0.18551459908485413 0.6535084843635559 
vt 0.1807299554347992 0.6549500226974487 
vt 0.17319415509700775 0.6556707620620728 
vt 0.16422295570373535 0.6559110283851624 
vt 0.15513212978839874 0.6556707620620728 
vt 0.1475963294506073 0.6550701260566711 
vt 0.5227121114730835 0.13503170013427734 
vt 0.5320421457290649 0.1470445990562439 
vt 0.5636207461357117 0.10692151635885239 
vt 0.5227121114730835 0.13503170013427734 
vt 0.48000919818878174 0.15989840030670166 
vt 0.49543964862823486 0.18416446447372437 
vt 0.48000919818878174 0.15989840030670166 
vt 0.4707987606525421 0.1322687417268753 
vt 0.5170901417732239 0.12025583535432816 
vt 0.46756911277770996 0.10319751501083374 
vt 0.5152959227561951 0.10451893508434296 
vt 0.47020068764686584 0.07424642890691757 
vt 0.5174490213394165 0.08890216797590256 
vt 0.4797699451446533 0.04721740260720253 
vt 0.523908257484436 0.07508733123540878 
vt 0.5174490213394165 0.08890216797590256 
vt 0.5152959227561951 0.10451893508434296 
vt 0.47020068764686584 0.07424642890691757 
vt 0.46756911277770996 0.10319751501083374 
vt 0.5170901417732239 0.12025583535432816 
vt 0.4707987606525421 0.1322687417268753 
vt 0.5227121114730835 0.13503170013427734 
vt 0.48000919818878174 0.15989840030670166 
vt 0.5320421457290649 0.1470445990562439 
vt 0.5227121114730835 0.13503170013427734 
vt 0.48000919818878174 0.15989840030670166 
vt 0.49543964862823486 0.18416446447372437 
vt 0.43515318632125854 0.18044047057628632 
vt 0.4251054525375366 0.14259983599185944 
vt 0.42067965865135193 0.10355790704488754 
vt 0.42187580466270447 0.06439585238695145 
vt 0.4300096929073334 0.02583444118499756 
vt 0.42187580466270447 0.06439585238695145 
vt 0.42067965865135193 0.10355790704488754 
vt 0.4251054525375366 0.14259983599185944 
vt 0.43515318632125854 0.18044047057628632 
vt 0.4516601860523224 0.21611878275871277 
vt 0.43515318632125854 0.18044047057628632 
vt 0.4251054525375366 0.14259983599185944 
vt 0.4707987606525421 0.1322687417268753 
vt 0.5170901417732239 0.12025583535432816 
vt 0.5152959227561951 0.10451893508434296 
vt 0.5174490213394165 0.08890216797590256 
vt 0.47020068764686584 0.07424642890691757 
vt 0.4797699451446533 0.04721740260720253 
vt 0.523908257484436 0.07508733123540878 
vt 0.5174490213394165 0.08890216797590256 
vt 0.5152959227561951 0.10451893508434296 
vt 0.5170901417732239 0.12025583535432816 
vt 0.4707987606525421 0.1322687417268753 
vt 0.46756911277770996 0.10319751501083374 
vt 0.46756911277770996 0.10319751501083374 
vt 0.47020068764686584 0.07424642890691757 
vt 0.4300096929073334 0.02583444118499756 
vt 0.42187580466270447 0.06439585238695145 
vt 0.42067965865135193 0.10355790704488754 
vt 0.3746275007724762 0.10572022944688797 
vt 0.37977099418640137 0.15088872611522675 
vt 0.38838332891464233 0.1955767124891281 
vt 0.40118223428726196 0.23978419601917267 
vt 0.38838332891464233 0.1955767124891281 
vt 0.37977099418640137 0.15088872611522675 
vt 0.3746275007724762 0.10572022944688797 
vt 0.3729528784751892 0.06019133701920509 
vt 0.3754647970199585 0.01418192870914936 
vt 0.3729528784751892 0.06019133701920509 
vt 0.3746275007724762 0.10572022944688797 
vt 0.37977099418640137 0.15088872611522675 
vt 0.38838332891464233 0.1955767124891281 
vt 0.4516601860523224 0.21611878275871277 
vt 0.43515318632125854 0.18044047057628632 
vt 0.4251054525375366 0.14259983599185944 
vt 0.42067965865135193 0.10355790704488754 
vt 0.42187580466270447 0.06439585238695145 
vt 0.3754647970199585 0.01418192870914936 
vt 0.3729528784751892 0.06019133701920509 
vt 0.32414954900741577 0.06247378885746002 
vt 0.32929304242134094 0.10980461537837982 
vt 0.33467575907707214 0.15701530873775482 
vt 0.3402976989746094 0.20434613525867462 
vt 0.345919668674469 0.252397745847702 
vt 0.3402976989746094 0.20434613525867462 
vt 0.33467575907707214 0.15701530873775482 
vt 0.32929304242134094 0.10980461537837982 
vt 0.32414954900741577 0.06247378885746002 
vt 0.31876683235168457 0.014422186650335789 
vt 0.32414954900741577 0.06247378885746002 
vt 0.32929304242134094 0.10980461537837982 
vt 0.33467575907707214 0.15701530873775482 
vt 0.3402976989746094 0.20434613525867462 
vt 0.40118223428726196 0.23978419601917267 
vt 0.38838332891464233 0.1955767124891281 
vt 0.37977099418640137 0.15088872611522675 
vt 0.3746275007724762 0.10572022944688797 
vt 0.3729528784751892 0.06019133701920509 
vt 0.31876683235168457 0.014422186650335789 
vt 0.26374346017837524 0.026915602385997772 
vt 0.2760639190673828 0.07124320417642593 
vt 0.2840781807899475 0.1160513237118721 
vt 0.2892216742038727 0.16109970211982727 
vt 0.29149436950683594 0.20662859082221985 
vt 0.2895805239677429 0.2525178790092468 
vt 0.29149436950683594 0.20662859082221985 
vt 0.2892216742038727 0.16109970211982727 
vt 0.2840781807899475 0.1160513237118721 
vt 0.2760639190673828 0.07124320417642593 
vt 0.26374346017837524 0.026915602385997772 
vt 0.2760639190673828 0.07124320417642593 
vt 0.2840781807899475 0.1160513237118721 
vt 0.2892216742038727 0.16109970211982727 
vt 0.29149436950683594 0.20662859082221985 
vt 0.345919668674469 0.252397745847702 
vt 0.3402976989746094 0.20434613525867462 
vt 0.33467575907707214 0.15701530873775482 
vt 0.32929304242134094 0.10980461537837982 
vt 0.32414954900741577 0.06247378885746002 
vt 0.2760639190673828 0.07124320417642593 
vt 0.2840781807899475 0.1160513237118721 
vt 0.2892216742038727 0.16109970211982727 
vt 0.29149436950683594 0.20662859082221985 
vt 0.2895805239677429 0.2525178790092468 
vt 0.24257142841815948 0.2026643306016922 
vt 0.2426910400390625 0.1633821427822113 
vt 0.238265261054039 0.12434022128582001 
vt 0.2292940467596054 0.08613920211791992 
vt 0.21374396979808807 0.049980372190475464 
vt 0.2292940467596054 0.08613920211791992 
vt 0.238265261054039 0.12434022128582001 
vt 0.2426910400390625 0.1633821427822113 
vt 0.24257142841815948 0.2026643306016922 
vt 0.2356337010860443 0.2413458675146103 
vt 0.24257142841815948 0.2026643306016922 
vt 0.2426910400390625 0.1633821427822113 
vt 0.238265261054039 0.12434022128582001 
vt 0.2292940467596054 0.08613920211791992 
vt 0.21374396979808807 0.049980372190475464 
vt 0.2292940467596054 0.08613920211791992 
vt 0.238265261054039 0.12434022128582001 
vt 0.2426910400390625 0.1633821427822113 
vt 0.24257142841815948 0.2026643306016922 
vt 0.2356337010860443 0.2413458675146103 
vt 0.1941269487142563 0.1938949078321457 
vt 0.19496425986289978 0.1641029268503189 
vt 0.1914954036474228 0.13431093096733093 
vt 0.18395958840847015 0.10560009628534317 
vt 0.17056259512901306 0.07977236062288284 
vt 0.18395958840847015 0.10560009628534317 
vt 0.1914954036474228 0.13431093096733093 
vt 0.19496425986289978 0.1641029268503189 
vt 0.1941269487142563 0.1938949078321457 
vt 0.18683037161827087 0.22200509905815125 
vt 0.1941269487142563 0.1938949078321457 
vt 0.19496425986289978 0.1641029268503189 
vt 0.1914954036474228 0.13431093096733093 
vt 0.18395958840847015 0.10560009628534317 
vt 0.17056259512901306 0.07977236062288284 
vt 0.18395958840847015 0.10560009628534317 
vt 0.1914954036474228 0.13431093096733093 
vt 0.19496425986289978 0.1641029268503189 
vt 0.1941269487142563 0.1938949078321457 
vt 0.18683037161827087 0.22200509905815125 
vt 0.15943831205368042 0.2093915492296219 
vt 0.16517987847328186 0.18824884295463562 
vt 0.16601718962192535 0.16470356285572052 
vt 0.16314640641212463 0.1403173804283142 
vt 0.15716560184955597 0.11749286949634552 
vt 0.1467590183019638 0.09815210103988647 
vt 0.15716560184955597 0.11749286949634552 
vt 0.16314640641212463 0.1403173804283142 
vt 0.16601718962192535 0.16470356285572052 
vt 0.16517987847328186 0.18824884295463562 
vt 0.15943831205368042 0.2093915492296219 
vt 0.16517987847328186 0.18824884295463562 
vt 0.16601718962192535 0.16470356285572052 
vt 0.16314640641212463 0.1403173804283142 
vt 0.15716560184955597 0.11749286949634552 
vt 0.1467590183019638 0.09815210103988647 
vt 0.15716560184955597 0.11749286949634552 
vt 0.16314640641212463 0.1403173804283142 
vt 0.16601718962192535 0.16470356285572052 
vt 0.16517987847328186 0.18824884295463562 
vt 0.9603870511054993 0.2719787657260895 
vt 0.891488254070282 0.2719787657260895 
vt 0.8194794058799744 0.2719787657260895 
vt 0.891488254070282 0.2719787657260895 
vt 0.8194794058799744 0.2719787657260895 
vt 0.8194794058799744 0.2719787657260895 
vt 0.8194794058799744 0.2719787657260895 
vt 0.7474705576896667 0.2719787657260895 
vt 0.8194794058799744 0.2719787657260895 
vt 0.7474705576896667 0.2719787657260895 
vt 0.8194794058799744 0.2719787657260895 
vt 0.6785717606544495 0.2719787657260895 
vt 0.7474705576896667 0.2719787657260895 
vt 0.6785717606544495 0.2719787657260895 
vt 0.8194794058799744 0.2719787657260895 
vt 0.8194794058799744 0.2719787657260895 
vt 0.8194794058799744 0.2719787657260895 
vt 0.7474705576896667 0.2719787657260895 
vt 0.891488254070282 0.2719787657260895 
vt 0.8194794058799744 0.2719787657260895 
vt 0.8194794058799744 0.2719787657260895 
vt 0.9603870511054993 0.2719787657260895 
vt 0.8194794058799744 0.2719787657260895 
vt 0.891488254070282 0.2719787657260895 
vt 0.7474705576896667 0.2719787657260895 
vt 0.6785717606544495 0.2719787657260895 
vt 0.8194794058799744 0.2719787657260895 
vt 0.8194794058799744 0.2719787657260895 
vt 0.8194794058799744 0.2719787657260895 
vt 0.7474705576896667 0.2719787657260895 
vt 0.891488254070282 0.2719787657260895 
vt 0.8194794058799744 0.2719787657260895 
vt 0.8194794058799744 0.2719787657260895 
vt 0.9603870511054993 0.2719787657260895 
vt 0.8194794058799744 0.2719787657260895 
vt 0.891488254070282 0.2719787657260895 
vt 0.9603870511054993 0.2719787657260895 
vt 0.891488254070282 0.2719787657260895 
vt 0.8194794058799744 0.2719787657260895 
vt 0.891488254070282 0.2719787657260895 
vt 0.8194794058799744 0.2719787657260895 
vt 0.8194794058799744 0.2719787657260895 
vt 0.8194794058799744 0.2719787657260895 
vt 0.7474705576896667 0.2719787657260895 
vt 0.8194794058799744 0.2719787657260895 
vt 0.7474705576896667 0.2719787657260895 
vt 0.8194794058799744 0.2719787657260895 
vt 0.6785717606544495 0.2719787657260895 
vt 0.8997417092323303 0.14247970283031464 
vt 0.8997417092323303 0.1472848653793335 
vt 0.8876605033874512 0.13659338653087616 
vt 0.8997417092323303 0.15209002792835236 
vt 0.8997417092323303 0.15917763113975525 
vt 0.8997417092323303 0.16626524925231934 
vt 0.8997417092323303 0.17347298562526703 
vt 0.8829954862594604 0.16830743849277496 
vt 0.8975886702537537 0.17311260104179382 
vt 0.8954355716705322 0.17263208329677582 
vt 0.8931628465652466 0.1722716987133026 
vt 0.8906509280204773 0.171550914645195 
vt 0.8882585763931274 0.1708301454782486 
vt 0.8871820569038391 0.1704697608947754 
vt 0.8863447308540344 0.1702294945716858 
vt 0.878928542137146 0.16770678758621216 
vt 0.8807227611541748 0.16842757165431976 
vt 0.8845505118370056 0.16962885856628418 
vt 0.8817993402481079 0.16878795623779297 
vt 0.8833543658256531 0.16938859224319458 
vt 0.8779716491699219 0.16734640300273895 
vt 0.877014696598053 0.16698601841926575 
vt 0.8752204775810242 0.16626524925231934 
vt 0.8735458254814148 0.16554446518421173 
vt 0.8709142804145813 0.1638626605272293 
vt 0.8682827353477478 0.1621808558702469 
vt 0.8655315637588501 0.16049905121326447 
vt 0.8672061562538147 0.1559341549873352 
vt 0.8688808083534241 0.15136924386024475 
vt 0.8705554008483887 0.1469244807958603 
vt 0.8728281259536743 0.14055763185024261 
vt 0.87510085105896 0.13431093096733093 
vt 0.8773735165596008 0.12806421518325806 
vt 0.8800051212310791 0.12085647881031036 
vt 0.8825170397758484 0.11376886814832687 
vt 0.8851485848426819 0.10668125748634338 
vt 0.8887370824813843 0.09683068096637726 
vt 0.8969905376434326 0.08373662084341049 
vt 0.8924451470375061 0.08661971241235733 
vt 0.8938805460929871 0.08313597738742828 
vt 0.8951963186264038 0.07977236062288284 
vt 0.8965120911598206 0.076408751308918 
vt 0.896751344203949 0.076168492436409 
vt 0.8968709707260132 0.0759282335639 
vt 0.8971101641654968 0.07568797469139099 
vt 0.8997417092323303 0.07761003822088242 
vt 0.8997417092323303 0.0762886255979538 
vt 0.8975886702537537 0.07496720552444458 
vt 0.8997417092323303 0.07496720552444458 
vt 0.8980671167373657 0.07424642890691757 
vt 0.8984259366989136 0.07424642890691757 
vt 0.8996221423149109 0.07472694665193558 
vt 0.8987848162651062 0.07412630319595337 
vt 0.8993828892707825 0.07436655461788177 
vt 0.899143636226654 0.07412630319595337 
vt 0.8997417092323303 0.07809055596590042 
vt 0.8997417092323303 0.07845094054937363 
vt 0.8997417092323303 0.07893145829439163 
vt 0.8997417092323303 0.08193468302488327 
vt 0.8997417092323303 0.08493790775537491 
vt 0.8997417092323303 0.08782100677490234 
vt 0.8997417092323303 0.09755145758390427 
vt 0.8997417092323303 0.10932409763336182 
vt 0.8997417092323303 0.11869415640830994 
vt 0.8997417092323303 0.12818434834480286 
vt 0.8997417092323303 0.13767454028129578 
vt 0.7943600416183472 0.24567051231861115 
vt 0.7955561876296997 0.2569626271724701 
vt 0.8012977838516235 0.24470947682857513 
vt 0.8003408312797546 0.2585243284702301 
vt 0.8012977838516235 0.24470947682857513 
vt 0.8003408312797546 0.2585243284702301 
vt 0.8088335990905762 0.24482960999011993 
vt 0.8078766465187073 0.2591249644756317 
vt 0.8088335990905762 0.24482960999011993 
vt 0.8078766465187073 0.2591249644756317 
vt 0.8168478608131409 0.24494974315166473 
vt 0.8168478608131409 0.2592450976371765 
vt 0.8168478608131409 0.24494974315166473 
vt 0.8168478608131409 0.2592450976371765 
vt 0.8248621225357056 0.24482960999011993 
vt 0.8259386420249939 0.2591249644756317 
vt 0.8248621225357056 0.24482960999011993 
vt 0.8259386420249939 0.2591249644756317 
vt 0.8323979377746582 0.24470947682857513 
vt 0.8333548307418823 0.2584041953086853 
vt 0.8323979377746582 0.24470947682857513 
vt 0.8333548307418823 0.2584041953086853 
vt 0.8393356800079346 0.24555037915706635 
vt 0.8381394743919373 0.2569626271724701 
vt 0.7967523336410522 0.2269303947687149 
vt 0.7862261533737183 0.23017387092113495 
vt 0.8012977838516235 0.24470947682857513 
vt 0.7943600416183472 0.24567051231861115 
vt 0.8070393204689026 0.2262096107006073 
vt 0.7967523336410522 0.2269303947687149 
vt 0.8088335990905762 0.24482960999011993 
vt 0.8012977838516235 0.24470947682857513 
vt 0.8168478608131409 0.2262096107006073 
vt 0.8070393204689026 0.2262096107006073 
vt 0.8168478608131409 0.24494974315166473 
vt 0.8088335990905762 0.24482960999011993 
vt 0.8265367150306702 0.2262096107006073 
vt 0.8168478608131409 0.2262096107006073 
vt 0.8248621225357056 0.24482960999011993 
vt 0.8168478608131409 0.24494974315166473 
vt 0.8368237018585205 0.2268102616071701 
vt 0.8265367150306702 0.2262096107006073 
vt 0.8323979377746582 0.24470947682857513 
vt 0.8248621225357056 0.24482960999011993 
vt 0.8473499417304993 0.23005373775959015 
vt 0.8368237018585205 0.2268102616071701 
vt 0.8393356800079346 0.24555037915706635 
vt 0.8323979377746582 0.24470947682857513 
vt 0.7943600416183472 0.24567051231861115 
vt 0.8012977838516235 0.24470947682857513 
vt 0.7955561876296997 0.2569626271724701 
vt 0.8003408312797546 0.2585243284702301 
vt 0.8012977838516235 0.24470947682857513 
vt 0.8088335990905762 0.24482960999011993 
vt 0.8003408312797546 0.2585243284702301 
vt 0.8078766465187073 0.2591249644756317 
vt 0.8088335990905762 0.24482960999011993 
vt 0.8168478608131409 0.24494974315166473 
vt 0.8078766465187073 0.2591249644756317 
vt 0.8168478608131409 0.2592450976371765 
vt 0.8168478608131409 0.24494974315166473 
vt 0.8248621225357056 0.24482960999011993 
vt 0.8168478608131409 0.2592450976371765 
vt 0.8259386420249939 0.2591249644756317 
vt 0.8248621225357056 0.24482960999011993 
vt 0.8323979377746582 0.24470947682857513 
vt 0.8259386420249939 0.2591249644756317 
vt 0.8333548307418823 0.2584041953086853 
vt 0.8323979377746582 0.24470947682857513 
vt 0.8393356800079346 0.24555037915706635 
vt 0.8333548307418823 0.2584041953086853 
vt 0.8381394743919373 0.2569626271724701 
vt 0.7967523336410522 0.2269303947687149 
vt 0.8012977838516235 0.24470947682857513 
vt 0.7862261533737183 0.23017387092113495 
vt 0.7943600416183472 0.24567051231861115 
vt 0.8070393204689026 0.2262096107006073 
vt 0.8088335990905762 0.24482960999011993 
vt 0.7967523336410522 0.2269303947687149 
vt 0.8012977838516235 0.24470947682857513 
vt 0.8168478608131409 0.2262096107006073 
vt 0.8168478608131409 0.24494974315166473 
vt 0.8070393204689026 0.2262096107006073 
vt 0.8088335990905762 0.24482960999011993 
vt 0.8265367150306702 0.2262096107006073 
vt 0.8248621225357056 0.24482960999011993 
vt 0.8168478608131409 0.2262096107006073 
vt 0.8168478608131409 0.24494974315166473 
vt 0.8368237018585205 0.2268102616071701 
vt 0.8323979377746582 0.24470947682857513 
vt 0.8265367150306702 0.2262096107006073 
vt 0.8248621225357056 0.24482960999011993 
vt 0.8473499417304993 0.23005373775959015 
vt 0.8393356800079346 0.24555037915706635 
vt 0.8368237018585205 0.2268102616071701 
vt 0.8323979377746582 0.24470947682857513 
vt 0.46732988953590393 0.24855360388755798 
vt 0.46852606534957886 0.2599658668041229 
vt 0.4742676317691803 0.24771270155906677 
vt 0.4733106791973114 0.26140740513801575 
vt 0.4742676317691803 0.24771270155906677 
vt 0.4733106791973114 0.26140740513801575 
vt 0.48180341720581055 0.24771270155906677 
vt 0.48084649443626404 0.26200804114341736 
vt 0.48180341720581055 0.24771270155906677 
vt 0.48084649443626404 0.26200804114341736 
vt 0.48981770873069763 0.24783283472061157 
vt 0.48981770873069763 0.26224830746650696 
vt 0.48981770873069763 0.24783283472061157 
vt 0.48981770873069763 0.26224830746650696 
vt 0.49783197045326233 0.24771270155906677 
vt 0.49890851974487305 0.26200804114341736 
vt 0.49783197045326233 0.24771270155906677 
vt 0.49890851974487305 0.26200804114341736 
vt 0.5053677558898926 0.24759258329868317 
vt 0.5063247084617615 0.26140740513801575 
vt 0.5053677558898926 0.24759258329868317 
vt 0.5063247084617615 0.26140740513801575 
vt 0.5124251246452332 0.24843348562717438 
vt 0.5112289786338806 0.2598457336425781 
vt 0.4697222113609314 0.22981348633766174 
vt 0.459196001291275 0.2330569624900818 
vt 0.4742676317691803 0.24771270155906677 
vt 0.46732988953590393 0.24855360388755798 
vt 0.48012879490852356 0.22921283543109894 
vt 0.4697222113609314 0.22981348633766174 
vt 0.48180341720581055 0.24771270155906677 
vt 0.4742676317691803 0.24771270155906677 
vt 0.48981770873069763 0.22921283543109894 
vt 0.48012879490852356 0.22921283543109894 
vt 0.48981770873069763 0.24783283472061157 
vt 0.48180341720581055 0.24771270155906677 
vt 0.4995065927505493 0.22909271717071533 
vt 0.48981770873069763 0.22921283543109894 
vt 0.49783197045326233 0.24771270155906677 
vt 0.48981770873069763 0.24783283472061157 
vt 0.5097935795783997 0.22981348633766174 
vt 0.4995065927505493 0.22909271717071533 
vt 0.5053677558898926 0.24759258329868317 
vt 0.49783197045326233 0.24771270155906677 
vt 0.5203197598457336 0.23293684422969818 
vt 0.5097935795783997 0.22981348633766174 
vt 0.5124251246452332 0.24843348562717438 
vt 0.5053677558898926 0.24759258329868317 
vt 0.46732988953590393 0.24855360388755798 
vt 0.4742676317691803 0.24771270155906677 
vt 0.46852606534957886 0.2599658668041229 
vt 0.4733106791973114 0.26140740513801575 
vt 0.4742676317691803 0.24771270155906677 
vt 0.48180341720581055 0.24771270155906677 
vt 0.4733106791973114 0.26140740513801575 
vt 0.48084649443626404 0.26200804114341736 
vt 0.48180341720581055 0.24771270155906677 
vt 0.48981770873069763 0.24783283472061157 
vt 0.48084649443626404 0.26200804114341736 
vt 0.48981770873069763 0.26224830746650696 
vt 0.48981770873069763 0.24783283472061157 
vt 0.49783197045326233 0.24771270155906677 
vt 0.48981770873069763 0.26224830746650696 
vt 0.49890851974487305 0.26200804114341736 
vt 0.49783197045326233 0.24771270155906677 
vt 0.5053677558898926 0.24759258329868317 
vt 0.49890851974487305 0.26200804114341736 
vt 0.5063247084617615 0.26140740513801575 
vt 0.5053677558898926 0.24759258329868317 
vt 0.5124251246452332 0.24843348562717438 
vt 0.5063247084617615 0.26140740513801575 
vt 0.5112289786338806 0.2598457336425781 
vt 0.4697222113609314 0.22981348633766174 
vt 0.4742676317691803 0.24771270155906677 
vt 0.459196001291275 0.2330569624900818 
vt 0.46732988953590393 0.24855360388755798 
vt 0.48012879490852356 0.22921283543109894 
vt 0.48180341720581055 0.24771270155906677 
vt 0.4697222113609314 0.22981348633766174 
vt 0.4742676317691803 0.24771270155906677 
vt 0.48981770873069763 0.22921283543109894 
vt 0.48981770873069763 0.24783283472061157 
vt 0.48012879490852356 0.22921283543109894 
vt 0.48180341720581055 0.24771270155906677 
vt 0.4995065927505493 0.22909271717071533 
vt 0.49783197045326233 0.24771270155906677 
vt 0.48981770873069763 0.22921283543109894 
vt 0.48981770873069763 0.24783283472061157 
vt 0.5097935795783997 0.22981348633766174 
vt 0.5053677558898926 0.24759258329868317 
vt 0.4995065927505493 0.22909271717071533 
vt 0.49783197045326233 0.24771270155906677 
vt 0.5203197598457336 0.23293684422969818 
vt 0.5124251246452332 0.24843348562717438 
vt 0.5097935795783997 0.22981348633766174 
vt 0.5053677558898926 0.24759258329868317 
vt 0.7901734709739685 0.6362099051475525 
vt 0.791369616985321 0.6476221680641174 
vt 0.7972308397293091 0.6352488398551941 
vt 0.796154260635376 0.6490637063980103 
vt 0.7972308397293091 0.6352488398551941 
vt 0.796154260635376 0.6490637063980103 
vt 0.8047666549682617 0.6353690028190613 
vt 0.8036900758743286 0.6496643424034119 
vt 0.8047666549682617 0.6353690028190613 
vt 0.8036900758743286 0.6496643424034119 
vt 0.8126612901687622 0.6354891061782837 
vt 0.8127809166908264 0.6499046087265015 
vt 0.8126612901687622 0.6354891061782837 
vt 0.8127809166908264 0.6499046087265015 
vt 0.8206755518913269 0.6353690028190613 
vt 0.82175213098526 0.6496643424034119 
vt 0.8206755518913269 0.6353690028190613 
vt 0.82175213098526 0.6496643424034119 
vt 0.8282113671302795 0.6352488398551941 
vt 0.8292878866195679 0.6489435434341431 
vt 0.8282113671302795 0.6352488398551941 
vt 0.8292878866195679 0.6489435434341431 
vt 0.8352687358856201 0.6360897421836853 
vt 0.8340725302696228 0.6475020051002502 
vt 0.7926853895187378 0.6174697875976562 
vt 0.7821592092514038 0.6207132339477539 
vt 0.7972308397293091 0.6352488398551941 
vt 0.7901734709739685 0.6362099051475525 
vt 0.8029723763465881 0.6168691515922546 
vt 0.7926853895187378 0.6174697875976562 
vt 0.8047666549682617 0.6353690028190613 
vt 0.7972308397293091 0.6352488398551941 
vt 0.8126612901687622 0.6167489886283875 
vt 0.8029723763465881 0.6168691515922546 
vt 0.8126612901687622 0.6354891061782837 
vt 0.8047666549682617 0.6353690028190613 
vt 0.8223502039909363 0.6167489886283875 
vt 0.8126612901687622 0.6167489886283875 
vt 0.8206755518913269 0.6353690028190613 
vt 0.8126612901687622 0.6354891061782837 
vt 0.832756757736206 0.6173496246337891 
vt 0.8223502039909363 0.6167489886283875 
vt 0.8282113671302795 0.6352488398551941 
vt 0.8206755518913269 0.6353690028190613 
vt 0.8432829976081848 0.6205931305885315 
vt 0.832756757736206 0.6173496246337891 
vt 0.8352687358856201 0.6360897421836853 
vt 0.8282113671302795 0.6352488398551941 
vt 0.7901734709739685 0.6362099051475525 
vt 0.7972308397293091 0.6352488398551941 
vt 0.791369616985321 0.6476221680641174 
vt 0.796154260635376 0.6490637063980103 
vt 0.7972308397293091 0.6352488398551941 
vt 0.8047666549682617 0.6353690028190613 
vt 0.796154260635376 0.6490637063980103 
vt 0.8036900758743286 0.6496643424034119 
vt 0.8047666549682617 0.6353690028190613 
vt 0.8126612901687622 0.6354891061782837 
vt 0.8036900758743286 0.6496643424034119 
vt 0.8127809166908264 0.6499046087265015 
vt 0.8126612901687622 0.6354891061782837 
vt 0.8206755518913269 0.6353690028190613 
vt 0.8127809166908264 0.6499046087265015 
vt 0.82175213098526 0.6496643424034119 
vt 0.8206755518913269 0.6353690028190613 
vt 0.8282113671302795 0.6352488398551941 
vt 0.82175213098526 0.6496643424034119 
vt 0.8292878866195679 0.6489435434341431 
vt 0.8282113671302795 0.6352488398551941 
vt 0.8352687358856201 0.6360897421836853 
vt 0.8292878866195679 0.6489435434341431 
vt 0.8340725302696228 0.6475020051002502 
vt 0.7926853895187378 0.6174697875976562 
vt 0.7972308397293091 0.6352488398551941 
vt 0.7821592092514038 0.6207132339477539 
vt 0.7901734709739685 0.6362099051475525 
vt 0.8029723763465881 0.6168691515922546 
vt 0.8047666549682617 0.6353690028190613 
vt 0.7926853895187378 0.6174697875976562 
vt 0.7972308397293091 0.6352488398551941 
vt 0.8126612901687622 0.6167489886283875 
vt 0.8126612901687622 0.6354891061782837 
vt 0.8029723763465881 0.6168691515922546 
vt 0.8047666549682617 0.6353690028190613 
vt 0.8223502039909363 0.6167489886283875 
vt 0.8206755518913269 0.6353690028190613 
vt 0.8126612901687622 0.6167489886283875 
vt 0.8126612901687622 0.6354891061782837 
vt 0.832756757736206 0.6173496246337891 
vt 0.8282113671302795 0.6352488398551941 
vt 0.8223502039909363 0.6167489886283875 
vt 0.8206755518913269 0.6353690028190613 
vt 0.8432829976081848 0.6205931305885315 
vt 0.8352687358856201 0.6360897421836853 
vt 0.832756757736206 0.6173496246337891 
vt 0.8282113671302795 0.6352488398551941 
vt 0.46469834446907043 0.6400540471076965 
vt 0.46577489376068115 0.6513461470603943 
vt 0.4716360569000244 0.6390929818153381 
vt 0.4706791341304779 0.6529078483581543 
vt 0.4716360569000244 0.6390929818153381 
vt 0.4706791341304779 0.6529078483581543 
vt 0.47917187213897705 0.6392131447792053 
vt 0.47809532284736633 0.6535084843635559 
vt 0.47917187213897705 0.6392131447792053 
vt 0.47809532284736633 0.6535084843635559 
vt 0.48718616366386414 0.6393332481384277 
vt 0.48718616366386414 0.6536285877227783 
vt 0.48718616366386414 0.6393332481384277 
vt 0.48718616366386414 0.6536285877227783 
vt 0.49520042538642883 0.6392131447792053 
vt 0.49615734815597534 0.6533883213996887 
vt 0.49520042538642883 0.6392131447792053 
vt 0.49615734815597534 0.6533883213996887 
vt 0.5027362108230591 0.6389728784561157 
vt 0.503693163394928 0.6527876853942871 
vt 0.5027362108230591 0.6389728784561157 
vt 0.503693163394928 0.6527876853942871 
vt 0.5096739530563354 0.6399338841438293 
vt 0.5084778070449829 0.6512260437011719 
vt 0.4670906662940979 0.6213138699531555 
vt 0.45656445622444153 0.624557375907898 
vt 0.4716360569000244 0.6390929818153381 
vt 0.46469834446907043 0.6400540471076965 
vt 0.47737762331962585 0.6205931305885315 
vt 0.4670906662940979 0.6213138699531555 
vt 0.47917187213897705 0.6392131447792053 
vt 0.4716360569000244 0.6390929818153381 
vt 0.4870665371417999 0.6205931305885315 
vt 0.47737762331962585 0.6205931305885315 
vt 0.48718616366386414 0.6393332481384277 
vt 0.47917187213897705 0.6392131447792053 
vt 0.4968750476837158 0.6205931305885315 
vt 0.4870665371417999 0.6205931305885315 
vt 0.49520042538642883 0.6392131447792053 
vt 0.48718616366386414 0.6393332481384277 
vt 0.5071620345115662 0.6211937665939331 
vt 0.4968750476837158 0.6205931305885315 
vt 0.5027362108230591 0.6389728784561157 
vt 0.49520042538642883 0.6392131447792053 
vt 0.5176882147789001 0.6244372725486755 
vt 0.5071620345115662 0.6211937665939331 
vt 0.5096739530563354 0.6399338841438293 
vt 0.5027362108230591 0.6389728784561157 
vt 0.46469834446907043 0.6400540471076965 
vt 0.4716360569000244 0.6390929818153381 
vt 0.46577489376068115 0.6513461470603943 
vt 0.4706791341304779 0.6529078483581543 
vt 0.4716360569000244 0.6390929818153381 
vt 0.47917187213897705 0.6392131447792053 
vt 0.4706791341304779 0.6529078483581543 
vt 0.47809532284736633 0.6535084843635559 
vt 0.47917187213897705 0.6392131447792053 
vt 0.48718616366386414 0.6393332481384277 
vt 0.47809532284736633 0.6535084843635559 
vt 0.48718616366386414 0.6536285877227783 
vt 0.48718616366386414 0.6393332481384277 
vt 0.49520042538642883 0.6392131447792053 
vt 0.48718616366386414 0.6536285877227783 
vt 0.49615734815597534 0.6533883213996887 
vt 0.49520042538642883 0.6392131447792053 
vt 0.5027362108230591 0.6389728784561157 
vt 0.49615734815597534 0.6533883213996887 
vt 0.503693163394928 0.6527876853942871 
vt 0.5027362108230591 0.6389728784561157 
vt 0.5096739530563354 0.6399338841438293 
vt 0.503693163394928 0.6527876853942871 
vt 0.5084778070449829 0.6512260437011719 
vt 0.4670906662940979 0.6213138699531555 
vt 0.4716360569000244 0.6390929818153381 
vt 0.45656445622444153 0.624557375907898 
vt 0.46469834446907043 0.6400540471076965 
vt 0.47737762331962585 0.6205931305885315 
vt 0.47917187213897705 0.6392131447792053 
vt 0.4670906662940979 0.6213138699531555 
vt 0.4716360569000244 0.6390929818153381 
vt 0.4870665371417999 0.6205931305885315 
vt 0.48718616366386414 0.6393332481384277 
vt 0.47737762331962585 0.6205931305885315 
vt 0.47917187213897705 0.6392131447792053 
vt 0.4968750476837158 0.6205931305885315 
vt 0.49520042538642883 0.6392131447792053 
vt 0.4870665371417999 0.6205931305885315 
vt 0.48718616366386414 0.6393332481384277 
vt 0.5071620345115662 0.6211937665939331 
vt 0.5027362108230591 0.6389728784561157 
vt 0.4968750476837158 0.6205931305885315 
vt 0.49520042538642883 0.6392131447792053 
vt 0.5176882147789001 0.6244372725486755 
vt 0.5096739530563354 0.6399338841438293 
vt 0.5071620345115662 0.6211937665939331 
vt 0.5027362108230591 0.6389728784561157 
vt 0.14257244765758514 0.2570827603340149 
vt 0.14376860857009888 0.26837489008903503 
vt 0.14962980151176453 0.2561217248439789 
vt 0.1485532522201538 0.26993656158447266 
vt 0.14962980151176453 0.2561217248439789 
vt 0.1485532522201538 0.26993656158447266 
vt 0.15716560184955597 0.2562418580055237 
vt 0.15608906745910645 0.27053722739219666 
vt 0.15716560184955597 0.2562418580055237 
vt 0.15608906745910645 0.27053722739219666 
vt 0.16506026685237885 0.2563619911670685 
vt 0.16517987847328186 0.27065733075141907 
vt 0.16506026685237885 0.2563619911670685 
vt 0.16517987847328186 0.27065733075141907 
vt 0.17307452857494354 0.2561217248439789 
vt 0.17415107786655426 0.27041709423065186 
vt 0.17307452857494354 0.2561217248439789 
vt 0.17415107786655426 0.27041709423065186 
vt 0.18061034381389618 0.2560015916824341 
vt 0.1816868931055069 0.26981642842292786 
vt 0.18061034381389618 0.2560015916824341 
vt 0.1816868931055069 0.26981642842292786 
vt 0.18766768276691437 0.2569626271724701 
vt 0.18647152185440063 0.26825475692749023 
vt 0.14508439600467682 0.23834264278411865 
vt 0.13455818593502045 0.2415861189365387 
vt 0.14962980151176453 0.2561217248439789 
vt 0.14257244765758514 0.2570827603340149 
vt 0.15537136793136597 0.23762187361717224 
vt 0.14508439600467682 0.23834264278411865 
vt 0.15716560184955597 0.2562418580055237 
vt 0.14962980151176453 0.2561217248439789 
vt 0.16506026685237885 0.23762187361717224 
vt 0.15537136793136597 0.23762187361717224 
vt 0.16506026685237885 0.2563619911670685 
vt 0.15716560184955597 0.2562418580055237 
vt 0.17474915087223053 0.23762187361717224 
vt 0.16506026685237885 0.23762187361717224 
vt 0.17307452857494354 0.2561217248439789 
vt 0.16506026685237885 0.2563619911670685 
vt 0.18503613770008087 0.23822250962257385 
vt 0.17474915087223053 0.23762187361717224 
vt 0.18061034381389618 0.2560015916824341 
vt 0.17307452857494354 0.2561217248439789 
vt 0.19568195939064026 0.2413458675146103 
vt 0.18503613770008087 0.23822250962257385 
vt 0.18766768276691437 0.2569626271724701 
vt 0.18061034381389618 0.2560015916824341 
vt 0.14257244765758514 0.2570827603340149 
vt 0.14962980151176453 0.2561217248439789 
vt 0.14376860857009888 0.26837489008903503 
vt 0.1485532522201538 0.26993656158447266 
vt 0.14962980151176453 0.2561217248439789 
vt 0.15716560184955597 0.2562418580055237 
vt 0.1485532522201538 0.26993656158447266 
vt 0.15608906745910645 0.27053722739219666 
vt 0.15716560184955597 0.2562418580055237 
vt 0.16506026685237885 0.2563619911670685 
vt 0.15608906745910645 0.27053722739219666 
vt 0.16517987847328186 0.27065733075141907 
vt 0.16506026685237885 0.2563619911670685 
vt 0.17307452857494354 0.2561217248439789 
vt 0.16517987847328186 0.27065733075141907 
vt 0.17415107786655426 0.27041709423065186 
vt 0.17307452857494354 0.2561217248439789 
vt 0.18061034381389618 0.2560015916824341 
vt 0.17415107786655426 0.27041709423065186 
vt 0.1816868931055069 0.26981642842292786 
vt 0.18061034381389618 0.2560015916824341 
vt 0.18766768276691437 0.2569626271724701 
vt 0.1816868931055069 0.26981642842292786 
vt 0.18647152185440063 0.26825475692749023 
vt 0.14508439600467682 0.23834264278411865 
vt 0.14962980151176453 0.2561217248439789 
vt 0.13455818593502045 0.2415861189365387 
vt 0.14257244765758514 0.2570827603340149 
vt 0.15537136793136597 0.23762187361717224 
vt 0.15716560184955597 0.2562418580055237 
vt 0.14508439600467682 0.23834264278411865 
vt 0.14962980151176453 0.2561217248439789 
vt 0.16506026685237885 0.23762187361717224 
vt 0.16506026685237885 0.2563619911670685 
vt 0.15537136793136597 0.23762187361717224 
vt 0.15716560184955597 0.2562418580055237 
vt 0.17474915087223053 0.23762187361717224 
vt 0.17307452857494354 0.2561217248439789 
vt 0.16506026685237885 0.23762187361717224 
vt 0.16506026685237885 0.2563619911670685 
vt 0.18503613770008087 0.23822250962257385 
vt 0.18061034381389618 0.2560015916824341 
vt 0.17474915087223053 0.23762187361717224 
vt 0.17307452857494354 0.2561217248439789 
vt 0.19568195939064026 0.2413458675146103 
vt 0.18766768276691437 0.2569626271724701 
vt 0.18503613770008087 0.23822250962257385 
vt 0.18061034381389618 0.2560015916824341 
vt 0.14161552488803864 0.6422163248062134 
vt 0.14281168580055237 0.6536285877227783 
vt 0.14867286384105682 0.6412553191184998 
vt 0.1475963294506073 0.6550701260566711 
vt 0.14867286384105682 0.6412553191184998 
vt 0.1475963294506073 0.6550701260566711 
vt 0.15608906745910645 0.6413754224777222 
vt 0.15513212978839874 0.6556707620620728 
vt 0.15608906745910645 0.6413754224777222 
vt 0.15513212978839874 0.6556707620620728 
vt 0.16410332918167114 0.6414955854415894 
vt 0.16422295570373535 0.6559110283851624 
vt 0.16410332918167114 0.6414955854415894 
vt 0.16422295570373535 0.6559110283851624 
vt 0.17211760580539703 0.6413754224777222 
vt 0.17319415509700775 0.6556707620620728 
vt 0.17211760580539703 0.6413754224777222 
vt 0.17319415509700775 0.6556707620620728 
vt 0.17965342104434967 0.6412553191184998 
vt 0.1807299554347992 0.6549500226974487 
vt 0.17965342104434967 0.6412553191184998 
vt 0.1807299554347992 0.6549500226974487 
vt 0.18671075999736786 0.642096221446991 
vt 0.18551459908485413 0.6535084843635559 
vt 0.14412745833396912 0.6234762072563171 
vt 0.13360124826431274 0.6267197132110596 
vt 0.14867286384105682 0.6412553191184998 
vt 0.14161552488803864 0.6422163248062134 
vt 0.15441444516181946 0.6228755712509155 
vt 0.14412745833396912 0.6234762072563171 
vt 0.15608906745910645 0.6413754224777222 
vt 0.14867286384105682 0.6412553191184998 
vt 0.16410332918167114 0.6227554678916931 
vt 0.15441444516181946 0.6228755712509155 
vt 0.16410332918167114 0.6414955854415894 
vt 0.15608906745910645 0.6413754224777222 
vt 0.17379222810268402 0.6227554678916931 
vt 0.16410332918167114 0.6227554678916931 
vt 0.17211760580539703 0.6413754224777222 
vt 0.16410332918167114 0.6414955854415894 
vt 0.18407920002937317 0.6233561038970947 
vt 0.17379222810268402 0.6227554678916931 
vt 0.17965342104434967 0.6412553191184998 
vt 0.17211760580539703 0.6413754224777222 
vt 0.19472503662109375 0.6265995502471924 
vt 0.18407920002937317 0.6233561038970947 
vt 0.18671075999736786 0.642096221446991 
vt 0.17965342104434967 0.6412553191184998 
vt 0.14161552488803864 0.6422163248062134 
vt 0.14867286384105682 0.6412553191184998 
vt 0.14281168580055237 0.6536285877227783 
vt 0.1475963294506073 0.6550701260566711 
vt 0.14867286384105682 0.6412553191184998 
vt 0.15608906745910645 0.6413754224777222 
vt 0.1475963294506073 0.6550701260566711 
vt 0.15513212978839874 0.6556707620620728 
vt 0.15608906745910645 0.6413754224777222 
vt 0.16410332918167114 0.6414955854415894 
vt 0.15513212978839874 0.6556707620620728 
vt 0.16422295570373535 0.6559110283851624 
vt 0.16410332918167114 0.6414955854415894 
vt 0.17211760580539703 0.6413754224777222 
vt 0.16422295570373535 0.6559110283851624 
vt 0.17319415509700775 0.6556707620620728 
vt 0.17211760580539703 0.6413754224777222 
vt 0.17965342104434967 0.6412553191184998 
vt 0.17319415509700775 0.6556707620620728 
vt 0.1807299554347992 0.6549500226974487 
vt 0.17965342104434967 0.6412553191184998 
vt 0.18671075999736786 0.642096221446991 
vt 0.1807299554347992 0.6549500226974487 
vt 0.18551459908485413 0.6535084843635559 
vt 0.14412745833396912 0.6234762072563171 
vt 0.14867286384105682 0.6412553191184998 
vt 0.13360124826431274 0.6267197132110596 
vt 0.14161552488803864 0.6422163248062134 
vt 0.15441444516181946 0.6228755712509155 
vt 0.15608906745910645 0.6413754224777222 
vt 0.14412745833396912 0.6234762072563171 
vt 0.14867286384105682 0.6412553191184998 
vt 0.16410332918167114 0.6227554678916931 
vt 0.16410332918167114 0.6414955854415894 
vt 0.15441444516181946 0.6228755712509155 
vt 0.15608906745910645 0.6413754224777222 
vt 0.17379222810268402 0.6227554678916931 
vt 0.17211760580539703 0.6413754224777222 
vt 0.16410332918167114 0.6227554678916931 
vt 0.16410332918167114 0.6414955854415894 
vt 0.18407920002937317 0.6233561038970947 
vt 0.17965342104434967 0.6412553191184998 
vt 0.17379222810268402 0.6227554678916931 
vt 0.17211760580539703 0.6413754224777222 
vt 0.19472503662109375 0.6265995502471924 
vt 0.18671075999736786 0.642096221446991 
vt 0.18407920002937317 0.6233561038970947 
vt 0.17965342104434967 0.6412553191184998 
vt 0.6449596285820007 0.12914538383483887 
vt 0.6449596285820007 0.11340848356485367 
vt 0.9873006343841553 0.12818434834480286 
vt 0.9873006343841553 0.06763933598995209 
vt 0.6449596285820007 0.14500240981578827 
vt 0.6449596285820007 0.12914538383483887 
vt 0.9873006343841553 0.18920987844467163 
vt 0.9873006343841553 0.12818434834480286 
vt 0.6449596285820007 0.16049905121326447 
vt 0.6449596285820007 0.14500240981578827 
vt 0.9873006343841553 0.2493945062160492 
vt 0.9873006343841553 0.18920987844467163 
vt 0.6449596285820007 0.14500240981578827 
vt 0.6449596285820007 0.16049905121326447 
vt 0.9873006343841553 0.18920987844467163 
vt 0.9873006343841553 0.2493945062160492 
vt 0.6449596285820007 0.12914538383483887 
vt 0.6449596285820007 0.14500240981578827 
vt 0.9873006343841553 0.12818434834480286 
vt 0.9873006343841553 0.18920987844467163 
vt 0.6449596285820007 0.11340848356485367 
vt 0.6449596285820007 0.12914538383483887 
vt 0.9873006343841553 0.06763933598995209 
vt 0.9873006343841553 0.12818434834480286 
vt 0.6449596285820007 0.09803196787834167 
vt 0.6449596285820007 0.11340848356485367 
vt 0.9873006343841553 0.008055349811911583 
vt 0.9873006343841553 0.06763933598995209 
vt 0.6449596285820007 0.11340848356485367 
vt 0.6449596285820007 0.09803196787834167 
vt 0.9873006343841553 0.06763933598995209 
vt 0.9873006343841553 0.008055349811911583 
vt 0.9873006343841553 0.06763933598995209 
vt 0.6449596285820007 0.11340848356485367 
vt 0.9873006343841553 0.12818434834480286 
vt 0.6449596285820007 0.12914538383483887 
vt 0.9873006343841553 0.12818434834480286 
vt 0.6449596285820007 0.12914538383483887 
vt 0.9873006343841553 0.18920987844467163 
vt 0.6449596285820007 0.14500240981578827 
vt 0.9873006343841553 0.18920987844467163 
vt 0.6449596285820007 0.14500240981578827 
vt 0.9873006343841553 0.2493945062160492 
vt 0.6449596285820007 0.16049905121326447 
vt 0.9873006343841553 0.2493945062160492 
vt 0.6449596285820007 0.16049905121326447 
vt 0.9873006343841553 0.18920987844467163 
vt 0.6449596285820007 0.14500240981578827 
vt 0.9873006343841553 0.18920987844467163 
vt 0.6449596285820007 0.14500240981578827 
vt 0.9873006343841553 0.12818434834480286 
vt 0.6449596285820007 0.12914538383483887 
vt 0.9873006343841553 0.12818434834480286 
vt 0.6449596285820007 0.12914538383483887 
vt 0.9873006343841553 0.06763933598995209 
vt 0.6449596285820007 0.11340848356485367 
vt 0.9873006343841553 0.06763933598995209 
vt 0.6449596285820007 0.11340848356485367 
vt 0.9873006343841553 0.008055349811911583 
vt 0.6449596285820007 0.09803196787834167 
vt 0.9873006343841553 0.008055349811911583 
vt 0.6449596285820007 0.09803196787834167 
vt 0.9873006343841553 0.06763933598995209 
vt 0.6449596285820007 0.11340848356485367 
s on 
f 1/1/1 2/2/2 3/3/3 
f 2/2/2 4/4/4 3/3/3 
f 3/3/3 4/4/4 5/5/5 
f 4/4/4 4/4/4 5/5/5 
f 5/5/5 4/4/4 6/6/6 
f 4/4/4 7/7/7 6/6/6 
f 6/6/6 7/7/7 8/8/8 
f 7/7/7 9/9/9 8/8/8 
f 8/8/8 9/9/9 10/10/10 
f 9/9/9 11/11/11 10/10/10 
f 10/10/10 11/11/11 12/12/12 
f 11/11/11 13/13/13 12/12/12 
f 12/12/12 13/13/13 14/14/14 
f 13/13/13 15/15/15 14/14/14 
f 14/14/14 15/15/15 16/16/16 
f 15/15/15 2/2/2 16/16/16 
f 16/16/16 2/2/2 16/16/16 
f 2/2/2 17/17/17 16/16/16 
f 16/16/16 17/17/17 16/16/16 
f 17/17/17 18/18/18 16/16/16 
f 16/16/16 18/18/18 14/14/14 
f 18/18/18 19/19/19 14/14/14 
f 14/14/14 19/19/19 12/12/12 
f 19/19/19 20/20/20 12/12/12 
f 12/12/12 20/20/20 10/10/10 
f 20/20/20 21/21/21 10/10/10 
f 10/10/10 21/21/21 8/8/8 
f 21/21/21 22/22/22 8/8/8 
f 8/8/8 22/22/22 6/6/6 
f 22/22/22 23/23/23 6/6/6 
f 6/6/6 23/23/23 5/5/5 
f 23/23/23 24/24/24 5/5/5 
f 5/5/5 24/24/24 5/5/5 
f 24/24/24 25/25/25 5/5/5 
f 5/5/5 25/25/25 3/3/3 
f 25/25/25 26/26/26 3/3/3 
f 3/3/3 26/26/26 1/1/1 
f 26/26/26 1/1/1 1/1/1 
f 1/1/1 1/1/1 4/4/4 
f 1/1/1 4/4/4 4/4/4 
f 4/4/4 4/4/4 7/7/7 
f 4/4/4 2/2/2 7/7/7 
f 7/7/7 2/2/2 9/9/9 
f 2/2/2 2/2/2 9/9/9 
f 9/9/9 2/2/2 11/11/11 
f 2/2/2 2/2/2 11/11/11 
f 11/11/11 2/2/2 13/13/13 
f 2/2/2 15/15/15 13/13/13 
f 13/13/13 15/15/15 15/15/15 
f 15/15/15 26/26/26 15/15/15 
f 15/15/15 26/26/26 26/26/26 
f 26/26/26 25/25/25 26/26/26 
f 26/26/26 25/25/25 27/27/27 
f 25/25/25 25/25/25 27/27/27 
f 27/27/27 25/25/25 28/28/28 
f 25/25/25 24/24/24 28/28/28 
f 28/28/28 24/24/24 29/29/29 
f 24/24/24 24/24/24 29/29/29 
f 29/29/29 24/24/24 30/30/30 
f 24/24/24 23/23/23 30/30/30 
f 30/30/30 23/23/23 31/31/31 
f 23/23/23 22/22/22 31/31/31 
f 31/31/31 22/22/22 32/32/32 
f 22/22/22 21/21/21 32/32/32 
f 32/32/32 21/21/21 33/33/33 
f 21/21/21 20/20/20 33/33/33 
f 33/33/33 20/20/20 34/34/34 
f 20/20/20 19/19/19 34/34/34 
f 34/34/34 19/19/19 35/35/35 
f 19/19/19 18/18/18 35/35/35 
f 35/35/35 18/18/18 36/36/36 
f 18/18/18 17/17/17 36/36/36 
f 36/36/36 17/17/17 37/37/37 
f 17/17/17 2/2/2 37/37/37 
f 37/37/37 2/2/2 38/38/38 
f 2/2/2 1/1/1 38/38/38 
f 38/38/38 1/1/1 1/1/1 
f 1/1/1 38/38/38 1/1/1 
f 1/1/1 38/38/38 38/38/38 
f 38/38/38 39/39/39 38/38/38 
f 38/38/38 39/39/39 37/37/37 
f 39/39/39 39/39/39 37/37/37 
f 37/37/37 39/39/39 36/36/36 
f 39/39/39 40/40/40 36/36/36 
f 36/36/36 40/40/40 35/35/35 
f 40/40/40 41/41/41 35/35/35 
f 35/35/35 41/41/41 34/34/34 
f 41/41/41 42/42/42 34/34/34 
f 34/34/34 42/42/42 33/33/33 
f 42/42/42 43/43/43 33/33/33 
f 33/33/33 43/43/43 32/32/32 
f 43/43/43 44/44/44 32/32/32 
f 32/32/32 44/44/44 31/31/31 
f 44/44/44 45/45/45 31/31/31 
f 31/31/31 45/45/45 30/30/30 
f 45/45/45 46/46/46 30/30/30 
f 30/30/30 46/46/46 29/29/29 
f 46/46/46 47/47/47 29/29/29 
f 29/29/29 47/47/47 48/48/48 
f 47/47/47 49/49/49 48/48/48 
f 48/48/48 49/49/49 48/48/48 
f 49/49/49 50/50/50 48/48/48 
f 48/48/48 50/50/50 48/48/48 
f 50/50/50 51/51/51 48/48/48 
f 48/48/48 51/51/51 28/28/28 
f 51/51/51 27/27/27 28/28/28 
f 28/28/28 27/27/27 27/27/27 
f 27/27/27 28/28/28 27/27/27 
f 27/27/27 28/28/28 28/28/28 
f 28/28/28 29/29/29 28/28/28 
f 28/28/28 29/29/29 48/48/48 
f 29/29/29 48/48/48 48/48/48 
f 48/48/48 48/48/48 49/49/49 
f 48/48/48 49/49/49 49/49/49 
f 49/49/49 49/49/49 52/52/52 
f 49/49/49 47/47/47 52/52/52 
f 52/52/52 47/47/47 53/53/53 
f 47/47/47 46/46/46 53/53/53 
f 53/53/53 46/46/46 54/54/54 
f 46/46/46 45/45/45 54/54/54 
f 54/54/54 45/45/45 55/55/55 
f 45/45/45 44/44/44 55/55/55 
f 55/55/55 44/44/44 56/56/56 
f 44/44/44 43/43/43 56/56/56 
f 56/56/56 43/43/43 57/57/57 
f 43/43/43 42/42/42 57/57/57 
f 57/57/57 42/42/42 58/58/58 
f 42/42/42 41/41/41 58/58/58 
f 58/58/58 41/41/41 59/59/59 
f 41/41/41 40/40/40 59/59/59 
f 59/59/59 40/40/40 60/60/60 
f 40/40/40 39/39/39 60/60/60 
f 60/60/60 39/39/39 61/61/61 
f 39/39/39 38/38/38 61/61/61 
f 61/61/61 38/38/38 61/61/61 
f 38/38/38 1/1/1 61/61/61 
f 61/61/61 1/1/1 61/61/61 
f 1/1/1 26/26/26 61/61/61 
f 61/61/61 26/26/26 62/62/62 
f 26/26/26 27/27/27 62/62/62 
f 62/62/62 27/27/27 63/63/63 
f 27/27/27 51/51/51 63/63/63 
f 63/63/63 51/51/51 64/64/64 
f 51/51/51 50/50/50 64/64/64 
f 64/64/64 50/50/50 50/50/50 
f 50/50/50 61/61/61 50/50/50 
f 50/50/50 61/61/61 61/61/61 
f 61/61/61 62/62/62 61/61/61 
f 61/61/61 62/62/62 60/60/60 
f 62/62/62 65/65/65 60/60/60 
f 60/60/60 65/65/65 59/59/59 
f 65/65/65 66/66/66 59/59/59 
f 59/59/59 66/66/66 58/58/58 
f 66/66/66 67/67/67 58/58/58 
f 58/58/58 67/67/67 57/57/57 
f 67/67/67 57/57/57 57/57/57 
f 57/57/57 57/57/57 62/62/62 
f 57/57/57 62/62/62 62/62/62 
f 62/62/62 62/62/62 65/65/65 
f 62/62/62 63/63/63 65/65/65 
f 65/65/65 63/63/63 68/68/68 
f 63/63/63 64/64/64 68/68/68 
f 68/68/68 64/64/64 69/69/69 
f 64/64/64 64/64/64 69/69/69 
f 69/69/69 64/64/64 70/70/70 
f 64/64/64 50/50/50 70/70/70 
f 70/70/70 50/50/50 71/71/71 
f 50/50/50 49/49/49 71/71/71 
f 71/71/71 49/49/49 72/72/72 
f 49/49/49 52/52/52 72/72/72 
f 72/72/72 52/52/52 73/73/73 
f 52/52/52 52/52/52 73/73/73 
f 73/73/73 52/52/52 74/74/74 
f 52/52/52 53/53/53 74/74/74 
f 74/74/74 53/53/53 75/75/75 
f 53/53/53 54/54/54 75/75/75 
f 75/75/75 54/54/54 76/76/76 
f 54/54/54 55/55/55 76/76/76 
f 76/76/76 55/55/55 77/77/77 
f 55/55/55 56/56/56 77/77/77 
f 77/77/77 56/56/56 78/78/78 
f 56/56/56 57/57/57 78/78/78 
f 78/78/78 57/57/57 79/79/79 
f 57/57/57 57/57/57 79/79/79 
f 79/79/79 57/57/57 80/80/80 
f 57/57/57 67/67/67 80/80/80 
f 80/80/80 67/67/67 81/81/81 
f 67/67/67 82/82/82 81/81/81 
f 81/81/81 82/82/82 83/83/83 
f 82/82/82 69/69/69 83/83/83 
f 83/83/83 69/69/69 84/84/84 
f 69/69/69 70/70/70 84/84/84 
f 84/84/84 70/70/70 85/85/85 
f 70/70/70 71/71/71 85/85/85 
f 85/85/85 71/71/71 73/73/73 
f 71/71/71 72/72/72 73/73/73 
f 73/73/73 72/72/72 72/72/72 
f 72/72/72 65/65/65 72/72/72 
f 72/72/72 65/65/65 65/65/65 
f 65/65/65 68/68/68 65/65/65 
f 65/65/65 68/68/68 66/66/66 
f 68/68/68 82/82/82 66/66/66 
f 66/66/66 82/82/82 67/67/67 
f 82/82/82 67/67/67 67/67/67 
f 67/67/67 67/67/67 68/68/68 
f 67/67/67 68/68/68 68/68/68 
f 68/68/68 68/68/68 82/82/82 
f 68/68/68 69/69/69 82/82/82 
f 82/82/82 69/69/69 69/69/69 
f 69/69/69 85/85/85 69/69/69 
f 69/69/69 85/85/85 85/85/85 
f 85/85/85 73/73/73 85/85/85 
f 85/85/85 73/73/73 86/86/86 
f 73/73/73 74/74/74 86/86/86 
f 86/86/86 74/74/74 87/87/87 
f 74/74/74 75/75/75 87/87/87 
f 87/87/87 75/75/75 88/88/88 
f 75/75/75 76/76/76 88/88/88 
f 88/88/88 76/76/76 89/89/89 
f 76/76/76 77/77/77 89/89/89 
f 89/89/89 77/77/77 90/90/90 
f 77/77/77 78/78/78 90/90/90 
f 90/90/90 78/78/78 91/91/91 
f 78/78/78 79/79/79 91/91/91 
f 91/91/91 79/79/79 92/92/92 
f 79/79/79 79/79/79 92/92/92 
f 92/92/92 79/79/79 93/93/93 
f 79/79/79 80/80/80 93/93/93 
f 93/93/93 80/80/80 94/94/94 
f 80/80/80 81/81/81 94/94/94 
f 94/94/94 81/81/81 95/95/95 
f 81/81/81 83/83/83 95/95/95 
f 95/95/95 83/83/83 96/96/96 
f 83/83/83 84/84/84 96/96/96 
f 96/96/96 84/84/84 97/97/97 
f 84/84/84 85/85/85 97/97/97 
f 97/97/97 85/85/85 97/97/97 
f 85/85/85 86/86/86 97/97/97 
f 97/97/97 86/86/86 98/98/98 
f 86/86/86 87/87/87 98/98/98 
f 98/98/98 87/87/87 87/87/87 
f 87/87/87 98/98/98 87/87/87 
f 87/87/87 98/98/98 98/98/98 
f 98/98/98 99/99/99 98/98/98 
f 98/98/98 99/99/99 97/97/97 
f 99/99/99 99/99/99 97/97/97 
f 97/97/97 99/99/99 96/96/96 
f 99/99/99 100/100/100 96/96/96 
f 96/96/96 100/100/100 95/95/95 
f 100/100/100 101/101/101 95/95/95 
f 95/95/95 101/101/101 94/94/94 
f 101/101/101 102/102/102 94/94/94 
f 94/94/94 102/102/102 93/93/93 
f 102/102/102 103/103/103 93/93/93 
f 93/93/93 103/103/103 92/92/92 
f 103/103/103 104/104/104 92/92/92 
f 92/92/92 104/104/104 92/92/92 
f 104/104/104 105/105/105 92/92/92 
f 92/92/92 105/105/105 91/91/91 
f 105/105/105 106/106/106 91/91/91 
f 91/91/91 106/106/106 90/90/90 
f 106/106/106 107/107/107 90/90/90 
f 90/90/90 107/107/107 89/89/89 
f 107/107/107 108/108/108 89/89/89 
f 89/89/89 108/108/108 88/88/88 
f 108/108/108 109/109/109 88/88/88 
f 88/88/88 109/109/109 87/87/87 
f 109/109/109 109/109/109 87/87/87 
f 87/87/87 109/109/109 98/98/98 
f 109/109/109 110/110/110 98/98/98 
f 98/98/98 110/110/110 99/99/99 
f 110/110/110 99/99/99 99/99/99 
f 99/99/99 99/99/99 110/110/110 
f 99/99/99 110/110/110 110/110/110 
f 110/110/110 110/110/110 111/111/111 
f 110/110/110 109/109/109 111/111/111 
f 111/111/111 109/109/109 111/111/111 
f 109/109/109 108/108/108 111/111/111 
f 111/111/111 108/108/108 112/112/112 
f 108/108/108 107/107/107 112/112/112 
f 112/112/112 107/107/107 113/113/113 
f 107/107/107 106/106/106 113/113/113 
f 113/113/113 106/106/106 114/114/114 
f 106/106/106 105/105/105 114/114/114 
f 114/114/114 105/105/105 115/115/115 
f 105/105/105 104/104/104 115/115/115 
f 115/115/115 104/104/104 116/116/116 
f 104/104/104 104/104/104 116/116/116 
f 116/116/116 104/104/104 117/117/117 
f 104/104/104 103/103/103 117/117/117 
f 117/117/117 103/103/103 118/118/118 
f 103/103/103 102/102/102 118/118/118 
f 118/118/118 102/102/102 119/119/119 
f 102/102/102 101/101/101 119/119/119 
f 119/119/119 101/101/101 120/120/120 
f 101/101/101 100/100/100 120/120/120 
f 120/120/120 100/100/100 121/121/121 
f 100/100/100 99/99/99 121/121/121 
f 121/121/121 99/99/99 110/110/110 
f 99/99/99 110/110/110 110/110/110 
f 110/110/110 110/110/110 122/122/122 
f 110/110/110 122/122/122 122/122/122 
f 122/122/122 122/122/122 123/123/123 
f 122/122/122 124/124/124 123/123/123 
f 123/123/123 124/124/124 125/125/125 
f 124/124/124 126/126/126 125/125/125 
f 125/125/125 126/126/126 127/127/127 
f 126/126/126 126/126/126 127/127/127 
f 127/127/127 126/126/126 128/128/128 
f 126/126/126 129/129/129 128/128/128 
f 128/128/128 129/129/129 130/130/130 
f 129/129/129 131/131/131 130/130/130 
f 130/130/130 131/131/131 132/132/132 
f 131/131/131 131/131/131 132/132/132 
f 132/132/132 131/131/131 133/133/133 
f 131/131/131 124/124/124 133/133/133 
f 133/133/133 124/124/124 133/133/133 
f 124/124/124 134/134/134 133/133/133 
f 133/133/133 134/134/134 135/135/135 
f 134/134/134 134/134/134 135/135/135 
f 135/135/135 134/134/134 136/136/136 
f 134/134/134 124/124/124 136/136/136 
f 136/136/136 124/124/124 136/136/136 
f 124/124/124 137/137/137 136/136/136 
f 136/136/136 137/137/137 136/136/136 
f 137/137/137 138/138/138 136/136/136 
f 136/136/136 138/138/138 135/135/135 
f 138/138/138 139/139/139 135/135/135 
f 135/135/135 139/139/139 132/132/132 
f 139/139/139 140/140/140 132/132/132 
f 132/132/132 140/140/140 130/130/130 
f 140/140/140 141/141/141 130/130/130 
f 130/130/130 141/141/141 128/128/128 
f 141/141/141 142/142/142 128/128/128 
f 128/128/128 142/142/142 127/127/127 
f 142/142/142 143/143/143 127/127/127 
f 127/127/127 143/143/143 144/144/144 
f 143/143/143 145/145/145 144/144/144 
f 144/144/144 145/145/145 144/144/144 
f 145/145/145 146/146/146 144/144/144 
f 144/144/144 146/146/146 123/123/123 
f 146/146/146 147/147/147 123/123/123 
f 123/123/123 147/147/147 122/122/122 
f 147/147/147 122/122/122 122/122/122 
f 122/122/122 122/122/122 123/123/123 
f 122/122/122 123/123/123 123/123/123 
f 123/123/123 123/123/123 144/144/144 
f 123/123/123 125/125/125 144/144/144 
f 144/144/144 125/125/125 127/127/127 
f 125/125/125 127/127/127 127/127/127 
f 127/127/127 127/127/127 126/126/126 
f 127/127/127 126/126/126 126/126/126 
f 126/126/126 126/126/126 129/129/129 
f 126/126/126 124/124/124 129/129/129 
f 129/129/129 124/124/124 131/131/131 
f 124/124/124 131/131/131 131/131/131 
f 131/131/131 131/131/131 133/133/133 
f 131/131/131 133/133/133 133/133/133 
f 133/133/133 133/133/133 132/132/132 
f 133/133/133 135/135/135 132/132/132 
f 132/132/132 135/135/135 135/135/135 
f 135/135/135 147/147/147 135/135/135 
f 135/135/135 147/147/147 147/147/147 
f 147/147/147 146/146/146 147/147/147 
f 147/147/147 146/146/146 148/148/148 
f 146/146/146 146/146/146 148/148/148 
f 148/148/148 146/146/146 149/149/149 
f 146/146/146 145/145/145 149/149/149 
f 149/149/149 145/145/145 150/150/150 
f 145/145/145 145/145/145 150/150/150 
f 150/150/150 145/145/145 151/151/151 
f 145/145/145 143/143/143 151/151/151 
f 151/151/151 143/143/143 152/152/152 
f 143/143/143 142/142/142 152/152/152 
f 152/152/152 142/142/142 153/153/153 
f 142/142/142 141/141/141 153/153/153 
f 153/153/153 141/141/141 154/154/154 
f 141/141/141 140/140/140 154/154/154 
f 154/154/154 140/140/140 155/155/155 
f 140/140/140 139/139/139 155/155/155 
f 155/155/155 139/139/139 156/156/156 
f 139/139/139 138/138/138 156/156/156 
f 156/156/156 138/138/138 157/157/157 
f 138/138/138 137/137/137 157/157/157 
f 157/157/157 137/137/137 158/158/158 
f 137/137/137 124/124/124 158/158/158 
f 158/158/158 124/124/124 159/159/159 
f 124/124/124 122/122/122 159/159/159 
f 159/159/159 122/122/122 122/122/122 
f 122/122/122 159/159/159 122/122/122 
f 122/122/122 159/159/159 159/159/159 
f 159/159/159 160/160/160 159/159/159 
f 159/159/159 160/160/160 158/158/158 
f 160/160/160 160/160/160 158/158/158 
f 158/158/158 160/160/160 157/157/157 
f 160/160/160 161/161/161 157/157/157 
f 157/157/157 161/161/161 156/156/156 
f 161/161/161 162/162/162 156/156/156 
f 156/156/156 162/162/162 155/155/155 
f 162/162/162 163/163/163 155/155/155 
f 155/155/155 163/163/163 154/154/154 
f 163/163/163 164/164/164 154/154/154 
f 154/154/154 164/164/164 153/153/153 
f 164/164/164 165/165/165 153/153/153 
f 153/153/153 165/165/165 152/152/152 
f 165/165/165 166/166/166 152/152/152 
f 152/152/152 166/166/166 151/151/151 
f 166/166/166 167/167/167 151/151/151 
f 151/151/151 167/167/167 150/150/150 
f 167/167/167 168/168/168 150/150/150 
f 150/150/150 168/168/168 169/169/169 
f 168/168/168 170/170/170 169/169/169 
f 169/169/169 170/170/170 169/169/169 
f 170/170/170 171/171/171 169/169/169 
f 169/169/169 171/171/171 169/169/169 
f 171/171/171 172/172/172 169/169/169 
f 169/169/169 172/172/172 149/149/149 
f 172/172/172 148/148/148 149/149/149 
f 149/149/149 148/148/148 148/148/148 
f 148/148/148 149/149/149 148/148/148 
f 148/148/148 149/149/149 149/149/149 
f 149/149/149 150/150/150 149/149/149 
f 149/149/149 150/150/150 169/169/169 
f 150/150/150 169/169/169 169/169/169 
f 169/169/169 169/169/169 170/170/170 
f 169/169/169 170/170/170 170/170/170 
f 170/170/170 170/170/170 173/173/173 
f 170/170/170 168/168/168 173/173/173 
f 173/173/173 168/168/168 174/174/174 
f 168/168/168 167/167/167 174/174/174 
f 174/174/174 167/167/167 175/175/175 
f 167/167/167 166/166/166 175/175/175 
f 175/175/175 166/166/166 176/176/176 
f 166/166/166 165/165/165 176/176/176 
f 176/176/176 165/165/165 177/177/177 
f 165/165/165 164/164/164 177/177/177 
f 177/177/177 164/164/164 178/178/178 
f 164/164/164 163/163/163 178/178/178 
f 178/178/178 163/163/163 179/179/179 
f 163/163/163 162/162/162 179/179/179 
f 179/179/179 162/162/162 180/180/180 
f 162/162/162 161/161/161 180/180/180 
f 180/180/180 161/161/161 181/181/181 
f 161/161/161 160/160/160 181/181/181 
f 181/181/181 160/160/160 182/182/182 
f 160/160/160 159/159/159 182/182/182 
f 182/182/182 159/159/159 182/182/182 
f 159/159/159 122/122/122 182/182/182 
f 182/182/182 122/122/122 182/182/182 
f 122/122/122 147/147/147 182/182/182 
f 182/182/182 147/147/147 183/183/183 
f 147/147/147 148/148/148 183/183/183 
f 183/183/183 148/148/148 184/184/184 
f 148/148/148 172/172/172 184/184/184 
f 184/184/184 172/172/172 185/185/185 
f 172/172/172 171/171/171 185/185/185 
f 185/185/185 171/171/171 171/171/171 
f 171/171/171 182/182/182 171/171/171 
f 171/171/171 182/182/182 182/182/182 
f 182/182/182 183/183/183 182/182/182 
f 182/182/182 183/183/183 181/181/181 
f 183/183/183 186/186/186 181/181/181 
f 181/181/181 186/186/186 180/180/180 
f 186/186/186 187/187/187 180/180/180 
f 180/180/180 187/187/187 179/179/179 
f 187/187/187 188/188/188 179/179/179 
f 179/179/179 188/188/188 178/178/178 
f 188/188/188 178/178/178 178/178/178 
f 178/178/178 178/178/178 183/183/183 
f 178/178/178 183/183/183 183/183/183 
f 183/183/183 183/183/183 186/186/186 
f 183/183/183 184/184/184 186/186/186 
f 186/186/186 184/184/184 189/189/189 
f 184/184/184 185/185/185 189/189/189 
f 189/189/189 185/185/185 190/190/190 
f 185/185/185 185/185/185 190/190/190 
f 190/190/190 185/185/185 191/191/191 
f 185/185/185 171/171/171 191/191/191 
f 191/191/191 171/171/171 192/192/192 
f 171/171/171 170/170/170 192/192/192 
f 192/192/192 170/170/170 193/193/193 
f 170/170/170 173/173/173 193/193/193 
f 193/193/193 173/173/173 194/194/194 
f 173/173/173 173/173/173 194/194/194 
f 194/194/194 173/173/173 195/195/195 
f 173/173/173 174/174/174 195/195/195 
f 195/195/195 174/174/174 196/196/196 
f 174/174/174 175/175/175 196/196/196 
f 196/196/196 175/175/175 197/197/197 
f 175/175/175 176/176/176 197/197/197 
f 197/197/197 176/176/176 198/198/198 
f 176/176/176 177/177/177 198/198/198 
f 198/198/198 177/177/177 199/199/199 
f 177/177/177 178/178/178 199/199/199 
f 199/199/199 178/178/178 200/200/200 
f 178/178/178 178/178/178 200/200/200 
f 200/200/200 178/178/178 201/201/201 
f 178/178/178 188/188/188 201/201/201 
f 201/201/201 188/188/188 202/202/202 
f 188/188/188 203/203/203 202/202/202 
f 202/202/202 203/203/203 204/204/204 
f 203/203/203 190/190/190 204/204/204 
f 204/204/204 190/190/190 205/205/205 
f 190/190/190 191/191/191 205/205/205 
f 205/205/205 191/191/191 206/206/206 
f 191/191/191 192/192/192 206/206/206 
f 206/206/206 192/192/192 194/194/194 
f 192/192/192 193/193/193 194/194/194 
f 194/194/194 193/193/193 193/193/193 
f 193/193/193 186/186/186 193/193/193 
f 193/193/193 186/186/186 186/186/186 
f 186/186/186 189/189/189 186/186/186 
f 186/186/186 189/189/189 187/187/187 
f 189/189/189 203/203/203 187/187/187 
f 187/187/187 203/203/203 188/188/188 
f 203/203/203 188/188/188 188/188/188 
f 188/188/188 188/188/188 189/189/189 
f 188/188/188 189/189/189 189/189/189 
f 189/189/189 189/189/189 203/203/203 
f 189/189/189 190/190/190 203/203/203 
f 203/203/203 190/190/190 190/190/190 
f 190/190/190 206/206/206 190/190/190 
f 190/190/190 206/206/206 206/206/206 
f 206/206/206 194/194/194 206/206/206 
f 206/206/206 194/194/194 207/207/207 
f 194/194/194 195/195/195 207/207/207 
f 207/207/207 195/195/195 208/208/208 
f 195/195/195 196/196/196 208/208/208 
f 208/208/208 196/196/196 209/209/209 
f 196/196/196 197/197/197 209/209/209 
f 209/209/209 197/197/197 210/210/210 
f 197/197/197 198/198/198 210/210/210 
f 210/210/210 198/198/198 211/211/211 
f 198/198/198 199/199/199 211/211/211 
f 211/211/211 199/199/199 212/212/212 
f 199/199/199 200/200/200 212/212/212 
f 212/212/212 200/200/200 213/213/213 
f 200/200/200 200/200/200 213/213/213 
f 213/213/213 200/200/200 214/214/214 
f 200/200/200 201/201/201 214/214/214 
f 214/214/214 201/201/201 215/215/215 
f 201/201/201 202/202/202 215/215/215 
f 215/215/215 202/202/202 216/216/216 
f 202/202/202 204/204/204 216/216/216 
f 216/216/216 204/204/204 217/217/217 
f 204/204/204 205/205/205 217/217/217 
f 217/217/217 205/205/205 218/218/218 
f 205/205/205 206/206/206 218/218/218 
f 218/218/218 206/206/206 218/218/218 
f 206/206/206 207/207/207 218/218/218 
f 218/218/218 207/207/207 219/219/219 
f 207/207/207 208/208/208 219/219/219 
f 219/219/219 208/208/208 208/208/208 
f 208/208/208 219/219/219 208/208/208 
f 208/208/208 219/219/219 219/219/219 
f 219/219/219 220/220/220 219/219/219 
f 219/219/219 220/220/220 218/218/218 
f 220/220/220 220/220/220 218/218/218 
f 218/218/218 220/220/220 217/217/217 
f 220/220/220 221/221/221 217/217/217 
f 217/217/217 221/221/221 216/216/216 
f 221/221/221 222/222/222 216/216/216 
f 216/216/216 222/222/222 215/215/215 
f 222/222/222 223/223/223 215/215/215 
f 215/215/215 223/223/223 214/214/214 
f 223/223/223 224/224/224 214/214/214 
f 214/214/214 224/224/224 213/213/213 
f 224/224/224 225/225/225 213/213/213 
f 213/213/213 225/225/225 213/213/213 
f 225/225/225 226/226/226 213/213/213 
f 213/213/213 226/226/226 212/212/212 
f 226/226/226 227/227/227 212/212/212 
f 212/212/212 227/227/227 211/211/211 
f 227/227/227 228/228/228 211/211/211 
f 211/211/211 228/228/228 210/210/210 
f 228/228/228 229/229/229 210/210/210 
f 210/210/210 229/229/229 209/209/209 
f 229/229/229 230/230/230 209/209/209 
f 209/209/209 230/230/230 208/208/208 
f 230/230/230 230/230/230 208/208/208 
f 208/208/208 230/230/230 219/219/219 
f 230/230/230 231/231/231 219/219/219 
f 219/219/219 231/231/231 220/220/220 
f 231/231/231 220/220/220 220/220/220 
f 220/220/220 220/220/220 231/231/231 
f 220/220/220 231/231/231 231/231/231 
f 231/231/231 231/231/231 232/232/232 
f 231/231/231 230/230/230 232/232/232 
f 232/232/232 230/230/230 232/232/232 
f 230/230/230 229/229/229 232/232/232 
f 232/232/232 229/229/229 233/233/233 
f 229/229/229 228/228/228 233/233/233 
f 233/233/233 228/228/228 234/234/234 
f 228/228/228 227/227/227 234/234/234 
f 234/234/234 227/227/227 235/235/235 
f 227/227/227 226/226/226 235/235/235 
f 235/235/235 226/226/226 236/236/236 
f 226/226/226 225/225/225 236/236/236 
f 236/236/236 225/225/225 237/237/237 
f 225/225/225 225/225/225 237/237/237 
f 237/237/237 225/225/225 238/238/238 
f 225/225/225 224/224/224 238/238/238 
f 238/238/238 224/224/224 239/239/239 
f 224/224/224 223/223/223 239/239/239 
f 239/239/239 223/223/223 240/240/240 
f 223/223/223 222/222/222 240/240/240 
f 240/240/240 222/222/222 241/241/241 
f 222/222/222 221/221/221 241/241/241 
f 241/241/241 221/221/221 242/242/242 
f 221/221/221 220/220/220 242/242/242 
f 242/242/242 220/220/220 231/231/231 
f 220/220/220 231/231/231 231/231/231 
f 231/231/231 231/231/231 243/243/243 
f 231/231/231 243/243/243 243/243/243 
f 243/243/243 243/243/243 244/244/244 
f 243/243/243 245/245/245 244/244/244 
f 244/244/244 245/245/245 246/246/246 
f 245/245/245 247/247/247 246/246/246 
f 246/246/246 247/247/247 248/248/248 
f 247/247/247 247/247/247 248/248/248 
f 248/248/248 247/247/247 249/249/249 
f 247/247/247 250/250/250 249/249/249 
f 249/249/249 250/250/250 251/251/251 
f 250/250/250 252/252/252 251/251/251 
f 251/251/251 252/252/252 253/253/253 
f 252/252/252 252/252/252 253/253/253 
f 253/253/253 252/252/252 254/254/254 
f 252/252/252 245/245/245 254/254/254 
f 254/254/254 245/245/245 254/254/254 
f 245/245/245 255/255/255 254/254/254 
f 254/254/254 255/255/255 256/256/256 
f 255/255/255 255/255/255 256/256/256 
f 256/256/256 255/255/255 257/257/257 
f 255/255/255 245/245/245 257/257/257 
f 257/257/257 245/245/245 257/257/257 
f 245/245/245 258/258/258 257/257/257 
f 257/257/257 258/258/258 257/257/257 
f 258/258/258 259/259/259 257/257/257 
f 257/257/257 259/259/259 256/256/256 
f 259/259/259 260/260/260 256/256/256 
f 256/256/256 260/260/260 253/253/253 
f 260/260/260 261/261/261 253/253/253 
f 253/253/253 261/261/261 251/251/251 
f 261/261/261 262/262/262 251/251/251 
f 251/251/251 262/262/262 249/249/249 
f 262/262/262 263/263/263 249/249/249 
f 249/249/249 263/263/263 248/248/248 
f 263/263/263 264/264/264 248/248/248 
f 248/248/248 264/264/264 265/265/265 
f 264/264/264 266/266/266 265/265/265 
f 265/265/265 266/266/266 265/265/265 
f 266/266/266 267/267/267 265/265/265 
f 265/265/265 267/267/267 244/244/244 
f 267/267/267 268/268/268 244/244/244 
f 244/244/244 268/268/268 243/243/243 
f 268/268/268 243/243/243 243/243/243 
f 243/243/243 243/243/243 244/244/244 
f 243/243/243 244/244/244 244/244/244 
f 244/244/244 244/244/244 265/265/265 
f 244/244/244 246/246/246 265/265/265 
f 265/265/265 246/246/246 248/248/248 
f 246/246/246 248/248/248 248/248/248 
f 248/248/248 248/248/248 247/247/247 
f 248/248/248 247/247/247 247/247/247 
f 247/247/247 247/247/247 250/250/250 
f 247/247/247 245/245/245 250/250/250 
f 250/250/250 245/245/245 252/252/252 
f 245/245/245 252/252/252 252/252/252 
f 252/252/252 252/252/252 254/254/254 
f 252/252/252 254/254/254 254/254/254 
f 254/254/254 254/254/254 253/253/253 
f 254/254/254 256/256/256 253/253/253 
f 253/253/253 256/256/256 256/256/256 
f 256/256/256 268/268/268 256/256/256 
f 256/256/256 268/268/268 268/268/268 
f 268/268/268 267/267/267 268/268/268 
f 268/268/268 267/267/267 269/269/269 
f 267/267/267 267/267/267 269/269/269 
f 269/269/269 267/267/267 270/270/270 
f 267/267/267 266/266/266 270/270/270 
f 270/270/270 266/266/266 271/271/271 
f 266/266/266 266/266/266 271/271/271 
f 271/271/271 266/266/266 272/272/272 
f 266/266/266 264/264/264 272/272/272 
f 272/272/272 264/264/264 273/273/273 
f 264/264/264 263/263/263 273/273/273 
f 273/273/273 263/263/263 274/274/274 
f 263/263/263 262/262/262 274/274/274 
f 274/274/274 262/262/262 275/275/275 
f 262/262/262 261/261/261 275/275/275 
f 275/275/275 261/261/261 276/276/276 
f 261/261/261 260/260/260 276/276/276 
f 276/276/276 260/260/260 277/277/277 
f 260/260/260 259/259/259 277/277/277 
f 277/277/277 259/259/259 278/278/278 
f 259/259/259 258/258/258 278/278/278 
f 278/278/278 258/258/258 279/279/279 
f 258/258/258 245/245/245 279/279/279 
f 279/279/279 245/245/245 280/280/280 
f 245/245/245 243/243/243 280/280/280 
f 280/280/280 243/243/243 243/243/243 
f 243/243/243 280/280/280 243/243/243 
f 243/243/243 280/280/280 280/280/280 
f 280/280/280 281/281/281 280/280/280 
f 280/280/280 281/281/281 279/279/279 
f 281/281/281 281/281/281 279/279/279 
f 279/279/279 281/281/281 278/278/278 
f 281/281/281 282/282/282 278/278/278 
f 278/278/278 282/282/282 277/277/277 
f 282/282/282 283/283/283 277/277/277 
f 277/277/277 283/283/283 276/276/276 
f 283/283/283 284/284/284 276/276/276 
f 276/276/276 284/284/284 275/275/275 
f 284/284/284 285/285/285 275/275/275 
f 275/275/275 285/285/285 274/274/274 
f 285/285/285 286/286/286 274/274/274 
f 274/274/274 286/286/286 273/273/273 
f 286/286/286 287/287/287 273/273/273 
f 273/273/273 287/287/287 272/272/272 
f 287/287/287 288/288/288 272/272/272 
f 272/272/272 288/288/288 271/271/271 
f 288/288/288 289/289/289 271/271/271 
f 271/271/271 289/289/289 290/290/290 
f 289/289/289 291/291/291 290/290/290 
f 290/290/290 291/291/291 290/290/290 
f 291/291/291 292/292/292 290/290/290 
f 290/290/290 292/292/292 290/290/290 
f 292/292/292 293/293/293 290/290/290 
f 290/290/290 293/293/293 270/270/270 
f 293/293/293 269/269/269 270/270/270 
f 270/270/270 269/269/269 269/269/269 
f 269/269/269 270/270/270 269/269/269 
f 269/269/269 270/270/270 270/270/270 
f 270/270/270 271/271/271 270/270/270 
f 270/270/270 271/271/271 290/290/290 
f 271/271/271 290/290/290 290/290/290 
f 290/290/290 290/290/290 291/291/291 
f 290/290/290 291/291/291 291/291/291 
f 291/291/291 291/291/291 294/294/294 
f 291/291/291 289/289/289 294/294/294 
f 294/294/294 289/289/289 295/295/295 
f 289/289/289 288/288/288 295/295/295 
f 295/295/295 288/288/288 296/296/296 
f 288/288/288 287/287/287 296/296/296 
f 296/296/296 287/287/287 297/297/297 
f 287/287/287 286/286/286 297/297/297 
f 297/297/297 286/286/286 298/298/298 
f 286/286/286 285/285/285 298/298/298 
f 298/298/298 285/285/285 299/299/299 
f 285/285/285 284/284/284 299/299/299 
f 299/299/299 284/284/284 300/300/300 
f 284/284/284 283/283/283 300/300/300 
f 300/300/300 283/283/283 301/301/301 
f 283/283/283 282/282/282 301/301/301 
f 301/301/301 282/282/282 302/302/302 
f 282/282/282 281/281/281 302/302/302 
f 302/302/302 281/281/281 303/303/303 
f 281/281/281 280/280/280 303/303/303 
f 303/303/303 280/280/280 303/303/303 
f 280/280/280 243/243/243 303/303/303 
f 303/303/303 243/243/243 303/303/303 
f 243/243/243 268/268/268 303/303/303 
f 303/303/303 268/268/268 304/304/304 
f 268/268/268 269/269/269 304/304/304 
f 304/304/304 269/269/269 305/305/305 
f 269/269/269 293/293/293 305/305/305 
f 305/305/305 293/293/293 306/306/306 
f 293/293/293 292/292/292 306/306/306 
f 306/306/306 292/292/292 292/292/292 
f 292/292/292 303/303/303 292/292/292 
f 292/292/292 303/303/303 303/303/303 
f 303/303/303 304/304/304 303/303/303 
f 303/303/303 304/304/304 302/302/302 
f 304/304/304 307/307/307 302/302/302 
f 302/302/302 307/307/307 301/301/301 
f 307/307/307 308/308/308 301/301/301 
f 301/301/301 308/308/308 300/300/300 
f 308/308/308 309/309/309 300/300/300 
f 300/300/300 309/309/309 299/299/299 
f 309/309/309 299/299/299 299/299/299 
f 299/299/299 299/299/299 304/304/304 
f 299/299/299 304/304/304 304/304/304 
f 304/304/304 304/304/304 307/307/307 
f 304/304/304 305/305/305 307/307/307 
f 307/307/307 305/305/305 310/310/310 
f 305/305/305 306/306/306 310/310/310 
f 310/310/310 306/306/306 311/311/311 
f 306/306/306 306/306/306 311/311/311 
f 311/311/311 306/306/306 312/312/312 
f 306/306/306 292/292/292 312/312/312 
f 312/312/312 292/292/292 313/313/313 
f 292/292/292 291/291/291 313/313/313 
f 313/313/313 291/291/291 314/314/314 
f 291/291/291 294/294/294 314/314/314 
f 314/314/314 294/294/294 315/315/315 
f 294/294/294 294/294/294 315/315/315 
f 315/315/315 294/294/294 316/316/316 
f 294/294/294 295/295/295 316/316/316 
f 316/316/316 295/295/295 317/317/317 
f 295/295/295 296/296/296 317/317/317 
f 317/317/317 296/296/296 318/318/318 
f 296/296/296 297/297/297 318/318/318 
f 318/318/318 297/297/297 319/319/319 
f 297/297/297 298/298/298 319/319/319 
f 319/319/319 298/298/298 320/320/320 
f 298/298/298 299/299/299 320/320/320 
f 320/320/320 299/299/299 321/321/321 
f 299/299/299 299/299/299 321/321/321 
f 321/321/321 299/299/299 322/322/322 
f 299/299/299 309/309/309 322/322/322 
f 322/322/322 309/309/309 323/323/323 
f 309/309/309 324/324/324 323/323/323 
f 323/323/323 324/324/324 325/325/325 
f 324/324/324 311/311/311 325/325/325 
f 325/325/325 311/311/311 326/326/326 
f 311/311/311 312/312/312 326/326/326 
f 326/326/326 312/312/312 327/327/327 
f 312/312/312 313/313/313 327/327/327 
f 327/327/327 313/313/313 315/315/315 
f 313/313/313 314/314/314 315/315/315 
f 315/315/315 314/314/314 314/314/314 
f 314/314/314 307/307/307 314/314/314 
f 314/314/314 307/307/307 307/307/307 
f 307/307/307 310/310/310 307/307/307 
f 307/307/307 310/310/310 308/308/308 
f 310/310/310 324/324/324 308/308/308 
f 308/308/308 324/324/324 309/309/309 
f 324/324/324 309/309/309 309/309/309 
f 309/309/309 309/309/309 310/310/310 
f 309/309/309 310/310/310 310/310/310 
f 310/310/310 310/310/310 324/324/324 
f 310/310/310 311/311/311 324/324/324 
f 324/324/324 311/311/311 311/311/311 
f 311/311/311 327/327/327 311/311/311 
f 311/311/311 327/327/327 327/327/327 
f 327/327/327 315/315/315 327/327/327 
f 327/327/327 315/315/315 328/328/328 
f 315/315/315 316/316/316 328/328/328 
f 328/328/328 316/316/316 329/329/329 
f 316/316/316 317/317/317 329/329/329 
f 329/329/329 317/317/317 330/330/330 
f 317/317/317 318/318/318 330/330/330 
f 330/330/330 318/318/318 331/331/331 
f 318/318/318 319/319/319 331/331/331 
f 331/331/331 319/319/319 332/332/332 
f 319/319/319 320/320/320 332/332/332 
f 332/332/332 320/320/320 333/333/333 
f 320/320/320 321/321/321 333/333/333 
f 333/333/333 321/321/321 334/334/334 
f 321/321/321 321/321/321 334/334/334 
f 334/334/334 321/321/321 335/335/335 
f 321/321/321 322/322/322 335/335/335 
f 335/335/335 322/322/322 336/336/336 
f 322/322/322 323/323/323 336/336/336 
f 336/336/336 323/323/323 337/337/337 
f 323/323/323 325/325/325 337/337/337 
f 337/337/337 325/325/325 338/338/338 
f 325/325/325 326/326/326 338/338/338 
f 338/338/338 326/326/326 339/339/339 
f 326/326/326 327/327/327 339/339/339 
f 339/339/339 327/327/327 339/339/339 
f 327/327/327 328/328/328 339/339/339 
f 339/339/339 328/328/328 340/340/340 
f 328/328/328 329/329/329 340/340/340 
f 340/340/340 329/329/329 329/329/329 
f 329/329/329 340/340/340 329/329/329 
f 329/329/329 340/340/340 340/340/340 
f 340/340/340 341/341/341 340/340/340 
f 340/340/340 341/341/341 339/339/339 
f 341/341/341 341/341/341 339/339/339 
f 339/339/339 341/341/341 338/338/338 
f 341/341/341 342/342/342 338/338/338 
f 338/338/338 342/342/342 337/337/337 
f 342/342/342 343/343/343 337/337/337 
f 337/337/337 343/343/343 336/336/336 
f 343/343/343 344/344/344 336/336/336 
f 336/336/336 344/344/344 335/335/335 
f 344/344/344 345/345/345 335/335/335 
f 335/335/335 345/345/345 334/334/334 
f 345/345/345 346/346/346 334/334/334 
f 334/334/334 346/346/346 334/334/334 
f 346/346/346 347/347/347 334/334/334 
f 334/334/334 347/347/347 333/333/333 
f 347/347/347 348/348/348 333/333/333 
f 333/333/333 348/348/348 332/332/332 
f 348/348/348 349/349/349 332/332/332 
f 332/332/332 349/349/349 331/331/331 
f 349/349/349 350/350/350 331/331/331 
f 331/331/331 350/350/350 330/330/330 
f 350/350/350 351/351/351 330/330/330 
f 330/330/330 351/351/351 329/329/329 
f 351/351/351 351/351/351 329/329/329 
f 329/329/329 351/351/351 340/340/340 
f 351/351/351 352/352/352 340/340/340 
f 340/340/340 352/352/352 341/341/341 
f 352/352/352 341/341/341 341/341/341 
f 341/341/341 341/341/341 352/352/352 
f 341/341/341 352/352/352 352/352/352 
f 352/352/352 352/352/352 353/353/353 
f 352/352/352 351/351/351 353/353/353 
f 353/353/353 351/351/351 353/353/353 
f 351/351/351 350/350/350 353/353/353 
f 353/353/353 350/350/350 354/354/354 
f 350/350/350 349/349/349 354/354/354 
f 354/354/354 349/349/349 355/355/355 
f 349/349/349 348/348/348 355/355/355 
f 355/355/355 348/348/348 356/356/356 
f 348/348/348 347/347/347 356/356/356 
f 356/356/356 347/347/347 357/357/357 
f 347/347/347 346/346/346 357/357/357 
f 357/357/357 346/346/346 358/358/358 
f 346/346/346 346/346/346 358/358/358 
f 358/358/358 346/346/346 359/359/359 
f 346/346/346 345/345/345 359/359/359 
f 359/359/359 345/345/345 360/360/360 
f 345/345/345 344/344/344 360/360/360 
f 360/360/360 344/344/344 361/361/361 
f 344/344/344 343/343/343 361/361/361 
f 361/361/361 343/343/343 362/362/362 
f 343/343/343 342/342/342 362/362/362 
f 362/362/362 342/342/342 363/363/363 
f 342/342/342 341/341/341 363/363/363 
f 363/363/363 341/341/341 352/352/352 
f 341/341/341 352/352/352 352/352/352 
f 352/352/352 352/352/352 364/364/364 
f 352/352/352 364/364/364 364/364/364 
f 364/364/364 364/364/364 365/365/365 
f 364/364/364 366/366/366 365/365/365 
f 365/365/365 366/366/366 367/367/367 
f 366/366/366 368/368/368 367/367/367 
f 367/367/367 368/368/368 369/369/369 
f 368/368/368 368/368/368 369/369/369 
f 369/369/369 368/368/368 370/370/370 
f 368/368/368 371/371/371 370/370/370 
f 370/370/370 371/371/371 372/372/372 
f 371/371/371 373/373/373 372/372/372 
f 372/372/372 373/373/373 374/374/374 
f 373/373/373 373/373/373 374/374/374 
f 374/374/374 373/373/373 375/375/375 
f 373/373/373 366/366/366 375/375/375 
f 375/375/375 366/366/366 375/375/375 
f 366/366/366 376/376/376 375/375/375 
f 375/375/375 376/376/376 377/377/377 
f 376/376/376 376/376/376 377/377/377 
f 377/377/377 376/376/376 378/378/378 
f 376/376/376 366/366/366 378/378/378 
f 378/378/378 366/366/366 378/378/378 
f 366/366/366 379/379/379 378/378/378 
f 378/378/378 379/379/379 378/378/378 
f 379/379/379 380/380/380 378/378/378 
f 378/378/378 380/380/380 377/377/377 
f 380/380/380 381/381/381 377/377/377 
f 377/377/377 381/381/381 374/374/374 
f 381/381/381 382/382/382 374/374/374 
f 374/374/374 382/382/382 372/372/372 
f 382/382/382 383/383/383 372/372/372 
f 372/372/372 383/383/383 370/370/370 
f 383/383/383 384/384/384 370/370/370 
f 370/370/370 384/384/384 369/369/369 
f 384/384/384 385/385/385 369/369/369 
f 369/369/369 385/385/385 386/386/386 
f 385/385/385 387/387/387 386/386/386 
f 386/386/386 387/387/387 386/386/386 
f 387/387/387 388/388/388 386/386/386 
f 386/386/386 388/388/388 365/365/365 
f 388/388/388 389/389/389 365/365/365 
f 365/365/365 389/389/389 364/364/364 
f 389/389/389 364/364/364 364/364/364 
f 364/364/364 364/364/364 365/365/365 
f 364/364/364 365/365/365 365/365/365 
f 365/365/365 365/365/365 386/386/386 
f 365/365/365 367/367/367 386/386/386 
f 386/386/386 367/367/367 369/369/369 
f 367/367/367 369/369/369 369/369/369 
f 369/369/369 369/369/369 368/368/368 
f 369/369/369 368/368/368 368/368/368 
f 368/368/368 368/368/368 371/371/371 
f 368/368/368 366/366/366 371/371/371 
f 371/371/371 366/366/366 373/373/373 
f 366/366/366 373/373/373 373/373/373 
f 373/373/373 373/373/373 375/375/375 
f 373/373/373 375/375/375 375/375/375 
f 375/375/375 375/375/375 374/374/374 
f 375/375/375 377/377/377 374/374/374 
f 374/374/374 377/377/377 377/377/377 
f 377/377/377 389/389/389 377/377/377 
f 377/377/377 389/389/389 389/389/389 
f 389/389/389 388/388/388 389/389/389 
f 389/389/389 388/388/388 390/390/390 
f 388/388/388 388/388/388 390/390/390 
f 390/390/390 388/388/388 391/391/391 
f 388/388/388 387/387/387 391/391/391 
f 391/391/391 387/387/387 392/392/392 
f 387/387/387 387/387/387 392/392/392 
f 392/392/392 387/387/387 393/393/393 
f 387/387/387 385/385/385 393/393/393 
f 393/393/393 385/385/385 394/394/394 
f 385/385/385 384/384/384 394/394/394 
f 394/394/394 384/384/384 395/395/395 
f 384/384/384 383/383/383 395/395/395 
f 395/395/395 383/383/383 396/396/396 
f 383/383/383 382/382/382 396/396/396 
f 396/396/396 382/382/382 397/397/397 
f 382/382/382 381/381/381 397/397/397 
f 397/397/397 381/381/381 398/398/398 
f 381/381/381 380/380/380 398/398/398 
f 398/398/398 380/380/380 399/399/399 
f 380/380/380 379/379/379 399/399/399 
f 399/399/399 379/379/379 400/400/400 
f 379/379/379 366/366/366 400/400/400 
f 400/400/400 366/366/366 401/401/401 
f 366/366/366 364/364/364 401/401/401 
f 401/401/401 364/364/364 364/364/364 
f 364/364/364 401/401/401 364/364/364 
f 364/364/364 401/401/401 401/401/401 
f 401/401/401 402/402/402 401/401/401 
f 401/401/401 402/402/402 400/400/400 
f 402/402/402 402/402/402 400/400/400 
f 400/400/400 402/402/402 399/399/399 
f 402/402/402 403/403/403 399/399/399 
f 399/399/399 403/403/403 398/398/398 
f 403/403/403 404/404/404 398/398/398 
f 398/398/398 404/404/404 397/397/397 
f 404/404/404 405/405/405 397/397/397 
f 397/397/397 405/405/405 396/396/396 
f 405/405/405 406/406/406 396/396/396 
f 396/396/396 406/406/406 395/395/395 
f 406/406/406 407/407/407 395/395/395 
f 395/395/395 407/407/407 394/394/394 
f 407/407/407 408/408/408 394/394/394 
f 394/394/394 408/408/408 393/393/393 
f 408/408/408 409/409/409 393/393/393 
f 393/393/393 409/409/409 392/392/392 
f 409/409/409 410/410/410 392/392/392 
f 392/392/392 410/410/410 411/411/411 
f 410/410/410 412/412/412 411/411/411 
f 411/411/411 412/412/412 411/411/411 
f 412/412/412 413/413/413 411/411/411 
f 411/411/411 413/413/413 411/411/411 
f 413/413/413 414/414/414 411/411/411 
f 411/411/411 414/414/414 391/391/391 
f 414/414/414 390/390/390 391/391/391 
f 391/391/391 390/390/390 390/390/390 
f 390/390/390 391/391/391 390/390/390 
f 390/390/390 391/391/391 391/391/391 
f 391/391/391 392/392/392 391/391/391 
f 391/391/391 392/392/392 411/411/411 
f 392/392/392 411/411/411 411/411/411 
f 411/411/411 411/411/411 412/412/412 
f 411/411/411 412/412/412 412/412/412 
f 412/412/412 412/412/412 415/415/415 
f 412/412/412 410/410/410 415/415/415 
f 415/415/415 410/410/410 416/416/416 
f 410/410/410 409/409/409 416/416/416 
f 416/416/416 409/409/409 417/417/417 
f 409/409/409 408/408/408 417/417/417 
f 417/417/417 408/408/408 418/418/418 
f 408/408/408 407/407/407 418/418/418 
f 418/418/418 407/407/407 419/419/419 
f 407/407/407 406/406/406 419/419/419 
f 419/419/419 406/406/406 420/420/420 
f 406/406/406 405/405/405 420/420/420 
f 420/420/420 405/405/405 421/421/421 
f 405/405/405 404/404/404 421/421/421 
f 421/421/421 404/404/404 422/422/422 
f 404/404/404 403/403/403 422/422/422 
f 422/422/422 403/403/403 423/423/423 
f 403/403/403 402/402/402 423/423/423 
f 423/423/423 402/402/402 424/424/424 
f 402/402/402 401/401/401 424/424/424 
f 424/424/424 401/401/401 424/424/424 
f 401/401/401 364/364/364 424/424/424 
f 424/424/424 364/364/364 424/424/424 
f 364/364/364 389/389/389 424/424/424 
f 424/424/424 389/389/389 425/425/425 
f 389/389/389 390/390/390 425/425/425 
f 425/425/425 390/390/390 426/426/426 
f 390/390/390 414/414/414 426/426/426 
f 426/426/426 414/414/414 427/427/427 
f 414/414/414 413/413/413 427/427/427 
f 427/427/427 413/413/413 413/413/413 
f 413/413/413 424/424/424 413/413/413 
f 413/413/413 424/424/424 424/424/424 
f 424/424/424 425/425/425 424/424/424 
f 424/424/424 425/425/425 423/423/423 
f 425/425/425 428/428/428 423/423/423 
f 423/423/423 428/428/428 422/422/422 
f 428/428/428 429/429/429 422/422/422 
f 422/422/422 429/429/429 421/421/421 
f 429/429/429 430/430/430 421/421/421 
f 421/421/421 430/430/430 420/420/420 
f 430/430/430 420/420/420 420/420/420 
f 420/420/420 420/420/420 425/425/425 
f 420/420/420 425/425/425 425/425/425 
f 425/425/425 425/425/425 428/428/428 
f 425/425/425 426/426/426 428/428/428 
f 428/428/428 426/426/426 431/431/431 
f 426/426/426 427/427/427 431/431/431 
f 431/431/431 427/427/427 432/432/432 
f 427/427/427 427/427/427 432/432/432 
f 432/432/432 427/427/427 433/433/433 
f 427/427/427 413/413/413 433/433/433 
f 433/433/433 413/413/413 434/434/434 
f 413/413/413 412/412/412 434/434/434 
f 434/434/434 412/412/412 435/435/435 
f 412/412/412 415/415/415 435/435/435 
f 435/435/435 415/415/415 436/436/436 
f 415/415/415 415/415/415 436/436/436 
f 436/436/436 415/415/415 437/437/437 
f 415/415/415 416/416/416 437/437/437 
f 437/437/437 416/416/416 438/438/438 
f 416/416/416 417/417/417 438/438/438 
f 438/438/438 417/417/417 439/439/439 
f 417/417/417 418/418/418 439/439/439 
f 439/439/439 418/418/418 440/440/440 
f 418/418/418 419/419/419 440/440/440 
f 440/440/440 419/419/419 441/441/441 
f 419/419/419 420/420/420 441/441/441 
f 441/441/441 420/420/420 442/442/442 
f 420/420/420 420/420/420 442/442/442 
f 442/442/442 420/420/420 443/443/443 
f 420/420/420 430/430/430 443/443/443 
f 443/443/443 430/430/430 444/444/444 
f 430/430/430 445/445/445 444/444/444 
f 444/444/444 445/445/445 446/446/446 
f 445/445/445 432/432/432 446/446/446 
f 446/446/446 432/432/432 447/447/447 
f 432/432/432 433/433/433 447/447/447 
f 447/447/447 433/433/433 448/448/448 
f 433/433/433 434/434/434 448/448/448 
f 448/448/448 434/434/434 436/436/436 
f 434/434/434 435/435/435 436/436/436 
f 436/436/436 435/435/435 435/435/435 
f 435/435/435 428/428/428 435/435/435 
f 435/435/435 428/428/428 428/428/428 
f 428/428/428 431/431/431 428/428/428 
f 428/428/428 431/431/431 429/429/429 
f 431/431/431 445/445/445 429/429/429 
f 429/429/429 445/445/445 430/430/430 
f 445/445/445 430/430/430 430/430/430 
f 430/430/430 430/430/430 431/431/431 
f 430/430/430 431/431/431 431/431/431 
f 431/431/431 431/431/431 445/445/445 
f 431/431/431 432/432/432 445/445/445 
f 445/445/445 432/432/432 432/432/432 
f 432/432/432 448/448/448 432/432/432 
f 432/432/432 448/448/448 448/448/448 
f 448/448/448 436/436/436 448/448/448 
f 448/448/448 436/436/436 449/449/449 
f 436/436/436 437/437/437 449/449/449 
f 449/449/449 437/437/437 450/450/450 
f 437/437/437 438/438/438 450/450/450 
f 450/450/450 438/438/438 451/451/451 
f 438/438/438 439/439/439 451/451/451 
f 451/451/451 439/439/439 452/452/452 
f 439/439/439 440/440/440 452/452/452 
f 452/452/452 440/440/440 453/453/453 
f 440/440/440 441/441/441 453/453/453 
f 453/453/453 441/441/441 454/454/454 
f 441/441/441 442/442/442 454/454/454 
f 454/454/454 442/442/442 455/455/455 
f 442/442/442 442/442/442 455/455/455 
f 455/455/455 442/442/442 456/456/456 
f 442/442/442 443/443/443 456/456/456 
f 456/456/456 443/443/443 457/457/457 
f 443/443/443 444/444/444 457/457/457 
f 457/457/457 444/444/444 458/458/458 
f 444/444/444 446/446/446 458/458/458 
f 458/458/458 446/446/446 459/459/459 
f 446/446/446 447/447/447 459/459/459 
f 459/459/459 447/447/447 460/460/460 
f 447/447/447 448/448/448 460/460/460 
f 460/460/460 448/448/448 460/460/460 
f 448/448/448 449/449/449 460/460/460 
f 460/460/460 449/449/449 461/461/461 
f 449/449/449 450/450/450 461/461/461 
f 461/461/461 450/450/450 450/450/450 
f 450/450/450 461/461/461 450/450/450 
f 450/450/450 461/461/461 461/461/461 
f 461/461/461 462/462/462 461/461/461 
f 461/461/461 462/462/462 460/460/460 
f 462/462/462 462/462/462 460/460/460 
f 460/460/460 462/462/462 459/459/459 
f 462/462/462 463/463/463 459/459/459 
f 459/459/459 463/463/463 458/458/458 
f 463/463/463 464/464/464 458/458/458 
f 458/458/458 464/464/464 457/457/457 
f 464/464/464 465/465/465 457/457/457 
f 457/457/457 465/465/465 456/456/456 
f 465/465/465 466/466/466 456/456/456 
f 456/456/456 466/466/466 455/455/455 
f 466/466/466 467/467/467 455/455/455 
f 455/455/455 467/467/467 455/455/455 
f 467/467/467 468/468/468 455/455/455 
f 455/455/455 468/468/468 454/454/454 
f 468/468/468 469/469/469 454/454/454 
f 454/454/454 469/469/469 453/453/453 
f 469/469/469 470/470/470 453/453/453 
f 453/453/453 470/470/470 452/452/452 
f 470/470/470 471/471/471 452/452/452 
f 452/452/452 471/471/471 451/451/451 
f 471/471/471 472/472/472 451/451/451 
f 451/451/451 472/472/472 450/450/450 
f 472/472/472 472/472/472 450/450/450 
f 450/450/450 472/472/472 461/461/461 
f 472/472/472 473/473/473 461/461/461 
f 461/461/461 473/473/473 462/462/462 
f 473/473/473 462/462/462 462/462/462 
f 462/462/462 462/462/462 473/473/473 
f 462/462/462 473/473/473 473/473/473 
f 473/473/473 473/473/473 474/474/474 
f 473/473/473 472/472/472 474/474/474 
f 474/474/474 472/472/472 474/474/474 
f 472/472/472 471/471/471 474/474/474 
f 474/474/474 471/471/471 475/475/475 
f 471/471/471 470/470/470 475/475/475 
f 475/475/475 470/470/470 476/476/476 
f 470/470/470 469/469/469 476/476/476 
f 476/476/476 469/469/469 477/477/477 
f 469/469/469 468/468/468 477/477/477 
f 477/477/477 468/468/468 478/478/478 
f 468/468/468 467/467/467 478/478/478 
f 478/478/478 467/467/467 479/479/479 
f 467/467/467 467/467/467 479/479/479 
f 479/479/479 467/467/467 480/480/480 
f 467/467/467 466/466/466 480/480/480 
f 480/480/480 466/466/466 481/481/481 
f 466/466/466 465/465/465 481/481/481 
f 481/481/481 465/465/465 482/482/482 
f 465/465/465 464/464/464 482/482/482 
f 482/482/482 464/464/464 483/483/483 
f 464/464/464 463/463/463 483/483/483 
f 483/483/483 463/463/463 484/484/484 
f 463/463/463 462/462/462 484/484/484 
f 484/484/484 462/462/462 473/473/473 
f 462/462/462 473/473/473 473/473/473 
f 473/473/473 473/473/473 485/485/485 
f 473/473/473 485/485/485 485/485/485 
f 485/485/485 485/485/485 486/486/486 
f 485/485/485 487/487/487 486/486/486 
f 486/486/486 487/487/487 488/488/488 
f 487/487/487 489/489/489 488/488/488 
f 488/488/488 489/489/489 490/490/490 
f 489/489/489 489/489/489 490/490/490 
f 490/490/490 489/489/489 491/491/491 
f 489/489/489 492/492/492 491/491/491 
f 491/491/491 492/492/492 493/493/493 
f 492/492/492 494/494/494 493/493/493 
f 493/493/493 494/494/494 495/495/495 
f 494/494/494 494/494/494 495/495/495 
f 495/495/495 494/494/494 496/496/496 
f 494/494/494 487/487/487 496/496/496 
f 496/496/496 487/487/487 496/496/496 
f 487/487/487 497/497/497 496/496/496 
f 496/496/496 497/497/497 498/498/498 
f 497/497/497 497/497/497 498/498/498 
f 498/498/498 497/497/497 499/499/499 
f 497/497/497 487/487/487 499/499/499 
f 499/499/499 487/487/487 499/499/499 
f 487/487/487 500/500/500 499/499/499 
f 499/499/499 500/500/500 499/499/499 
f 500/500/500 501/501/501 499/499/499 
f 499/499/499 501/501/501 498/498/498 
f 501/501/501 502/502/502 498/498/498 
f 498/498/498 502/502/502 495/495/495 
f 502/502/502 503/503/503 495/495/495 
f 495/495/495 503/503/503 493/493/493 
f 503/503/503 504/504/504 493/493/493 
f 493/493/493 504/504/504 491/491/491 
f 504/504/504 505/505/505 491/491/491 
f 491/491/491 505/505/505 490/490/490 
f 505/505/505 506/506/506 490/490/490 
f 490/490/490 506/506/506 507/507/507 
f 506/506/506 508/508/508 507/507/507 
f 507/507/507 508/508/508 507/507/507 
f 508/508/508 509/509/509 507/507/507 
f 507/507/507 509/509/509 486/486/486 
f 509/509/509 510/510/510 486/486/486 
f 486/486/486 510/510/510 485/485/485 
f 510/510/510 485/485/485 485/485/485 
f 485/485/485 485/485/485 486/486/486 
f 485/485/485 486/486/486 486/486/486 
f 486/486/486 486/486/486 507/507/507 
f 486/486/486 488/488/488 507/507/507 
f 507/507/507 488/488/488 490/490/490 
f 488/488/488 490/490/490 490/490/490 
f 490/490/490 490/490/490 489/489/489 
f 490/490/490 489/489/489 489/489/489 
f 489/489/489 489/489/489 492/492/492 
f 489/489/489 487/487/487 492/492/492 
f 492/492/492 487/487/487 494/494/494 
f 487/487/487 494/494/494 494/494/494 
f 494/494/494 494/494/494 496/496/496 
f 494/494/494 496/496/496 496/496/496 
f 496/496/496 496/496/496 495/495/495 
f 496/496/496 498/498/498 495/495/495 
f 495/495/495 498/498/498 498/498/498 
f 498/498/498 510/510/510 498/498/498 
f 498/498/498 510/510/510 510/510/510 
f 510/510/510 509/509/509 510/510/510 
f 510/510/510 509/509/509 511/511/511 
f 509/509/509 509/509/509 511/511/511 
f 511/511/511 509/509/509 512/512/512 
f 509/509/509 508/508/508 512/512/512 
f 512/512/512 508/508/508 513/513/513 
f 508/508/508 508/508/508 513/513/513 
f 513/513/513 508/508/508 514/514/514 
f 508/508/508 506/506/506 514/514/514 
f 514/514/514 506/506/506 515/515/515 
f 506/506/506 505/505/505 515/515/515 
f 515/515/515 505/505/505 516/516/516 
f 505/505/505 504/504/504 516/516/516 
f 516/516/516 504/504/504 517/517/517 
f 504/504/504 503/503/503 517/517/517 
f 517/517/517 503/503/503 518/518/518 
f 503/503/503 502/502/502 518/518/518 
f 518/518/518 502/502/502 519/519/519 
f 502/502/502 501/501/501 519/519/519 
f 519/519/519 501/501/501 520/520/520 
f 501/501/501 500/500/500 520/520/520 
f 520/520/520 500/500/500 521/521/521 
f 500/500/500 487/487/487 521/521/521 
f 521/521/521 487/487/487 522/522/522 
f 487/487/487 485/485/485 522/522/522 
f 522/522/522 485/485/485 485/485/485 
f 485/485/485 522/522/522 485/485/485 
f 485/485/485 522/522/522 522/522/522 
f 522/522/522 523/523/523 522/522/522 
f 522/522/522 523/523/523 521/521/521 
f 523/523/523 523/523/523 521/521/521 
f 521/521/521 523/523/523 520/520/520 
f 523/523/523 524/524/524 520/520/520 
f 520/520/520 524/524/524 519/519/519 
f 524/524/524 525/525/525 519/519/519 
f 519/519/519 525/525/525 518/518/518 
f 525/525/525 526/526/526 518/518/518 
f 518/518/518 526/526/526 517/517/517 
f 526/526/526 527/527/527 517/517/517 
f 517/517/517 527/527/527 516/516/516 
f 527/527/527 528/528/528 516/516/516 
f 516/516/516 528/528/528 515/515/515 
f 528/528/528 529/529/529 515/515/515 
f 515/515/515 529/529/529 514/514/514 
f 529/529/529 530/530/530 514/514/514 
f 514/514/514 530/530/530 513/513/513 
f 530/530/530 531/531/531 513/513/513 
f 513/513/513 531/531/531 532/532/532 
f 531/531/531 533/533/533 532/532/532 
f 532/532/532 533/533/533 532/532/532 
f 533/533/533 534/534/534 532/532/532 
f 532/532/532 534/534/534 532/532/532 
f 534/534/534 535/535/535 532/532/532 
f 532/532/532 535/535/535 512/512/512 
f 535/535/535 511/511/511 512/512/512 
f 512/512/512 511/511/511 511/511/511 
f 511/511/511 512/512/512 511/511/511 
f 511/511/511 512/512/512 512/512/512 
f 512/512/512 513/513/513 512/512/512 
f 512/512/512 513/513/513 532/532/532 
f 513/513/513 532/532/532 532/532/532 
f 532/532/532 532/532/532 533/533/533 
f 532/532/532 533/533/533 533/533/533 
f 533/533/533 533/533/533 536/536/536 
f 533/533/533 531/531/531 536/536/536 
f 536/536/536 531/531/531 537/537/537 
f 531/531/531 530/530/530 537/537/537 
f 537/537/537 530/530/530 538/538/538 
f 530/530/530 529/529/529 538/538/538 
f 538/538/538 529/529/529 539/539/539 
f 529/529/529 528/528/528 539/539/539 
f 539/539/539 528/528/528 540/540/540 
f 528/528/528 527/527/527 540/540/540 
f 540/540/540 527/527/527 541/541/541 
f 527/527/527 526/526/526 541/541/541 
f 541/541/541 526/526/526 542/542/542 
f 526/526/526 525/525/525 542/542/542 
f 542/542/542 525/525/525 543/543/543 
f 525/525/525 524/524/524 543/543/543 
f 543/543/543 524/524/524 544/544/544 
f 524/524/524 523/523/523 544/544/544 
f 544/544/544 523/523/523 545/545/545 
f 523/523/523 522/522/522 545/545/545 
f 545/545/545 522/522/522 545/545/545 
f 522/522/522 485/485/485 545/545/545 
f 545/545/545 485/485/485 545/545/545 
f 485/485/485 510/510/510 545/545/545 
f 545/545/545 510/510/510 546/546/546 
f 510/510/510 511/511/511 546/546/546 
f 546/546/546 511/511/511 547/547/547 
f 511/511/511 535/535/535 547/547/547 
f 547/547/547 535/535/535 548/548/548 
f 535/535/535 534/534/534 548/548/548 
f 548/548/548 534/534/534 534/534/534 
f 534/534/534 545/545/545 534/534/534 
f 534/534/534 545/545/545 545/545/545 
f 545/545/545 546/546/546 545/545/545 
f 545/545/545 546/546/546 544/544/544 
f 546/546/546 549/549/549 544/544/544 
f 544/544/544 549/549/549 543/543/543 
f 549/549/549 550/550/550 543/543/543 
f 543/543/543 550/550/550 542/542/542 
f 550/550/550 551/551/551 542/542/542 
f 542/542/542 551/551/551 541/541/541 
f 551/551/551 541/541/541 541/541/541 
f 541/541/541 541/541/541 546/546/546 
f 541/541/541 546/546/546 546/546/546 
f 546/546/546 546/546/546 549/549/549 
f 546/546/546 547/547/547 549/549/549 
f 549/549/549 547/547/547 552/552/552 
f 547/547/547 548/548/548 552/552/552 
f 552/552/552 548/548/548 553/553/553 
f 548/548/548 548/548/548 553/553/553 
f 553/553/553 548/548/548 554/554/554 
f 548/548/548 534/534/534 554/554/554 
f 554/554/554 534/534/534 555/555/555 
f 534/534/534 533/533/533 555/555/555 
f 555/555/555 533/533/533 556/556/556 
f 533/533/533 536/536/536 556/556/556 
f 556/556/556 536/536/536 557/557/557 
f 536/536/536 536/536/536 557/557/557 
f 557/557/557 536/536/536 558/558/558 
f 536/536/536 537/537/537 558/558/558 
f 558/558/558 537/537/537 559/559/559 
f 537/537/537 538/538/538 559/559/559 
f 559/559/559 538/538/538 560/560/560 
f 538/538/538 539/539/539 560/560/560 
f 560/560/560 539/539/539 561/561/561 
f 539/539/539 540/540/540 561/561/561 
f 561/561/561 540/540/540 562/562/562 
f 540/540/540 541/541/541 562/562/562 
f 562/562/562 541/541/541 563/563/563 
f 541/541/541 541/541/541 563/563/563 
f 563/563/563 541/541/541 564/564/564 
f 541/541/541 551/551/551 564/564/564 
f 564/564/564 551/551/551 565/565/565 
f 551/551/551 566/566/566 565/565/565 
f 565/565/565 566/566/566 567/567/567 
f 566/566/566 553/553/553 567/567/567 
f 567/567/567 553/553/553 568/568/568 
f 553/553/553 554/554/554 568/568/568 
f 568/568/568 554/554/554 569/569/569 
f 554/554/554 555/555/555 569/569/569 
f 569/569/569 555/555/555 557/557/557 
f 555/555/555 556/556/556 557/557/557 
f 557/557/557 556/556/556 556/556/556 
f 556/556/556 549/549/549 556/556/556 
f 556/556/556 549/549/549 549/549/549 
f 549/549/549 552/552/552 549/549/549 
f 549/549/549 552/552/552 550/550/550 
f 552/552/552 566/566/566 550/550/550 
f 550/550/550 566/566/566 551/551/551 
f 566/566/566 551/551/551 551/551/551 
f 551/551/551 551/551/551 552/552/552 
f 551/551/551 552/552/552 552/552/552 
f 552/552/552 552/552/552 566/566/566 
f 552/552/552 553/553/553 566/566/566 
f 566/566/566 553/553/553 553/553/553 
f 553/553/553 569/569/569 553/553/553 
f 553/553/553 569/569/569 569/569/569 
f 569/569/569 557/557/557 569/569/569 
f 569/569/569 557/557/557 570/570/570 
f 557/557/557 558/558/558 570/570/570 
f 570/570/570 558/558/558 571/571/571 
f 558/558/558 559/559/559 571/571/571 
f 571/571/571 559/559/559 572/572/572 
f 559/559/559 560/560/560 572/572/572 
f 572/572/572 560/560/560 573/573/573 
f 560/560/560 561/561/561 573/573/573 
f 573/573/573 561/561/561 574/574/574 
f 561/561/561 562/562/562 574/574/574 
f 574/574/574 562/562/562 575/575/575 
f 562/562/562 563/563/563 575/575/575 
f 575/575/575 563/563/563 576/576/576 
f 563/563/563 563/563/563 576/576/576 
f 576/576/576 563/563/563 577/577/577 
f 563/563/563 564/564/564 577/577/577 
f 577/577/577 564/564/564 578/578/578 
f 564/564/564 565/565/565 578/578/578 
f 578/578/578 565/565/565 579/579/579 
f 565/565/565 567/567/567 579/579/579 
f 579/579/579 567/567/567 580/580/580 
f 567/567/567 568/568/568 580/580/580 
f 580/580/580 568/568/568 581/581/581 
f 568/568/568 569/569/569 581/581/581 
f 581/581/581 569/569/569 581/581/581 
f 569/569/569 570/570/570 581/581/581 
f 581/581/581 570/570/570 582/582/582 
f 570/570/570 571/571/571 582/582/582 
f 582/582/582 571/571/571 571/571/571 
f 571/571/571 582/582/582 571/571/571 
f 571/571/571 582/582/582 582/582/582 
f 582/582/582 583/583/583 582/582/582 
f 582/582/582 583/583/583 581/581/581 
f 583/583/583 583/583/583 581/581/581 
f 581/581/581 583/583/583 580/580/580 
f 583/583/583 584/584/584 580/580/580 
f 580/580/580 584/584/584 579/579/579 
f 584/584/584 585/585/585 579/579/579 
f 579/579/579 585/585/585 578/578/578 
f 585/585/585 586/586/586 578/578/578 
f 578/578/578 586/586/586 577/577/577 
f 586/586/586 587/587/587 577/577/577 
f 577/577/577 587/587/587 576/576/576 
f 587/587/587 588/588/588 576/576/576 
f 576/576/576 588/588/588 576/576/576 
f 588/588/588 589/589/589 576/576/576 
f 576/576/576 589/589/589 575/575/575 
f 589/589/589 590/590/590 575/575/575 
f 575/575/575 590/590/590 574/574/574 
f 590/590/590 591/591/591 574/574/574 
f 574/574/574 591/591/591 573/573/573 
f 591/591/591 592/592/592 573/573/573 
f 573/573/573 592/592/592 572/572/572 
f 592/592/592 593/593/593 572/572/572 
f 572/572/572 593/593/593 571/571/571 
f 593/593/593 593/593/593 571/571/571 
f 571/571/571 593/593/593 582/582/582 
f 593/593/593 594/594/594 582/582/582 
f 582/582/582 594/594/594 583/583/583 
f 594/594/594 583/583/583 583/583/583 
f 583/583/583 583/583/583 594/594/594 
f 583/583/583 594/594/594 594/594/594 
f 594/594/594 594/594/594 595/595/595 
f 594/594/594 593/593/593 595/595/595 
f 595/595/595 593/593/593 595/595/595 
f 593/593/593 592/592/592 595/595/595 
f 595/595/595 592/592/592 596/596/596 
f 592/592/592 591/591/591 596/596/596 
f 596/596/596 591/591/591 597/597/597 
f 591/591/591 590/590/590 597/597/597 
f 597/597/597 590/590/590 598/598/598 
f 590/590/590 589/589/589 598/598/598 
f 598/598/598 589/589/589 599/599/599 
f 589/589/589 588/588/588 599/599/599 
f 599/599/599 588/588/588 600/600/600 
f 588/588/588 588/588/588 600/600/600 
f 600/600/600 588/588/588 601/601/601 
f 588/588/588 587/587/587 601/601/601 
f 601/601/601 587/587/587 602/602/602 
f 587/587/587 586/586/586 602/602/602 
f 602/602/602 586/586/586 603/603/603 
f 586/586/586 585/585/585 603/603/603 
f 603/603/603 585/585/585 604/604/604 
f 585/585/585 584/584/584 604/604/604 
f 604/604/604 584/584/584 605/605/605 
f 584/584/584 583/583/583 605/605/605 
f 605/605/605 583/583/583 594/594/594 
f 583/583/583 594/594/594 594/594/594 
f 594/594/594 594/594/594 606/606/606 
f 594/594/594 606/606/606 606/606/606 
f 606/606/606 606/606/606 607/607/607 
f 606/606/606 608/608/608 607/607/607 
f 607/607/607 608/608/608 609/609/609 
f 608/608/608 610/610/610 609/609/609 
f 609/609/609 610/610/610 611/611/611 
f 610/610/610 610/610/610 611/611/611 
f 611/611/611 610/610/610 612/612/612 
f 610/610/610 613/613/613 612/612/612 
f 612/612/612 613/613/613 614/614/614 
f 613/613/613 615/615/615 614/614/614 
f 614/614/614 615/615/615 616/616/616 
f 615/615/615 615/615/615 616/616/616 
f 616/616/616 615/615/615 617/617/617 
f 615/615/615 608/608/608 617/617/617 
f 617/617/617 608/608/608 617/617/617 
f 608/608/608 618/618/618 617/617/617 
f 617/617/617 618/618/618 619/619/619 
f 618/618/618 618/618/618 619/619/619 
f 619/619/619 618/618/618 620/620/620 
f 618/618/618 608/608/608 620/620/620 
f 620/620/620 608/608/608 620/620/620 
f 608/608/608 621/621/621 620/620/620 
f 620/620/620 621/621/621 620/620/620 
f 621/621/621 622/622/622 620/620/620 
f 620/620/620 622/622/622 619/619/619 
f 622/622/622 623/623/623 619/619/619 
f 619/619/619 623/623/623 616/616/616 
f 623/623/623 624/624/624 616/616/616 
f 616/616/616 624/624/624 614/614/614 
f 624/624/624 625/625/625 614/614/614 
f 614/614/614 625/625/625 612/612/612 
f 625/625/625 626/626/626 612/612/612 
f 612/612/612 626/626/626 611/611/611 
f 626/626/626 627/627/627 611/611/611 
f 611/611/611 627/627/627 628/628/628 
f 627/627/627 629/629/629 628/628/628 
f 628/628/628 629/629/629 628/628/628 
f 629/629/629 630/630/630 628/628/628 
f 628/628/628 630/630/630 607/607/607 
f 630/630/630 631/631/631 607/607/607 
f 607/607/607 631/631/631 606/606/606 
f 631/631/631 606/606/606 606/606/606 
f 606/606/606 606/606/606 607/607/607 
f 606/606/606 607/607/607 607/607/607 
f 607/607/607 607/607/607 628/628/628 
f 607/607/607 609/609/609 628/628/628 
f 628/628/628 609/609/609 611/611/611 
f 609/609/609 611/611/611 611/611/611 
f 611/611/611 611/611/611 610/610/610 
f 611/611/611 610/610/610 610/610/610 
f 610/610/610 610/610/610 613/613/613 
f 610/610/610 608/608/608 613/613/613 
f 613/613/613 608/608/608 615/615/615 
f 608/608/608 615/615/615 615/615/615 
f 615/615/615 615/615/615 617/617/617 
f 615/615/615 617/617/617 617/617/617 
f 617/617/617 617/617/617 616/616/616 
f 617/617/617 619/619/619 616/616/616 
f 616/616/616 619/619/619 619/619/619 
f 619/619/619 631/631/631 619/619/619 
f 619/619/619 631/631/631 631/631/631 
f 631/631/631 630/630/630 631/631/631 
f 631/631/631 630/630/630 632/632/632 
f 630/630/630 630/630/630 632/632/632 
f 632/632/632 630/630/630 633/633/633 
f 630/630/630 629/629/629 633/633/633 
f 633/633/633 629/629/629 634/634/634 
f 629/629/629 629/629/629 634/634/634 
f 634/634/634 629/629/629 635/635/635 
f 629/629/629 627/627/627 635/635/635 
f 635/635/635 627/627/627 636/636/636 
f 627/627/627 626/626/626 636/636/636 
f 636/636/636 626/626/626 637/637/637 
f 626/626/626 625/625/625 637/637/637 
f 637/637/637 625/625/625 638/638/638 
f 625/625/625 624/624/624 638/638/638 
f 638/638/638 624/624/624 639/639/639 
f 624/624/624 623/623/623 639/639/639 
f 639/639/639 623/623/623 640/640/640 
f 623/623/623 622/622/622 640/640/640 
f 640/640/640 622/622/622 641/641/641 
f 622/622/622 621/621/621 641/641/641 
f 641/641/641 621/621/621 642/642/642 
f 621/621/621 608/608/608 642/642/642 
f 642/642/642 608/608/608 643/643/643 
f 608/608/608 606/606/606 643/643/643 
f 643/643/643 606/606/606 606/606/606 
f 606/606/606 643/643/643 606/606/606 
f 606/606/606 643/643/643 643/643/643 
f 643/643/643 644/644/644 643/643/643 
f 643/643/643 644/644/644 642/642/642 
f 644/644/644 644/644/644 642/642/642 
f 642/642/642 644/644/644 641/641/641 
f 644/644/644 645/645/645 641/641/641 
f 641/641/641 645/645/645 640/640/640 
f 645/645/645 646/646/646 640/640/640 
f 640/640/640 646/646/646 639/639/639 
f 646/646/646 647/647/647 639/639/639 
f 639/639/639 647/647/647 638/638/638 
f 647/647/647 648/648/648 638/638/638 
f 638/638/638 648/648/648 637/637/637 
f 648/648/648 649/649/649 637/637/637 
f 637/637/637 649/649/649 636/636/636 
f 649/649/649 650/650/650 636/636/636 
f 636/636/636 650/650/650 635/635/635 
f 650/650/650 651/651/651 635/635/635 
f 635/635/635 651/651/651 634/634/634 
f 651/651/651 652/652/652 634/634/634 
f 634/634/634 652/652/652 653/653/653 
f 652/652/652 654/654/654 653/653/653 
f 653/653/653 654/654/654 653/653/653 
f 654/654/654 655/655/655 653/653/653 
f 653/653/653 655/655/655 653/653/653 
f 655/655/655 656/656/656 653/653/653 
f 653/653/653 656/656/656 633/633/633 
f 656/656/656 632/632/632 633/633/633 
f 633/633/633 632/632/632 632/632/632 
f 632/632/632 633/633/633 632/632/632 
f 632/632/632 633/633/633 633/633/633 
f 633/633/633 634/634/634 633/633/633 
f 633/633/633 634/634/634 653/653/653 
f 634/634/634 653/653/653 653/653/653 
f 653/653/653 653/653/653 654/654/654 
f 653/653/653 654/654/654 654/654/654 
f 654/654/654 654/654/654 657/657/657 
f 654/654/654 652/652/652 657/657/657 
f 657/657/657 652/652/652 658/658/658 
f 652/652/652 651/651/651 658/658/658 
f 658/658/658 651/651/651 659/659/659 
f 651/651/651 650/650/650 659/659/659 
f 659/659/659 650/650/650 660/660/660 
f 650/650/650 649/649/649 660/660/660 
f 660/660/660 649/649/649 661/661/661 
f 649/649/649 648/648/648 661/661/661 
f 661/661/661 648/648/648 662/662/662 
f 648/648/648 647/647/647 662/662/662 
f 662/662/662 647/647/647 663/663/663 
f 647/647/647 646/646/646 663/663/663 
f 663/663/663 646/646/646 664/664/664 
f 646/646/646 645/645/645 664/664/664 
f 664/664/664 645/645/645 665/665/665 
f 645/645/645 644/644/644 665/665/665 
f 665/665/665 644/644/644 666/666/666 
f 644/644/644 643/643/643 666/666/666 
f 666/666/666 643/643/643 666/666/666 
f 643/643/643 606/606/606 666/666/666 
f 666/666/666 606/606/606 666/666/666 
f 606/606/606 631/631/631 666/666/666 
f 666/666/666 631/631/631 667/667/667 
f 631/631/631 632/632/632 667/667/667 
f 667/667/667 632/632/632 668/668/668 
f 632/632/632 656/656/656 668/668/668 
f 668/668/668 656/656/656 669/669/669 
f 656/656/656 655/655/655 669/669/669 
f 669/669/669 655/655/655 655/655/655 
f 655/655/655 666/666/666 655/655/655 
f 655/655/655 666/666/666 666/666/666 
f 666/666/666 667/667/667 666/666/666 
f 666/666/666 667/667/667 665/665/665 
f 667/667/667 670/670/670 665/665/665 
f 665/665/665 670/670/670 664/664/664 
f 670/670/670 671/671/671 664/664/664 
f 664/664/664 671/671/671 663/663/663 
f 671/671/671 672/672/672 663/663/663 
f 663/663/663 672/672/672 662/662/662 
f 672/672/672 662/662/662 662/662/662 
f 662/662/662 662/662/662 667/667/667 
f 662/662/662 667/667/667 667/667/667 
f 667/667/667 667/667/667 670/670/670 
f 667/667/667 668/668/668 670/670/670 
f 670/670/670 668/668/668 673/673/673 
f 668/668/668 669/669/669 673/673/673 
f 673/673/673 669/669/669 674/674/674 
f 669/669/669 669/669/669 674/674/674 
f 674/674/674 669/669/669 675/675/675 
f 669/669/669 655/655/655 675/675/675 
f 675/675/675 655/655/655 676/676/676 
f 655/655/655 654/654/654 676/676/676 
f 676/676/676 654/654/654 677/677/677 
f 654/654/654 657/657/657 677/677/677 
f 677/677/677 657/657/657 678/678/678 
f 657/657/657 657/657/657 678/678/678 
f 678/678/678 657/657/657 679/679/679 
f 657/657/657 658/658/658 679/679/679 
f 679/679/679 658/658/658 680/680/680 
f 658/658/658 659/659/659 680/680/680 
f 680/680/680 659/659/659 681/681/681 
f 659/659/659 660/660/660 681/681/681 
f 681/681/681 660/660/660 682/682/682 
f 660/660/660 661/661/661 682/682/682 
f 682/682/682 661/661/661 683/683/683 
f 661/661/661 662/662/662 683/683/683 
f 683/683/683 662/662/662 684/684/684 
f 662/662/662 662/662/662 684/684/684 
f 684/684/684 662/662/662 685/685/685 
f 662/662/662 672/672/672 685/685/685 
f 685/685/685 672/672/672 686/686/686 
f 672/672/672 687/687/687 686/686/686 
f 686/686/686 687/687/687 688/688/688 
f 687/687/687 674/674/674 688/688/688 
f 688/688/688 674/674/674 689/689/689 
f 674/674/674 675/675/675 689/689/689 
f 689/689/689 675/675/675 690/690/690 
f 675/675/675 676/676/676 690/690/690 
f 690/690/690 676/676/676 678/678/678 
f 676/676/676 677/677/677 678/678/678 
f 678/678/678 677/677/677 677/677/677 
f 677/677/677 670/670/670 677/677/677 
f 677/677/677 670/670/670 670/670/670 
f 670/670/670 673/673/673 670/670/670 
f 670/670/670 673/673/673 671/671/671 
f 673/673/673 687/687/687 671/671/671 
f 671/671/671 687/687/687 672/672/672 
f 687/687/687 672/672/672 672/672/672 
f 672/672/672 672/672/672 673/673/673 
f 672/672/672 673/673/673 673/673/673 
f 673/673/673 673/673/673 687/687/687 
f 673/673/673 674/674/674 687/687/687 
f 687/687/687 674/674/674 674/674/674 
f 674/674/674 690/690/690 674/674/674 
f 674/674/674 690/690/690 690/690/690 
f 690/690/690 678/678/678 690/690/690 
f 690/690/690 678/678/678 691/691/691 
f 678/678/678 679/679/679 691/691/691 
f 691/691/691 679/679/679 692/692/692 
f 679/679/679 680/680/680 692/692/692 
f 692/692/692 680/680/680 693/693/693 
f 680/680/680 681/681/681 693/693/693 
f 693/693/693 681/681/681 694/694/694 
f 681/681/681 682/682/682 694/694/694 
f 694/694/694 682/682/682 695/695/695 
f 682/682/682 683/683/683 695/695/695 
f 695/695/695 683/683/683 696/696/696 
f 683/683/683 684/684/684 696/696/696 
f 696/696/696 684/684/684 697/697/697 
f 684/684/684 684/684/684 697/697/697 
f 697/697/697 684/684/684 698/698/698 
f 684/684/684 685/685/685 698/698/698 
f 698/698/698 685/685/685 699/699/699 
f 685/685/685 686/686/686 699/699/699 
f 699/699/699 686/686/686 700/700/700 
f 686/686/686 688/688/688 700/700/700 
f 700/700/700 688/688/688 701/701/701 
f 688/688/688 689/689/689 701/701/701 
f 701/701/701 689/689/689 702/702/702 
f 689/689/689 690/690/690 702/702/702 
f 702/702/702 690/690/690 702/702/702 
f 690/690/690 691/691/691 702/702/702 
f 702/702/702 691/691/691 703/703/703 
f 691/691/691 692/692/692 703/703/703 
f 703/703/703 692/692/692 692/692/692 
f 692/692/692 703/703/703 692/692/692 
f 692/692/692 703/703/703 703/703/703 
f 703/703/703 704/704/704 703/703/703 
f 703/703/703 704/704/704 702/702/702 
f 704/704/704 704/704/704 702/702/702 
f 702/702/702 704/704/704 701/701/701 
f 704/704/704 705/705/705 701/701/701 
f 701/701/701 705/705/705 700/700/700 
f 705/705/705 706/706/706 700/700/700 
f 700/700/700 706/706/706 699/699/699 
f 706/706/706 707/707/707 699/699/699 
f 699/699/699 707/707/707 698/698/698 
f 707/707/707 708/708/708 698/698/698 
f 698/698/698 708/708/708 697/697/697 
f 708/708/708 709/709/709 697/697/697 
f 697/697/697 709/709/709 697/697/697 
f 709/709/709 710/710/710 697/697/697 
f 697/697/697 710/710/710 696/696/696 
f 710/710/710 711/711/711 696/696/696 
f 696/696/696 711/711/711 695/695/695 
f 711/711/711 712/712/712 695/695/695 
f 695/695/695 712/712/712 694/694/694 
f 712/712/712 713/713/713 694/694/694 
f 694/694/694 713/713/713 693/693/693 
f 713/713/713 714/714/714 693/693/693 
f 693/693/693 714/714/714 692/692/692 
f 714/714/714 714/714/714 692/692/692 
f 692/692/692 714/714/714 703/703/703 
f 714/714/714 715/715/715 703/703/703 
f 703/703/703 715/715/715 704/704/704 
f 715/715/715 704/704/704 704/704/704 
f 704/704/704 704/704/704 715/715/715 
f 704/704/704 715/715/715 715/715/715 
f 715/715/715 715/715/715 716/716/716 
f 715/715/715 714/714/714 716/716/716 
f 716/716/716 714/714/714 716/716/716 
f 714/714/714 713/713/713 716/716/716 
f 716/716/716 713/713/713 717/717/717 
f 713/713/713 712/712/712 717/717/717 
f 717/717/717 712/712/712 718/718/718 
f 712/712/712 711/711/711 718/718/718 
f 718/718/718 711/711/711 719/719/719 
f 711/711/711 710/710/710 719/719/719 
f 719/719/719 710/710/710 720/720/720 
f 710/710/710 709/709/709 720/720/720 
f 720/720/720 709/709/709 721/721/721 
f 709/709/709 709/709/709 721/721/721 
f 721/721/721 709/709/709 722/722/722 
f 709/709/709 708/708/708 722/722/722 
f 722/722/722 708/708/708 723/723/723 
f 708/708/708 707/707/707 723/723/723 
f 723/723/723 707/707/707 724/724/724 
f 707/707/707 706/706/706 724/724/724 
f 724/724/724 706/706/706 725/725/725 
f 706/706/706 705/705/705 725/725/725 
f 725/725/725 705/705/705 726/726/726 
f 705/705/705 704/704/704 726/726/726 
f 726/726/726 704/704/704 715/715/715 
f 704/704/704 715/715/715 715/715/715 
f 715/715/715 715/715/715 727/727/727 
f 715/715/715 727/727/727 727/727/727 
f 727/727/727 727/727/727 728/728/728 
f 727/727/727 729/729/729 728/728/728 
f 728/728/728 729/729/729 728/728/728 
f 729/729/729 730/730/730 728/728/728 
f 728/728/728 730/730/730 728/728/728 
f 730/730/730 731/731/731 728/728/728 
f 728/728/728 731/731/731 728/728/728 
f 731/731/731 732/732/732 728/728/728 
f 728/728/728 732/732/732 728/728/728 
f 732/732/732 733/733/733 728/728/728 
f 728/728/728 733/733/733 727/727/727 
f 733/733/733 734/734/734 727/727/727 
f 727/727/727 734/734/734 735/735/735 
f 734/734/734 736/736/736 735/735/735 
f 735/735/735 736/736/736 737/737/737 
f 736/736/736 738/738/738 737/737/737 
f 737/737/737 738/738/738 739/739/739 
f 738/738/738 740/740/740 739/739/739 
f 739/739/739 740/740/740 741/741/741 
f 740/740/740 742/742/742 741/741/741 
f 741/741/741 742/742/742 729/729/729 
f 742/742/742 742/742/742 729/729/729 
f 729/729/729 742/742/742 743/743/743 
f 742/742/742 744/744/744 743/743/743 
f 743/743/743 744/744/744 743/743/743 
f 744/744/744 745/745/745 743/743/743 
f 743/743/743 745/745/745 746/746/746 
f 745/745/745 747/747/747 746/746/746 
f 746/746/746 747/747/747 746/746/746 
f 747/747/747 748/748/748 746/746/746 
f 746/746/746 748/748/748 746/746/746 
f 748/748/748 729/729/729 746/746/746 
f 746/746/746 729/729/729 743/743/743 
f 729/729/729 743/743/743 743/743/743 
f 743/743/743 743/743/743 727/727/727 
f 743/743/743 727/727/727 727/727/727 
f 727/727/727 727/727/727 729/729/729 
f 727/727/727 735/735/735 729/729/729 
f 729/729/729 735/735/735 729/729/729 
f 735/735/735 737/737/737 729/729/729 
f 729/729/729 737/737/737 729/729/729 
f 737/737/737 739/739/739 729/729/729 
f 729/729/729 739/739/739 741/741/741 
f 739/739/739 741/741/741 741/741/741 
f 741/741/741 741/741/741 742/742/742 
f 741/741/741 742/742/742 742/742/742 
f 742/742/742 742/742/742 744/744/744 
f 742/742/742 740/740/740 744/744/744 
f 744/744/744 740/740/740 740/740/740 
f 740/740/740 747/747/747 740/740/740 
f 740/740/740 747/747/747 747/747/747 
f 747/747/747 749/749/749 747/747/747 
f 747/747/747 749/749/749 748/748/748 
f 749/749/749 750/750/750 748/748/748 
f 748/748/748 750/750/750 729/729/729 
f 750/750/750 750/750/750 729/729/729 
f 729/729/729 750/750/750 751/751/751 
f 750/750/750 750/750/750 751/751/751 
f 751/751/751 750/750/750 752/752/752 
f 750/750/750 750/750/750 752/752/752 
f 752/752/752 750/750/750 753/753/753 
f 750/750/750 749/749/749 753/753/753 
f 753/753/753 749/749/749 754/754/754 
f 749/749/749 749/749/749 754/754/754 
f 754/754/754 749/749/749 755/755/755 
f 749/749/749 747/747/747 755/755/755 
f 755/755/755 747/747/747 756/756/756 
f 747/747/747 745/745/745 756/756/756 
f 756/756/756 745/745/745 757/757/757 
f 745/745/745 744/744/744 757/757/757 
f 757/757/757 744/744/744 758/758/758 
f 744/744/744 740/740/740 758/758/758 
f 758/758/758 740/740/740 758/758/758 
f 740/740/740 738/738/738 758/758/758 
f 758/758/758 738/738/738 759/759/759 
f 738/738/738 736/736/736 759/759/759 
f 759/759/759 736/736/736 760/760/760 
f 736/736/736 734/734/734 760/760/760 
f 760/760/760 734/734/734 761/761/761 
f 734/734/734 733/733/733 761/761/761 
f 761/761/761 733/733/733 762/762/762 
f 733/733/733 732/732/732 762/762/762 
f 762/762/762 732/732/732 763/763/763 
f 732/732/732 732/732/732 763/763/763 
f 763/763/763 732/732/732 764/764/764 
f 732/732/732 731/731/731 764/764/764 
f 764/764/764 731/731/731 765/765/765 
f 731/731/731 731/731/731 765/765/765 
f 765/765/765 731/731/731 766/766/766 
f 731/731/731 730/730/730 766/766/766 
f 766/766/766 730/730/730 767/767/767 
f 730/730/730 729/729/729 767/767/767 
f 767/767/767 729/729/729 768/768/768 
f 729/729/729 769/769/769 768/768/768 
f 768/768/768 769/769/769 770/770/770 
f 769/769/769 769/769/769 770/770/770 
f 770/770/770 769/769/769 771/771/771 
f 769/769/769 772/772/772 771/771/771 
f 771/771/771 772/772/772 773/773/773 
f 772/772/772 729/729/729 773/773/773 
f 773/773/773 729/729/729 774/774/774 
f 729/729/729 729/729/729 774/774/774 
f 774/774/774 729/729/729 775/775/775 
f 729/729/729 751/751/751 775/775/775 
f 775/775/775 751/751/751 776/776/776 
f 751/751/751 752/752/752 776/776/776 
f 776/776/776 752/752/752 752/752/752 
f 752/752/752 729/729/729 752/752/752 
f 752/752/752 729/729/729 729/729/729 
f 729/729/729 772/772/772 729/729/729 
f 729/729/729 772/772/772 769/769/769 
f 772/772/772 769/769/769 769/769/769 
f 769/769/769 769/769/769 766/766/766 
f 769/769/769 766/766/766 766/766/766 
f 766/766/766 766/766/766 777/777/777 
f 766/766/766 767/767/767 777/777/777 
f 777/777/777 767/767/767 777/777/777 
f 767/767/767 768/768/768 777/777/777 
f 777/777/777 768/768/768 770/770/770 
f 768/768/768 770/770/770 770/770/770 
f 770/770/770 770/770/770 776/776/776 
f 770/770/770 776/776/776 776/776/776 
f 776/776/776 776/776/776 775/775/775 
f 776/776/776 778/778/778 775/775/775 
f 775/775/775 778/778/778 774/774/774 
f 778/778/778 779/779/779 774/774/774 
f 774/774/774 779/779/779 773/773/773 
f 779/779/779 779/779/779 773/773/773 
f 773/773/773 779/779/779 771/771/771 
f 779/779/779 780/780/780 771/771/771 
f 771/771/771 780/780/780 770/770/770 
f 780/780/780 781/781/781 770/770/770 
f 770/770/770 781/781/781 777/777/777 
f 781/781/781 782/782/782 777/777/777 
f 777/777/777 782/782/782 766/766/766 
f 782/782/782 782/782/782 766/766/766 
f 766/766/766 782/782/782 765/765/765 
f 782/782/782 783/783/783 765/765/765 
f 765/765/765 783/783/783 765/765/765 
f 783/783/783 784/784/784 765/765/765 
f 765/765/765 784/784/784 764/764/764 
f 784/784/784 785/785/785 764/764/764 
f 764/764/764 785/785/785 763/763/763 
f 785/785/785 786/786/786 763/763/763 
f 763/763/763 786/786/786 763/763/763 
f 786/786/786 787/787/787 763/763/763 
f 763/763/763 787/787/787 762/762/762 
f 787/787/787 788/788/788 762/762/762 
f 762/762/762 788/788/788 761/761/761 
f 788/788/788 789/789/789 761/761/761 
f 761/761/761 789/789/789 760/760/760 
f 789/789/789 790/790/790 760/760/760 
f 760/760/760 790/790/790 759/759/759 
f 790/790/790 791/791/791 759/759/759 
f 759/759/759 791/791/791 758/758/758 
f 791/791/791 791/791/791 758/758/758 
f 758/758/758 791/791/791 757/757/757 
f 791/791/791 792/792/792 757/757/757 
f 757/757/757 792/792/792 756/756/756 
f 792/792/792 793/793/793 756/756/756 
f 756/756/756 793/793/793 755/755/755 
f 793/793/793 794/794/794 755/755/755 
f 755/755/755 794/794/794 754/754/754 
f 794/794/794 795/795/795 754/754/754 
f 754/754/754 795/795/795 754/754/754 
f 795/795/795 796/796/796 754/754/754 
f 754/754/754 796/796/796 753/753/753 
f 796/796/796 797/797/797 753/753/753 
f 753/753/753 797/797/797 752/752/752 
f 797/797/797 798/798/798 752/752/752 
f 752/752/752 798/798/798 776/776/776 
f 798/798/798 799/799/799 776/776/776 
f 776/776/776 799/799/799 778/778/778 
f 799/799/799 800/800/800 778/778/778 
f 778/778/778 800/800/800 779/779/779 
f 800/800/800 800/800/800 779/779/779 
f 779/779/779 800/800/800 780/780/780 
f 800/800/800 801/801/801 780/780/780 
f 780/780/780 801/801/801 781/781/781 
f 801/801/801 802/802/802 781/781/781 
f 781/781/781 802/802/802 782/782/782 
f 802/802/802 802/802/802 782/782/782 
f 782/782/782 802/802/802 783/783/783 
f 802/802/802 803/803/803 783/783/783 
f 783/783/783 803/803/803 783/783/783 
f 803/803/803 804/804/804 783/783/783 
f 783/783/783 804/804/804 784/784/784 
f 804/804/804 805/805/805 784/784/784 
f 784/784/784 805/805/805 785/785/785 
f 805/805/805 806/806/806 785/785/785 
f 785/785/785 806/806/806 786/786/786 
f 806/806/806 807/807/807 786/786/786 
f 786/786/786 807/807/807 786/786/786 
f 807/807/807 808/808/808 786/786/786 
f 786/786/786 808/808/808 787/787/787 
f 808/808/808 809/809/809 787/787/787 
f 787/787/787 809/809/809 788/788/788 
f 809/809/809 810/810/810 788/788/788 
f 788/788/788 810/810/810 789/789/789 
f 810/810/810 811/811/811 789/789/789 
f 789/789/789 811/811/811 790/790/790 
f 811/811/811 812/812/812 790/790/790 
f 790/790/790 812/812/812 791/791/791 
f 812/812/812 812/812/812 791/791/791 
f 791/791/791 812/812/812 792/792/792 
f 812/812/812 813/813/813 792/792/792 
f 792/792/792 813/813/813 793/793/793 
f 813/813/813 814/814/814 793/793/793 
f 793/793/793 814/814/814 794/794/794 
f 814/814/814 815/815/815 794/794/794 
f 794/794/794 815/815/815 795/795/795 
f 815/815/815 816/816/816 795/795/795 
f 795/795/795 816/816/816 795/795/795 
f 816/816/816 817/817/817 795/795/795 
f 795/795/795 817/817/817 796/796/796 
f 817/817/817 818/818/818 796/796/796 
f 796/796/796 818/818/818 797/797/797 
f 818/818/818 819/819/819 797/797/797 
f 797/797/797 819/819/819 798/798/798 
f 819/819/819 820/820/820 798/798/798 
f 798/798/798 820/820/820 799/799/799 
f 820/820/820 821/821/821 799/799/799 
f 799/799/799 821/821/821 800/800/800 
f 821/821/821 821/821/821 800/800/800 
f 800/800/800 821/821/821 801/801/801 
f 821/821/821 822/822/822 801/801/801 
f 801/801/801 822/822/822 802/802/802 
f 822/822/822 822/822/822 802/802/802 
f 802/802/802 822/822/822 803/803/803 
f 822/822/822 823/823/823 803/803/803 
f 803/803/803 823/823/823 803/803/803 
f 823/823/823 824/824/824 803/803/803 
f 803/803/803 824/824/824 804/804/804 
f 824/824/824 825/825/825 804/804/804 
f 804/804/804 825/825/825 805/805/805 
f 825/825/825 826/826/826 805/805/805 
f 805/805/805 826/826/826 806/806/806 
f 826/826/826 827/827/827 806/806/806 
f 806/806/806 827/827/827 807/807/807 
f 827/827/827 828/828/828 807/807/807 
f 807/807/807 828/828/828 807/807/807 
f 828/828/828 829/829/829 807/807/807 
f 807/807/807 829/829/829 808/808/808 
f 829/829/829 830/830/830 808/808/808 
f 808/808/808 830/830/830 809/809/809 
f 830/830/830 831/831/831 809/809/809 
f 809/809/809 831/831/831 810/810/810 
f 831/831/831 832/832/832 810/810/810 
f 810/810/810 832/832/832 811/811/811 
f 832/832/832 833/833/833 811/811/811 
f 811/811/811 833/833/833 812/812/812 
f 833/833/833 833/833/833 812/812/812 
f 812/812/812 833/833/833 813/813/813 
f 833/833/833 834/834/834 813/813/813 
f 813/813/813 834/834/834 814/814/814 
f 834/834/834 835/835/835 814/814/814 
f 814/814/814 835/835/835 815/815/815 
f 835/835/835 836/836/836 815/815/815 
f 815/815/815 836/836/836 816/816/816 
f 836/836/836 837/837/837 816/816/816 
f 816/816/816 837/837/837 816/816/816 
f 837/837/837 838/838/838 816/816/816 
f 816/816/816 838/838/838 817/817/817 
f 838/838/838 839/839/839 817/817/817 
f 817/817/817 839/839/839 818/818/818 
f 839/839/839 840/840/840 818/818/818 
f 818/818/818 840/840/840 819/819/819 
f 840/840/840 841/841/841 819/819/819 
f 819/819/819 841/841/841 820/820/820 
f 841/841/841 842/842/842 820/820/820 
f 820/820/820 842/842/842 821/821/821 
f 842/842/842 842/842/842 821/821/821 
f 821/821/821 842/842/842 822/822/822 
f 842/842/842 842/842/842 822/822/822 
f 822/822/822 842/842/842 823/823/823 
f 842/842/842 842/842/842 823/823/823 
f 823/823/823 842/842/842 843/843/843 
f 842/842/842 841/841/841 843/843/843 
f 843/843/843 841/841/841 844/844/844 
f 841/841/841 840/840/840 844/844/844 
f 844/844/844 840/840/840 845/845/845 
f 840/840/840 839/839/839 845/845/845 
f 845/845/845 839/839/839 846/846/846 
f 839/839/839 838/838/838 846/846/846 
f 846/846/846 838/838/838 847/847/847 
f 838/838/838 837/837/837 847/847/847 
f 847/847/847 837/837/837 848/848/848 
f 837/837/837 837/837/837 848/848/848 
f 848/848/848 837/837/837 849/849/849 
f 837/837/837 836/836/836 849/849/849 
f 849/849/849 836/836/836 850/850/850 
f 836/836/836 835/835/835 850/850/850 
f 850/850/850 835/835/835 851/851/851 
f 835/835/835 834/834/834 851/851/851 
f 851/851/851 834/834/834 852/852/852 
f 834/834/834 833/833/833 852/852/852 
f 852/852/852 833/833/833 852/852/852 
f 833/833/833 832/832/832 852/852/852 
f 852/852/852 832/832/832 853/853/853 
f 832/832/832 831/831/831 853/853/853 
f 853/853/853 831/831/831 854/854/854 
f 831/831/831 830/830/830 854/854/854 
f 854/854/854 830/830/830 855/855/855 
f 830/830/830 829/829/829 855/855/855 
f 855/855/855 829/829/829 856/856/856 
f 829/829/829 828/828/828 856/856/856 
f 856/856/856 828/828/828 857/857/857 
f 828/828/828 828/828/828 857/857/857 
f 857/857/857 828/828/828 858/858/858 
f 828/828/828 827/827/827 858/858/858 
f 858/858/858 827/827/827 859/859/859 
f 827/827/827 826/826/826 859/859/859 
f 859/859/859 826/826/826 860/860/860 
f 826/826/826 825/825/825 860/860/860 
f 860/860/860 825/825/825 861/861/861 
f 825/825/825 824/824/824 861/861/861 
f 861/861/861 824/824/824 862/862/862 
f 824/824/824 823/823/823 862/862/862 
f 862/862/862 823/823/823 862/862/862 
f 823/823/823 843/843/843 862/862/862 
f 862/862/862 843/843/843 863/863/863 
f 843/843/843 844/844/844 863/863/863 
f 863/863/863 844/844/844 864/864/864 
f 844/844/844 845/845/845 864/864/864 
f 864/864/864 845/845/845 865/865/865 
f 845/845/845 846/846/846 865/865/865 
f 865/865/865 846/846/846 866/866/866 
f 846/846/846 847/847/847 866/866/866 
f 866/866/866 847/847/847 867/867/867 
f 847/847/847 848/848/848 867/867/867 
f 867/867/867 848/848/848 868/868/868 
f 848/848/848 848/848/848 868/868/868 
f 868/868/868 848/848/848 869/869/869 
f 848/848/848 849/849/849 869/869/869 
f 869/869/869 849/849/849 870/870/870 
f 849/849/849 850/850/850 870/870/870 
f 870/870/870 850/850/850 871/871/871 
f 850/850/850 851/851/851 871/871/871 
f 871/871/871 851/851/851 872/872/872 
f 851/851/851 852/852/852 872/872/872 
f 872/872/872 852/852/852 872/872/872 
f 852/852/852 853/853/853 872/872/872 
f 872/872/872 853/853/853 873/873/873 
f 853/853/853 854/854/854 873/873/873 
f 873/873/873 854/854/854 874/874/874 
f 854/854/854 855/855/855 874/874/874 
f 874/874/874 855/855/855 875/875/875 
f 855/855/855 856/856/856 875/875/875 
f 875/875/875 856/856/856 876/876/876 
f 856/856/856 857/857/857 876/876/876 
f 876/876/876 857/857/857 877/877/877 
f 857/857/857 857/857/857 877/877/877 
f 877/877/877 857/857/857 878/878/878 
f 857/857/857 858/858/858 878/878/878 
f 878/878/878 858/858/858 879/879/879 
f 858/858/858 859/859/859 879/879/879 
f 879/879/879 859/859/859 880/880/880 
f 859/859/859 860/860/860 880/880/880 
f 880/880/880 860/860/860 881/881/881 
f 860/860/860 861/861/861 881/881/881 
f 881/881/881 861/861/861 882/882/882 
f 861/861/861 862/862/862 882/882/882 
f 882/882/882 862/862/862 882/882/882 
f 862/862/862 863/863/863 882/882/882 
f 882/882/882 863/863/863 883/883/883 
f 863/863/863 864/864/864 883/883/883 
f 883/883/883 864/864/864 884/884/884 
f 864/864/864 865/865/865 884/884/884 
f 884/884/884 865/865/865 885/885/885 
f 865/865/865 866/866/866 885/885/885 
f 885/885/885 866/866/866 886/886/886 
f 866/866/866 867/867/867 886/886/886 
f 886/886/886 867/867/867 887/887/887 
f 867/867/867 868/868/868 887/887/887 
f 887/887/887 868/868/868 887/887/887 
f 868/868/868 888/888/888 887/887/887 
f 887/887/887 888/888/888 886/886/886 
f 888/888/888 889/889/889 886/886/886 
f 886/886/886 889/889/889 885/885/885 
f 889/889/889 890/890/890 885/885/885 
f 885/885/885 890/890/890 884/884/884 
f 890/890/890 891/891/891 884/884/884 
f 884/884/884 891/891/891 883/883/883 
f 891/891/891 892/892/892 883/883/883 
f 883/883/883 892/892/892 882/882/882 
f 892/892/892 893/893/893 882/882/882 
f 882/882/882 893/893/893 882/882/882 
f 893/893/893 894/894/894 882/882/882 
f 882/882/882 894/894/894 881/881/881 
f 894/894/894 895/895/895 881/881/881 
f 881/881/881 895/895/895 880/880/880 
f 895/895/895 896/896/896 880/880/880 
f 880/880/880 896/896/896 879/879/879 
f 896/896/896 897/897/897 879/879/879 
f 879/879/879 897/897/897 878/878/878 
f 897/897/897 898/898/898 878/878/878 
f 878/878/878 898/898/898 877/877/877 
f 898/898/898 898/898/898 877/877/877 
f 877/877/877 898/898/898 876/876/876 
f 898/898/898 899/899/899 876/876/876 
f 876/876/876 899/899/899 875/875/875 
f 899/899/899 900/900/900 875/875/875 
f 875/875/875 900/900/900 874/874/874 
f 900/900/900 901/901/901 874/874/874 
f 874/874/874 901/901/901 873/873/873 
f 901/901/901 902/902/902 873/873/873 
f 873/873/873 902/902/902 872/872/872 
f 902/902/902 903/903/903 872/872/872 
f 872/872/872 903/903/903 872/872/872 
f 903/903/903 904/904/904 872/872/872 
f 872/872/872 904/904/904 871/871/871 
f 904/904/904 905/905/905 871/871/871 
f 871/871/871 905/905/905 870/870/870 
f 905/905/905 906/906/906 870/870/870 
f 870/870/870 906/906/906 869/869/869 
f 906/906/906 907/907/907 869/869/869 
f 869/869/869 907/907/907 868/868/868 
f 907/907/907 888/888/888 868/868/868 
f 868/868/868 888/888/888 888/888/888 
f 888/888/888 908/908/908 888/888/888 
f 888/888/888 908/908/908 908/908/908 
f 908/908/908 909/909/909 908/908/908 
f 908/908/908 909/909/909 910/910/910 
f 909/909/909 910/910/910 910/910/910 
f 910/910/910 910/910/910 911/911/911 
f 910/910/910 911/911/911 911/911/911 
f 911/911/911 911/911/911 912/912/912 
f 911/911/911 913/913/913 912/912/912 
f 912/912/912 913/913/913 913/913/913 
f 913/913/913 914/914/914 913/913/913 
f 913/913/913 914/914/914 914/914/914 
f 914/914/914 915/915/915 914/914/914 
f 914/914/914 915/915/915 916/916/916 
f 915/915/915 916/916/916 916/916/916 
f 916/916/916 916/916/916 917/917/917 
f 916/916/916 917/917/917 917/917/917 
f 917/917/917 917/917/917 918/918/918 
f 917/917/917 919/919/919 918/918/918 
f 918/918/918 919/919/919 919/919/919 
f 919/919/919 920/920/920 919/919/919 
f 919/919/919 920/920/920 920/920/920 
f 920/920/920 921/921/921 920/920/920 
f 920/920/920 921/921/921 922/922/922 
f 921/921/921 922/922/922 922/922/922 
f 922/922/922 922/922/922 923/923/923 
f 922/922/922 923/923/923 923/923/923 
f 923/923/923 923/923/923 924/924/924 
f 923/923/923 925/925/925 924/924/924 
f 924/924/924 925/925/925 925/925/925 
f 925/925/925 926/926/926 925/925/925 
f 925/925/925 926/926/926 926/926/926 
f 926/926/926 927/927/927 926/926/926 
f 926/926/926 927/927/927 928/928/928 
f 927/927/927 928/928/928 928/928/928 
f 928/928/928 928/928/928 929/929/929 
f 928/928/928 929/929/929 929/929/929 
f 929/929/929 929/929/929 930/930/930 
f 929/929/929 931/931/931 930/930/930 
f 930/930/930 931/931/931 931/931/931 
f 931/931/931 932/932/932 931/931/931 
f 931/931/931 932/932/932 932/932/932 
f 932/932/932 933/933/933 932/932/932 
f 932/932/932 933/933/933 934/934/934 
f 933/933/933 934/934/934 934/934/934 
f 934/934/934 934/934/934 935/935/935 
f 934/934/934 935/935/935 935/935/935 
f 935/935/935 935/935/935 936/936/936 
f 935/935/935 937/937/937 936/936/936 
f 936/936/936 937/937/937 937/937/937 
f 937/937/937 938/938/938 937/937/937 
f 937/937/937 938/938/938 938/938/938 
f 938/938/938 939/939/939 938/938/938 
f 938/938/938 939/939/939 940/940/940 
f 939/939/939 940/940/940 940/940/940 
f 940/940/940 940/940/940 941/941/941 
f 940/940/940 941/941/941 941/941/941 
f 941/941/941 941/941/941 942/942/942 
f 941/941/941 943/943/943 942/942/942 
f 942/942/942 943/943/943 943/943/943 
f 943/943/943 944/944/944 943/943/943 
f 943/943/943 944/944/944 944/944/944 
f 944/944/944 945/945/945 944/944/944 
f 944/944/944 945/945/945 946/946/946 
f 945/945/945 946/946/946 946/946/946 
f 946/946/946 946/946/946 947/947/947 
f 946/946/946 947/947/947 947/947/947 
f 947/947/947 947/947/947 948/948/948 
f 947/947/947 949/949/949 948/948/948 
f 948/948/948 949/949/949 949/949/949 
f 949/949/949 950/950/950 949/949/949 
f 949/949/949 950/950/950 950/950/950 
f 950/950/950 951/951/951 950/950/950 
f 950/950/950 951/951/951 952/952/952 
f 951/951/951 952/952/952 952/952/952 
f 952/952/952 952/952/952 953/953/953 
f 952/952/952 953/953/953 953/953/953 
f 953/953/953 953/953/953 954/954/954 
f 953/953/953 955/955/955 954/954/954 
f 954/954/954 955/955/955 955/955/955 
f 955/955/955 956/956/956 955/955/955 
f 955/955/955 956/956/956 956/956/956 
f 956/956/956 957/957/957 956/956/956 
f 956/956/956 957/957/957 958/958/958 
f 957/957/957 959/959/959 958/958/958 
f 958/958/958 959/959/959 958/958/958 
f 959/959/959 960/960/960 958/958/958 
f 958/958/958 960/960/960 958/958/958 
f 960/960/960 961/961/961 958/958/958 
f 958/958/958 961/961/961 958/958/958 
f 961/961/961 962/962/962 958/958/958 
f 958/958/958 962/962/962 963/963/963 
f 962/962/962 964/964/964 963/963/963 
f 963/963/963 964/964/964 963/963/963 
f 964/964/964 965/965/965 963/963/963 
f 963/963/963 965/965/965 963/963/963 
f 965/965/965 966/966/966 963/963/963 
f 963/963/963 966/966/966 963/963/963 
f 966/966/966 967/967/967 963/963/963 
f 963/963/963 967/967/967 963/963/963 
f 967/967/967 968/968/968 963/963/963 
f 963/963/963 968/968/968 963/963/963 
f 968/968/968 969/969/969 963/963/963 
f 963/963/963 969/969/969 963/963/963 
f 969/969/969 970/970/970 963/963/963 
f 963/963/963 970/970/970 971/971/971 
f 970/970/970 970/970/970 971/971/971 
f 971/971/971 970/970/970 972/972/972 
f 970/970/970 973/973/973 972/972/972 
f 972/972/972 973/973/973 974/974/974 
f 973/973/973 975/975/975 974/974/974 
f 974/974/974 975/975/975 975/975/975 
f 975/975/975 971/971/971 975/975/975 
f 975/975/975 971/971/971 971/971/971 
f 971/971/971 976/976/976 971/971/971 
f 971/971/971 976/976/976 963/963/963 
f 976/976/976 977/977/977 963/963/963 
f 963/963/963 977/977/977 963/963/963 
f 977/977/977 978/978/978 963/963/963 
f 963/963/963 978/978/978 963/963/963 
f 978/978/978 979/979/979 963/963/963 
f 963/963/963 979/979/979 963/963/963 
f 979/979/979 980/980/980 963/963/963 
f 963/963/963 980/980/980 963/963/963 
f 980/980/980 981/981/981 963/963/963 
f 963/963/963 981/981/981 963/963/963 
f 981/981/981 982/982/982 963/963/963 
f 963/963/963 982/982/982 963/963/963 
f 982/982/982 983/983/983 963/963/963 
f 963/963/963 983/983/983 958/958/958 
f 983/983/983 984/984/984 958/958/958 
f 958/958/958 984/984/984 958/958/958 
f 984/984/984 985/985/985 958/958/958 
f 958/958/958 985/985/985 958/958/958 
f 985/985/985 986/986/986 958/958/958 
f 958/958/958 986/986/986 958/958/958 
f 986/986/986 987/987/987 958/958/958 
f 958/958/958 987/987/987 958/958/958 
f 987/987/987 988/988/988 958/958/958 
f 958/958/958 988/988/988 958/958/958 
f 988/988/988 989/989/989 958/958/958 
f 958/958/958 989/989/989 958/958/958 
f 989/989/989 990/990/990 958/958/958 
f 958/958/958 990/990/990 958/958/958 
f 990/990/990 991/991/991 958/958/958 
f 958/958/958 991/991/991 958/958/958 
f 991/991/991 992/992/992 958/958/958 
f 958/958/958 992/992/992 993/993/993 
f 992/992/992 994/994/994 993/993/993 
f 993/993/993 994/994/994 993/993/993 
f 994/994/994 995/995/995 993/993/993 
f 993/993/993 995/995/995 993/993/993 
f 995/995/995 996/996/996 993/993/993 
f 993/993/993 996/996/996 993/993/993 
f 996/996/996 997/997/997 993/993/993 
f 993/993/993 997/997/997 993/993/993 
f 997/997/997 998/998/998 993/993/993 
f 993/993/993 998/998/998 993/993/993 
f 998/998/998 999/999/999 993/993/993 
f 993/993/993 999/999/999 993/993/993 
f 999/999/999 1000/1000/1000 993/993/993 
f 993/993/993 1000/1000/1000 1001/1001/1001 
f 1000/1000/1000 1000/1000/1000 1001/1001/1001 
f 1001/1001/1001 1000/1000/1000 1002/1002/1002 
f 1000/1000/1000 1003/1003/1003 1002/1002/1002 
f 1002/1002/1002 1003/1003/1003 1004/1004/1004 
f 1003/1003/1003 1005/1005/1005 1004/1004/1004 
f 1004/1004/1004 1005/1005/1005 1004/1004/1004 
f 1005/1005/1005 1006/1006/1006 1004/1004/1004 
f 1004/1004/1004 1006/1006/1006 1007/1007/1007 
f 1006/1006/1006 1008/1008/1008 1007/1007/1007 
f 1007/1007/1007 1008/1008/1008 1009/1009/1009 
f 1008/1008/1008 1010/1010/1010 1009/1009/1009 
f 1009/1009/1009 1010/1010/1010 1010/1010/1010 
f 1010/1010/1010 1001/1001/1001 1010/1010/1010 
f 1010/1010/1010 1001/1001/1001 1001/1001/1001 
f 1001/1001/1001 1011/1011/1011 1001/1001/1001 
f 1001/1001/1001 1011/1011/1011 993/993/993 
f 1011/1011/1011 1012/1012/1012 993/993/993 
f 993/993/993 1012/1012/1012 993/993/993 
f 1012/1012/1012 1013/1013/1013 993/993/993 
f 993/993/993 1013/1013/1013 993/993/993 
f 1013/1013/1013 1014/1014/1014 993/993/993 
f 993/993/993 1014/1014/1014 993/993/993 
f 1014/1014/1014 1015/1015/1015 993/993/993 
f 993/993/993 1015/1015/1015 993/993/993 
f 1015/1015/1015 1016/1016/1016 993/993/993 
f 993/993/993 1016/1016/1016 993/993/993 
f 1016/1016/1016 1017/1017/1017 993/993/993 
f 993/993/993 1017/1017/1017 958/958/958 
f 1017/1017/1017 1018/1018/1018 958/958/958 
f 958/958/958 1018/1018/1018 958/958/958 
f 1018/1018/1018 1019/1019/1019 958/958/958 
f 958/958/958 1019/1019/1019 958/958/958 
f 1019/1019/1019 1020/1020/1020 958/958/958 
f 958/958/958 1020/1020/1020 958/958/958 
f 1020/1020/1020 1021/1021/1021 958/958/958 
f 958/958/958 1021/1021/1021 956/956/956 
f 1021/1021/1021 956/956/956 956/956/956 
f 956/956/956 956/956/956 1022/1022/1022 
f 956/956/956 1022/1022/1022 1022/1022/1022 
f 1022/1022/1022 1022/1022/1022 1023/1023/1023 
f 1022/1022/1022 1024/1024/1024 1023/1023/1023 
f 1023/1023/1023 1024/1024/1024 1025/1025/1025 
f 1024/1024/1024 1025/1025/1025 1025/1025/1025 
f 1025/1025/1025 1025/1025/1025 1026/1026/1026 
f 1025/1025/1025 1026/1026/1026 1026/1026/1026 
f 1026/1026/1026 1026/1026/1026 1027/1027/1027 
f 1026/1026/1026 1028/1028/1028 1027/1027/1027 
f 1027/1027/1027 1028/1028/1028 1029/1029/1029 
f 1028/1028/1028 1029/1029/1029 1029/1029/1029 
f 1029/1029/1029 1029/1029/1029 1030/1030/1030 
f 1029/1029/1029 1030/1030/1030 1030/1030/1030 
f 1030/1030/1030 1030/1030/1030 1031/1031/1031 
f 1030/1030/1030 1032/1032/1032 1031/1031/1031 
f 1031/1031/1031 1032/1032/1032 1033/1033/1033 
f 1032/1032/1032 1033/1033/1033 1033/1033/1033 
f 1033/1033/1033 1033/1033/1033 1034/1034/1034 
f 1033/1033/1033 1034/1034/1034 1034/1034/1034 
f 1034/1034/1034 1034/1034/1034 1035/1035/1035 
f 1034/1034/1034 1036/1036/1036 1035/1035/1035 
f 1035/1035/1035 1036/1036/1036 1037/1037/1037 
f 1036/1036/1036 1037/1037/1037 1037/1037/1037 
f 1037/1037/1037 1037/1037/1037 1038/1038/1038 
f 1037/1037/1037 1038/1038/1038 1038/1038/1038 
f 1038/1038/1038 1038/1038/1038 1039/1039/1039 
f 1038/1038/1038 1040/1040/1040 1039/1039/1039 
f 1039/1039/1039 1040/1040/1040 1041/1041/1041 
f 1040/1040/1040 1041/1041/1041 1041/1041/1041 
f 1041/1041/1041 1041/1041/1041 1042/1042/1042 
f 1041/1041/1041 1042/1042/1042 1042/1042/1042 
f 1042/1042/1042 1042/1042/1042 1043/1043/1043 
f 1042/1042/1042 1044/1044/1044 1043/1043/1043 
f 1043/1043/1043 1044/1044/1044 1045/1045/1045 
f 1044/1044/1044 1045/1045/1045 1045/1045/1045 
f 1045/1045/1045 1045/1045/1045 1046/1046/1046 
f 1045/1045/1045 1046/1046/1046 1046/1046/1046 
f 1046/1046/1046 1046/1046/1046 1047/1047/1047 
f 1046/1046/1046 1048/1048/1048 1047/1047/1047 
f 1047/1047/1047 1048/1048/1048 1049/1049/1049 
f 1048/1048/1048 1049/1049/1049 1049/1049/1049 
f 1049/1049/1049 1049/1049/1049 1050/1050/1050 
f 1049/1049/1049 1050/1050/1050 1050/1050/1050 
f 1050/1050/1050 1050/1050/1050 1051/1051/1051 
f 1050/1050/1050 1052/1052/1052 1051/1051/1051 
f 1051/1051/1051 1052/1052/1052 1053/1053/1053 
f 1052/1052/1052 1053/1053/1053 1053/1053/1053 
f 1053/1053/1053 1053/1053/1053 1054/1054/1054 
f 1053/1053/1053 1054/1054/1054 1054/1054/1054 
f 1054/1054/1054 1054/1054/1054 1055/1055/1055 
f 1054/1054/1054 1056/1056/1056 1055/1055/1055 
f 1055/1055/1055 1056/1056/1056 1057/1057/1057 
f 1056/1056/1056 1057/1057/1057 1057/1057/1057 
f 1057/1057/1057 1057/1057/1057 1058/1058/1058 
f 1057/1057/1057 1058/1058/1058 1058/1058/1058 
f 1058/1058/1058 1058/1058/1058 1059/1059/1059 
f 1058/1058/1058 1060/1060/1060 1059/1059/1059 
f 1059/1059/1059 1060/1060/1060 1061/1061/1061 
f 1060/1060/1060 1061/1061/1061 1061/1061/1061 
f 1061/1061/1061 1061/1061/1061 1062/1062/1062 
f 1061/1061/1061 1062/1062/1062 1062/1062/1062 
f 1062/1062/1062 1062/1062/1062 1063/1063/1063 
f 1062/1062/1062 1064/1064/1064 1063/1063/1063 
f 1063/1063/1063 1064/1064/1064 1065/1065/1065 
f 1064/1064/1064 1065/1065/1065 1065/1065/1065 
f 1065/1065/1065 1065/1065/1065 1066/1066/1066 
f 1065/1065/1065 1066/1066/1066 1066/1066/1066 
f 1066/1066/1066 1066/1066/1066 1067/1067/1067 
f 1066/1066/1066 1068/1068/1068 1067/1067/1067 
f 1067/1067/1067 1068/1068/1068 1069/1069/1069 
f 1068/1068/1068 1069/1069/1069 1069/1069/1069 
f 1069/1069/1069 1069/1069/1069 1070/1070/1070 
f 1069/1069/1069 1070/1070/1070 1070/1070/1070 
f 1070/1070/1070 1070/1070/1070 1071/1071/1071 
f 1070/1070/1070 1072/1072/1072 1071/1071/1071 
f 1071/1071/1071 1072/1072/1072 1073/1073/1073 
f 1072/1072/1072 1073/1073/1073 1073/1073/1073 
f 1073/1073/1073 1073/1073/1073 1074/1074/1074 
f 1073/1073/1073 1074/1074/1074 1074/1074/1074 
f 1074/1074/1074 1074/1074/1074 1075/1075/1075 
f 1074/1074/1074 1076/1076/1076 1075/1075/1075 
f 1075/1075/1075 1076/1076/1076 1077/1077/1077 
f 1076/1076/1076 1077/1077/1077 1077/1077/1077 
f 1077/1077/1077 1077/1077/1077 1078/1078/1078 
f 1077/1077/1077 1078/1078/1078 1078/1078/1078 
f 1078/1078/1078 1078/1078/1078 1079/1079/1079 
f 1078/1078/1078 1080/1080/1080 1079/1079/1079 
f 1079/1079/1079 1080/1080/1080 1081/1081/1081 
f 1080/1080/1080 1081/1081/1081 1081/1081/1081 
f 1081/1081/1081 1081/1081/1081 1082/1082/1082 
f 1081/1081/1081 1082/1082/1082 1082/1082/1082 
f 1082/1082/1082 1082/1082/1082 1083/1083/1083 
f 1082/1082/1082 1084/1084/1084 1083/1083/1083 
f 1083/1083/1083 1084/1084/1084 1085/1085/1085 
f 1084/1084/1084 1085/1085/1085 1085/1085/1085 
f 1085/1085/1085 1085/1085/1085 1086/1086/1086 
f 1085/1085/1085 1086/1086/1086 1086/1086/1086 
f 1086/1086/1086 1086/1086/1086 1087/1087/1087 
f 1086/1086/1086 1088/1088/1088 1087/1087/1087 
f 1087/1087/1087 1088/1088/1088 1089/1089/1089 
f 1088/1088/1088 1089/1089/1089 1089/1089/1089 
f 1089/1089/1089 1089/1089/1089 1090/1090/1090 
f 1089/1089/1089 1090/1090/1090 1090/1090/1090 
f 1090/1090/1090 1090/1090/1090 1091/1091/1091 
f 1090/1090/1090 1092/1092/1092 1091/1091/1091 
f 1091/1091/1091 1092/1092/1092 1093/1093/1093 
f 1092/1092/1092 1093/1093/1093 1093/1093/1093 
f 1093/1093/1093 1093/1093/1093 1094/1094/1094 
f 1093/1093/1093 1094/1094/1094 1094/1094/1094 
f 1094/1094/1094 1094/1094/1094 1095/1095/1095 
f 1094/1094/1094 1096/1096/1096 1095/1095/1095 
f 1095/1095/1095 1096/1096/1096 1097/1097/1097 
f 1096/1096/1096 1097/1097/1097 1097/1097/1097 
f 1097/1097/1097 1097/1097/1097 1098/1098/1098 
f 1097/1097/1097 1098/1098/1098 1098/1098/1098 
f 1098/1098/1098 1098/1098/1098 1099/1099/1099 
f 1098/1098/1098 1100/1100/1100 1099/1099/1099 
f 1099/1099/1099 1100/1100/1100 1101/1101/1101 
f 1100/1100/1100 1101/1101/1101 1101/1101/1101 
f 1101/1101/1101 1101/1101/1101 1102/1102/1102 
f 1101/1101/1101 1102/1102/1102 1102/1102/1102 
f 1102/1102/1102 1102/1102/1102 1103/1103/1103 
f 1102/1102/1102 1104/1104/1104 1103/1103/1103 
f 1103/1103/1103 1104/1104/1104 1105/1105/1105 
f 1104/1104/1104 1105/1105/1105 1105/1105/1105 
f 1105/1105/1105 1105/1105/1105 1106/1106/1106 
f 1105/1105/1105 1106/1106/1106 1106/1106/1106 
f 1106/1106/1106 1106/1106/1106 1107/1107/1107 
f 1106/1106/1106 1108/1108/1108 1107/1107/1107 
f 1107/1107/1107 1108/1108/1108 1109/1109/1109 
f 1108/1108/1108 1109/1109/1109 1109/1109/1109 
f 1109/1109/1109 1109/1109/1109 1110/1110/1110 
f 1109/1109/1109 1110/1110/1110 1110/1110/1110 
f 1110/1110/1110 1110/1110/1110 1111/1111/1111 
f 1110/1110/1110 1112/1112/1112 1111/1111/1111 
f 1111/1111/1111 1112/1112/1112 1113/1113/1113 
f 1112/1112/1112 1113/1113/1113 1113/1113/1113 
f 1113/1113/1113 1113/1113/1113 1114/1114/1114 
f 1113/1113/1113 1114/1114/1114 1114/1114/1114 
f 1114/1114/1114 1114/1114/1114 1115/1115/1115 
f 1114/1114/1114 1116/1116/1116 1115/1115/1115 
f 1115/1115/1115 1116/1116/1116 1117/1117/1117 
f 1116/1116/1116 1117/1117/1117 1117/1117/1117 
f 1117/1117/1117 1117/1117/1117 1118/1118/1118 
f 1117/1117/1117 1118/1118/1118 1118/1118/1118 
f 1118/1118/1118 1118/1118/1118 1119/1119/1119 
f 1118/1118/1118 1120/1120/1120 1119/1119/1119 
f 1119/1119/1119 1120/1120/1120 1121/1121/1121 
f 1120/1120/1120 1121/1121/1121 1121/1121/1121 
f 1121/1121/1121 1121/1121/1121 1122/1122/1122 
f 1121/1121/1121 1122/1122/1122 1122/1122/1122 
f 1122/1122/1122 1122/1122/1122 1123/1123/1123 
f 1122/1122/1122 1124/1124/1124 1123/1123/1123 
f 1123/1123/1123 1124/1124/1124 1125/1125/1125 
f 1124/1124/1124 1125/1125/1125 1125/1125/1125 
f 1125/1125/1125 1125/1125/1125 1126/1126/1126 
f 1125/1125/1125 1126/1126/1126 1126/1126/1126 
f 1126/1126/1126 1126/1126/1126 1127/1127/1127 
f 1126/1126/1126 1128/1128/1128 1127/1127/1127 
f 1127/1127/1127 1128/1128/1128 1129/1129/1129 
f 1128/1128/1128 1129/1129/1129 1129/1129/1129 
f 1129/1129/1129 1129/1129/1129 1130/1130/1130 
f 1129/1129/1129 1130/1130/1130 1130/1130/1130 
f 1130/1130/1130 1130/1130/1130 1131/1131/1131 
f 1130/1130/1130 1132/1132/1132 1131/1131/1131 
f 1131/1131/1131 1132/1132/1132 1133/1133/1133 
f 1132/1132/1132 1133/1133/1133 1133/1133/1133 
f 1133/1133/1133 1133/1133/1133 1134/1134/1134 
f 1133/1133/1133 1134/1134/1134 1134/1134/1134 
f 1134/1134/1134 1134/1134/1134 1135/1135/1135 
f 1134/1134/1134 1136/1136/1136 1135/1135/1135 
f 1135/1135/1135 1136/1136/1136 1137/1137/1137 
f 1136/1136/1136 1137/1137/1137 1137/1137/1137 
f 1137/1137/1137 1137/1137/1137 1138/1138/1138 
f 1137/1137/1137 1138/1138/1138 1138/1138/1138 
f 1138/1138/1138 1138/1138/1138 1139/1139/1139 
f 1138/1138/1138 1140/1140/1140 1139/1139/1139 
f 1139/1139/1139 1140/1140/1140 1141/1141/1141 
f 1140/1140/1140 1141/1141/1141 1141/1141/1141 
f 1141/1141/1141 1141/1141/1141 1142/1142/1142 
f 1141/1141/1141 1142/1142/1142 1142/1142/1142 
f 1142/1142/1142 1142/1142/1142 1143/1143/1143 
f 1142/1142/1142 1144/1144/1144 1143/1143/1143 
f 1143/1143/1143 1144/1144/1144 1145/1145/1145 
f 1144/1144/1144 1145/1145/1145 1145/1145/1145 
f 1145/1145/1145 1145/1145/1145 1146/1146/1146 
f 1145/1145/1145 1146/1146/1146 1146/1146/1146 
f 1146/1146/1146 1146/1146/1146 1147/1147/1147 
f 1146/1146/1146 1148/1148/1148 1147/1147/1147 
f 1147/1147/1147 1148/1148/1148 1149/1149/1149 
f 1148/1148/1148 1149/1149/1149 1149/1149/1149 
f 1149/1149/1149 1149/1149/1149 1150/1150/1150 
f 1149/1149/1149 1150/1150/1150 1150/1150/1150 
f 1150/1150/1150 1150/1150/1150 1151/1151/1151 
f 1150/1150/1150 1152/1152/1152 1151/1151/1151 
f 1151/1151/1151 1152/1152/1152 1153/1153/1153 
f 1152/1152/1152 1153/1153/1153 1153/1153/1153 
f 1153/1153/1153 1153/1153/1153 1154/1154/1154 
f 1153/1153/1153 1154/1154/1154 1154/1154/1154 
f 1154/1154/1154 1154/1154/1154 1155/1155/1155 
f 1154/1154/1154 1156/1156/1156 1155/1155/1155 
f 1155/1155/1155 1156/1156/1156 1157/1157/1157 
f 1156/1156/1156 1157/1157/1157 1157/1157/1157 
f 1157/1157/1157 1157/1157/1157 1158/1158/1158 
f 1157/1157/1157 1158/1158/1158 1158/1158/1158 
f 1158/1158/1158 1158/1158/1158 1159/1159/1159 
f 1158/1158/1158 1160/1160/1160 1159/1159/1159 
f 1159/1159/1159 1160/1160/1160 1161/1161/1161 
f 1160/1160/1160 1161/1161/1161 1161/1161/1161 
f 1161/1161/1161 1161/1161/1161 1162/1162/1162 
f 1161/1161/1161 1162/1162/1162 1162/1162/1162 
f 1162/1162/1162 1162/1162/1162 1163/1163/1163 
f 1162/1162/1162 1164/1164/1164 1163/1163/1163 
f 1163/1163/1163 1164/1164/1164 1165/1165/1165 
f 1164/1164/1164 1165/1165/1165 1165/1165/1165 
f 1165/1165/1165 1165/1165/1165 1166/1166/1166 
f 1165/1165/1165 1166/1166/1166 1166/1166/1166 
f 1166/1166/1166 1166/1166/1166 1167/1167/1167 
f 1166/1166/1166 1168/1168/1168 1167/1167/1167 
f 1167/1167/1167 1168/1168/1168 1169/1169/1169 
f 1168/1168/1168 1169/1169/1169 1169/1169/1169 
f 1169/1169/1169 1169/1169/1169 1170/1170/1170 
f 1169/1169/1169 1170/1170/1170 1170/1170/1170 
f 1170/1170/1170 1170/1170/1170 1171/1171/1171 
f 1170/1170/1170 1172/1172/1172 1171/1171/1171 
f 1171/1171/1171 1172/1172/1172 1173/1173/1173 
f 1172/1172/1172 1173/1173/1173 1173/1173/1173 
f 1173/1173/1173 1173/1173/1173 1174/1174/1174 
f 1173/1173/1173 1174/1174/1174 1174/1174/1174 
f 1174/1174/1174 1174/1174/1174 1175/1175/1175 
f 1174/1174/1174 1176/1176/1176 1175/1175/1175 
f 1175/1175/1175 1176/1176/1176 1177/1177/1177 
f 1176/1176/1176 1177/1177/1177 1177/1177/1177 
f 1177/1177/1177 1177/1177/1177 1178/1178/1178 
f 1177/1177/1177 1178/1178/1178 1178/1178/1178 
f 1178/1178/1178 1178/1178/1178 1179/1179/1179 
f 1178/1178/1178 1180/1180/1180 1179/1179/1179 
f 1179/1179/1179 1180/1180/1180 1181/1181/1181 
f 1180/1180/1180 1181/1181/1181 1181/1181/1181 
f 1181/1181/1181 1181/1181/1181 1182/1182/1182 
f 1181/1181/1181 1182/1182/1182 1182/1182/1182 
f 1182/1182/1182 1182/1182/1182 1183/1183/1183 
f 1182/1182/1182 1184/1184/1184 1183/1183/1183 
f 1183/1183/1183 1184/1184/1184 1185/1185/1185 
f 1184/1184/1184 1185/1185/1185 1185/1185/1185 
f 1185/1185/1185 1185/1185/1185 1186/1186/1186 
f 1185/1185/1185 1186/1186/1186 1186/1186/1186 
f 1186/1186/1186 1186/1186/1186 1187/1187/1187 
f 1186/1186/1186 1188/1188/1188 1187/1187/1187 
f 1187/1187/1187 1188/1188/1188 1189/1189/1189 
f 1188/1188/1188 1189/1189/1189 1189/1189/1189 
f 1189/1189/1189 1189/1189/1189 1190/1190/1190 
f 1189/1189/1189 1190/1190/1190 1190/1190/1190 
f 1190/1190/1190 1190/1190/1190 1191/1191/1191 
f 1190/1190/1190 1192/1192/1192 1191/1191/1191 
f 1191/1191/1191 1192/1192/1192 1193/1193/1193 
f 1192/1192/1192 1193/1193/1193 1193/1193/1193 
f 1193/1193/1193 1193/1193/1193 1194/1194/1194 
f 1193/1193/1193 1194/1194/1194 1194/1194/1194 
f 1194/1194/1194 1194/1194/1194 1195/1195/1195 
f 1194/1194/1194 1196/1196/1196 1195/1195/1195 
f 1195/1195/1195 1196/1196/1196 1197/1197/1197 
f 1196/1196/1196 1197/1197/1197 1197/1197/1197 
f 1197/1197/1197 1197/1197/1197 1198/1198/1198 
f 1197/1197/1197 1198/1198/1198 1198/1198/1198 
f 1198/1198/1198 1198/1198/1198 1199/1199/1199 
f 1198/1198/1198 1200/1200/1200 1199/1199/1199 
f 1199/1199/1199 1200/1200/1200 1201/1201/1201 
f 1200/1200/1200 1201/1201/1201 1201/1201/1201 
f 1201/1201/1201 1201/1201/1201 1202/1202/1202 
f 1201/1201/1201 1202/1202/1202 1202/1202/1202 
f 1202/1202/1202 1202/1202/1202 1203/1203/1203 
f 1202/1202/1202 1204/1204/1204 1203/1203/1203 
f 1203/1203/1203 1204/1204/1204 1205/1205/1205 
f 1204/1204/1204 1205/1205/1205 1205/1205/1205 
f 1205/1205/1205 1205/1205/1205 1206/1206/1206 
f 1205/1205/1205 1206/1206/1206 1206/1206/1206 
f 1206/1206/1206 1206/1206/1206 1207/1207/1207 
f 1206/1206/1206 1208/1208/1208 1207/1207/1207 
f 1207/1207/1207 1208/1208/1208 1209/1209/1209 
f 1208/1208/1208 1209/1209/1209 1209/1209/1209 
f 1209/1209/1209 1209/1209/1209 1210/1210/1210 
f 1209/1209/1209 1210/1210/1210 1210/1210/1210 
f 1210/1210/1210 1210/1210/1210 1211/1211/1211 
f 1210/1210/1210 1212/1212/1212 1211/1211/1211 
f 1211/1211/1211 1212/1212/1212 1213/1213/1213 
f 1212/1212/1212 1213/1213/1213 1213/1213/1213 
f 1213/1213/1213 1213/1213/1213 1214/1214/1214 
f 1213/1213/1213 1214/1214/1214 1214/1214/1214 
f 1214/1214/1214 1214/1214/1214 1215/1215/1215 
f 1214/1214/1214 1216/1216/1216 1215/1215/1215 
f 1215/1215/1215 1216/1216/1216 1217/1217/1217 
f 1216/1216/1216 1217/1217/1217 1217/1217/1217 
f 1217/1217/1217 1217/1217/1217 1218/1218/1218 
f 1217/1217/1217 1218/1218/1218 1218/1218/1218 
f 1218/1218/1218 1218/1218/1218 1219/1219/1219 
f 1218/1218/1218 1220/1220/1220 1219/1219/1219 
f 1219/1219/1219 1220/1220/1220 1221/1221/1221 
f 1220/1220/1220 1221/1221/1221 1221/1221/1221 
f 1221/1221/1221 1221/1221/1221 1222/1222/1222 
f 1221/1221/1221 1222/1222/1222 1222/1222/1222 
f 1222/1222/1222 1222/1222/1222 1223/1223/1223 
f 1222/1222/1222 1224/1224/1224 1223/1223/1223 
f 1223/1223/1223 1224/1224/1224 1225/1225/1225 
f 1224/1224/1224 1225/1225/1225 1225/1225/1225 
f 1225/1225/1225 1225/1225/1225 1226/1226/1226 
f 1225/1225/1225 1226/1226/1226 1226/1226/1226 
f 1226/1226/1226 1226/1226/1226 1227/1227/1227 
f 1226/1226/1226 1228/1228/1228 1227/1227/1227 
f 1227/1227/1227 1228/1228/1228 1229/1229/1229 
f 1228/1228/1228 1229/1229/1229 1229/1229/1229 
f 1229/1229/1229 1229/1229/1229 1230/1230/1230 
f 1229/1229/1229 1230/1230/1230 1230/1230/1230 
f 1230/1230/1230 1230/1230/1230 1231/1231/1231 
f 1230/1230/1230 1232/1232/1232 1231/1231/1231 
f 1231/1231/1231 1232/1232/1232 1233/1233/1233 
f 1232/1232/1232 1233/1233/1233 1233/1233/1233 
f 1233/1233/1233 1233/1233/1233 1234/1234/1234 
f 1233/1233/1233 1234/1234/1234 1234/1234/1234 
f 1234/1234/1234 1234/1234/1234 1235/1235/1235 
f 1234/1234/1234 1236/1236/1236 1235/1235/1235 
f 1235/1235/1235 1236/1236/1236 1237/1237/1237 
f 1236/1236/1236 1237/1237/1237 1237/1237/1237 
f 1237/1237/1237 1237/1237/1237 1238/1238/1238 
f 1237/1237/1237 1238/1238/1238 1238/1238/1238 
f 1238/1238/1238 1238/1238/1238 1239/1239/1239 
f 1238/1238/1238 1240/1240/1240 1239/1239/1239 
f 1239/1239/1239 1240/1240/1240 1241/1241/1241 
f 1240/1240/1240 1241/1241/1241 1241/1241/1241 
f 1241/1241/1241 1241/1241/1241 1242/1242/1242 
f 1241/1241/1241 1242/1242/1242 1242/1242/1242 
f 1242/1242/1242 1242/1242/1242 1243/1243/1243 
f 1242/1242/1242 1244/1244/1244 1243/1243/1243 
f 1243/1243/1243 1244/1244/1244 1245/1245/1245 
f 1244/1244/1244 1245/1245/1245 1245/1245/1245 
f 1245/1245/1245 1245/1245/1245 1246/1246/1246 
f 1245/1245/1245 1246/1246/1246 1246/1246/1246 
f 1246/1246/1246 1246/1246/1246 1247/1247/1247 
f 1246/1246/1246 1248/1248/1248 1247/1247/1247 
f 1247/1247/1247 1248/1248/1248 1249/1249/1249 
f 1248/1248/1248 1249/1249/1249 1249/1249/1249 
f 1249/1249/1249 1249/1249/1249 1250/1250/1250 
f 1249/1249/1249 1250/1250/1250 1250/1250/1250 
f 1250/1250/1250 1250/1250/1250 1251/1251/1251 
f 1250/1250/1250 1252/1252/1252 1251/1251/1251 
f 1251/1251/1251 1252/1252/1252 1253/1253/1253 
f 1252/1252/1252 1253/1253/1253 1253/1253/1253 
f 1253/1253/1253 1253/1253/1253 1254/1254/1254 
f 1253/1253/1253 1254/1254/1254 1254/1254/1254 
f 1254/1254/1254 1254/1254/1254 1255/1255/1255 
f 1254/1254/1254 1256/1256/1256 1255/1255/1255 
f 1255/1255/1255 1256/1256/1256 1257/1257/1257 
f 1256/1256/1256 1257/1257/1257 1257/1257/1257 
f 1257/1257/1257 1257/1257/1257 1258/1258/1258 
f 1257/1257/1257 1258/1258/1258 1258/1258/1258 
f 1258/1258/1258 1258/1258/1258 1259/1259/1259 
f 1258/1258/1258 1260/1260/1260 1259/1259/1259 
f 1259/1259/1259 1260/1260/1260 1261/1261/1261 
f 1260/1260/1260 1261/1261/1261 1261/1261/1261 
f 1261/1261/1261 1261/1261/1261 1262/1262/1262 
f 1261/1261/1261 1262/1262/1262 1262/1262/1262 
f 1262/1262/1262 1262/1262/1262 1263/1263/1263 
f 1262/1262/1262 1264/1264/1264 1263/1263/1263 
f 1263/1263/1263 1264/1264/1264 1265/1265/1265 
f 1264/1264/1264 1265/1265/1265 1265/1265/1265 
f 1265/1265/1265 1265/1265/1265 1266/1266/1266 
f 1265/1265/1265 1266/1266/1266 1266/1266/1266 
f 1266/1266/1266 1266/1266/1266 1267/1267/1267 
f 1266/1266/1266 1268/1268/1268 1267/1267/1267 
f 1267/1267/1267 1268/1268/1268 1269/1269/1269 
f 1268/1268/1268 1269/1269/1269 1269/1269/1269 
f 1269/1269/1269 1269/1269/1269 1270/1270/1270 
f 1269/1269/1269 1270/1270/1270 1270/1270/1270 
f 1270/1270/1270 1270/1270/1270 1271/1271/1271 
f 1270/1270/1270 1272/1272/1272 1271/1271/1271 
f 1271/1271/1271 1272/1272/1272 1273/1273/1273 
f 1272/1272/1272 1273/1273/1273 1273/1273/1273 
f 1273/1273/1273 1273/1273/1273 1274/1274/1274 
f 1273/1273/1273 1274/1274/1274 1274/1274/1274 
f 1274/1274/1274 1274/1274/1274 1275/1275/1275 
f 1274/1274/1274 1276/1276/1276 1275/1275/1275 
f 1275/1275/1275 1276/1276/1276 1277/1277/1277 
f 1276/1276/1276 1277/1277/1277 1277/1277/1277 
f 1277/1277/1277 1277/1277/1277 1278/1278/1278 
f 1277/1277/1277 1278/1278/1278 1278/1278/1278 
f 1278/1278/1278 1278/1278/1278 1279/1279/1279 
f 1278/1278/1278 1280/1280/1280 1279/1279/1279 
f 1279/1279/1279 1280/1280/1280 1281/1281/1281 
f 1280/1280/1280 1281/1281/1281 1281/1281/1281 
f 1281/1281/1281 1281/1281/1281 1282/1282/1282 
f 1281/1281/1281 1282/1282/1282 1282/1282/1282 
f 1282/1282/1282 1282/1282/1282 1283/1283/1283 
f 1282/1282/1282 1284/1284/1284 1283/1283/1283 
f 1283/1283/1283 1284/1284/1284 1285/1285/1285 
f 1284/1284/1284 1285/1285/1285 1285/1285/1285 
f 1285/1285/1285 1285/1285/1285 1286/1286/1286 
f 1285/1285/1285 1286/1286/1286 1286/1286/1286 
f 1286/1286/1286 1286/1286/1286 1287/1287/1287 
f 1286/1286/1286 1288/1288/1288 1287/1287/1287 
f 1287/1287/1287 1288/1288/1288 1289/1289/1289 
f 1288/1288/1288 1289/1289/1289 1289/1289/1289 
f 1289/1289/1289 1289/1289/1289 1290/1290/1290 
f 1289/1289/1289 1290/1290/1290 1290/1290/1290 
f 1290/1290/1290 1290/1290/1290 1291/1291/1291 
f 1290/1290/1290 1292/1292/1292 1291/1291/1291 
f 1291/1291/1291 1292/1292/1292 1293/1293/1293 
f 1292/1292/1292 1293/1293/1293 1293/1293/1293 
f 1293/1293/1293 1293/1293/1293 1294/1294/1294 
f 1293/1293/1293 1294/1294/1294 1294/1294/1294 
f 1294/1294/1294 1294/1294/1294 1295/1295/1295 
f 1294/1294/1294 1296/1296/1296 1295/1295/1295 
f 1295/1295/1295 1296/1296/1296 1297/1297/1297 
f 1296/1296/1296 1297/1297/1297 1297/1297/1297 
f 1297/1297/1297 1297/1297/1297 1298/1298/1298 
f 1297/1297/1297 1298/1298/1298 1298/1298/1298 
f 1298/1298/1298 1298/1298/1298 1299/1299/1299 
f 1298/1298/1298 1300/1300/1300 1299/1299/1299 
f 1299/1299/1299 1300/1300/1300 1301/1301/1301 
f 1300/1300/1300 1301/1301/1301 1301/1301/1301 
f 1301/1301/1301 1301/1301/1301 1302/1302/1302 
f 1301/1301/1301 1302/1302/1302 1302/1302/1302 
f 1302/1302/1302 1302/1302/1302 1303/1303/1303 
f 1302/1302/1302 1304/1304/1304 1303/1303/1303 
f 1303/1303/1303 1304/1304/1304 1305/1305/1305 
f 1304/1304/1304 1305/1305/1305 1305/1305/1305 
f 1305/1305/1305 1305/1305/1305 1306/1306/1306 
f 1305/1305/1305 1306/1306/1306 1306/1306/1306 
f 1306/1306/1306 1306/1306/1306 1307/1307/1307 
f 1306/1306/1306 1308/1308/1308 1307/1307/1307 
f 1307/1307/1307 1308/1308/1308 1309/1309/1309 
f 1308/1308/1308 1309/1309/1309 1309/1309/1309 
f 1309/1309/1309 1309/1309/1309 1310/1310/1310 
f 1309/1309/1309 1310/1310/1310 1310/1310/1310 
f 1310/1310/1310 1310/1310/1310 1311/1311/1311 
f 1310/1310/1310 1312/1312/1312 1311/1311/1311 
f 1311/1311/1311 1312/1312/1312 1313/1313/1313 
f 1312/1312/1312 1313/1313/1313 1313/1313/1313 
f 1313/1313/1313 1313/1313/1313 1314/1314/1314 
f 1313/1313/1313 1314/1314/1314 1314/1314/1314 
f 1314/1314/1314 1314/1314/1314 1315/1315/1315 
f 1314/1314/1314 1316/1316/1316 1315/1315/1315 
f 1315/1315/1315 1316/1316/1316 1317/1317/1317 
f 1316/1316/1316 1317/1317/1317 1317/1317/1317 
f 1317/1317/1317 1317/1317/1317 1318/1318/1318 
f 1317/1317/1317 1318/1318/1318 1318/1318/1318 
f 1318/1318/1318 1318/1318/1318 1319/1319/1319 
f 1318/1318/1318 1320/1320/1320 1319/1319/1319 
f 1319/1319/1319 1320/1320/1320 1321/1321/1321 
f 1320/1320/1320 1321/1321/1321 1321/1321/1321 
f 1321/1321/1321 1321/1321/1321 1322/1322/1322 
f 1321/1321/1321 1322/1322/1322 1322/1322/1322 
f 1322/1322/1322 1322/1322/1322 1323/1323/1323 
f 1322/1322/1322 1324/1324/1324 1323/1323/1323 
f 1323/1323/1323 1324/1324/1324 1325/1325/1325 
f 1324/1324/1324 1325/1325/1325 1325/1325/1325 
f 1325/1325/1325 1325/1325/1325 1326/1326/1326 
f 1325/1325/1325 1326/1326/1326 1326/1326/1326 
f 1326/1326/1326 1326/1326/1326 1327/1327/1327 
f 1326/1326/1326 1328/1328/1328 1327/1327/1327 
f 1327/1327/1327 1328/1328/1328 1329/1329/1329 
f 1328/1328/1328 1329/1329/1329 1329/1329/1329 
f 1329/1329/1329 1329/1329/1329 1330/1330/1330 
f 1329/1329/1329 1330/1330/1330 1330/1330/1330 
f 1330/1330/1330 1330/1330/1330 1331/1331/1331 
f 1330/1330/1330 1332/1332/1332 1331/1331/1331 
f 1331/1331/1331 1332/1332/1332 1333/1333/1333 
f 1332/1332/1332 1333/1333/1333 1333/1333/1333 
f 1333/1333/1333 1333/1333/1333 1334/1334/1334 
f 1333/1333/1333 1334/1334/1334 1334/1334/1334 
f 1334/1334/1334 1334/1334/1334 1335/1335/1335 
f 1334/1334/1334 1336/1336/1336 1335/1335/1335 
f 1335/1335/1335 1336/1336/1336 1337/1337/1337 
f 1336/1336/1336 1337/1337/1337 1337/1337/1337 
f 1337/1337/1337 1337/1337/1337 1338/1338/1338 
f 1337/1337/1337 1338/1338/1338 1338/1338/1338 
f 1338/1338/1338 1338/1338/1338 1339/1339/1339 
f 1338/1338/1338 1340/1340/1340 1339/1339/1339 
f 1339/1339/1339 1340/1340/1340 1341/1341/1341 
f 1340/1340/1340 1341/1341/1341 1341/1341/1341 
f 1341/1341/1341 1341/1341/1341 1342/1342/1342 
f 1341/1341/1341 1342/1342/1342 1342/1342/1342 
f 1342/1342/1342 1342/1342/1342 1343/1343/1343 
f 1342/1342/1342 1344/1344/1344 1343/1343/1343 
f 1343/1343/1343 1344/1344/1344 1345/1345/1345 
f 1344/1344/1344 1345/1345/1345 1345/1345/1345 
f 1345/1345/1345 1345/1345/1345 1346/1346/1346 
f 1345/1345/1345 1346/1346/1346 1346/1346/1346 
f 1346/1346/1346 1346/1346/1346 1347/1347/1347 
f 1346/1346/1346 1348/1348/1348 1347/1347/1347 
f 1347/1347/1347 1348/1348/1348 1349/1349/1349 
f 1348/1348/1348 1349/1349/1349 1349/1349/1349 
f 1349/1349/1349 1349/1349/1349 1350/1350/1350 
f 1349/1349/1349 1350/1350/1350 1350/1350/1350 
f 1350/1350/1350 1350/1350/1350 1351/1351/1351 
f 1350/1350/1350 1352/1352/1352 1351/1351/1351 
f 1351/1351/1351 1352/1352/1352 1353/1353/1353 
f 1352/1352/1352 1353/1353/1353 1353/1353/1353 
f 1353/1353/1353 1353/1353/1353 1354/1354/1354 
f 1353/1353/1353 1354/1354/1354 1354/1354/1354 
f 1354/1354/1354 1354/1354/1354 1355/1355/1355 
f 1354/1354/1354 1356/1356/1356 1355/1355/1355 
f 1355/1355/1355 1356/1356/1356 1357/1357/1357 
f 1356/1356/1356 1357/1357/1357 1357/1357/1357 
f 1357/1357/1357 1357/1357/1357 1358/1358/1358 
f 1357/1357/1357 1358/1358/1358 1358/1358/1358 
f 1358/1358/1358 1358/1358/1358 1359/1359/1359 
f 1358/1358/1358 1360/1360/1360 1359/1359/1359 
f 1359/1359/1359 1360/1360/1360 1361/1361/1361 
f 1360/1360/1360 1361/1361/1361 1361/1361/1361 
f 1361/1361/1361 1361/1361/1361 1362/1362/1362 
f 1361/1361/1361 1362/1362/1362 1362/1362/1362 
f 1362/1362/1362 1362/1362/1362 1363/1363/1363 
f 1362/1362/1362 1364/1364/1364 1363/1363/1363 
f 1363/1363/1363 1364/1364/1364 1365/1365/1365 
f 1364/1364/1364 1365/1365/1365 1365/1365/1365 
f 1365/1365/1365 1365/1365/1365 1366/1366/1366 
f 1365/1365/1365 1366/1366/1366 1366/1366/1366 
f 1366/1366/1366 1366/1366/1366 1367/1367/1367 
f 1366/1366/1366 1368/1368/1368 1367/1367/1367 
f 1367/1367/1367 1368/1368/1368 1369/1369/1369 
f 1368/1368/1368 1369/1369/1369 1369/1369/1369 
f 1369/1369/1369 1369/1369/1369 1370/1370/1370 
f 1369/1369/1369 1370/1370/1370 1370/1370/1370 
f 1370/1370/1370 1370/1370/1370 1371/1371/1371 
f 1370/1370/1370 1372/1372/1372 1371/1371/1371 
f 1371/1371/1371 1372/1372/1372 1373/1373/1373 
f 1372/1372/1372 1373/1373/1373 1373/1373/1373 
f 1373/1373/1373 1373/1373/1373 1374/1374/1374 
f 1373/1373/1373 1374/1374/1374 1374/1374/1374 
f 1374/1374/1374 1374/1374/1374 1375/1375/1375 
f 1374/1374/1374 1376/1376/1376 1375/1375/1375 
f 1375/1375/1375 1376/1376/1376 1377/1377/1377 
f 1376/1376/1376 1377/1377/1377 1377/1377/1377 
f 1377/1377/1377 1377/1377/1377 1378/1378/1378 
f 1377/1377/1377 1378/1378/1378 1378/1378/1378 
f 1378/1378/1378 1378/1378/1378 1379/1379/1379 
f 1378/1378/1378 1380/1380/1380 1379/1379/1379 
f 1379/1379/1379 1380/1380/1380 1381/1381/1381 
f 1380/1380/1380 1381/1381/1381 1381/1381/1381 
f 1381/1381/1381 1381/1381/1381 1382/1382/1382 
f 1381/1381/1381 1382/1382/1382 1382/1382/1382 
f 1382/1382/1382 1382/1382/1382 1383/1383/1383 
f 1382/1382/1382 1384/1384/1384 1383/1383/1383 
f 1383/1383/1383 1384/1384/1384 1385/1385/1385 
f 1384/1384/1384 1385/1385/1385 1385/1385/1385 
f 1385/1385/1385 1385/1385/1385 1386/1386/1386 
f 1385/1385/1385 1386/1386/1386 1386/1386/1386 
f 1386/1386/1386 1386/1386/1386 1387/1387/1387 
f 1386/1386/1386 1388/1388/1388 1387/1387/1387 
f 1387/1387/1387 1388/1388/1388 1389/1389/1389 
f 1388/1388/1388 1389/1389/1389 1389/1389/1389 
f 1389/1389/1389 1389/1389/1389 1390/1390/1390 
f 1389/1389/1389 1390/1390/1390 1390/1390/1390 
f 1390/1390/1390 1390/1390/1390 1391/1391/1391 
f 1390/1390/1390 1392/1392/1392 1391/1391/1391 
f 1391/1391/1391 1392/1392/1392 1393/1393/1393 
f 1392/1392/1392 1393/1393/1393 1393/1393/1393 
f 1393/1393/1393 1393/1393/1393 1394/1394/1394 
f 1393/1393/1393 1394/1394/1394 1394/1394/1394 
f 1394/1394/1394 1394/1394/1394 1395/1395/1395 
f 1394/1394/1394 1396/1396/1396 1395/1395/1395 
f 1395/1395/1395 1396/1396/1396 1397/1397/1397 
f 1396/1396/1396 1397/1397/1397 1397/1397/1397 
f 1397/1397/1397 1397/1397/1397 1398/1398/1398 
f 1397/1397/1397 1398/1398/1398 1398/1398/1398 
f 1398/1398/1398 1398/1398/1398 1399/1399/1399 
f 1398/1398/1398 1400/1400/1400 1399/1399/1399 
f 1399/1399/1399 1400/1400/1400 1401/1401/1401 
f 1400/1400/1400 1401/1401/1401 1401/1401/1401 
f 1401/1401/1401 1401/1401/1401 1402/1402/1402 
f 1401/1401/1401 1402/1402/1402 1402/1402/1402 
f 1402/1402/1402 1402/1402/1402 1403/1403/1403 
f 1402/1402/1402 1404/1404/1404 1403/1403/1403 
f 1403/1403/1403 1404/1404/1404 1405/1405/1405 
f 1404/1404/1404 1405/1405/1405 1405/1405/1405 
f 1405/1405/1405 1405/1405/1405 1406/1406/1406 
f 1405/1405/1405 1406/1406/1406 1406/1406/1406 
f 1406/1406/1406 1406/1406/1406 1407/1407/1407 
f 1406/1406/1406 1408/1408/1408 1407/1407/1407 
f 1407/1407/1407 1408/1408/1408 1409/1409/1409 
f 1408/1408/1408 1409/1409/1409 1409/1409/1409 
f 1409/1409/1409 1409/1409/1409 1410/1410/1410 
f 1409/1409/1409 1410/1410/1410 1410/1410/1410 
f 1410/1410/1410 1410/1410/1410 1411/1411/1411 
f 1410/1410/1410 1412/1412/1412 1411/1411/1411 
f 1411/1411/1411 1412/1412/1412 1413/1413/1413 
f 1412/1412/1412 1413/1413/1413 1413/1413/1413 
f 1413/1413/1413 1413/1413/1413 1414/1414/1414 
f 1413/1413/1413 1414/1414/1414 1414/1414/1414 
f 1414/1414/1414 1414/1414/1414 1415/1415/1415 
f 1414/1414/1414 1416/1416/1416 1415/1415/1415 
f 1415/1415/1415 1416/1416/1416 1417/1417/1417 
f 1416/1416/1416 1417/1417/1417 1417/1417/1417 
f 1417/1417/1417 1417/1417/1417 1418/1418/1418 
f 1417/1417/1417 1418/1418/1418 1418/1418/1418 
f 1418/1418/1418 1418/1418/1418 1419/1419/1419 
f 1418/1418/1418 1420/1420/1420 1419/1419/1419 
f 1419/1419/1419 1420/1420/1420 1421/1421/1421 
f 1420/1420/1420 1421/1421/1421 1421/1421/1421 
f 1421/1421/1421 1421/1421/1421 1422/1422/1422 
f 1421/1421/1421 1422/1422/1422 1422/1422/1422 
f 1422/1422/1422 1422/1422/1422 1423/1423/1423 
f 1422/1422/1422 1424/1424/1424 1423/1423/1423 
f 1423/1423/1423 1424/1424/1424 1425/1425/1425 
f 1424/1424/1424 1425/1425/1425 1425/1425/1425 
f 1425/1425/1425 1425/1425/1425 1426/1426/1426 
f 1425/1425/1425 1426/1426/1426 1426/1426/1426 
f 1426/1426/1426 1426/1426/1426 1427/1427/1427 
f 1426/1426/1426 1428/1428/1428 1427/1427/1427 
f 1427/1427/1427 1428/1428/1428 1429/1429/1429 
f 1428/1428/1428 1429/1429/1429 1429/1429/1429 
f 1429/1429/1429 1429/1429/1429 1430/1430/1430 
f 1429/1429/1429 1430/1430/1430 1430/1430/1430 
f 1430/1430/1430 1430/1430/1430 1431/1431/1431 
f 1430/1430/1430 1432/1432/1432 1431/1431/1431 
f 1431/1431/1431 1432/1432/1432 1433/1433/1433 
f 1432/1432/1432 1433/1433/1433 1433/1433/1433 
f 1433/1433/1433 1433/1433/1433 1434/1434/1434 
f 1433/1433/1433 1434/1434/1434 1434/1434/1434 
f 1434/1434/1434 1434/1434/1434 1435/1435/1435 
f 1434/1434/1434 1436/1436/1436 1435/1435/1435 
f 1435/1435/1435 1436/1436/1436 1437/1437/1437 
f 1436/1436/1436 1437/1437/1437 1437/1437/1437 
f 1437/1437/1437 1437/1437/1437 1438/1438/1438 
f 1437/1437/1437 1438/1438/1438 1438/1438/1438 
f 1438/1438/1438 1438/1438/1438 1439/1439/1439 
f 1438/1438/1438 1440/1440/1440 1439/1439/1439 
f 1439/1439/1439 1440/1440/1440 1441/1441/1441 
f 1440/1440/1440 1441/1441/1441 1441/1441/1441 
f 1441/1441/1441 1441/1441/1441 1442/1442/1442 
f 1441/1441/1441 1442/1442/1442 1442/1442/1442 
f 1442/1442/1442 1442/1442/1442 1443/1443/1443 
f 1442/1442/1442 1444/1444/1444 1443/1443/1443 
f 1443/1443/1443 1444/1444/1444 1445/1445/1445 
f 1444/1444/1444 1445/1445/1445 1445/1445/1445 
f 1445/1445/1445 1445/1445/1445 1446/1446/1446 
f 1445/1445/1445 1446/1446/1446 1446/1446/1446 
f 1446/1446/1446 1446/1446/1446 1447/1447/1447 
f 1446/1446/1446 1448/1448/1448 1447/1447/1447 
f 1447/1447/1447 1448/1448/1448 1449/1449/1449 
f 1448/1448/1448 1449/1449/1449 1449/1449/1449 
f 1449/1449/1449 1449/1449/1449 1450/1450/1450 
f 1449/1449/1449 1450/1450/1450 1450/1450/1450 
f 1450/1450/1450 1450/1450/1450 1451/1451/1451 
f 1450/1450/1450 1452/1452/1452 1451/1451/1451 
f 1451/1451/1451 1452/1452/1452 1453/1453/1453 
f 1452/1452/1452 1453/1453/1453 1453/1453/1453 
f 1453/1453/1453 1453/1453/1453 1454/1454/1454 
f 1453/1453/1453 1454/1454/1454 1454/1454/1454 
f 1454/1454/1454 1454/1454/1454 1455/1455/1455 
f 1454/1454/1454 1456/1456/1456 1455/1455/1455 
f 1455/1455/1455 1456/1456/1456 1457/1457/1457 
f 1456/1456/1456 1457/1457/1457 1457/1457/1457 
f 1457/1457/1457 1457/1457/1457 1458/1458/1458 
f 1457/1457/1457 1458/1458/1458 1458/1458/1458 
f 1458/1458/1458 1458/1458/1458 1459/1459/1459 
f 1458/1458/1458 1460/1460/1460 1459/1459/1459 
f 1459/1459/1459 1460/1460/1460 1461/1461/1461 
f 1460/1460/1460 1461/1461/1461 1461/1461/1461 
f 1461/1461/1461 1461/1461/1461 1462/1462/1462 
f 1461/1461/1461 1462/1462/1462 1462/1462/1462 
f 1462/1462/1462 1462/1462/1462 1463/1463/1463 
f 1462/1462/1462 1464/1464/1464 1463/1463/1463 
f 1463/1463/1463 1464/1464/1464 1465/1465/1465 
f 1464/1464/1464 1465/1465/1465 1465/1465/1465 
f 1465/1465/1465 1465/1465/1465 1466/1466/1466 
f 1465/1465/1465 1466/1466/1466 1466/1466/1466 
f 1466/1466/1466 1466/1466/1466 1467/1467/1467 
f 1466/1466/1466 1468/1468/1468 1467/1467/1467 
f 1467/1467/1467 1468/1468/1468 1469/1469/1469 
f 1468/1468/1468 1469/1469/1469 1469/1469/1469 
f 1469/1469/1469 1469/1469/1469 1470/1470/1470 
f 1469/1469/1469 1470/1470/1470 1470/1470/1470 
f 1470/1470/1470 1470/1470/1470 1471/1471/1471 
f 1470/1470/1470 1472/1472/1472 1471/1471/1471 
f 1471/1471/1471 1472/1472/1472 1473/1473/1473 
f 1472/1472/1472 1473/1473/1473 1473/1473/1473 
f 1473/1473/1473 1473/1473/1473 1474/1474/1474 
f 1473/1473/1473 1474/1474/1474 1474/1474/1474 
f 1474/1474/1474 1474/1474/1474 1475/1475/1475 
f 1474/1474/1474 1476/1476/1476 1475/1475/1475 
f 1475/1475/1475 1476/1476/1476 1477/1477/1477 
f 1476/1476/1476 1477/1477/1477 1477/1477/1477 
f 1477/1477/1477 1477/1477/1477 1478/1478/1478 
f 1477/1477/1477 1478/1478/1478 1478/1478/1478 
f 1478/1478/1478 1478/1478/1478 1479/1479/1479 
f 1478/1478/1478 1480/1480/1480 1479/1479/1479 
f 1479/1479/1479 1480/1480/1480 1481/1481/1481 
f 1480/1480/1480 1481/1481/1481 1481/1481/1481 
f 1481/1481/1481 1481/1481/1481 1482/1482/1482 
f 1481/1481/1481 1482/1482/1482 1482/1482/1482 
f 1482/1482/1482 1482/1482/1482 1483/1483/1483 
f 1482/1482/1482 1484/1484/1484 1483/1483/1483 
f 1483/1483/1483 1484/1484/1484 1485/1485/1485 
f 1484/1484/1484 1485/1485/1485 1485/1485/1485 
f 1485/1485/1485 1485/1485/1485 1486/1486/1486 
f 1485/1485/1485 1486/1486/1486 1486/1486/1486 
f 1486/1486/1486 1486/1486/1486 1487/1487/1487 
f 1486/1486/1486 1488/1488/1488 1487/1487/1487 
f 1487/1487/1487 1488/1488/1488 1489/1489/1489 
f 1488/1488/1488 1489/1489/1489 1489/1489/1489 
f 1489/1489/1489 1489/1489/1489 1490/1490/1490 
f 1489/1489/1489 1490/1490/1490 1490/1490/1490 
f 1490/1490/1490 1490/1490/1490 1491/1491/1491 
f 1490/1490/1490 1492/1492/1492 1491/1491/1491 
f 1491/1491/1491 1492/1492/1492 1493/1493/1493 
f 1492/1492/1492 1493/1493/1493 1493/1493/1493 
f 1493/1493/1493 1493/1493/1493 1494/1494/1494 
f 1493/1493/1493 1494/1494/1494 1494/1494/1494 
f 1494/1494/1494 1494/1494/1494 1495/1495/1495 
f 1494/1494/1494 1496/1496/1496 1495/1495/1495 
f 1495/1495/1495 1496/1496/1496 1497/1497/1497 
f 1496/1496/1496 1497/1497/1497 1497/1497/1497 
f 1497/1497/1497 1497/1497/1497 1498/1498/1498 
f 1497/1497/1497 1498/1498/1498 1498/1498/1498 
f 1498/1498/1498 1498/1498/1498 1499/1499/1499 
f 1498/1498/1498 1500/1500/1500 1499/1499/1499 
f 1499/1499/1499 1500/1500/1500 1501/1501/1501 
f 1500/1500/1500 1501/1501/1501 1501/1501/1501 
f 1501/1501/1501 1501/1501/1501 1502/1502/1502 
f 1501/1501/1501 1502/1502/1502 1502/1502/1502 
f 1502/1502/1502 1502/1502/1502 1503/1503/1503 
f 1502/1502/1502 1504/1504/1504 1503/1503/1503 
f 1503/1503/1503 1504/1504/1504 1505/1505/1505 
f 1504/1504/1504 1505/1505/1505 1505/1505/1505 
f 1505/1505/1505 1505/1505/1505 1506/1506/1506 
f 1505/1505/1505 1506/1506/1506 1506/1506/1506 
f 1506/1506/1506 1506/1506/1506 1507/1507/1507 
f 1506/1506/1506 1508/1508/1508 1507/1507/1507 
f 1507/1507/1507 1508/1508/1508 1509/1509/1509 
f 1508/1508/1508 1509/1509/1509 1509/1509/1509 
f 1509/1509/1509 1509/1509/1509 1510/1510/1510 
f 1509/1509/1509 1510/1510/1510 1510/1510/1510 
f 1510/1510/1510 1510/1510/1510 1511/1511/1511 
f 1510/1510/1510 1512/1512/1512 1511/1511/1511 
f 1511/1511/1511 1512/1512/1512 1513/1513/1513 
f 1512/1512/1512 1513/1513/1513 1513/1513/1513 
f 1513/1513/1513 1513/1513/1513 1514/1514/1514 
f 1513/1513/1513 1514/1514/1514 1514/1514/1514 
f 1514/1514/1514 1514/1514/1514 1515/1515/1515 
f 1514/1514/1514 1516/1516/1516 1515/1515/1515 
f 1515/1515/1515 1516/1516/1516 1517/1517/1517 
f 1516/1516/1516 1517/1517/1517 1517/1517/1517 
f 1517/1517/1517 1517/1517/1517 1518/1518/1518 
f 1517/1517/1517 1518/1518/1518 1518/1518/1518 
f 1518/1518/1518 1518/1518/1518 1519/1519/1519 
f 1518/1518/1518 1520/1520/1520 1519/1519/1519 
f 1519/1519/1519 1520/1520/1520 1521/1521/1521 
f 1520/1520/1520 1521/1521/1521 1521/1521/1521 
f 1521/1521/1521 1521/1521/1521 1522/1522/1522 
f 1521/1521/1521 1522/1522/1522 1522/1522/1522 
f 1522/1522/1522 1522/1522/1522 1523/1523/1523 
f 1522/1522/1522 1524/1524/1524 1523/1523/1523 
f 1523/1523/1523 1524/1524/1524 1525/1525/1525 
f 1524/1524/1524 1525/1525/1525 1525/1525/1525 
f 1525/1525/1525 1525/1525/1525 1526/1526/1526 
f 1525/1525/1525 1526/1526/1526 1526/1526/1526 
f 1526/1526/1526 1526/1526/1526 1527/1527/1527 
f 1526/1526/1526 1528/1528/1528 1527/1527/1527 
f 1527/1527/1527 1528/1528/1528 1529/1529/1529 
f 1528/1528/1528 1529/1529/1529 1529/1529/1529 
f 1529/1529/1529 1529/1529/1529 1530/1530/1530 
f 1529/1529/1529 1530/1530/1530 1530/1530/1530 
f 1530/1530/1530 1530/1530/1530 1531/1531/1531 
f 1530/1530/1530 1532/1532/1532 1531/1531/1531 
f 1531/1531/1531 1532/1532/1532 1533/1533/1533 
f 1532/1532/1532 1533/1533/1533 1533/1533/1533 
f 1533/1533/1533 1533/1533/1533 1534/1534/1534 
f 1533/1533/1533 1534/1534/1534 1534/1534/1534 
f 1534/1534/1534 1534/1534/1534 1535/1535/1535 
f 1534/1534/1534 1536/1536/1536 1535/1535/1535 
f 1535/1535/1535 1536/1536/1536 1537/1537/1537 
f 1536/1536/1536 1537/1537/1537 1537/1537/1537 
f 1537/1537/1537 1537/1537/1537 1538/1538/1538 
f 1537/1537/1537 1538/1538/1538 1538/1538/1538 
f 1538/1538/1538 1538/1538/1538 1539/1539/1539 
f 1538/1538/1538 1540/1540/1540 1539/1539/1539 
f 1539/1539/1539 1540/1540/1540 1541/1541/1541 
f 1540/1540/1540 1541/1541/1541 1541/1541/1541 
f 1541/1541/1541 1541/1541/1541 1542/1542/1542 
f 1541/1541/1541 1542/1542/1542 1542/1542/1542 
f 1542/1542/1542 1542/1542/1542 1543/1543/1543 
f 1542/1542/1542 1544/1544/1544 1543/1543/1543 
f 1543/1543/1543 1544/1544/1544 1545/1545/1545 
f 1544/1544/1544 1545/1545/1545 1545/1545/1545 
f 1545/1545/1545 1545/1545/1545 1546/1546/1546 
f 1545/1545/1545 1546/1546/1546 1546/1546/1546 
f 1546/1546/1546 1546/1546/1546 1547/1547/1547 
f 1546/1546/1546 1548/1548/1548 1547/1547/1547 
f 1547/1547/1547 1548/1548/1548 1549/1549/1549 
f 1548/1548/1548 1549/1549/1549 1549/1549/1549 
f 1549/1549/1549 1549/1549/1549 1550/1550/1550 
f 1549/1549/1549 1550/1550/1550 1550/1550/1550 
f 1550/1550/1550 1550/1550/1550 1551/1551/1551 
f 1550/1550/1550 1552/1552/1552 1551/1551/1551 
f 1551/1551/1551 1552/1552/1552 1553/1553/1553 
f 1552/1552/1552 1553/1553/1553 1553/1553/1553 
f 1553/1553/1553 1553/1553/1553 1554/1554/1554 
f 1553/1553/1553 1554/1554/1554 1554/1554/1554 
f 1554/1554/1554 1554/1554/1554 1555/1555/1555 
f 1554/1554/1554 1556/1556/1556 1555/1555/1555 
f 1555/1555/1555 1556/1556/1556 1557/1557/1557 
f 1556/1556/1556 1557/1557/1557 1557/1557/1557 
f 1557/1557/1557 1557/1557/1557 1558/1558/1558 
f 1557/1557/1557 1558/1558/1558 1558/1558/1558 
f 1558/1558/1558 1558/1558/1558 1559/1559/1559 
f 1558/1558/1558 1560/1560/1560 1559/1559/1559 
f 1559/1559/1559 1560/1560/1560 1561/1561/1561 
f 1560/1560/1560 1561/1561/1561 1561/1561/1561 
f 1561/1561/1561 1561/1561/1561 1562/1562/1562 
f 1561/1561/1561 1562/1562/1562 1562/1562/1562 
f 1562/1562/1562 1562/1562/1562 1563/1563/1563 
f 1562/1562/1562 1564/1564/1564 1563/1563/1563 
f 1563/1563/1563 1564/1564/1564 1565/1565/1565 
f 1564/1564/1564 1565/1565/1565 1565/1565/1565 
f 1565/1565/1565 1565/1565/1565 1566/1566/1566 
f 1565/1565/1565 1566/1566/1566 1566/1566/1566 
f 1566/1566/1566 1566/1566/1566 1567/1567/1567 
f 1566/1566/1566 1568/1568/1568 1567/1567/1567 
f 1567/1567/1567 1568/1568/1568 1569/1569/1569 
f 1568/1568/1568 1569/1569/1569 1569/1569/1569 
f 1569/1569/1569 1569/1569/1569 1570/1570/1570 
f 1569/1569/1569 1570/1570/1570 1570/1570/1570 
f 1570/1570/1570 1570/1570/1570 1571/1571/1571 
f 1570/1570/1570 1572/1572/1572 1571/1571/1571 
f 1571/1571/1571 1572/1572/1572 1573/1573/1573 
f 1572/1572/1572 1573/1573/1573 1573/1573/1573 
f 1573/1573/1573 1573/1573/1573 1574/1574/1574 
f 1573/1573/1573 1574/1574/1574 1574/1574/1574 
f 1574/1574/1574 1574/1574/1574 1575/1575/1575 
f 1574/1574/1574 1576/1576/1576 1575/1575/1575 
f 1575/1575/1575 1576/1576/1576 1577/1577/1577 
f 1576/1576/1576 1577/1577/1577 1577/1577/1577 
f 1577/1577/1577 1577/1577/1577 1578/1578/1578 
f 1577/1577/1577 1578/1578/1578 1578/1578/1578 
f 1578/1578/1578 1578/1578/1578 1579/1579/1579 
f 1578/1578/1578 1580/1580/1580 1579/1579/1579 
f 1579/1579/1579 1580/1580/1580 1581/1581/1581 
f 1580/1580/1580 1581/1581/1581 1581/1581/1581 
f 1581/1581/1581 1581/1581/1581 1582/1582/1582 
f 1581/1581/1581 1582/1582/1582 1582/1582/1582 
f 1582/1582/1582 1582/1582/1582 1583/1583/1583 
f 1582/1582/1582 1584/1584/1584 1583/1583/1583 
f 1583/1583/1583 1584/1584/1584 1585/1585/1585 
f 1584/1584/1584 1585/1585/1585 1585/1585/1585 
f 1585/1585/1585 1585/1585/1585 1586/1586/1586 
f 1585/1585/1585 1586/1586/1586 1586/1586/1586 
f 1586/1586/1586 1586/1586/1586 1587/1587/1587 
f 1586/1586/1586 1588/1588/1588 1587/1587/1587 
f 1587/1587/1587 1588/1588/1588 1589/1589/1589 
f 1588/1588/1588 1589/1589/1589 1589/1589/1589 
f 1589/1589/1589 1589/1589/1589 1590/1590/1590 
f 1589/1589/1589 1590/1590/1590 1590/1590/1590 
f 1590/1590/1590 1590/1590/1590 1591/1591/1591 
f 1590/1590/1590 1592/1592/1592 1591/1591/1591 
f 1591/1591/1591 1592/1592/1592 1593/1593/1593 
f 1592/1592/1592 1593/1593/1593 1593/1593/1593 
f 1593/1593/1593 1593/1593/1593 1594/1594/1594 
f 1593/1593/1593 1594/1594/1594 1594/1594/1594 
f 1594/1594/1594 1594/1594/1594 1595/1595/1595 
f 1594/1594/1594 1596/1596/1596 1595/1595/1595 
f 1595/1595/1595 1596/1596/1596 1597/1597/1597 
f 1596/1596/1596 1597/1597/1597 1597/1597/1597 
f 1597/1597/1597 1597/1597/1597 1598/1598/1598 
f 1597/1597/1597 1598/1598/1598 1598/1598/1598 
f 1598/1598/1598 1598/1598/1598 1599/1599/1599 
f 1598/1598/1598 1600/1600/1600 1599/1599/1599 
f 1599/1599/1599 1600/1600/1600 1601/1601/1601 
f 1600/1600/1600 1601/1601/1601 1601/1601/1601 
f 1601/1601/1601 1601/1601/1601 1602/1602/1602 
f 1601/1601/1601 1602/1602/1602 1602/1602/1602 
f 1602/1602/1602 1602/1602/1602 1603/1603/1603 
f 1602/1602/1602 1604/1604/1604 1603/1603/1603 
f 1603/1603/1603 1604/1604/1604 1605/1605/1605 
f 1604/1604/1604 1605/1605/1605 1605/1605/1605 
f 1605/1605/1605 1605/1605/1605 1606/1606/1606 
f 1605/1605/1605 1606/1606/1606 1606/1606/1606 
f 1606/1606/1606 1606/1606/1606 1607/1607/1607 
f 1606/1606/1606 1608/1608/1608 1607/1607/1607 
f 1607/1607/1607 1608/1608/1608 1609/1609/1609 
f 1608/1608/1608 1609/1609/1609 1609/1609/1609 
f 1609/1609/1609 1609/1609/1609 1610/1610/1610 
f 1609/1609/1609 1610/1610/1610 1610/1610/1610 
f 1610/1610/1610 1610/1610/1610 1611/1611/1611 
f 1610/1610/1610 1612/1612/1612 1611/1611/1611 
f 1611/1611/1611 1612/1612/1612 1613/1613/1613 
f 1612/1612/1612 1613/1613/1613 1613/1613/1613 
f 1613/1613/1613 1613/1613/1613 1614/1614/1614 
f 1613/1613/1613 1614/1614/1614 1614/1614/1614 
f 1614/1614/1614 1614/1614/1614 1615/1615/1615 
f 1614/1614/1614 1616/1616/1616 1615/1615/1615 
f 1615/1615/1615 1616/1616/1616 1617/1617/1617 
f 1616/1616/1616 1617/1617/1617 1617/1617/1617 
f 1617/1617/1617 1617/1617/1617 1618/1618/1618 
f 1617/1617/1617 1618/1618/1618 1618/1618/1618 
f 1618/1618/1618 1618/1618/1618 1619/1619/1619 
f 1618/1618/1618 1620/1620/1620 1619/1619/1619 
f 1619/1619/1619 1620/1620/1620 1621/1621/1621 
f 1620/1620/1620 1621/1621/1621 1621/1621/1621 
f 1621/1621/1621 1621/1621/1621 1622/1622/1622 
f 1621/1621/1621 1622/1622/1622 1622/1622/1622 
f 1622/1622/1622 1622/1622/1622 1623/1623/1623 
f 1622/1622/1622 1624/1624/1624 1623/1623/1623 
f 1623/1623/1623 1624/1624/1624 1625/1625/1625 
f 1624/1624/1624 1625/1625/1625 1625/1625/1625 
f 1625/1625/1625 1625/1625/1625 1626/1626/1626 
f 1625/1625/1625 1626/1626/1626 1626/1626/1626 
f 1626/1626/1626 1626/1626/1626 1627/1627/1627 
f 1626/1626/1626 1628/1628/1628 1627/1627/1627 
f 1627/1627/1627 1628/1628/1628 1629/1629/1629 
f 1628/1628/1628 1629/1629/1629 1629/1629/1629 
f 1629/1629/1629 1629/1629/1629 1630/1630/1630 
f 1629/1629/1629 1630/1630/1630 1630/1630/1630 
f 1630/1630/1630 1630/1630/1630 1631/1631/1631 
f 1630/1630/1630 1632/1632/1632 1631/1631/1631 
f 1631/1631/1631 1632/1632/1632 1633/1633/1633 
f 1632/1632/1632 1633/1633/1633 1633/1633/1633 
f 1633/1633/1633 1633/1633/1633 1634/1634/1634 
f 1633/1633/1633 1634/1634/1634 1634/1634/1634 
f 1634/1634/1634 1634/1634/1634 1635/1635/1635 
f 1634/1634/1634 1636/1636/1636 1635/1635/1635 
f 1635/1635/1635 1636/1636/1636 1637/1637/1637 
f 1636/1636/1636 1637/1637/1637 1637/1637/1637 
f 1637/1637/1637 1637/1637/1637 1638/1638/1638 
f 1637/1637/1637 1638/1638/1638 1638/1638/1638 
f 1638/1638/1638 1638/1638/1638 1639/1639/1639 
f 1638/1638/1638 1640/1640/1640 1639/1639/1639 
f 1639/1639/1639 1640/1640/1640 1641/1641/1641 
f 1640/1640/1640 1641/1641/1641 1641/1641/1641 
f 1641/1641/1641 1641/1641/1641 1642/1642/1642 
f 1641/1641/1641 1642/1642/1642 1642/1642/1642 
f 1642/1642/1642 1642/1642/1642 1643/1643/1643 
f 1642/1642/1642 1644/1644/1644 1643/1643/1643 
f 1643/1643/1643 1644/1644/1644 1645/1645/1645 
f 1644/1644/1644 1645/1645/1645 1645/1645/1645 
f 1645/1645/1645 1645/1645/1645 1646/1646/1646 
f 1645/1645/1645 1646/1646/1646 1646/1646/1646 
f 1646/1646/1646 1646/1646/1646 1647/1647/1647 
f 1646/1646/1646 1648/1648/1648 1647/1647/1647 
f 1647/1647/1647 1648/1648/1648 1649/1649/1649 
f 1648/1648/1648 1649/1649/1649 1649/1649/1649 
f 1649/1649/1649 1649/1649/1649 1650/1650/1650 
f 1649/1649/1649 1650/1650/1650 1650/1650/1650 
f 1650/1650/1650 1650/1650/1650 1651/1651/1651 
f 1650/1650/1650 1652/1652/1652 1651/1651/1651 
f 1651/1651/1651 1652/1652/1652 1653/1653/1653 
f 1652/1652/1652 1653/1653/1653 1653/1653/1653 
f 1653/1653/1653 1653/1653/1653 1654/1654/1654 
f 1653/1653/1653 1654/1654/1654 1654/1654/1654 
f 1654/1654/1654 1654/1654/1654 1655/1655/1655 
f 1654/1654/1654 1656/1656/1656 1655/1655/1655 
f 1655/1655/1655 1656/1656/1656 1657/1657/1657 
f 1656/1656/1656 1657/1657/1657 1657/1657/1657 
f 1657/1657/1657 1657/1657/1657 1658/1658/1658 
f 1657/1657/1657 1658/1658/1658 1658/1658/1658 
f 1658/1658/1658 1658/1658/1658 1659/1659/1659 
f 1658/1658/1658 1660/1660/1660 1659/1659/1659 
f 1659/1659/1659 1660/1660/1660 1661/1661/1661 

