mtllib model_9.mtl
o model_9
v -38.522499084472656 19.411813735961914 -38.52114486694336 
v -40.35231399536133 22.463153839111328 -38.54511260986328 
v -42.05611801147461 18.64897918701172 -38.52482986450195 
v -42.300270080566406 22.69377899169922 -38.52988052368164 
v -43.153480529785156 21.168107986450195 -38.53364562988281 
v -44.4135627746582 10.364235877990723 -38.97615051269531 
v -47.84492111206055 9.601400375366211 -37.894981384277344 
v -46.309078216552734 13.415575981140137 -38.40458297729492 
v -48.08120346069336 13.646200180053711 -37.81657791137695 
v -48.90819549560547 12.120530128479004 -37.542179107666016 
v -56.73769760131836 12.475340843200684 -52.098995208740234 
v -58.58601379394531 12.014091491699219 -51.02672576904297 
v -57.779998779296875 14.320338249206543 -51.523658752441406 
v -58.81967544555664 14.462260246276855 -50.920509338378906 
v -59.28175735473633 13.539762496948242 -50.652442932128906 
v -60.001094818115234 6.993572235107422 -50.52851104736328 
v -61.43467712402344 6.532322883605957 -48.93405532836914 
v -60.77302551269531 8.838568687438965 -49.66995620727539 
v -61.54233169555664 8.980491638183594 -48.78358459472656 
v -61.991302490234375 8.057992935180664 -48.376434326171875 
v -74.55059814453125 16.413698196411133 -48.483516693115234 
v -77.0867919921875 15.757305145263672 -46.953514099121094 
v -75.93421173095703 18.98604965209961 -47.65149688720703 
v -77.31782531738281 19.198932647705078 -46.81947708129883 
v -78.0135726928711 17.886146545410156 -46.445194244384766 
v -79.08995819091797 8.732126235961914 -46.23147964477539 
v -81.07492065429688 8.093473434448242 -44.023773193359375 
v -80.07719421386719 11.322216987609863 -45.071990966796875 
v -81.17733001708984 11.51736068725586 -43.81767272949219 
v -81.73395538330078 10.222314834594727 -43.26005172729492 
v -92.70773315429688 16.413698196411133 -42.05726623535156 
v -95.24655151367188 15.757304191589355 -40.555076599121094 
v -94.0939712524414 18.986047744750977 -41.25305938720703 
v -95.47759246826172 19.198932647705078 -40.421043395996094 
v -96.17333221435547 17.886146545410156 -40.046756744384766 
v -97.24971771240234 8.732125282287598 -39.83304214477539 
v -99.23468017578125 8.09347152709961 -37.625335693359375 
v -98.35509490966797 11.322216033935547 -38.63435363769531 
v -99.45785522460938 11.517359733581543 -37.40785217285156 
v -99.89371490478516 10.22231388092041 -36.86161804199219 
v -98.06098175048828 8.501500129699707 -39.39174270629883 
v -101.03011322021484 7.845107555389404 -39.86959457397461 
v -99.67024230957031 11.073851585388184 -39.661006927490234 
v -101.27950286865234 11.286735534667969 -39.930274963378906 
v -102.01981353759766 9.991689682006836 -40.02887725830078 
v -31.004947662353516 14.5509614944458 -50.539520263671875 
v -32.50408172607422 13.965529441833496 -49.64048385620117 
v -31.810964584350586 16.839466094970703 -50.04258346557617 
v -32.61960220336914 17.016870498657227 -49.57346725463867 
v -33.08430480957031 15.863747596740723 -49.33321762084961 
v -33.68288040161133 7.73866605758667 -49.22066879272461 
v -34.89853286743164 7.153234004974365 -47.899330139160156 
v -34.3471565246582 10.02717113494873 -48.51258087158203 
v -35.01143264770508 10.204574584960938 -47.80449676513672 
v -35.224117279052734 9.051451683044434 -47.475746154785156 
v 91.24475860595703 14.55095386505127 -38.40504837036133 
v 89.56192779541016 13.965522766113281 -38.1622314453125 
v 90.28388977050781 16.839458465576172 -38.25835037231445 
v 89.32039642333984 17.016862869262695 -38.13946533203125 
v 88.96072387695312 15.863739967346191 -38.07749938964844 
v 88.2177963256836 7.738659381866455 -38.20391845703125 
v 86.70555114746094 7.15322732925415 -37.443965911865234 
v 87.4039077758789 10.027164459228516 -37.79043197631836 
v 86.59003448486328 10.204567909240723 -37.376949310302734 
v 86.12271118164062 9.051445007324219 -37.16451644897461 
v 83.48552703857422 19.411806106567383 -25.072954177856445 
v 80.19097137451172 18.648971557617188 -26.418176651000977 
v 81.71354675292969 22.463146209716797 -25.77590560913086 
v 79.93632507324219 22.693771362304688 -26.53449058532715 
v 79.05164337158203 21.168102264404297 -26.872060775756836 
v 78.11453247070312 10.364228248596191 -27.765966415405273 
v 74.55731201171875 9.601393699645996 -28.020000457763672 
v 76.27423095703125 13.415569305419922 -27.901199340820312 
v 74.31053924560547 13.646193504333496 -28.052865982055664 
v 73.44945526123047 12.120523452758789 -28.14008331298828 
v 58.37816619873047 12.617255210876465 -31.630630493164062 
v 56.453819274902344 12.351149559020996 -31.365047454833984 
v 57.7822151184082 15.047682762145996 -31.490262985229492 
v 56.700584411621094 15.384749412536621 -31.33218002319336 
v 56.09676742553711 14.320328712463379 -31.2752628326416 
v 54.133079528808594 6.390391826629639 -31.426931381225586 
v 52.26378631591797 6.106545925140381 -30.57719612121582 
v 53.56597137451172 8.803079605102539 -30.980581283569336 
v 52.63656997680664 9.140146255493164 -30.500078201293945 
v 51.92509078979492 8.057984352111816 -30.292695999145508 
v 51.049781799316406 16.413692474365234 -43.456356048583984 
v 48.16455841064453 15.75730037689209 -43.044071197509766 
v 49.48771667480469 18.98604393005371 -43.224918365478516 
v 47.80488586425781 19.198928833007812 -42.98210144042969 
v 47.08292770385742 17.88614273071289 -42.885986328125 
v 45.9645881652832 8.732121467590332 -43.117340087890625 
v 43.28403091430664 8.09346866607666 -41.82630157470703 
v 44.56786346435547 11.322213172912598 -42.42440414428711 
v 43.0529899597168 11.517355918884277 -41.69226837158203 
v 42.35200881958008 10.222311019897461 -41.37361526489258 
v -14.471980094909668 16.413694381713867 -41.88267135620117 
v -17.357202529907227 15.757302284240723 -41.47038650512695 
v -16.03404426574707 18.986045837402344 -41.65123748779297 
v -17.716873168945312 19.198930740356445 -41.40842056274414 
v -18.438833236694336 17.886144638061523 -41.31230545043945 
v -19.557174682617188 8.732123374938965 -41.54365539550781 
v -22.237728118896484 8.093470573425293 -40.252620697021484 
v -20.953899383544922 11.322214126586914 -40.8507194519043 
v -22.468767166137695 11.51735782623291 -40.11858367919922 
v -23.169754028320312 10.222311973571777 -39.79993438720703 
v 125.20098876953125 14.550955772399902 -46.54505920410156 
v 123.56010437011719 13.965523719787598 -45.85717010498047 
v 124.26110076904297 16.839460372924805 -46.17582321166992 
v 123.44197845458984 17.016864776611328 -45.817970275878906 
v 122.9720230102539 15.863740921020508 -45.63335418701172 
v 122.36558532714844 7.7386603355407715 -45.60425567626953 
v 121.01081848144531 7.153228282928467 -44.46625518798828 
v 121.57006072998047 10.027165412902832 -44.996055603027344 
v 120.89791107177734 10.204568862915039 -44.37141799926758 
v 120.55921936035156 9.051445960998535 -44.086917877197266 
v 111.6822509765625 15.189605712890625 -36.14999008178711 
v 109.5846939086914 14.568693161010742 -36.429359436035156 
v 110.57177734375 17.708736419677734 -36.297889709472656 
v 109.4613037109375 17.903879165649414 -36.44579315185547 
v 108.84699249267578 16.64431381225586 -36.50014114379883 
v 108.20122528076172 7.72091817855835 -36.8882942199707 
v 106.16397094726562 7.100005626678467 -36.52787780761719 
v 107.12483978271484 10.240047454833984 -36.67457580566406 
v 105.92505645751953 10.435192108154297 -36.477291107177734 
v 105.44462585449219 9.175626754760742 -36.4039421081543 
v 101.27228546142578 14.550957679748535 -52.231597900390625 
v 98.80966186523438 13.96552562713623 -51.21367645263672 
v 99.98320770263672 16.839462280273438 -51.68912887573242 
v 98.69676208496094 17.01686668395996 -51.11884307861328 
v 97.99053192138672 15.863743782043457 -50.8558235168457 
v 97.01917266845703 7.7386627197265625 -50.82039260864258 
v 94.98963928222656 7.153230667114258 -49.0855712890625 
v 95.88758087158203 10.027167320251465 -49.89987564086914 
v 94.76121520996094 10.204570770263672 -48.92372131347656 
v 94.31224822998047 9.051447868347168 -48.51656723022461 
v 82.88935089111328 16.413692474365234 -45.61567687988281 
v 80.07492065429688 15.75730037689209 -44.45233917236328 
v 81.3639907836914 18.98604393005371 -44.99480438232422 
v 79.84125518798828 19.198928833007812 -44.34611892700195 
v 79.13765716552734 17.88614273071289 -44.0552864074707 
v 78.04553985595703 8.732120513916016 -44.00847244262695 
v 75.79019927978516 8.093467712402344 -42.083984375 
v 76.80365753173828 11.322212219238281 -42.965301513671875 
v 75.56439971923828 11.517355918884277 -41.89431381225586 
v 74.99991607666016 10.222310066223145 -41.42014694213867 
v 39.47172927856445 20.884260177612305 -38.323787689208984 
v 36.071834564208984 20.08594512939453 -36.908817291259766 
v 37.594566345214844 24.095264434814453 -37.557498931884766 
v 35.720027923583984 24.343629837036133 -36.763397216796875 
v 34.90090560913086 22.72925567626953 -36.405548095703125 
v 33.443870544433594 11.357691764831543 -36.35240173339844 
v 30.62405014038086 10.559375762939453 -33.95374298095703 
v 31.9814453125 14.568695068359375 -35.063926696777344 
v 30.400876998901367 14.817059516906738 -33.73625564575195 
v 29.72873306274414 13.202688217163086 -33.11162185668945 
v 18.01493263244629 16.413692474365234 -34.5893440246582 
v 15.197881698608398 15.757299423217773 -33.45382308959961 
v 16.489578247070312 18.986042022705078 -33.968475341796875 
v 14.96422004699707 19.19892692565918 -33.34760665893555 
v 14.260613441467285 17.886140823364258 -33.05677032470703 
v 13.168495178222656 8.7321195602417 -33.00996017456055 
v 10.795021057128906 8.093466758728027 -31.046268463134766 
v 11.926621437072754 11.322210311889648 -31.966787338256836 
v 10.687365531921387 11.517354011535645 -30.89579963684082 
v 10.125500679016113 10.222309112548828 -30.393815994262695 
v -16.607149124145508 4.1373701095581055 -34.80575180053711 
v -20.384916305541992 2.168191432952881 -34.81448745727539 
v -19.652467727661133 6.958086013793945 -34.79933547973633 
v -21.967958450317383 6.603279113769531 -34.80558395385742 
v -22.456256866455078 4.59861946105957 -34.8156852722168 
v 48.69069290161133 -0.01387508399784565 -29.70718002319336 
v 28.976877212524414 -0.013876010663807392 -24.284812927246094 
v 48.69069290161133 18.116764068603516 -29.70717430114746 
v 28.976877212524414 18.116762161254883 -24.284807205200195 
v 48.4224853515625 11.073843002319336 -26.089712142944336 
v 53.528812408447266 10.896439552307129 -27.49715232849121 
v 44.97801971435547 6.86937952041626 -25.147628784179688 
v 60.063316345214844 4.013184070587158 -29.263723373413086 
v 44.97801971435547 -0.013876251876354218 -25.14763069152832 
v 60.063316345214844 -0.013875552453100681 -29.26372528076172 
v 18.491397857666016 10.914179801940918 -23.071922302246094 
v 27.992563247680664 11.091584205627441 -25.679414749145508 
v 15.879165649414062 7.4725518226623535 -22.348604202270508 
v 30.843700408935547 6.975822448730469 -26.453317642211914 
v 30.843700408935547 3.1084258556365967 -26.453317642211914 
v 15.879165649414062 3.9244813919067383 -22.34860610961914 
v 19.562538146972656 0.26996922492980957 -23.341276168823242 
v 26.924043655395508 0.2699695825576782 -25.38224983215332 
v 98.36832427978516 -0.013877577148377895 -26.167129516601562 
v 78.12516784667969 -0.013876186683773994 -28.945655822753906 
v 98.36832427978516 18.11676025390625 -26.167123794555664 
v 78.12516784667969 18.116762161254883 -28.94565200805664 
v 97.81200408935547 11.07384204864502 -28.191415786743164 
v 102.99684143066406 10.896438598632812 -27.47339630126953 
v 94.23381042480469 6.869379043579102 -28.667985916137695 
v 109.66492462158203 4.013181686401367 -26.53036117553711 
v 94.23381042480469 -0.013876751065254211 -28.667987823486328 
v 109.66492462158203 -0.013877816498279572 -26.53036117553711 
v 67.83633422851562 10.914178848266602 -25.646509170532227 
v 77.58907318115234 11.091582298278809 -24.29263687133789 
v 65.1218490600586 7.472551345825195 -26.008047103881836 
v 80.5529556274414 6.975820541381836 -23.870420455932617 
v 80.5529556274414 3.1084237098693848 -23.870420455932617 
v 65.12184143066406 3.92448091506958 -26.008047103881836 
v 68.94681549072266 0.2699683606624603 -25.498611450195312 
v 76.47859954833984 0.26996782422065735 -24.440540313720703 
v 121.4808349609375 0.14578372240066528 -22.676830291748047 
v 97.53084564208984 0.1457853764295578 -26.00399398803711 
v 121.48084259033203 21.611608505249023 -22.67682456970215 
v 97.53084564208984 21.611610412597656 -26.00398826599121 
v 118.3307876586914 13.930037498474121 -25.07403564453125 
v 124.5027084350586 13.734892845153809 -24.22454833984375 
v 114.13565826416016 8.944998741149902 -25.63277244567871 
v 132.40464782714844 5.574330806732178 -23.1171817779541 
v 114.13565826416016 0.8199179768562317 -25.632776260375977 
v 132.40464782714844 0.8199166655540466 -23.1171817779541 
v 88.1109619140625 13.752634048461914 -22.5341796875 
v 99.71448516845703 13.947776794433594 -20.933805465698242 
v 84.90029907226562 9.672353744506836 -22.98926544189453 
v 103.16929626464844 9.069180488586426 -20.47367286682129 
v 103.16929626464844 4.5099101066589355 -20.473674774169922 
v 84.90029907226562 5.46789026260376 -22.989267349243164 
v 89.46558380126953 1.1569843292236328 -22.3812313079834 
v 98.35723876953125 1.156983733177185 -21.114578247070312 
v 72.78488159179688 -0.013877173885703087 -24.8500919342041 
v 52.539100646972656 -0.013875775970518589 -27.65643882751465 
v 72.78488159179688 18.116762161254883 -24.850086212158203 
v 52.539100646972656 18.116762161254883 -27.65643310546875 
v 73.46879577636719 13.752632141113281 -13.717050552368164 
v 85.07231140136719 13.947774887084961 -12.116678237915039 
v 70.26074981689453 9.672350883483887 -14.14432144165039 
v 88.52974700927734 9.069178581237793 -11.628727912902832 
v 88.52974700927734 4.509908199310303 -11.628728866577148 
v 70.26074981689453 5.467888355255127 -14.144322395324707 
v 74.82603454589844 1.1569823026657104 -13.536286354064941 
v 83.71768951416016 1.1569817066192627 -12.269631385803223 
v -107.94549560546875 -0.0316154845058918 -13.707640647888184 
v -115.8924560546875 -0.031615886837244034 -11.415033340454102 
v -107.94549560546875 5.893661975860596 -13.70763874053955 
v -115.8924560546875 5.8936614990234375 -11.415031433105469 
v -107.80232238769531 -0.031618453562259674 -3.1410369873046875 
v -112.97127532958984 -0.03161777928471565 -4.983112335205078 
v -107.80232238769531 3.480970859527588 -3.141036033630371 
v -112.97127532958984 3.480971574783325 -4.983111381530762 
v -90.89755249023438 -0.031617421656847 -8.635388374328613 
v -95.77238464355469 -0.03161654621362686 -11.234848022460938 
v -90.89755249023438 3.4809718132019043 -8.635387420654297 
v -95.77238464355469 3.4809727668762207 -11.234847068786621 
v -40.6519775390625 19.198928833007812 -35.261451721191406 
v -58.196678161621094 19.198928833007812 -35.26343536376953 
v -40.6068000793457 34.047603607177734 -39.9523811340332 
v -58.15150451660156 34.047603607177734 -39.95436477661133 
v -42.83576583862305 26.880502700805664 -39.040679931640625 
v -38.569698333740234 25.514495849609375 -39.021846771240234 
v -46.85506057739258 24.23719024658203 -39.02664566040039 
v -34.5504035949707 18.258691787719727 -39.03588104248047 
v -48.43810272216797 18.560277938842773 -39.01774978637695 
v -35.52437973022461 14.923505783081055 -39.02826690673828 
v -62.55683898925781 24.75166130065918 -38.86558151245117 
v -54.27147674560547 26.632137298583984 -38.86077880859375 
v -64.26326751708984 21.363252639770508 -38.87311553955078 
v -51.1027717590332 23.704978942871094 -38.850765228271484 
v -50.37294387817383 20.45849609375 -38.86343002319336 
v -63.651580810546875 18.382875442504883 -38.84658432006836 
v -59.753047943115234 16.005666732788086 -38.8492317199707 
v -53.29750061035156 17.353933334350586 -38.86840057373047 
v -43.86682891845703 19.198932647705078 -44.80885314941406 
v -50.62615966796875 19.19892692565918 -28.624296188354492 
v -48.17993927001953 34.047607421875 -46.61933898925781 
v -54.939273834228516 34.047603607177734 -30.434782028198242 
v -57.226898193359375 24.75166130065918 -44.363365173339844 
v -55.371761322021484 26.632137298583984 -36.31550598144531 
v -57.62574768066406 21.36325454711914 -46.009605407714844 
v -54.58979415893555 23.70497703552246 -33.1899299621582 
v -54.403480529785156 20.458494186401367 -32.50589370727539 
v -57.44729995727539 18.382877349853516 -45.40902328491211 
v -56.60240173339844 16.00566864013672 -41.615840911865234 
v -55.0384635925293 17.353933334350586 -35.364688873291016 
v -40.672054290771484 19.216672897338867 -43.229713439941406 
v -58.21675491333008 19.216672897338867 -43.23169708251953 
v -40.58859634399414 34.02986526489258 -38.46670913696289 
v -58.13330078125 34.02986526489258 -38.468692779541016 
v -42.81231689453125 25.922523498535156 -37.49937438964844 
v -40.47015380859375 24.556516647338867 -41.08782196044922 
v -45.062557220458984 23.27920913696289 -34.22829818725586 
v -38.222537994384766 17.30071449279785 -44.38671875 
v -45.910675048828125 17.602296829223633 -32.88547897338867 
v -38.75818634033203 13.983267784118652 -43.606563568115234 
v -42.46006393432617 25.141948699951172 -41.51765441894531 
v -45.98289489746094 23.775941848754883 -43.991981506347656 
v -39.199737548828125 22.49863624572754 -39.243099212646484 
v -49.24321746826172 16.502399444580078 -46.26654052734375 
v -37.895084381103516 16.82172393798828 -38.32771301269531 
v -48.4609489440918 13.184953689575195 -45.72287368774414 
v -38.421512603759766 11.854427337646484 -49.08270263671875 
v -51.579383850097656 11.8544282913208 -49.07723617553711 
v -38.4508056640625 22.924406051635742 -45.51581954956055 
v -51.60867691040039 22.924406051635742 -45.510353088378906 
v -44.682132720947266 10.257798194885254 -54.75082015991211 
v -47.742061614990234 10.257794380187988 -41.97394561767578 
v -41.316627502441406 21.345518112182617 -53.945499420166016 
v -44.25579071044922 21.34551429748535 -41.18000411987305 
v -56.879737854003906 12.333417892456055 -49.72823715209961 
v -66.12132263183594 12.333416938781738 -44.366886138916016 
v -58.32860565185547 21.345518112182617 -52.17354202270508 
v -67.5701904296875 21.345516204833984 -46.81219482421875 
v -59.1950798034668 16.999130249023438 -51.02544021606445 
v -57.00282287597656 16.165334701538086 -52.32658004760742 
v -61.27443313598633 15.384758949279785 -49.81913757324219 
v -54.926090240478516 11.765727996826172 -53.56070327758789 
v -62.08045196533203 11.960870742797852 -49.32220458984375 
v -55.38554763793945 9.761067390441895 -53.26482009887695 
v -69.46060943603516 15.704083442687988 -44.894039154052734 
v -65.19161987304688 16.857206344604492 -47.42929458618164 
v -70.38739013671875 13.64620304107666 -44.385719299316406 
v -63.456199645996094 15.065431594848633 -48.406734466552734 
v -63.109642028808594 13.113993644714355 -48.607784271240234 
v -70.0382080078125 11.854427337646484 -44.558956146240234 
v -68.0796127319336 10.39971923828125 -45.753875732421875 
v -64.61139678955078 11.233515739440918 -47.73656463623047 
v -61.520755767822266 12.333418846130371 -53.72486877441406 
v -60.162086486816406 12.333415985107422 -43.18864822387695 
v -64.287841796875 21.345518112182617 -53.351783752441406 
v -62.929168701171875 21.34551429748535 -42.8155632019043 
v -68.30496215820312 15.704084396362305 -49.43707275390625 
v -64.91615295410156 16.857206344604492 -45.79949188232422 
v -69.10558319091797 13.646203994750977 -50.17545700073242 
v -63.56430435180664 15.065430641174316 -44.38340377807617 
v -63.29131317138672 13.113991737365723 -44.07236862182617 
v -68.83521270751953 11.8544282913208 -49.892242431640625 
v -67.2129898071289 10.39971923828125 -48.192935943603516 
v -64.50929260253906 11.233514785766602 -45.36075973510742 
v -59.34438705444336 12.35115909576416 -53.901954650878906 
v -68.58334350585938 12.351158142089844 -48.512786865234375 
v -57.89027404785156 21.327775955200195 -51.40100860595703 
v -67.1318588256836 21.327775955200195 -46.03965759277344 
v -58.75412368774414 16.413698196411133 -50.22509002685547 
v -58.633060455322266 15.59764289855957 -52.818382263183594 
v -58.8935432434082 14.817066192626953 -47.826515197753906 
v -58.49364471435547 11.180296897888184 -55.216957092285156 
v -58.9251594543457 11.37543773651123 -46.869361877441406 
v -58.44120407104492 9.175636291503906 -54.660621643066406 
v -59.81710433959961 15.934709548950195 -52.45419692993164 
v -62.39509582519531 15.118653297424316 -52.66021728515625 
v -57.362491607666016 14.338078498840332 -52.264610290527344 
v -64.72894287109375 10.719046592712402 -52.861183166503906 
v -56.38064956665039 10.89645004272461 -52.18878173828125 
v -64.23802185058594 8.696646690368652 -52.823265075683594 
v -74.72425079345703 16.23629379272461 -45.15560531616211 
v -87.54170989990234 16.236291885375977 -37.66109848022461 
v -76.63243103027344 28.814205169677734 -48.59598159790039 
v -89.56802368164062 28.8142032623291 -41.06227493286133 
v -77.94000244140625 22.729263305664062 -46.957279205322266 
v -74.8235855102539 21.576141357421875 -48.794551849365234 
v -80.8280029296875 20.49397850036621 -45.281856536865234 
v -71.81745910644531 15.420239448547363 -50.50917434692383 
v -81.98057556152344 15.6863431930542 -44.5838737487793 
v -72.51056671142578 12.617263793945312 -50.10707473754883 
v -92.2408676147461 20.91974639892578 -38.39683532714844 
v -86.23907470703125 22.53411865234375 -41.93734359741211 
v -93.51158142089844 18.063549041748047 -37.65964889526367 
v -83.9312973022461 20.05047035217285 -43.30550003051758 
v -83.35108184814453 17.300716400146484 -43.612770080566406 
v -93.04949951171875 15.544419288635254 -37.92771911621094 
v -90.16150665283203 13.522019386291504 -39.6031379699707 
v -85.54595947265625 14.675143241882324 -42.339447021484375 
v -81.10039520263672 16.236295700073242 -50.756710052490234 
v -79.222412109375 16.236291885375977 -36.003726959228516 
v -85.0724868774414 28.814205169677734 -50.24197006225586 
v -83.07374572753906 28.81420135498047 -35.500370025634766 
v -90.6465835571289 20.919748306274414 -44.749237060546875 
v -85.90068817138672 22.534116744995117 -39.63993835449219 
v -91.71757507324219 18.06355094909668 -45.770843505859375 
v -84.00809478759766 20.05046844482422 -37.657413482666016 
v -83.60384368896484 17.30071449279785 -37.246498107910156 
v -91.31595611572266 15.544421195983887 -45.38774108886719 
v -89.01911926269531 13.52202033996582 -42.994300842285156 
v -85.23393249511719 14.675142288208008 -39.02925491333008 
v -78.0760498046875 16.236295700073242 -50.985660552978516 
v -90.89350128173828 16.23629379272461 -43.491153717041016 
v -76.0418701171875 28.796463012695312 -47.50102996826172 
v -88.85932159423828 28.79646110534668 -40.00651931762695 
v -77.22605895996094 21.930946350097656 -45.845890045166016 
v -77.08124542236328 20.7778263092041 -49.47978591918945 
v -77.52047729492188 19.677921295166016 -42.506595611572266 
v -76.7894515991211 14.62192440032959 -52.846900939941406 
v -77.515380859375 14.87028694152832 -41.160011291503906 
v -76.83679962158203 11.80120849609375 -52.05664825439453 
v -78.73785400390625 21.25681495666504 -48.95880126953125 
v -82.3003158569336 20.10369300842285 -49.268470764160156 
v -75.30139923095703 19.021530151367188 -48.69338607788086 
v -85.61600494384766 13.94779109954834 -49.54527282714844 
v -73.94940185546875 14.213895797729492 -48.56825256347656 
v -84.87831115722656 11.1270751953125 -49.474491119384766 
v -92.88416290283203 15.668601036071777 -37.466217041015625 
v -105.70161437988281 15.668600082397461 -29.971708297729492 
v -94.91047668457031 28.246511459350586 -40.86738967895508 
v -107.72793579101562 28.246509552001953 -33.37288284301758 
v -96.09976196289062 22.72926139831543 -40.558841705322266 
v -92.98335266113281 21.576139450073242 -42.396114349365234 
v -98.98776245117188 20.493976593017578 -38.883419036865234 
v -90.09797668457031 15.420238494873047 -44.0993537902832 
v -100.14033508300781 15.686342239379883 -38.1854362487793 
v -90.79109954833984 12.617262840270996 -43.6972541809082 
v -110.5213851928711 20.91974449157715 -31.987014770507812 
v -104.39883422851562 22.534116744995117 -35.538909912109375 
v -111.67134094238281 18.063547134399414 -31.261213302612305 
v -102.091064453125 20.05046844482422 -36.90706253051758 
v -101.62898254394531 17.30071449279785 -37.175132751464844 
v -111.20925903320312 15.544418334960938 -31.529281616210938 
v -108.44203186035156 13.522018432617188 -33.193321228027344 
v -103.70571899414062 14.675141334533691 -35.94101333618164 
v -99.2601547241211 16.236295700073242 -44.358272552490234 
v -97.38217163085938 16.236289978027344 -29.605289459228516 
v -103.22962951660156 28.814205169677734 -43.81571960449219 
v -101.23350524902344 28.814199447631836 -29.1019344329834 
v -108.92710876464844 20.91974639892578 -38.339420318603516 
v -104.06044006347656 22.534116744995117 -33.24150085449219 
v -109.8773422241211 18.063549041748047 -39.372406005859375 
v -102.1678466796875 20.050466537475586 -31.25897789001465 
v -101.76360321044922 17.30071258544922 -30.848060607910156 
v -109.47571563720703 15.54442024230957 -38.98930740356445 
v -107.17887878417969 13.522019386291504 -36.595863342285156 
v -103.51445770263672 14.675140380859375 -32.61943435668945 
v -96.29859161376953 16.236295700073242 -46.545780181884766 
v -109.11341857910156 16.23629379272461 -39.02345657348633 
v -94.264404296875 28.79646110534668 -43.06114959716797 
v -107.08186340332031 28.79646110534668 -35.5666389465332 
v -95.50658416748047 21.930946350097656 -39.436073303222656 
v -95.24100494384766 20.77782440185547 -43.08134841918945 
v -95.68023681640625 19.677921295166016 -36.10816192626953 
v -95.06997680664062 14.621923446655273 -46.43708038330078 
v -95.79590606689453 14.870285034179688 -34.75019073486328 
v -95.11470031738281 11.801207542419434 -45.61901092529297 
v -96.89761352539062 21.256813049316406 -42.56036376953125 
v -100.46007537841797 20.10369110107422 -42.870033264160156 
v -93.58192443847656 19.021530151367188 -42.283565521240234 
v -103.89653015136719 13.947789192199707 -43.13545227050781 
v -92.22992706298828 14.21389389038086 -42.15843200683594 
v -103.03807067871094 11.127073287963867 -43.076053619384766 
v -103.15283966064453 12.457601547241211 -49.46380615234375 
v -111.22702026367188 12.457598686218262 -36.8878173828125 
v -99.78224182128906 25.01776885986328 -47.31189727783203 
v -107.73564910888672 25.01776695251465 -34.74728775024414 
v -31.065553665161133 14.391297340393066 -48.59739685058594 
v -38.68986129760742 14.39129638671875 -44.17428207397461 
v -32.22831726074219 25.567718505859375 -50.59258270263672 
v -39.85262680053711 25.567718505859375 -46.169471740722656 
v -32.99238204956055 20.156911849975586 -49.65058517456055 
v -31.144065856933594 19.14571189880371 -50.72285461425781 
v -34.725181579589844 18.169992446899414 -48.64533233642578 
v -29.41126823425293 13.663944244384766 -51.72810745239258 
v -35.418296813964844 13.912308692932129 -48.243228912353516 
v -29.87596893310547 11.18029499053955 -51.487857818603516 
v -41.4122200012207 18.560277938842773 -44.619266510009766 
v -37.83110427856445 19.979507446289062 -46.6967887878418 
v -42.223480224609375 16.023408889770508 -44.1779670715332 
v -36.56563186645508 17.779705047607422 -47.4896125793457 
v -36.21644973754883 15.331536293029785 -47.662845611572266 
v -41.874298095703125 13.770384788513184 -44.351200103759766 
v -40.2596435546875 11.978609085083008 -45.31725311279297 
v -37.48716735839844 13.007550239562988 -46.9256591796875 
v -34.90595245361328 14.391298294067383 -51.85564422607422 
v -33.725582122802734 14.39129638671875 -43.21096420288086 
v -37.19260025024414 25.567720413208008 -51.555904388427734 
v -36.012229919433594 25.567716598510742 -42.911224365234375 
v -40.542823791503906 18.560279846191406 -48.32146453857422 
v -37.7026252746582 19.979507446289062 -45.33376693725586 
v -41.08880615234375 16.02341079711914 -48.94353103637695 
v -36.61852264404297 17.77970314025879 -44.1730842590332 
v -36.3533935546875 15.331535339355469 -43.945499420166016 
v -40.82368087768555 13.7703857421875 -48.71595001220703 
v -39.59521484375 11.978610038757324 -47.3162956237793 
v -37.30362319946289 13.007549285888672 -44.978485107421875 
v -33.09186935424805 14.391298294067383 -51.99857711791992 
v -40.59541320800781 14.391297340393066 -47.58684539794922 
v -31.923860549926758 25.549978256225586 -49.947750091552734 
v -39.43002700805664 25.549978256225586 -45.56383514404297 
v -32.685302734375 19.447298049926758 -48.97793197631836 
v -32.52228546142578 18.418357849121094 -51.126155853271484 
v -32.743289947509766 17.460378646850586 -47.007991790771484 
v -32.34091567993164 12.954330444335938 -53.07966232299805 
v -32.79063415527344 13.184952735900879 -46.21773910522461 
v -32.41972732543945 10.452940940856934 -52.62321472167969 
v -33.46742248535156 18.861865997314453 -50.81255340576172 
v -35.5571174621582 17.83292579650879 -51.00847244262695 
v -31.503734588623047 16.87494659423828 -50.660888671875 
v -37.52080535888672 12.368898391723633 -51.16014099121094 
v -30.64527702331543 12.599522590637207 -50.60149002075195 
v -37.02988052368164 9.867508888244629 -51.122222900390625 
v 90.43596649169922 14.391290664672852 -36.64497756958008 
v 81.77767181396484 14.391290664672852 -35.43593978881836 
v 90.09757995605469 25.567712783813477 -38.9423828125 
v 81.43927764892578 25.567712783813477 -37.73334503173828 
v 89.05789947509766 20.156904220581055 -38.3392333984375 
v 91.2237777709961 19.145706176757812 -38.62758255004883 
v 87.133544921875 18.169984817504883 -38.073646545410156 
v 93.14551544189453 13.663936614990234 -38.92098617553711 
v 86.2934341430664 13.912302017211914 -37.938331604003906 
v 92.66507720947266 11.18028736114502 -38.84763717651367 
v 79.32584381103516 18.560272216796875 -36.8886604309082 
v 83.41345977783203 19.979501724243164 -37.47041320800781 
v 78.48311614990234 16.02340316772461 -36.78116226196289 
v 84.97814178466797 17.77969741821289 -37.67403030395508 
v 85.33781433105469 15.33152961730957 -37.736000061035156 
v 78.84540557861328 13.770379066467285 -36.815311431884766 
v 80.76976776123047 11.97860336303711 -37.08089828491211 
v 83.89651489257812 13.007543563842773 -37.51594924926758 
v 88.1866226196289 14.391291618347168 -41.119625091552734 
v 85.93840789794922 14.391289710998535 -32.65691375732422 
v 85.93946075439453 25.567712783813477 -41.6935920715332 
v 83.6886215209961 25.567710876464844 -33.258697509765625 
v 81.59443664550781 18.560274124145508 -39.965023040771484 
v 83.05363464355469 19.979501724243164 -36.11749267578125 
v 81.27686309814453 16.023405075073242 -40.74894332885742 
v 83.680908203125 17.77969741821289 -34.63310241699219 
v 83.83050537109375 15.331528663635254 -34.338504791259766 
v 81.4238510131836 13.770380020141602 -40.48215866088867 
v 82.08258819580078 11.97860336303711 -38.663970947265625 
v 83.33712005615234 13.007542610168457 -35.695194244384766 
v 89.82473754882812 14.391291618347168 -40.54437255859375 
v 81.16644287109375 14.391291618347168 -39.3353385925293 
v 90.1657485961914 25.549970626831055 -38.219146728515625 
v 81.50745391845703 25.549970626831055 -37.010108947753906 
v 89.12869262695312 19.447290420532227 -37.58818054199219 
v 90.04513549804688 18.418350219726562 -39.49871826171875 
v 88.31990814208984 17.460371017456055 -35.82810592651367 
v 90.97206115722656 12.954322814941406 -41.29799270629883 
v 87.90239715576172 13.184946060180664 -35.087154388427734 
v 90.76986694335938 10.452933311462402 -40.857975006103516 
v 89.0606689453125 18.861860275268555 -39.60237121582031 
v 87.1417007446289 17.83292007446289 -40.572105407714844 
v 90.85099792480469 16.874940872192383 -38.7047004699707 
v 85.47213745117188 12.368891716003418 -41.481163024902344 
v 91.49415588378906 12.599515914916992 -38.34436798095703 
v 85.8580322265625 9.867502212524414 -41.26496124267578 
v 80.27981567382812 19.19892120361328 -22.8904972076416 
v 64.05640411376953 19.198925018310547 -29.55592155456543 
v 82.06549835205078 34.0475959777832 -27.2122745513916 
v 65.72132110595703 34.04759979248047 -33.86631393432617 
v 79.63187408447266 26.880495071411133 -27.1793270111084 
v 83.56171417236328 25.514488220214844 -25.557220458984375 
v 75.95665740966797 24.2371826171875 -28.685115814208984 
v 87.23692321777344 18.258684158325195 -24.051433563232422 
v 74.43669128417969 18.560270309448242 -29.29956817626953 
v 86.35224914550781 14.923497200012207 -24.38900375366211 
v 61.27156066894531 24.75165557861328 -34.5413703918457 
v 68.87924194335938 26.632131576538086 -31.385658264160156 
v 59.74897766113281 21.363248825073242 -35.18363952636719 
v 71.91654205322266 23.704973220825195 -30.184572219848633 
v 72.55182647705078 20.4584903717041 -29.90768814086914 
v 60.2608757019043 18.382869720458984 -34.92319107055664 
v 63.93083953857422 16.00566291809082 -33.4730339050293 
v 69.8873062133789 17.353927612304688 -31.031660079956055 
v 80.91891479492188 19.198925018310547 -32.913429260253906 
v 68.44218444824219 19.19892120361328 -20.511791229248047 
v 77.56157684326172 34.04759979248047 -36.21720504760742 
v 65.0848388671875 34.0475959777832 -23.815563201904297 
v 68.41790771484375 24.75165557861328 -37.572364807128906 
v 66.99405670166016 26.632131576538086 -29.411867141723633 
v 68.62550354003906 21.363248825073242 -39.247703552246094 
v 66.56314849853516 23.704973220825195 -26.228092193603516 
v 66.38191986083984 20.45848846435547 -25.565540313720703 
v 68.56241607666016 18.382871627807617 -38.624351501464844 
v 67.9476547241211 16.00566291809082 -34.80583953857422 
v 66.84168243408203 17.353927612304688 -28.443334579467773 
v 83.24197387695312 19.216665267944336 -30.2418212890625 
v 67.01856231689453 19.21666717529297 -36.90724563598633 
v 81.46415710449219 34.02985763549805 -25.836585998535156 
v 65.24073028564453 34.02985763549805 -32.502010345458984 
v 79.03314208984375 25.922515869140625 -25.775821685791016 
v 82.58279418945312 24.556509017944336 -28.18714714050293 
v 75.7066650390625 23.279203414916992 -23.581981658935547 
v 85.90664672851562 17.30070686340332 -30.40880584716797 
v 74.44905853271484 17.602291107177734 -22.70571517944336 
v 85.1032485961914 13.983260154724121 -29.88405418395996 
v 80.8896255493164 25.14194107055664 -29.34654998779297 
v 78.59819030761719 23.775936126708984 -32.97531509399414 
v 83.03146362304688 22.498628616333008 -26.012388229370117 
v 76.45635223388672 16.502391815185547 -36.309478759765625 
v 83.8897705078125 16.82171630859375 -24.662036895751953 
v 77.01806640625 13.18494701385498 -35.5205078125 
v 57.46434783935547 12.59951400756836 -29.69227409362793 
v 47.96595764160156 14.0719633102417 -28.347919464111328 
v 58.808780670166016 23.704975128173828 -32.23249435424805 
v 49.31039047241211 25.17742347717285 -30.888141632080078 
v 56.921142578125 18.542531967163086 -31.57748031616211 
v 58.96101760864258 17.176525115966797 -31.91008186340332 
v 54.39033508300781 16.910419464111328 -31.282794952392578 
v 60.273681640625 11.428651809692383 -32.20219802856445 
v 52.94116973876953 12.83013916015625 -31.146196365356445 
v 59.425716400146484 9.051444053649902 -32.150333404541016 
v 45.98406219482422 18.613494873046875 -29.985258102416992 
v 50.67812728881836 19.32310676574707 -30.59610939025879 
v 44.65827941894531 16.236286163330078 -29.832225799560547 
v 52.11680603027344 16.87493896484375 -30.843978881835938 
v 52.1115608215332 14.409029960632324 -30.899612426757812 
v 44.65303421020508 13.983261108398438 -29.887859344482422 
v 46.451385498046875 11.872159957885742 -30.19769287109375 
v 50.18196105957031 12.351149559020996 -30.68966293334961 
v 54.92628479003906 12.989803314208984 -34.644859313964844 
v 52.517822265625 13.362347602844238 -25.29705810546875 
v 54.254295349121094 24.414588928222656 -35.31117248535156 
v 51.845829010009766 24.787134170532227 -25.963375091552734 
v 48.4653434753418 18.223207473754883 -33.3903694152832 
v 50.328792572021484 19.376327514648438 -29.131921768188477 
v 47.77499771118164 15.757298469543457 -34.251407623291016 
v 50.60425567626953 17.105562210083008 -27.502117156982422 
v 50.39419937133789 14.675134658813477 -27.145549774169922 
v 47.559688568115234 13.522013664245605 -33.95047378540039 
v 47.99263000488281 11.641535758972168 -31.942617416381836 
v 49.40201187133789 12.45759105682373 -28.623605728149414 
v 56.81116485595703 12.705957412719727 -34.036739349365234 
v 47.43353271484375 14.178406715393066 -32.70376968383789 
v 58.884822845458984 23.66949462890625 -31.425809860229492 
v 49.5071907043457 25.141942977905273 -30.09284019470215 
v 56.879032135009766 17.81517791748047 -30.73159408569336 
v 57.771873474121094 16.644315719604492 -32.89248275756836 
v 55.60029983520508 16.005661010742188 -28.786903381347656 
v 57.83248519897461 11.091585159301758 -34.83460998535156 
v 54.578975677490234 11.836678504943848 -27.98903465270996 
v 57.265377044677734 8.661157608032227 -34.38825988769531 
v 56.66926956176758 17.247486114501953 -32.95693588256836 
v 54.495670318603516 16.555612564086914 -34.04298782348633 
v 58.34408187866211 14.97672176361084 -31.99224853515625 
v 51.72087478637695 11.446393013000488 -35.0443115234375 
v 58.3834114074707 10.630335807800293 -31.574996948242188 
v 51.744476318359375 8.909523010253906 -34.79396057128906 
v 49.626529693603516 16.236289978027344 -40.459678649902344 
v 34.956268310546875 16.236289978027344 -38.40330505371094 
v 49.13605880737305 28.814199447631836 -44.370452880859375 
v 34.34503173828125 28.814199447631836 -42.30270004272461 
v 47.40327072143555 22.729257583618164 -43.365203857421875 
v 51.01045227050781 21.576135635375977 -43.87360382080078 
v 44.0376091003418 20.493974685668945 -42.87957000732422 
v 54.25796890258789 15.420233726501465 -44.32004165649414 
v 42.71445083618164 15.686339378356934 -42.6987190246582 
v 53.53600311279297 12.61725902557373 -44.22392272949219 
v 30.824373245239258 20.919742584228516 -40.876346588134766 
v 37.676448822021484 22.534114837646484 -41.8589973449707 
v 29.380449295043945 18.06354522705078 -40.684112548828125 
v 40.44353485107422 20.050466537475586 -42.23208236694336 
v 41.04473114013672 17.300710678100586 -42.31681823730469 
v 29.860883712768555 15.544416427612305 -40.75746536254883 
v 33.108402252197266 13.522016525268555 -41.20389938354492 
v 38.5191764831543 14.675139427185059 -41.96649932861328 
v 45.86277389526367 16.236291885375977 -48.07505416870117 
v 41.978328704833984 16.23628807067871 -33.70500564575195 
v 41.99061965942383 28.81420135498047 -49.08518600463867 
v 38.22955322265625 28.814197540283203 -34.69870376586914 
v 34.713016510009766 20.91974449157715 -46.15407943725586 
v 37.15900802612305 22.53411293029785 -39.59317398071289 
v 34.22224426269531 18.063547134399414 -47.48295211791992 
v 38.130062103271484 20.050464630126953 -37.04669952392578 
v 38.424034118652344 17.300710678100586 -36.51313018798828 
v 34.39020538330078 15.544418334960938 -46.99363327026367 
v 35.534461975097656 13.522016525268555 -43.90220642089844 
v 37.4765739440918 14.675138473510742 -38.80925750732422 
v 48.75309371948242 16.236291885375977 -47.140750885009766 
v 33.962059020996094 16.236291885375977 -45.072994232177734 
v 49.25143051147461 28.796457290649414 -43.146514892578125 
v 34.58116149902344 28.796457290649414 -41.090145111083984 
v 47.52650451660156 21.93094253540039 -42.05781555175781 
v 49.044288635253906 20.777820587158203 -45.34404373168945 
v 46.10325241088867 19.67791748046875 -39.06113815307617 
v 50.58567810058594 14.621919631958008 -48.379920959472656 
v 45.488800048828125 14.870282173156738 -37.82453536987305 
v 50.168174743652344 11.801203727722168 -47.63896942138672 
v 47.445518493652344 21.25680923461914 -45.502044677734375 
v 44.12211608886719 20.103687286376953 -47.15325164794922 
v 50.393524169921875 19.021526336669922 -43.955772399902344 
v 41.17673110961914 13.947786331176758 -48.67170715332031 
v 51.54856872558594 14.213890075683594 -43.33498764038086 
v 41.819881439208984 11.127070426940918 -48.31137466430664 
v -15.89522647857666 16.236291885375977 -38.88599395751953 
v -30.565492630004883 16.236289978027344 -36.82962417602539 
v -16.385698318481445 28.81420135498047 -42.79677200317383 
v -31.176729202270508 28.81420135498047 -40.7290153503418 
v -18.2392578125 22.729259490966797 -41.78013610839844 
v -14.511311531066895 21.57613754272461 -42.299922943115234 
v -21.48415184020996 20.493976593017578 -41.305885314941406 
v -11.263794898986816 15.420235633850098 -42.74635696411133 
v -22.80731201171875 15.686341285705566 -41.125038146972656 
v -11.985756874084473 12.617259979248047 -42.65024185180664 
v -34.6973876953125 20.91974449157715 -39.30266571044922 
v -27.845308303833008 22.534116744995117 -40.285316467285156 
v -36.14130783081055 18.063547134399414 -39.11043167114258 
v -25.07822608947754 20.05046844482422 -40.65840148925781 
v -24.47702980041504 17.30071258544922 -40.74313735961914 
v -35.6608772277832 15.544417381286621 -39.183780670166016 
v -32.413360595703125 13.522017478942871 -39.630218505859375 
v -27.002582550048828 14.675140380859375 -40.392818450927734 
v -19.65898323059082 16.23629379272461 -46.501373291015625 
v -23.543432235717773 16.236289978027344 -32.131324768066406 
v -23.531145095825195 28.8142032623291 -47.511505126953125 
v -27.292207717895508 28.814199447631836 -33.125022888183594 
v -30.80874252319336 20.91974639892578 -44.58039855957031 
v -28.362751007080078 22.534114837646484 -38.019493103027344 
v -31.299514770507812 18.063549041748047 -45.909271240234375 
v -27.391695022583008 20.050466537475586 -35.473018646240234 
v -27.097726821899414 17.300710678100586 -34.939449310302734 
v -31.131555557250977 15.544419288635254 -45.419952392578125 
v -29.987295150756836 13.522018432617188 -42.32852554321289 
v -28.045183181762695 14.675139427185059 -37.23557662963867 
v -16.768667221069336 16.23629379272461 -45.56707000732422 
v -31.5596981048584 16.236291885375977 -43.49931335449219 
v -16.270328521728516 28.796459197998047 -41.57283401489258 
v -30.940595626831055 28.796459197998047 -39.51646423339844 
v -17.995258331298828 21.930944442749023 -40.484134674072266 
v -16.47747039794922 20.777822494506836 -43.770362854003906 
v -19.41850471496582 19.677919387817383 -37.487457275390625 
v -14.936081886291504 14.62192153930664 -46.80624008178711 
v -20.032962799072266 14.870283126831055 -36.2508544921875 
v -15.356207847595215 11.801204681396484 -46.09310531616211 
v -18.076242446899414 21.256811141967773 -43.92836380004883 
v -21.399646759033203 20.103689193725586 -45.579566955566406 
v -15.128239631652832 19.021526336669922 -42.3820915222168 
v -24.345027923583984 13.94778823852539 -47.098026275634766 
v -13.97319221496582 14.213891983032227 -41.76130676269531 
v -23.70187759399414 11.12707233428955 -46.73768997192383 
v 124.7728500366211 14.391291618347168 -44.62441635131836 
v 116.68136596679688 14.391291618347168 -41.279823303222656 
v 123.84111785888672 25.567712783813477 -46.753639221191406 
v 115.87040710449219 25.567712783813477 -43.42042922973633 
v 123.06657409667969 20.156906127929688 -45.92290496826172 
v 125.05924224853516 19.145706176757812 -46.75620651245117 
v 121.18941497802734 18.169986724853516 -45.156620025634766 
v 126.8156509399414 13.663938522338867 -47.511112213134766 
v 120.48580169677734 13.91230297088623 -44.865787506103516 
v 126.46646118164062 11.180289268493652 -47.3378791809082 
v 114.04830932617188 18.560274124145508 -42.06999206542969 
v 117.7973861694336 19.979501724243164 -43.65819549560547 
v 113.2265625 16.02340316772461 -41.739959716796875 
v 119.32273864746094 17.779699325561523 -44.27906799316406 
v 119.556396484375 15.331530570983887 -44.385284423828125 
v 113.57836151123047 13.770379066467285 -41.8853759765625 
v 115.33738708496094 11.97860336303711 -42.612464904785156 
v 118.26732635498047 13.00754451751709 -43.84281539916992 
v 121.49431610107422 14.391292572021484 -48.384647369384766 
v 121.46443176269531 14.391290664672852 -39.653953552246094 
v 119.17882537841797 25.56771469116211 -48.39089584350586 
v 119.14894104003906 25.567710876464844 -39.66019821166992 
v 115.41648864746094 18.560274124145508 -45.650821685791016 
v 117.80509948730469 19.979501724243164 -42.283790588378906 
v 114.98603057861328 16.023405075073242 -46.339908599853516 
v 118.77893829345703 17.77969741821289 -41.000457763671875 
v 118.92852783203125 15.33152961730957 -40.70585250854492 
v 115.13301086425781 13.770380020141602 -46.073123931884766 
v 116.25643920898438 11.978604316711426 -44.49518585205078 
v 118.08595275878906 13.007543563842773 -41.88930892944336 
v 123.33199310302734 14.391292572021484 -48.27722930908203 
v 115.24051666259766 14.391292572021484 -44.93263626098633 
v 124.148193359375 25.549972534179688 -46.08098602294922 
v 116.17748260498047 25.549972534179688 -42.74777603149414 
v 123.37626647949219 19.44729232788086 -45.222434997558594 
v 123.78605651855469 18.418352127075195 -47.337791442871094 
v 122.94812774658203 17.460372924804688 -43.301795959472656 
v 124.09344482421875 12.954324722290039 -49.24705123901367 
v 122.78002166748047 13.18494701385498 -42.500160217285156 
v 124.0146255493164 10.452935218811035 -48.79059982299805 
v 122.82781219482422 18.861860275268555 -47.16327667236328 
v 120.71453094482422 17.83292007446289 -47.60954284667969 
v 124.69696807861328 16.874940872192383 -46.7220573425293 
v 118.72461700439453 12.368892669677734 -48.03938293457031 
v 125.44513702392578 12.599516868591309 -46.540008544921875 
v 119.22077941894531 9.86750316619873 -47.945831298828125 
v 110.14100646972656 15.012201309204102 -34.405067443847656 
v 99.77659606933594 15.012202262878418 -35.78547286987305 
v 110.49311828613281 27.25304412841797 -37.132389068603516 
v 100.24683380126953 27.25304412841797 -38.551998138427734 
v 109.1856918334961 21.345508575439453 -36.78464126586914 
v 111.6560287475586 20.22786521911621 -36.428157806396484 
v 106.84135437011719 19.16344451904297 -37.09687423706055 
v 114.0003662109375 14.231626510620117 -36.11592483520508 
v 105.85426330566406 14.479991912841797 -37.22834396362305 
v 113.38343048095703 11.499612808227539 -36.198089599609375 
v 97.47189331054688 19.58921241760254 -38.26236343383789 
v 102.4073257446289 21.15036392211914 -37.60502624511719 
v 96.48480224609375 16.803977966308594 -38.39383316040039 
v 104.26073455810547 18.7376766204834 -37.330711364746094 
v 104.63089752197266 16.058883666992188 -37.281410217285156 
v 96.8549575805664 14.338069915771484 -38.34453201293945 
v 99.19929504394531 12.368890762329102 -38.03229904174805 
v 102.90348815917969 13.5042724609375 -37.511478424072266 
v 108.98131561279297 15.012203216552734 -40.245304107666016 
v 103.73497772216797 15.012200355529785 -31.275474548339844 
v 106.6554946899414 27.2530460357666 -41.65377426147461 
v 101.28838348388672 27.253042221069336 -32.67255783081055 
v 101.10822296142578 19.589214324951172 -41.04669189453125 
v 101.56707763671875 21.15036392211914 -36.17875671386719 
v 101.01382446289062 16.803979873657227 -42.048095703125 
v 101.74537658691406 18.7376766204834 -34.28721618652344 
v 101.78470611572266 16.058881759643555 -33.86996841430664 
v 101.04791259765625 14.3380708694458 -41.68647766113281 
v 101.26292419433594 12.368890762329102 -39.40550231933594 
v 101.62213897705078 13.5042724609375 -35.594608306884766 
v 110.7978744506836 15.029943466186523 -39.06946563720703 
v 100.43083190917969 15.029943466186523 -40.47768783569336 
v 110.33024597167969 27.25304412841797 -36.27511978149414 
v 100.08659362792969 27.25304412841797 -37.666908264160156 
v 109.02545166015625 20.564931869506836 -35.89955520629883 
v 110.67433166503906 19.429550170898438 -37.794944763183594 
v 107.48682403564453 18.38286781311035 -34.12681579589844 
v 112.215576171875 13.451051712036133 -39.53986740112305 
v 106.82255554199219 13.69941520690918 -33.418731689453125 
v 111.88736724853516 10.701297760009766 -39.144100189208984 
v 109.53764343261719 19.908540725708008 -38.221012115478516 
v 107.66865539550781 18.790897369384766 -39.95318603515625 
v 111.27275848388672 17.726476669311523 -36.61654281616211 
v 105.93614959716797 12.794659614562988 -41.529842376708984 
v 111.94213104248047 13.043023109436035 -35.9780387878418 
v 106.33515167236328 10.06264591217041 -41.174560546875 
v 100.69175720214844 14.3912935256958 -49.3424186706543 
v 88.49940490722656 14.391292572021484 -44.26420211791992 
v 99.41100311279297 25.567716598510742 -52.589359283447266 
v 87.2186508178711 25.56771469116211 -47.511146545410156 
v 98.0693359375 20.15690803527832 -51.31227493286133 
v 101.12005615234375 19.145708084106445 -52.554012298583984 
v 95.37567901611328 18.16998863220215 -50.16032409667969 
v 103.81371307373047 13.6639404296875 -53.70596694946289 
v 94.32025909423828 13.912304878234863 -49.72407150268555 
v 103.23087310791016 11.180291175842285 -53.426517486572266 
v 84.48550415039062 18.56027603149414 -45.48548889160156 
v 90.2298812866211 19.97950553894043 -47.879180908203125 
v 83.31194305419922 16.023405075073242 -45.010040283203125 
v 92.45622253417969 17.779701232910156 -48.818702697753906 
v 92.9261703491211 15.33153247833252 -49.003318786621094 
v 83.66112518310547 13.770380973815918 -45.18327331542969 
v 86.35741424560547 11.978605270385742 -46.307411193847656 
v 90.93347930908203 13.007546424865723 -48.17001724243164 
v 95.77002716064453 14.391295433044434 -55.02449035644531 
v 95.67399597167969 14.391291618347168 -41.82539367675781 
v 92.23641204833984 25.567716598510742 -55.02817153930664 
v 92.140380859375 25.567712783813477 -41.82907485961914 
v 86.6572265625 18.56027603149414 -50.88202667236328 
v 90.17975616455078 19.979503631591797 -45.82579040527344 
v 85.83038330078125 16.023406982421875 -51.89857864379883 
v 91.7048110961914 17.779699325561523 -43.864749908447266 
v 91.98829650878906 15.331530570983887 -43.44245147705078 
v 86.1086196899414 13.77038288116455 -51.53191375732422 
v 87.79639434814453 11.978606224060059 -49.13718795776367 
v 90.72311401367188 13.007545471191406 -45.23154067993164 
v 98.46617126464844 14.391295433044434 -54.85767364501953 
v 86.27118682861328 14.391294479370117 -49.807273864746094 
v 99.87293243408203 25.54997444152832 -51.56647491455078 
v 87.55980682373047 25.54997444152832 -46.47687530517578 
v 98.53651428222656 19.447294235229492 -50.2337532043457 
v 99.21157836914062 18.418354034423828 -53.41248321533203 
v 97.95861053466797 17.46037483215332 -47.3167610168457 
v 99.78685760498047 12.954327583312988 -56.357295989990234 
v 97.7038345336914 13.184948921203613 -46.142127990722656 
v 99.6082534790039 10.452938079833984 -55.666927337646484 
v 97.65213775634766 18.86186408996582 -53.15323257446289 
v 94.53865051269531 17.832923889160156 -53.870052337646484 
v 100.6343765258789 16.87494468688965 -52.53629684448242 
v 91.55378723144531 12.368895530700684 -54.51480484008789 
v 101.7579574584961 12.599518775939941 -52.24931335449219 
v 92.2993392944336 9.86750602722168 -54.360572814941406 
v 82.22215270996094 16.23628807067871 -42.35349655151367 
v 68.50443267822266 16.23628807067871 -36.65441131591797 
v 80.78129577636719 28.814199447631836 -46.00630569458008 
v 66.94281768798828 28.814197540283203 -40.29583740234375 
v 79.33197784423828 22.729257583618164 -44.57875442504883 
v 82.61111450195312 21.576135635375977 -45.98234176635742 
v 76.16313171386719 20.493972778320312 -43.29781723022461 
v 85.77996826171875 15.420233726501465 -47.263282775878906 
v 74.99481964111328 15.686338424682617 -42.76673126220703 
v 85.07635498046875 12.617258071899414 -46.97244644165039 
v 63.86836242675781 20.919740676879883 -38.01350021362305 
v 70.31633758544922 22.53411293029785 -40.69802474975586 
v 62.57928466796875 18.06354331970215 -37.471031188964844 
v 72.89710998535156 20.050464630126953 -41.75514602661133 
v 73.36443328857422 17.300710678100586 -41.96757888793945 
v 63.049232482910156 15.544414520263672 -37.6556510925293 
v 66.09732055664062 13.522014617919922 -38.92520523071289 
v 71.13809204101562 14.675137519836426 -41.02806091308594 
v 76.6231918334961 16.236291885375977 -48.75751876831055 
v 76.56370544433594 16.236286163330078 -33.87803649902344 
v 72.72203826904297 28.814199447631836 -48.782684326171875 
v 72.66255187988281 28.81419563293457 -33.9031982421875 
v 66.34207153320312 20.919742584228516 -44.08396911621094 
v 70.4132080078125 22.53411293029785 -38.37784957885742 
v 65.50211334228516 18.06354522705078 -45.23960876464844 
v 71.96186828613281 20.05046272277832 -36.16646194458008 
v 72.37134552001953 17.300708770751953 -35.69990921020508 
v 65.78559875488281 15.544416427612305 -44.81730651855469 
v 67.74373626708984 13.522015571594238 -42.139366149902344 
v 70.9618148803711 14.67513656616211 -37.72796630859375 
v 79.68685913085938 16.236289978027344 -48.569217681884766 
v 65.9691390991211 16.236289978027344 -42.87013244628906 
v 81.25371551513672 28.796457290649414 -44.872154235839844 
v 67.53861999511719 28.79645538330078 -39.1452522277832 
v 79.80964660644531 21.93094253540039 -43.38896560668945 
v 80.447998046875 20.777820587158203 -46.957130432128906 
v 79.14506530761719 19.677915573120117 -40.09897232055664 
v 81.11257934570312 14.621919631958008 -50.24712371826172 
v 78.90601348876953 14.870281219482422 -38.7574348449707 
v 80.94184112548828 11.801202774047852 -49.473304748535156 
v 78.77042388916016 21.25680923461914 -46.6586799621582 
v 75.28414916992188 20.103687286376953 -47.452613830566406 
v 82.1280517578125 19.02152442932129 -45.93680953979492 
v 71.92650604248047 13.947785377502441 -48.17448425292969 
v 83.37503051757812 14.213890075683594 -45.633392333984375 
v 72.79544830322266 11.127069473266602 -48.00381851196289 
v 38.63379669189453 20.671375274658203 -34.28778839111328 
v 21.63433074951172 20.671375274658203 -27.212934494018555 
v 36.74412536621094 36.28288650512695 -38.82440185546875 
v 19.744659423828125 36.28288650512695 -31.74954605102539 
v 35.084747314453125 28.743236541748047 -37.040279388427734 
v 39.18562316894531 27.3062686920166 -38.773902893066406 
v 31.21228790283203 25.95800018310547 -35.468509674072266 
v 43.05546188354492 19.66017723083496 -40.37349319458008 
v 29.689550399780273 19.979503631591797 -34.81982421875 
v 42.115570068359375 16.165328979492188 -40.0042610168457 
v 15.872047424316406 26.490209579467773 -28.886821746826172 
v 23.963529586791992 28.494869232177734 -32.231414794921875 
v 14.228549003601074 22.942138671875 -28.226755142211914 
v 27.00899887084961 25.408048629760742 -33.528785705566406 
v 27.712604522705078 22.001901626586914 -33.81962203979492 
v 14.814016342163086 19.80209732055664 -28.478389739990234 
v 18.68647575378418 17.300708770751953 -30.050161361694336 
v 24.90079689025879 18.71993637084961 -32.62847137451172 
v 31.669870376586914 20.67137908935547 -42.24698257446289 
v 31.704479217529297 20.67137336730957 -23.78418731689453 
v 26.79473876953125 36.28288650512695 -42.264530181884766 
v 26.708585739135742 36.28288269042969 -23.79034996032715 
v 18.936622619628906 26.490211486816406 -36.44424819946289 
v 23.989450454711914 28.494869232177734 -29.371339797973633 
v 17.947059631347656 22.942142486572266 -37.89448547363281 
v 25.955459594726562 25.40804672241211 -26.609947204589844 
v 26.375438690185547 22.00189971923828 -26.032129287719727 
v 18.243650436401367 19.802099227905273 -37.33310317993164 
v 20.627012252807617 17.300708770751953 -34.02170944213867 
v 24.55640983581543 18.71993637084961 -28.5267391204834 
v 35.46861267089844 20.67137908935547 -42.015716552734375 
v 18.469146728515625 20.671377182006836 -34.940860748291016 
v 37.36614990234375 36.26514434814453 -37.39564514160156 
v 20.366683959960938 36.26514434814453 -30.320791244506836 
v 35.59124755859375 27.73203468322754 -35.54450988769531 
v 36.51323699951172 26.312808990478516 -39.9813232421875 
v 34.755943298339844 24.964540481567383 -31.480695724487305 
v 37.34330368041992 18.666719436645508 -44.100772857666016 
v 34.42496871948242 18.986040115356445 -29.821792602539062 
v 37.070159912109375 15.171869277954102 -43.120853424072266 
v 34.473358154296875 26.91598129272461 -39.64872360229492 
v 29.99738121032715 25.479013442993164 -40.60194396972656 
v 38.45841979980469 24.13074493408203 -38.733421325683594 
v 25.891559600830078 17.832921981811523 -41.50586700439453 
v 40.0755500793457 18.152246475219727 -38.38070297241211 
v 26.88650894165039 14.338072776794434 -41.290950775146484 
v 17.345111846923828 16.23628807067871 -31.354982376098633 
v 3.630018711090088 16.236286163330078 -25.628082275390625 
v 15.78349781036377 28.814197540283203 -34.99641036987305 
v 2.065781831741333 28.814197540283203 -29.297325134277344 
v 14.334182739257812 22.72925567626953 -33.56885528564453 
v 17.736696243286133 21.576133728027344 -34.95600891113281 
v 11.288713455200195 20.493972778320312 -32.271484375 
v 20.78216552734375 15.420232772827148 -36.25338363647461 
v 9.997020721435547 15.6863374710083 -31.7568359375 
v 20.081180572509766 12.617257118225098 -35.93473434448242 
v -1.0086774826049805 20.919740676879883 -27.014986038208008 
v 5.439303874969482 22.53411102294922 -29.69951057434082 
v -2.295128345489502 18.06354331970215 -26.4447021484375 
v 7.901931285858154 20.050464630126953 -30.717430114746094 
v 8.487394332885742 17.300708770751953 -30.969066619873047 
v -1.8278048038482666 15.544413566589355 -26.657135009765625 
v 1.2202861309051514 13.522013664245605 -27.92669105529785 
v 6.261054992675781 14.67513656616211 -30.0295467376709 
v 11.746148109436035 16.236289978027344 -37.75900650024414 
v 11.686664581298828 16.236286163330078 -22.8795223236084 
v 7.72685432434082 28.814199447631836 -37.74496841430664 
v 7.664748191833496 28.81419563293457 -22.89330291748047 
v 1.465033769607544 20.919740676879883 -33.08545684814453 
v 5.5361714363098145 22.53411102294922 -27.379335403442383 
v 0.6250823736190796 18.06354522705078 -34.241092681884766 
v 7.084824085235596 20.05046272277832 -25.167945861816406 
v 7.373548984527588 17.30070686340332 -24.69001007080078 
v 0.9085628390312195 15.544415473937988 -33.81879425048828 
v 2.7459402084350586 13.522014617919922 -31.12946891784668 
v 5.9666337966918945 14.675135612487793 -26.69025230407715 
v 14.689057350158691 16.236289978027344 -37.559322357177734 
v 0.9713419675827026 16.23628807067871 -31.86023712158203 
v 16.2585391998291 28.79645538330078 -33.83443832397461 
v 2.5408215522766113 28.79645538330078 -28.135353088378906 
v 14.81446361541748 21.930940628051758 -32.351253509521484 
v 15.573586463928223 20.77781867980957 -35.9307975769043 
v 14.149887084960938 19.677915573120117 -29.06125831604004 
v 16.238162994384766 14.621917724609375 -39.220794677734375 
v 13.908211708068848 14.870280265808105 -27.74753761291504 
v 16.06743049621582 11.801201820373535 -38.44697570800781 
v 13.896000862121582 21.25680923461914 -35.632347106933594 
v 10.28896713256836 20.10368537902832 -36.41490173339844 
v 17.13025665283203 19.02152442932129 -34.926910400390625 
v 7.052089214324951 13.947784423828125 -37.148155212402344 
v 18.497989654541016 14.213889122009277 -34.63488006591797 
v 7.797648906707764 11.127068519592285 -36.99392318725586 
v -22.862974166870117 -0.013871005736291409 -36.54537582397461 
v -43.32960891723633 -0.013870393857359886 -36.524513244628906 
v -22.862974166870117 18.11676788330078 -36.545372009277344 
v -43.32960891723633 18.11676788330078 -36.524505615234375 
v -23.729446411132812 11.073847770690918 -35.39727020263672 
v -18.489402770996094 10.896444320678711 -35.386051177978516 
v -27.263065338134766 6.869384765625 -35.40095520019531 
v -11.6663179397583 4.013187885284424 -35.38373565673828 
v -27.263065338134766 -0.013871194794774055 -35.40095520019531 
v -11.6663179397583 -0.01387166976928711 -35.38373947143555 
v -53.82295608520508 10.914185523986816 -35.39507293701172 
v -43.95455551147461 11.091588973999023 -35.399169921875 
v -56.62412643432617 7.472557544708252 -35.38360595703125 
v -41.029998779296875 6.975827217102051 -35.39420700073242 
v -41.03000259399414 3.1084306240081787 -35.39420700073242 
v -56.62412643432617 3.9244871139526367 -35.383609771728516 
v -52.72559356689453 0.26997479796409607 -35.38625717163086 
v -45.04929733276367 0.26997455954551697 -35.38017654418945 
v -67.6446533203125 -0.013869090937077999 -38.55438995361328 
v -87.73109436035156 -0.01386962179094553 -34.500091552734375 
v -67.6446533203125 18.116769790649414 -38.55438232421875 
v -87.73109436035156 18.116769790649414 -34.50008773803711 
v -94.52825927734375 10.914185523986816 -31.642330169677734 
v -85.05331420898438 11.09158992767334 -34.52798843383789 
v -97.13524627685547 7.472557544708252 -30.863378524780273 
v -82.21266174316406 6.975828647613525 -35.41315841674805 
v -82.21266174316406 3.108431816101074 -35.41316223144531 
v -97.13524627685547 3.9244871139526367 -30.863380432128906 
v -93.46236419677734 0.26997506618499756 -31.967317581176758 
v -86.11920928955078 0.269975483417511 -34.203006744384766 
v -103.26844024658203 10.9141845703125 -26.13179588317871 
v -93.79348754882812 11.091588973999023 -29.0174560546875 
v -105.872802734375 7.472556114196777 -25.325027465820312 
v -90.9502182006836 6.975827217102051 -29.87480926513672 
v -90.9502182006836 3.1084306240081787 -29.87480926513672 
v -105.872802734375 3.924485683441162 -25.325029373168945 
v -102.2025375366211 0.2699737846851349 -26.456783294677734 
v -94.85939025878906 0.2699742019176483 -28.692474365234375 
v -53.93046188354492 -0.013870070688426495 -36.53556442260742 
v -69.52458953857422 -0.013869603164494038 -36.52496337890625 
v -53.93046188354492 18.11676788330078 -36.53555679321289 
v -69.52458953857422 18.116769790649414 -36.524959564208984 
v -57.340694427490234 16.431434631347656 -36.52280807495117 
v -51.982505798339844 16.271772384643555 -36.5507926940918 
v -60.87430953979492 12.226972579956055 -36.526493072509766 
v -45.28018569946289 9.37077522277832 -36.53709411621094 
v -60.87430953979492 5.361456394195557 -36.52649688720703 
v -45.28018569946289 5.361455917358398 -36.53709411621094 
vn -0.001778629724867642 -0.00319620780646801 0.8587446212768555 
vn -0.001778629724867642 -0.00319620780646801 0.8587446212768555 
vn -0.001778629724867642 -0.00319620780646801 0.8587446212768555 
vn -0.001778629724867642 -0.00319620780646801 0.8587446212768555 
vn -0.001778629724867642 -0.00319620780646801 0.8587446212768555 
vn 0.2639752924442291 -2.3721459285752644e-7 0.8171736001968384 
vn 0.2639752924442291 -2.3721459285752644e-7 0.8171736001968384 
vn 0.2639752924442291 -2.3721459285752644e-7 0.8171736001968384 
vn 0.2639752924442291 -2.3721459285752644e-7 0.8171736001968384 
vn 0.2639752924442291 -2.3721459285752644e-7 0.8171736001968384 
vn 0.43481147289276123 -2.208719820373517e-7 0.7405367493629456 
vn 0.43481147289276123 -2.208719820373517e-7 0.7405367493629456 
vn 0.43481147289276123 -2.208719820373517e-7 0.7405367493629456 
vn 0.43481147289276123 -2.208719820373517e-7 0.7405367493629456 
vn 0.43481147289276123 -2.208719820373517e-7 0.7405367493629456 
vn 0.6401225328445435 -1.7991500556036044e-7 0.5724498629570007 
vn 0.6401225328445435 -1.7991500556036044e-7 0.5724498629570007 
vn 0.6401225328445435 -1.7991500556036044e-7 0.5724498629570007 
vn 0.6401225328445435 -1.7991500556036044e-7 0.5724498629570007 
vn 0.6401225328445435 -1.7991500556036044e-7 0.5724498629570007 
vn 0.43481147289276123 -2.208719820373517e-7 0.7405367493629456 
vn 0.43481147289276123 -2.208719820373517e-7 0.7405367493629456 
vn 0.43481147289276123 -2.208719820373517e-7 0.7405367493629456 
vn 0.43481147289276123 -2.208719820373517e-7 0.7405367493629456 
vn 0.43481147289276123 -2.208719820373517e-7 0.7405367493629456 
vn 0.6401225328445435 -1.7991500556036044e-7 0.5724498629570007 
vn 0.6401225328445435 -1.7991500556036044e-7 0.5724498629570007 
vn 0.6401225328445435 -1.7991500556036044e-7 0.5724498629570007 
vn 0.6401225328445435 -1.7991500556036044e-7 0.5724498629570007 
vn 0.6401225328445435 -1.7991500556036044e-7 0.5724498629570007 
vn 0.43481147289276123 -2.208719820373517e-7 0.7405367493629456 
vn 0.43481147289276123 -2.208719820373517e-7 0.7405367493629456 
vn 0.43481147289276123 -2.208719820373517e-7 0.7405367493629456 
vn 0.43481147289276123 -2.208719820373517e-7 0.7405367493629456 
vn 0.43481147289276123 -2.208719820373517e-7 0.7405367493629456 
vn 0.6401225328445435 -1.7991500556036044e-7 0.5724498629570007 
vn 0.6401225328445435 -1.7991500556036044e-7 0.5724498629570007 
vn 0.6401225328445435 -1.7991500556036044e-7 0.5724498629570007 
vn 0.6401225328445435 -1.7991500556036044e-7 0.5724498629570007 
vn 0.6401225328445435 -1.7991500556036044e-7 0.5724498629570007 
vn -0.13634109497070312 -2.3373958413230866e-7 0.8478601574897766 
vn -0.13634109497070312 -2.3373958413230866e-7 0.8478601574897766 
vn -0.13634109497070312 -2.3373958413230866e-7 0.8478601574897766 
vn -0.13634109497070312 -2.3373958413230866e-7 0.8478601574897766 
vn -0.13634109497070312 -2.3373958413230866e-7 0.8478601574897766 
vn 0.43481147289276123 -2.208719820373517e-7 0.7405367493629456 
vn 0.43481147289276123 -2.208719820373517e-7 0.7405367493629456 
vn 0.43481147289276123 -2.208719820373517e-7 0.7405367493629456 
vn 0.43481147289276123 -2.208719820373517e-7 0.7405367493629456 
vn 0.43481147289276123 -2.208719820373517e-7 0.7405367493629456 
vn 0.6401225328445435 -1.7991500556036044e-7 0.5724498629570007 
vn 0.6401225328445435 -1.7991500556036044e-7 0.5724498629570007 
vn 0.6401225328445435 -1.7991500556036044e-7 0.5724498629570007 
vn 0.6401225328445435 -1.7991500556036044e-7 0.5724498629570007 
vn 0.6401225328445435 -1.7991500556036044e-7 0.5724498629570007 
vn 0.11785771697759628 -2.4218866201408673e-7 0.8506263494491577 
vn 0.11785771697759628 -2.4218866201408673e-7 0.8506263494491577 
vn 0.11785771697759628 -2.4218866201408673e-7 0.8506263494491577 
vn 0.11785771697759628 -2.4218866201408673e-7 0.8506263494491577 
vn 0.11785771697759628 -2.4218866201408673e-7 0.8506263494491577 
vn 0.375284880399704 -2.2801668819738552e-7 0.7724098563194275 
vn 0.375284880399704 -2.2801668819738552e-7 0.7724098563194275 
vn 0.375284880399704 -2.2801668819738552e-7 0.7724098563194275 
vn 0.375284880399704 -2.2801668819738552e-7 0.7724098563194275 
vn 0.375284880399704 -2.2801668819738552e-7 0.7724098563194275 
vn -0.3272838294506073 0.0032331121619790792 0.7939335703849792 
vn -0.3272838294506073 -0.0032335377763956785 0.7939335703849792 
vn -0.3272838294506073 -0.0032335377763956785 0.7939335703849792 
vn -0.3272838294506073 -0.0032335377763956785 0.7939335703849792 
vn -0.3272838294506073 -0.0032335377763956785 0.7939335703849792 
vn -0.0693049430847168 -2.3803292492630135e-7 0.8559512495994568 
vn -0.0693049430847168 -2.3803292492630135e-7 0.8559512495994568 
vn -0.0693049430847168 -2.3803292492630135e-7 0.8559512495994568 
vn -0.0693049430847168 -2.3803292492630135e-7 0.8559512495994568 
vn -0.0693049430847168 -2.3803292492630135e-7 0.8559512495994568 
vn 0.11730814725160599 -0.018307656049728394 0.8505052924156189 
vn 0.11730814725160599 -0.018307656049728394 0.8505052924156189 
vn 0.11730814725160599 -0.018307656049728394 0.8505052924156189 
vn 0.11730814725160599 -0.018307656049728394 0.8505052924156189 
vn 0.11730814725160599 -0.018307656049728394 0.8505052924156189 
vn 0.36971840262413025 -0.057760581374168396 0.7729344964027405 
vn 0.36971840262413025 -0.057760581374168396 0.7729344964027405 
vn 0.36971840262413025 -0.057760581374168396 0.7729344964027405 
vn 0.36971840262413025 -0.057760581374168396 0.7729344964027405 
vn 0.36971840262413025 -0.057760581374168396 0.7729344964027405 
vn 0.11785771697759628 -2.4218866201408673e-7 0.8506263494491577 
vn 0.11785771697759628 -2.4218866201408673e-7 0.8506263494491577 
vn 0.11785771697759628 -2.4218866201408673e-7 0.8506263494491577 
vn 0.11785771697759628 -2.4218866201408673e-7 0.8506263494491577 
vn 0.11785771697759628 -2.4218866201408673e-7 0.8506263494491577 
vn 0.375284880399704 -2.2801668819738552e-7 0.7724098563194275 
vn 0.375284880399704 -2.2801668819738552e-7 0.7724098563194275 
vn 0.375284880399704 -2.2801668819738552e-7 0.7724098563194275 
vn 0.375284880399704 -2.2801668819738552e-7 0.7724098563194275 
vn 0.375284880399704 -2.2801668819738552e-7 0.7724098563194275 
vn 0.11785771697759628 -2.4218866201408673e-7 0.8506263494491577 
vn 0.11785771697759628 -2.4218866201408673e-7 0.8506263494491577 
vn 0.11785771697759628 -2.4218866201408673e-7 0.8506263494491577 
vn 0.11785771697759628 -2.4218866201408673e-7 0.8506263494491577 
vn 0.11785771697759628 -2.4218866201408673e-7 0.8506263494491577 
vn 0.375284880399704 -2.2801668819738552e-7 0.7724098563194275 
vn 0.375284880399704 -2.2801668819738552e-7 0.7724098563194275 
vn 0.375284880399704 -2.2801668819738552e-7 0.7724098563194275 
vn 0.375284880399704 -2.2801668819738552e-7 0.7724098563194275 
vn 0.375284880399704 -2.2801668819738552e-7 0.7724098563194275 
vn 0.3308287262916565 -2.3230222723213956e-7 0.7924695611000061 
vn 0.3308287262916565 -2.3230222723213956e-7 0.7924695611000061 
vn 0.3308287262916565 -2.3230222723213956e-7 0.7924695611000061 
vn 0.3308287262916565 -2.3230222723213956e-7 0.7924695611000061 
vn 0.3308287262916565 -2.3230222723213956e-7 0.7924695611000061 
vn 0.5569572448730469 -2.0018330815219088e-7 0.6536469459533691 
vn 0.5569572448730469 -2.0018330815219088e-7 0.6536469459533691 
vn 0.5569572448730469 -2.0018330815219088e-7 0.6536469459533691 
vn 0.5569572448730469 -2.0018330815219088e-7 0.6536469459533691 
vn 0.5569572448730469 -2.0018330815219088e-7 0.6536469459533691 
vn -0.11404237151145935 0.0032150610350072384 0.8511402010917664 
vn -0.11404237151145935 0.0032150610350072384 0.8511402010917664 
vn -0.11404237151145935 0.0032150610350072384 0.8511402010917664 
vn -0.11404237151145935 0.0032150610350072384 0.8511402010917664 
vn -0.11404237151145935 0.0032150610350072384 0.8511402010917664 
vn 0.15120846033096313 -2.4171100676539936e-7 0.8453352451324463 
vn 0.15120846033096313 -2.4171100676539936e-7 0.8453352451324463 
vn 0.15120846033096313 -2.4171100676539936e-7 0.8453352451324463 
vn 0.15120846033096313 -2.4171100676539936e-7 0.8453352451324463 
vn 0.15120846033096313 -2.4171100676539936e-7 0.8453352451324463 
vn 0.3308287262916565 -2.3230222723213956e-7 0.7924695611000061 
vn 0.3308287262916565 -2.3230222723213956e-7 0.7924695611000061 
vn 0.3308287262916565 -2.3230222723213956e-7 0.7924695611000061 
vn 0.3308287262916565 -2.3230222723213956e-7 0.7924695611000061 
vn 0.3308287262916565 -2.3230222723213956e-7 0.7924695611000061 
vn 0.5569572448730469 -2.0018330815219088e-7 0.6536469459533691 
vn 0.5569572448730469 -2.0018330815219088e-7 0.6536469459533691 
vn 0.5569572448730469 -2.0018330815219088e-7 0.6536469459533691 
vn 0.5569572448730469 -2.0018330815219088e-7 0.6536469459533691 
vn 0.5569572448730469 -2.0018330815219088e-7 0.6536469459533691 
vn 0.3308287262916565 -2.3230222723213956e-7 0.7924695611000061 
vn 0.3308287262916565 -2.3230222723213956e-7 0.7924695611000061 
vn 0.3308287262916565 -2.3230222723213956e-7 0.7924695611000061 
vn 0.3308287262916565 -2.3230222723213956e-7 0.7924695611000061 
vn 0.3308287262916565 -2.3230222723213956e-7 0.7924695611000061 
vn 0.5569572448730469 -2.0018330815219088e-7 0.6536469459533691 
vn 0.5569572448730469 -2.0018330815219088e-7 0.6536469459533691 
vn 0.5569572448730469 -2.0018330815219088e-7 0.6536469459533691 
vn 0.5569572448730469 -2.0018330815219088e-7 0.6536469459533691 
vn 0.5569572448730469 -2.0018330815219088e-7 0.6536469459533691 
vn 0.3308287262916565 -2.3230222723213956e-7 0.7924695611000061 
vn 0.3308287262916565 -2.3230222723213956e-7 0.7924695611000061 
vn 0.3308287262916565 -2.3230222723213956e-7 0.7924695611000061 
vn 0.3308287262916565 -2.3230222723213956e-7 0.7924695611000061 
vn 0.3308287262916565 -2.3230222723213956e-7 0.7924695611000061 
vn 0.5569572448730469 -2.0018330815219088e-7 0.6536469459533691 
vn 0.5569572448730469 -2.0018330815219088e-7 0.6536469459533691 
vn 0.5569572448730469 -2.0018330815219088e-7 0.6536469459533691 
vn 0.5569572448730469 -2.0018330815219088e-7 0.6536469459533691 
vn 0.5569572448730469 -2.0018330815219088e-7 0.6536469459533691 
vn 0.3308287262916565 -2.3230222723213956e-7 0.7924695611000061 
vn 0.3308287262916565 -2.3230222723213956e-7 0.7924695611000061 
vn 0.3308287262916565 -2.3230222723213956e-7 0.7924695611000061 
vn 0.3308287262916565 -2.3230222723213956e-7 0.7924695611000061 
vn 0.3308287262916565 -2.3230222723213956e-7 0.7924695611000061 
vn 0.5569572448730469 -2.0018330815219088e-7 0.6536469459533691 
vn 0.5569572448730469 -2.0018330815219088e-7 0.6536469459533691 
vn 0.5569572448730469 -2.0018330815219088e-7 0.6536469459533691 
vn 0.5569572448730469 -2.0018330815219088e-7 0.6536469459533691 
vn 0.5569572448730469 -2.0018330815219088e-7 0.6536469459533691 
vn -0.00177862960845232 0.00319572607986629 0.8587446212768555 
vn -0.00177862960845232 0.00319572607986629 0.8587446212768555 
vn -0.00177862960845232 0.00319572607986629 0.8587446212768555 
vn -0.00177862960845232 0.00319572607986629 0.8587446212768555 
vn -0.00177862960845232 0.00319572607986629 0.8587446212768555 
vn 0.22802919149398804 -2.391454643202451e-7 0.8279241323471069 
vn 0.22802919149398804 -2.391454643202451e-7 0.8279241323471069 
vn 0.22802919149398804 -2.391454643202451e-7 0.8279241323471069 
vn 0.22802919149398804 -2.391454643202451e-7 0.8279241323471069 
vn 0.22802919149398804 -2.391454643202451e-7 0.8279241323471069 
vn 0.22802919149398804 -2.391454643202451e-7 0.8279241323471069 
vn 0.22802919149398804 -2.391454643202451e-7 0.8279241323471069 
vn 0.22802919149398804 -2.391454643202451e-7 0.8279241323471069 
vn 0.22802919149398804 -2.391454643202451e-7 0.8279241323471069 
vn 0.22802919149398804 -2.391454643202451e-7 0.8279241323471069 
vn 0.22802919149398804 -2.391454643202451e-7 0.8279241323471069 
vn 0.22802919149398804 -2.391454643202451e-7 0.8279241323471069 
vn 0.22802919149398804 -2.391454643202451e-7 0.8279241323471069 
vn 0.22802919149398804 -2.391454643202451e-7 0.8279241323471069 
vn 0.22802919149398804 -2.391454643202451e-7 0.8279241323471069 
vn 0.22802919149398804 -2.391454643202451e-7 0.8279241323471069 
vn 0.22802919149398804 -2.391454643202451e-7 0.8279241323471069 
vn 0.22802919149398804 -2.391454643202451e-7 0.8279241323471069 
vn -0.11778685450553894 -2.3507841717673728e-7 0.8506361842155457 
vn -0.11778685450553894 -2.3507841717673728e-7 0.8506361842155457 
vn -0.11778685450553894 -2.3507841717673728e-7 0.8506361842155457 
vn -0.11778685450553894 -2.3507841717673728e-7 0.8506361842155457 
vn -0.11778685450553894 -2.3507841717673728e-7 0.8506361842155457 
vn -0.11778685450553894 -2.3507841717673728e-7 0.8506361842155457 
vn -0.11778685450553894 -2.3507841717673728e-7 0.8506361842155457 
vn -0.11778685450553894 -2.3507841717673728e-7 0.8506361842155457 
vn -0.11778685450553894 -2.3507841717673728e-7 0.8506361842155457 
vn -0.11778685450553894 -2.3507841717673728e-7 0.8506361842155457 
vn -0.11778685450553894 -2.3507841717673728e-7 0.8506361842155457 
vn -0.11778685450553894 -2.3507841717673728e-7 0.8506361842155457 
vn -0.11778685450553894 -2.3507841717673728e-7 0.8506361842155457 
vn -0.11778685450553894 -2.3507841717673728e-7 0.8506361842155457 
vn -0.11778685450553894 -2.3507841717673728e-7 0.8506361842155457 
vn -0.11778685450553894 -2.3507841717673728e-7 0.8506361842155457 
vn -0.11778685450553894 -2.3507841717673728e-7 0.8506361842155457 
vn -0.11778685450553894 -2.3507841717673728e-7 0.8506361842155457 
vn -0.11778685450553894 -2.3507841717673728e-7 0.8506361842155457 
vn -0.11778685450553894 -2.3507841717673728e-7 0.8506361842155457 
vn -0.11778685450553894 -2.3507841717673728e-7 0.8506361842155457 
vn -0.11778685450553894 -2.3507841717673728e-7 0.8506361842155457 
vn -0.11778685450553894 -2.3507841717673728e-7 0.8506361842155457 
vn -0.11778685450553894 -2.3507841717673728e-7 0.8506361842155457 
vn -0.11778685450553894 -2.3507841717673728e-7 0.8506361842155457 
vn -0.11778685450553894 -2.3507841717673728e-7 0.8506361842155457 
vn -0.11778685450553894 -2.3507841717673728e-7 0.8506361842155457 
vn -0.11778685450553894 -2.3507841717673728e-7 0.8506361842155457 
vn -0.11778685450553894 -2.3507841717673728e-7 0.8506361842155457 
vn -0.11778685450553894 -2.3507841717673728e-7 0.8506361842155457 
vn -0.11778685450553894 -2.3507841717673728e-7 0.8506361842155457 
vn -0.11778685450553894 -2.3507841717673728e-7 0.8506361842155457 
vn -0.11778685450553894 -2.3507841717673728e-7 0.8506361842155457 
vn -0.11778685450553894 -2.3507841717673728e-7 0.8506361842155457 
vn -0.11778685450553894 -2.3507841717673728e-7 0.8506361842155457 
vn -0.11778685450553894 -2.3507841717673728e-7 0.8506361842155457 
vn -0.11778685450553894 -2.3507841717673728e-7 0.8506361842155457 
vn -0.11778685450553894 -2.3507841717673728e-7 0.8506361842155457 
vn -0.11778685450553894 -2.3507841717673728e-7 0.8506361842155457 
vn -0.11778685450553894 -2.3507841717673728e-7 0.8506361842155457 
vn -0.11778685450553894 -2.3507841717673728e-7 0.8506361842155457 
vn -0.11778685450553894 -2.3507841717673728e-7 0.8506361842155457 
vn -0.11778685450553894 -2.3507841717673728e-7 0.8506361842155457 
vn -0.11778685450553894 -2.3507841717673728e-7 0.8506361842155457 
vn -0.11778685450553894 -2.3507841717673728e-7 0.8506361842155457 
vn -0.11778685450553894 -2.3507841717673728e-7 0.8506361842155457 
vn -0.11778685450553894 -2.3507841717673728e-7 0.8506361842155457 
vn -0.11778685450553894 -2.3507841717673728e-7 0.8506361842155457 
vn 0.2352554351091385 -2.3879570676399453e-7 0.8258998394012451 
vn 0.2352554351091385 -2.3879570676399453e-7 0.8258998394012451 
vn 0.2352554351091385 -2.3879570676399453e-7 0.8258998394012451 
vn 0.2352554351091385 -2.3879570676399453e-7 0.8258998394012451 
vn -0.28876009583473206 0.0032338870223611593 0.8087415099143982 
vn -0.28876009583473206 0.0032338870223611593 0.8087415099143982 
vn -0.28876009583473206 0.0032338870223611593 0.8087415099143982 
vn -0.28876009583473206 0.0032338870223611593 0.8087415099143982 
vn -0.405287504196167 0.0032337987795472145 0.7570913434028625 
vn -0.405287504196167 0.0032337987795472145 0.7570913434028625 
vn -0.405287504196167 0.0032337987795472145 0.7570913434028625 
vn -0.405287504196167 0.0032337987795472145 0.7570913434028625 
vn -0.002646080683916807 0.2572841942310333 0.8193013072013855 
vn -0.002646080683916807 0.2572841942310333 0.8193013072013855 
vn -0.002646080683916807 0.2572841942310333 0.8193013072013855 
vn -0.002646080683916807 0.2572841942310333 0.8193013072013855 
vn -0.00177862960845232 0.00319572607986629 0.8587446212768555 
vn -0.00177862960845232 0.00319572607986629 0.8587446212768555 
vn -0.00177862960845232 0.00319572607986629 0.8587446212768555 
vn -0.00177862960845232 0.00319572607986629 0.8587446212768555 
vn -0.00177862960845232 0.00319572607986629 0.8587446212768555 
vn -0.00177862960845232 0.00319572607986629 0.8587446212768555 
vn -0.00177862960845232 0.00319572607986629 0.8587446212768555 
vn -0.00177862960845232 0.00319572607986629 0.8587446212768555 
vn -0.001778629724867642 -0.00319620780646801 0.8587446212768555 
vn -0.001778629724867642 -0.00319620780646801 0.8587446212768555 
vn -0.001778629724867642 -0.00319620780646801 0.8587446212768555 
vn -0.001778629724867642 -0.00319620780646801 0.8587446212768555 
vn -0.00177862960845232 0.00319572607986629 0.8587446212768555 
vn -0.00177862960845232 0.00319572607986629 0.8587446212768555 
vn 0.7548710703849792 0.2604510486125946 0.3158983886241913 
vn 0.7548710703849792 0.2604510486125946 0.3158983886241913 
vn 0.7548710703849792 0.2604510486125946 0.3158983886241913 
vn 0.7548710703849792 0.2604510486125946 0.3158983886241913 
vn -0.8366674780845642 0.0032411168795078993 0.19347557425498962 
vn -0.8366674780845642 0.0032411168795078993 0.19347557425498962 
vn -0.8366674780845642 -0.003241174854338169 0.19347557425498962 
vn -0.8366674780845642 -0.003241174854338169 0.19347557425498962 
vn -0.8366674780845642 -0.003241174854338169 0.19347557425498962 
vn -0.8366674780845642 -0.003241174854338169 0.19347557425498962 
vn -0.8366674780845642 0.0032411168795078993 0.19347557425498962 
vn -0.8366674780845642 0.0032411168795078993 0.19347557425498962 
vn -0.002633247524499893 -0.261046826839447 0.8181103467941284 
vn -0.002633247524499893 -0.261046826839447 0.8181103467941284 
vn -0.002633247524499893 -0.261046826839447 0.8181103467941284 
vn -0.002633247524499893 -0.261046826839447 0.8181103467941284 
vn 0.7136553525924683 -1.5554056176370068e-7 0.477652370929718 
vn 0.7136553525924683 -1.5554056176370068e-7 0.477652370929718 
vn 0.7136553525924683 -1.5554056176370068e-7 0.477652370929718 
vn 0.7136553525924683 -1.5554056176370068e-7 0.477652370929718 
vn 0.7136553525924683 -1.5554056176370068e-7 0.477652370929718 
vn 0.7136553525924683 -1.5554056176370068e-7 0.477652370929718 
vn 0.4946631193161011 1.8199646945049608e-7 -0.7019715905189514 
vn 0.4946631193161011 1.8199646945049608e-7 -0.7019715905189514 
vn 0.4946631193161011 1.8199646945049608e-7 -0.7019715905189514 
vn 0.4946631193161011 1.8199646945049608e-7 -0.7019715905189514 
vn 0.4946631193161011 1.8199646945049608e-7 -0.7019715905189514 
vn 0.4946631193161011 1.8199646945049608e-7 -0.7019715905189514 
vn -0.002633247524499893 -0.261046826839447 0.8181103467941284 
vn -0.002633247524499893 -0.261046826839447 0.8181103467941284 
vn -0.002633247524499893 -0.261046826839447 0.8181103467941284 
vn -0.002633247524499893 -0.261046826839447 0.8181103467941284 
vn 0.7965404987335205 -0.26119041442871094 0.18643930554389954 
vn 0.7965404987335205 -0.26119041442871094 0.18643930554389954 
vn 0.7965404987335205 -0.26119041442871094 0.18643930554389954 
vn 0.7965404987335205 -0.26119041442871094 0.18643930554389954 
vn 0.41144511103630066 0.2589336037635803 0.7079005241394043 
vn 0.41144511103630066 0.2589336037635803 0.7079005241394043 
vn 0.41144511103630066 0.2589336037635803 0.7079005241394043 
vn 0.41144511103630066 0.2589336037635803 0.7079005241394043 
vn 0.43481147289276123 -2.208719820373517e-7 0.7405367493629456 
vn 0.43481147289276123 -2.208719820373517e-7 0.7405367493629456 
vn 0.43481147289276123 -2.208719820373517e-7 0.7405367493629456 
vn 0.43481147289276123 -2.208719820373517e-7 0.7405367493629456 
vn 0.43481147289276123 -2.208719820373517e-7 0.7405367493629456 
vn 0.43481147289276123 -2.208719820373517e-7 0.7405367493629456 
vn 0.43481147289276123 -2.208719820373517e-7 0.7405367493629456 
vn 0.43481147289276123 -2.208719820373517e-7 0.7405367493629456 
vn 0.43481147289276123 -2.208719820373517e-7 0.7405367493629456 
vn 0.43481147289276123 -2.208719820373517e-7 0.7405367493629456 
vn 0.43481147289276123 -2.208719820373517e-7 0.7405367493629456 
vn 0.43481147289276123 -2.208719820373517e-7 0.7405367493629456 
vn 0.43481147289276123 -2.208719820373517e-7 0.7405367493629456 
vn 0.43481147289276123 -2.208719820373517e-7 0.7405367493629456 
vn 0.8126952648162842 0.25530746579170227 -0.10863355547189713 
vn 0.8126952648162842 0.25530746579170227 -0.10863355547189713 
vn 0.8126952648162842 0.25530746579170227 -0.10863355547189713 
vn 0.8126952648162842 0.25530746579170227 -0.10863355547189713 
vn -0.6248400211334229 0.0032388796098530293 0.5890842080116272 
vn -0.6248400211334229 0.0032388796098530293 0.5890842080116272 
vn -0.6248400211334229 -0.003239172510802746 0.5890842080116272 
vn -0.6248400211334229 -0.003239172510802746 0.5890842080116272 
vn -0.6248400211334229 -0.003239172510802746 0.5890842080116272 
vn -0.6248400211334229 -0.003239172510802746 0.5890842080116272 
vn -0.6248400211334229 0.0032388796098530293 0.5890842080116272 
vn -0.6248400211334229 0.0032388796098530293 0.5890842080116272 
vn 0.4111480414867401 -0.26444193720817566 0.7060344815254211 
vn 0.4111480414867401 -0.26444193720817566 0.7060344815254211 
vn 0.4111480414867401 -0.26444193720817566 0.7060344815254211 
vn 0.4111480414867401 -0.26444193720817566 0.7060344815254211 
vn 0.8571484088897705 -4.05910647316432e-8 0.05246269330382347 
vn 0.8571484088897705 -4.05910647316432e-8 0.05246269330382347 
vn 0.8571484088897705 -4.05910647316432e-8 0.05246269330382347 
vn 0.8571484088897705 -4.05910647316432e-8 0.05246269330382347 
vn 0.8571484088897705 -4.05910647316432e-8 0.05246269330382347 
vn 0.8571484088897705 -4.05910647316432e-8 0.05246269330382347 
vn 0.07304426282644272 2.3783277924849244e-7 -0.8556402325630188 
vn 0.07304426282644272 2.3783277924849244e-7 -0.8556402325630188 
vn 0.07304426282644272 2.3783277924849244e-7 -0.8556402325630188 
vn 0.07304426282644272 2.3783277924849244e-7 -0.8556402325630188 
vn 0.07304426282644272 2.3783277924849244e-7 -0.8556402325630188 
vn 0.07304426282644272 2.3783277924849244e-7 -0.8556402325630188 
vn 0.41144511103630066 0.2589336037635803 0.7079005241394043 
vn 0.41144511103630066 0.2589336037635803 0.7079005241394043 
vn 0.41144511103630066 0.2589336037635803 0.7079005241394043 
vn 0.41144511103630066 0.2589336037635803 0.7079005241394043 
vn 0.43481147289276123 -2.208719820373517e-7 0.7405367493629456 
vn 0.43481147289276123 -2.208719820373517e-7 0.7405367493629456 
vn 0.43481147289276123 -2.208719820373517e-7 0.7405367493629456 
vn 0.43481147289276123 -2.208719820373517e-7 0.7405367493629456 
vn 0.43481147289276123 -2.208719820373517e-7 0.7405367493629456 
vn 0.43481147289276123 -2.208719820373517e-7 0.7405367493629456 
vn 0.43481147289276123 -2.208719820373517e-7 0.7405367493629456 
vn 0.43481147289276123 -2.208719820373517e-7 0.7405367493629456 
vn 0.43481147289276123 -2.208719820373517e-7 0.7405367493629456 
vn 0.43481147289276123 -2.208719820373517e-7 0.7405367493629456 
vn 0.43481147289276123 -2.208719820373517e-7 0.7405367493629456 
vn 0.43481147289276123 -2.208719820373517e-7 0.7405367493629456 
vn 0.43481147289276123 -2.208719820373517e-7 0.7405367493629456 
vn 0.43481147289276123 -2.208719820373517e-7 0.7405367493629456 
vn 0.8126952648162842 0.25530746579170227 -0.10863355547189713 
vn 0.8126952648162842 0.25530746579170227 -0.10863355547189713 
vn 0.8126952648162842 0.25530746579170227 -0.10863355547189713 
vn 0.8126952648162842 0.25530746579170227 -0.10863355547189713 
vn -0.6248400211334229 0.0032388796098530293 0.5890842080116272 
vn -0.6248400211334229 0.0032388796098530293 0.5890842080116272 
vn -0.6248400211334229 -0.003239172510802746 0.5890842080116272 
vn -0.6248400211334229 -0.003239172510802746 0.5890842080116272 
vn -0.6248400211334229 -0.003239172510802746 0.5890842080116272 
vn -0.6248400211334229 -0.003239172510802746 0.5890842080116272 
vn -0.6248400211334229 0.0032388796098530293 0.5890842080116272 
vn -0.6248400211334229 0.0032388796098530293 0.5890842080116272 
vn 0.4111480414867401 -0.26444193720817566 0.7060344815254211 
vn 0.4111480414867401 -0.26444193720817566 0.7060344815254211 
vn 0.4111480414867401 -0.26444193720817566 0.7060344815254211 
vn 0.4111480414867401 -0.26444193720817566 0.7060344815254211 
vn 0.8571484088897705 -4.05910647316432e-8 0.05246269330382347 
vn 0.8571484088897705 -4.05910647316432e-8 0.05246269330382347 
vn 0.8571484088897705 -4.05910647316432e-8 0.05246269330382347 
vn 0.8571484088897705 -4.05910647316432e-8 0.05246269330382347 
vn 0.8571484088897705 -4.05910647316432e-8 0.05246269330382347 
vn 0.8571484088897705 -4.05910647316432e-8 0.05246269330382347 
vn 0.07304426282644272 2.3783277924849244e-7 -0.8556402325630188 
vn 0.07304426282644272 2.3783277924849244e-7 -0.8556402325630188 
vn 0.07304426282644272 2.3783277924849244e-7 -0.8556402325630188 
vn 0.07304426282644272 2.3783277924849244e-7 -0.8556402325630188 
vn 0.07304426282644272 2.3783277924849244e-7 -0.8556402325630188 
vn 0.07304426282644272 2.3783277924849244e-7 -0.8556402325630188 
vn 0.41144511103630066 0.2589336037635803 0.7079005241394043 
vn 0.41144511103630066 0.2589336037635803 0.7079005241394043 
vn 0.41144511103630066 0.2589336037635803 0.7079005241394043 
vn 0.41144511103630066 0.2589336037635803 0.7079005241394043 
vn 0.43481147289276123 -2.208719820373517e-7 0.7405367493629456 
vn 0.43481147289276123 -2.208719820373517e-7 0.7405367493629456 
vn 0.43481147289276123 -2.208719820373517e-7 0.7405367493629456 
vn 0.43481147289276123 -2.208719820373517e-7 0.7405367493629456 
vn 0.43481147289276123 -2.208719820373517e-7 0.7405367493629456 
vn 0.43481147289276123 -2.208719820373517e-7 0.7405367493629456 
vn 0.43481147289276123 -2.208719820373517e-7 0.7405367493629456 
vn 0.43481147289276123 -2.208719820373517e-7 0.7405367493629456 
vn 0.43481147289276123 -2.208719820373517e-7 0.7405367493629456 
vn 0.43481147289276123 -2.208719820373517e-7 0.7405367493629456 
vn 0.43481147289276123 -2.208719820373517e-7 0.7405367493629456 
vn 0.43481147289276123 -2.208719820373517e-7 0.7405367493629456 
vn 0.43481147289276123 -2.208719820373517e-7 0.7405367493629456 
vn 0.43481147289276123 -2.208719820373517e-7 0.7405367493629456 
vn 0.8126952648162842 0.25530746579170227 -0.10863355547189713 
vn 0.8126952648162842 0.25530746579170227 -0.10863355547189713 
vn 0.8126952648162842 0.25530746579170227 -0.10863355547189713 
vn 0.8126952648162842 0.25530746579170227 -0.10863355547189713 
vn -0.6248400211334229 0.0032388796098530293 0.5890842080116272 
vn -0.6248400211334229 0.0032388796098530293 0.5890842080116272 
vn -0.6248400211334229 -0.003239172510802746 0.5890842080116272 
vn -0.6248400211334229 -0.003239172510802746 0.5890842080116272 
vn -0.6248400211334229 -0.003239172510802746 0.5890842080116272 
vn -0.6248400211334229 -0.003239172510802746 0.5890842080116272 
vn -0.6248400211334229 0.0032388796098530293 0.5890842080116272 
vn -0.6248400211334229 0.0032388796098530293 0.5890842080116272 
vn 0.4111480414867401 -0.26444193720817566 0.7060344815254211 
vn 0.4111480414867401 -0.26444193720817566 0.7060344815254211 
vn 0.4111480414867401 -0.26444193720817566 0.7060344815254211 
vn 0.4111480414867401 -0.26444193720817566 0.7060344815254211 
vn 0.8571484088897705 -4.05910647316432e-8 0.05246269330382347 
vn 0.8571484088897705 -4.05910647316432e-8 0.05246269330382347 
vn 0.8571484088897705 -4.05910647316432e-8 0.05246269330382347 
vn 0.8571484088897705 -4.05910647316432e-8 0.05246269330382347 
vn 0.8571484088897705 -4.05910647316432e-8 0.05246269330382347 
vn 0.8571484088897705 -4.05910647316432e-8 0.05246269330382347 
vn 0.07304426282644272 2.3783277924849244e-7 -0.8556402325630188 
vn 0.07304426282644272 2.3783277924849244e-7 -0.8556402325630188 
vn 0.07304426282644272 2.3783277924849244e-7 -0.8556402325630188 
vn 0.07304426282644272 2.3783277924849244e-7 -0.8556402325630188 
vn 0.07304426282644272 2.3783277924849244e-7 -0.8556402325630188 
vn 0.07304426282644272 2.3783277924849244e-7 -0.8556402325630188 
vn 0.6894217729568481 -0.26509249210357666 0.43804171681404114 
vn 0.6894217729568481 -0.26509249210357666 0.43804171681404114 
vn 0.6894217729568481 -0.26509249210357666 0.43804171681404114 
vn 0.6894217729568481 -0.26509249210357666 0.43804171681404114 
vn 0.4229588806629181 0.17455491423606873 0.7266997694969177 
vn 0.4229588806629181 0.17455491423606873 0.7266997694969177 
vn 0.4229588806629181 0.17455491423606873 0.7266997694969177 
vn 0.4229588806629181 0.17455491423606873 0.7266997694969177 
vn 0.43481147289276123 -2.208719820373517e-7 0.7405367493629456 
vn 0.43481147289276123 -2.208719820373517e-7 0.7405367493629456 
vn 0.43481147289276123 -2.208719820373517e-7 0.7405367493629456 
vn 0.43481147289276123 -2.208719820373517e-7 0.7405367493629456 
vn 0.43481147289276123 -2.208719820373517e-7 0.7405367493629456 
vn 0.43481147289276123 -2.208719820373517e-7 0.7405367493629456 
vn 0.43481147289276123 -2.208719820373517e-7 0.7405367493629456 
vn 0.43481147289276123 -2.208719820373517e-7 0.7405367493629456 
vn 0.43481147289276123 -2.208719820373517e-7 0.7405367493629456 
vn 0.43481147289276123 -2.208719820373517e-7 0.7405367493629456 
vn 0.43481147289276123 -2.208719820373517e-7 0.7405367493629456 
vn 0.43481147289276123 -2.208719820373517e-7 0.7405367493629456 
vn 0.43481147289276123 -2.208719820373517e-7 0.7405367493629456 
vn 0.43481147289276123 -2.208719820373517e-7 0.7405367493629456 
vn 0.8336814045906067 0.17377163469791412 -0.11061175167560577 
vn 0.8336814045906067 0.17377163469791412 -0.11061175167560577 
vn 0.8336814045906067 0.17377163469791412 -0.11061175167560577 
vn 0.8336814045906067 0.17377163469791412 -0.11061175167560577 
vn -0.6248400211334229 0.0032388796098530293 0.5890842080116272 
vn -0.6248400211334229 0.0032388796098530293 0.5890842080116272 
vn -0.6248400211334229 -0.003239172510802746 0.5890842080116272 
vn -0.6248400211334229 0.0032388796098530293 0.5890842080116272 
vn -0.6248400211334229 -0.003239172510802746 0.5890842080116272 
vn -0.6248400211334229 0.0032388796098530293 0.5890842080116272 
vn -0.6248400211334229 0.0032388796098530293 0.5890842080116272 
vn -0.6248400211334229 0.0032388796098530293 0.5890842080116272 
vn 0.42351362109184265 -0.1805402636528015 0.7249122262001038 
vn 0.42351362109184265 -0.1805402636528015 0.7249122262001038 
vn 0.42351362109184265 -0.1805402636528015 0.7249122262001038 
vn 0.42351362109184265 -0.1805402636528015 0.7249122262001038 
vn 0.8571484088897705 -4.05910647316432e-8 0.05246269330382347 
vn 0.8571484088897705 -4.05910647316432e-8 0.05246269330382347 
vn 0.8571484088897705 -4.05910647316432e-8 0.05246269330382347 
vn 0.8571484088897705 -4.05910647316432e-8 0.05246269330382347 
vn 0.8571484088897705 -4.05910647316432e-8 0.05246269330382347 
vn 0.8571484088897705 -4.05910647316432e-8 0.05246269330382347 
vn 0.07304426282644272 2.3783277924849244e-7 -0.8556402325630188 
vn 0.07304426282644272 2.3783277924849244e-7 -0.8556402325630188 
vn 0.07304426282644272 2.3783277924849244e-7 -0.8556402325630188 
vn 0.07304426282644272 2.3783277924849244e-7 -0.8556402325630188 
vn 0.07304426282644272 2.3783277924849244e-7 -0.8556402325630188 
vn 0.07304426282644272 2.3783277924849244e-7 -0.8556402325630188 
vn 0.1153111457824707 0.1749940663576126 0.8327884674072266 
vn 0.1153111457824707 0.1749940663576126 0.8327884674072266 
vn 0.1153111457824707 0.1749940663576126 0.8327884674072266 
vn 0.1153111457824707 0.1749940663576126 0.8327884674072266 
vn 0.11785771697759628 -2.4218866201408673e-7 0.8506263494491577 
vn 0.11785771697759628 -2.4218866201408673e-7 0.8506263494491577 
vn 0.11785771697759628 -2.4218866201408673e-7 0.8506263494491577 
vn 0.11785771697759628 -2.4218866201408673e-7 0.8506263494491577 
vn 0.11785771697759628 -2.4218866201408673e-7 0.8506263494491577 
vn 0.11785771697759628 -2.4218866201408673e-7 0.8506263494491577 
vn 0.11785771697759628 -2.4218866201408673e-7 0.8506263494491577 
vn 0.11785771697759628 -2.4218866201408673e-7 0.8506263494491577 
vn 0.11785771697759628 -2.4218866201408673e-7 0.8506263494491577 
vn 0.11785771697759628 -2.4218866201408673e-7 0.8506263494491577 
vn 0.11785771697759628 -2.4218866201408673e-7 0.8506263494491577 
vn 0.11785771697759628 -2.4218866201408673e-7 0.8506263494491577 
vn 0.11785771697759628 -2.4218866201408673e-7 0.8506263494491577 
vn 0.11785771697759628 -2.4218866201408673e-7 0.8506263494491577 
vn 0.8134886026382446 0.17363634705543518 0.21340788900852203 
vn 0.8134886026382446 0.17363634705543518 0.21340788900852203 
vn 0.8134886026382446 0.17363634705543518 0.21340788900852203 
vn 0.8134886026382446 0.17363634705543518 0.21340788900852203 
vn -0.8015446066856384 -6.226387228025487e-8 0.30819135904312134 
vn -0.8015446066856384 -6.226387228025487e-8 0.30819135904312134 
vn -0.8015446066856384 -6.226387228025487e-8 0.30819135904312134 
vn -0.8015446066856384 -6.226387228025487e-8 0.30819135904312134 
vn -0.8015446066856384 -6.226387228025487e-8 0.30819135904312134 
vn -0.8015446066856384 -6.226387228025487e-8 0.30819135904312134 
vn -0.8015446066856384 -6.226387228025487e-8 0.30819135904312134 
vn -0.8015446066856384 -6.226387228025487e-8 0.30819135904312134 
vn 0.11379531025886536 -0.1790316253900528 0.8321385383605957 
vn 0.11379531025886536 -0.1790316253900528 0.8321385383605957 
vn 0.11379531025886536 -0.1790316253900528 0.8321385383605957 
vn 0.11379531025886536 -0.1790316253900528 0.8321385383605957 
vn 0.7732589840888977 -1.2813025307423231e-7 0.37353208661079407 
vn 0.7732589840888977 -1.2813025307423231e-7 0.37353208661079407 
vn 0.7732589840888977 -1.2813025307423231e-7 0.37353208661079407 
vn 0.7732589840888977 -1.2813025307423231e-7 0.37353208661079407 
vn 0.7732589840888977 -1.2813025307423231e-7 0.37353208661079407 
vn 0.7732589840888977 -1.2813025307423231e-7 0.37353208661079407 
vn 0.39200517535209656 2.0251326304787653e-7 -0.7640599608421326 
vn 0.39200517535209656 2.0251326304787653e-7 -0.7640599608421326 
vn 0.39200517535209656 2.0251326304787653e-7 -0.7640599608421326 
vn 0.39200517535209656 2.0251326304787653e-7 -0.7640599608421326 
vn 0.39200517535209656 2.0251326304787653e-7 -0.7640599608421326 
vn 0.39200517535209656 2.0251326304787653e-7 -0.7640599608421326 
vn -0.31100887060165405 0.25591063499450684 0.7584457993507385 
vn -0.31100887060165405 0.25591063499450684 0.7584457993507385 
vn -0.31100887060165405 0.25591063499450684 0.7584457993507385 
vn -0.31100887060165405 0.25591063499450684 0.7584457993507385 
vn -0.3272838294506073 0.0032331121619790792 0.7939335703849792 
vn -0.3272838294506073 0.0032331121619790792 0.7939335703849792 
vn -0.3272838294506073 0.0032331121619790792 0.7939335703849792 
vn -0.3272838294506073 0.0032331121619790792 0.7939335703849792 
vn -0.3272838294506073 0.0032331121619790792 0.7939335703849792 
vn -0.3272838294506073 0.0032331121619790792 0.7939335703849792 
vn -0.3272838294506073 -0.0032335377763956785 0.7939335703849792 
vn -0.3272838294506073 -0.0032335377763956785 0.7939335703849792 
vn -0.3272838294506073 -0.0032335377763956785 0.7939335703849792 
vn -0.3272838294506073 -0.0032335377763956785 0.7939335703849792 
vn -0.3272838294506073 -0.0032335377763956785 0.7939335703849792 
vn -0.3272838294506073 -0.0032335377763956785 0.7939335703849792 
vn -0.3272838294506073 -0.0032335377763956785 0.7939335703849792 
vn -0.3272838294506073 -0.0032335377763956785 0.7939335703849792 
vn 0.5783370733261108 0.25616541504859924 0.5808290243148804 
vn 0.5783370733261108 0.25616541504859924 0.5808290243148804 
vn 0.5783370733261108 0.25616541504859924 0.5808290243148804 
vn 0.5783370733261108 0.25616541504859924 0.5808290243148804 
vn -0.8475539088249207 0.00324256275780499 -0.13819366693496704 
vn -0.8475539088249207 0.00324256275780499 -0.13819366693496704 
vn -0.8475539088249207 -0.003242434235289693 -0.13819366693496704 
vn -0.8475539088249207 -0.003242434235289693 -0.13819366693496704 
vn -0.8475539088249207 -0.003242434235289693 -0.13819366693496704 
vn -0.8475539088249207 -0.003242434235289693 -0.13819366693496704 
vn -0.8475539088249207 0.00324256275780499 -0.13819366693496704 
vn -0.8475539088249207 0.00324256275780499 -0.13819366693496704 
vn -0.3093891441822052 -0.26417282223701477 0.7562723755836487 
vn -0.3093891441822052 -0.26417282223701477 0.7562723755836487 
vn -0.3093891441822052 -0.26417282223701477 0.7562723755836487 
vn -0.3093891441822052 -0.26417282223701477 0.7562723755836487 
vn 0.47926971316337585 -2.1436835595523007e-7 0.7125701904296875 
vn 0.47926971316337585 -2.1436835595523007e-7 0.7125701904296875 
vn 0.47926971316337585 -2.1436835595523007e-7 0.7125701904296875 
vn 0.47926971316337585 -2.1436835595523007e-7 0.7125701904296875 
vn 0.47926971316337585 -2.1436835595523007e-7 0.7125701904296875 
vn 0.47926971316337585 -2.1436835595523007e-7 0.7125701904296875 
vn 0.7238809466362 1.0775927705708455e-7 -0.4620087146759033 
vn 0.7238809466362 1.0775927705708455e-7 -0.4620087146759033 
vn 0.7238809466362 1.0775927705708455e-7 -0.4620087146759033 
vn 0.7238809466362 1.0775927705708455e-7 -0.4620087146759033 
vn 0.7238809466362 1.0775927705708455e-7 -0.4620087146759033 
vn 0.7238809466362 1.0775927705708455e-7 -0.4620087146759033 
vn 0.14438290894031525 0.17402875423431396 0.8284465670585632 
vn 0.14438290894031525 0.17402875423431396 0.8284465670585632 
vn 0.14438290894031525 0.17402875423431396 0.8284465670585632 
vn 0.14438290894031525 0.17402875423431396 0.8284465670585632 
vn 0.11730814725160599 -0.018307656049728394 0.8505052924156189 
vn 0.11730814725160599 -0.018307656049728394 0.8505052924156189 
vn 0.11730814725160599 -0.018307656049728394 0.8505052924156189 
vn 0.11730814725160599 -0.018307656049728394 0.8505052924156189 
vn 0.11730814725160599 -0.018307656049728394 0.8505052924156189 
vn 0.11730814725160599 -0.018307656049728394 0.8505052924156189 
vn 0.11730814725160599 -0.018307656049728394 0.8505052924156189 
vn 0.11730814725160599 -0.018307656049728394 0.8505052924156189 
vn 0.11730814725160599 -0.018307656049728394 0.8505052924156189 
vn 0.11730814725160599 -0.018307656049728394 0.8505052924156189 
vn 0.11730814725160599 -0.018307656049728394 0.8505052924156189 
vn 0.11730814725160599 -0.018307656049728394 0.8505052924156189 
vn 0.11730814725160599 -0.018307656049728394 0.8505052924156189 
vn 0.11730814725160599 -0.018307656049728394 0.8505052924156189 
vn 0.8296806812286377 0.06474495679140091 0.2118815779685974 
vn 0.8296806812286377 0.06474495679140091 0.2118815779685974 
vn 0.8296806812286377 0.06474495679140091 0.2118815779685974 
vn 0.8296806812286377 0.06474495679140091 0.2118815779685974 
vn -0.7924405932426453 0.12263830006122589 0.30733323097229004 
vn -0.7924405932426453 0.12263830006122589 0.30733323097229004 
vn -0.7924405932426453 0.12263830006122589 0.30733323097229004 
vn -0.7924405932426453 0.12263830006122589 0.30733323097229004 
vn -0.7924405932426453 0.12263830006122589 0.30733323097229004 
vn -0.7924405932426453 0.12263830006122589 0.30733323097229004 
vn -0.7924405932426453 0.12263830006122589 0.30733323097229004 
vn -0.7924405932426453 0.12263830006122589 0.30733323097229004 
vn 0.08131704479455948 -0.2116500735282898 0.8282803297042847 
vn 0.08131704479455948 -0.2116500735282898 0.8282803297042847 
vn 0.08131704479455948 -0.2116500735282898 0.8282803297042847 
vn 0.08131704479455948 -0.2116500735282898 0.8282803297042847 
vn 0.7640751004219055 -0.11606702953577042 0.37439775466918945 
vn 0.7640751004219055 -0.11606702953577042 0.37439775466918945 
vn 0.7640751004219055 -0.11606702953577042 0.37439775466918945 
vn 0.7640751004219055 -0.11606702953577042 0.37439775466918945 
vn 0.7640751004219055 -0.11606702953577042 0.37439775466918945 
vn 0.7640751004219055 -0.11606702953577042 0.37439775466918945 
vn 0.38496315479278564 -0.058277495205402374 -0.7654167413711548 
vn 0.38496315479278564 -0.058277495205402374 -0.7654167413711548 
vn 0.38496315479278564 -0.058277495205402374 -0.7654167413711548 
vn 0.38496315479278564 -0.058277495205402374 -0.7654167413711548 
vn 0.38496315479278564 -0.058277495205402374 -0.7654167413711548 
vn 0.38496315479278564 -0.058277495205402374 -0.7654167413711548 
vn 0.11521884799003601 0.25569358468055725 0.8116663694381714 
vn 0.11521884799003601 0.25569358468055725 0.8116663694381714 
vn 0.11521884799003601 0.25569358468055725 0.8116663694381714 
vn 0.11521884799003601 0.25569358468055725 0.8116663694381714 
vn 0.11785771697759628 -2.4218866201408673e-7 0.8506263494491577 
vn 0.11785771697759628 -2.4218866201408673e-7 0.8506263494491577 
vn 0.11785771697759628 -2.4218866201408673e-7 0.8506263494491577 
vn 0.11785771697759628 -2.4218866201408673e-7 0.8506263494491577 
vn 0.11785771697759628 -2.4218866201408673e-7 0.8506263494491577 
vn 0.11785771697759628 -2.4218866201408673e-7 0.8506263494491577 
vn 0.11785771697759628 -2.4218866201408673e-7 0.8506263494491577 
vn 0.11785771697759628 -2.4218866201408673e-7 0.8506263494491577 
vn 0.11785771697759628 -2.4218866201408673e-7 0.8506263494491577 
vn 0.11785771697759628 -2.4218866201408673e-7 0.8506263494491577 
vn 0.11785771697759628 -2.4218866201408673e-7 0.8506263494491577 
vn 0.11785771697759628 -2.4218866201408673e-7 0.8506263494491577 
vn 0.11785771697759628 -2.4218866201408673e-7 0.8506263494491577 
vn 0.11785771697759628 -2.4218866201408673e-7 0.8506263494491577 
vn 0.7932482957839966 0.2546843886375427 0.2082061618566513 
vn 0.7932482957839966 0.2546843886375427 0.2082061618566513 
vn 0.7932482957839966 0.2546843886375427 0.2082061618566513 
vn 0.7932482957839966 0.2546843886375427 0.2082061618566513 
vn -0.8015446066856384 -6.226387228025487e-8 0.30819135904312134 
vn -0.8015446066856384 -6.226387228025487e-8 0.30819135904312134 
vn -0.8015446066856384 -6.226387228025487e-8 0.30819135904312134 
vn -0.8015446066856384 -6.226387228025487e-8 0.30819135904312134 
vn -0.8015446066856384 -6.226387228025487e-8 0.30819135904312134 
vn -0.8015446066856384 -6.226387228025487e-8 0.30819135904312134 
vn -0.8015446066856384 -6.226387228025487e-8 0.30819135904312134 
vn -0.8015446066856384 -6.226387228025487e-8 0.30819135904312134 
vn 0.11341799795627594 -0.26314735412597656 0.8095349073410034 
vn 0.11341799795627594 -0.26314735412597656 0.8095349073410034 
vn 0.11341799795627594 -0.26314735412597656 0.8095349073410034 
vn 0.11341799795627594 -0.26314735412597656 0.8095349073410034 
vn 0.7732589840888977 -1.2813025307423231e-7 0.37353208661079407 
vn 0.7732589840888977 -1.2813025307423231e-7 0.37353208661079407 
vn 0.7732589840888977 -1.2813025307423231e-7 0.37353208661079407 
vn 0.7732589840888977 -1.2813025307423231e-7 0.37353208661079407 
vn 0.7732589840888977 -1.2813025307423231e-7 0.37353208661079407 
vn 0.7732589840888977 -1.2813025307423231e-7 0.37353208661079407 
vn 0.39200517535209656 2.0251326304787653e-7 -0.7640599608421326 
vn 0.39200517535209656 2.0251326304787653e-7 -0.7640599608421326 
vn 0.39200517535209656 2.0251326304787653e-7 -0.7640599608421326 
vn 0.39200517535209656 2.0251326304787653e-7 -0.7640599608421326 
vn 0.39200517535209656 2.0251326304787653e-7 -0.7640599608421326 
vn 0.39200517535209656 2.0251326304787653e-7 -0.7640599608421326 
vn 0.11521884799003601 0.25569358468055725 0.8116663694381714 
vn 0.11521884799003601 0.25569358468055725 0.8116663694381714 
vn 0.11521884799003601 0.25569358468055725 0.8116663694381714 
vn 0.11521884799003601 0.25569358468055725 0.8116663694381714 
vn 0.11785771697759628 -2.4218866201408673e-7 0.8506263494491577 
vn 0.11785771697759628 -2.4218866201408673e-7 0.8506263494491577 
vn 0.11785771697759628 -2.4218866201408673e-7 0.8506263494491577 
vn 0.11785771697759628 -2.4218866201408673e-7 0.8506263494491577 
vn 0.11785771697759628 -2.4218866201408673e-7 0.8506263494491577 
vn 0.11785771697759628 -2.4218866201408673e-7 0.8506263494491577 
vn 0.11785771697759628 -2.4218866201408673e-7 0.8506263494491577 
vn 0.11785771697759628 -2.4218866201408673e-7 0.8506263494491577 
vn 0.11785771697759628 -2.4218866201408673e-7 0.8506263494491577 
vn 0.11785771697759628 -2.4218866201408673e-7 0.8506263494491577 
vn 0.11785771697759628 -2.4218866201408673e-7 0.8506263494491577 
vn 0.11785771697759628 -2.4218866201408673e-7 0.8506263494491577 
vn 0.11785771697759628 -2.4218866201408673e-7 0.8506263494491577 
vn 0.11785771697759628 -2.4218866201408673e-7 0.8506263494491577 
vn 0.7932482957839966 0.2546843886375427 0.2082061618566513 
vn 0.7932482957839966 0.2546843886375427 0.2082061618566513 
vn 0.7932482957839966 0.2546843886375427 0.2082061618566513 
vn 0.7932482957839966 0.2546843886375427 0.2082061618566513 
vn -0.8015446066856384 -6.226387228025487e-8 0.30819135904312134 
vn -0.8015446066856384 -6.226387228025487e-8 0.30819135904312134 
vn -0.8015446066856384 -6.226387228025487e-8 0.30819135904312134 
vn -0.8015446066856384 -6.226387228025487e-8 0.30819135904312134 
vn -0.8015446066856384 -6.226387228025487e-8 0.30819135904312134 
vn -0.8015446066856384 -6.226387228025487e-8 0.30819135904312134 
vn -0.8015446066856384 -6.226387228025487e-8 0.30819135904312134 
vn -0.8015446066856384 -6.226387228025487e-8 0.30819135904312134 
vn 0.11341799795627594 -0.26314735412597656 0.8095349073410034 
vn 0.11341799795627594 -0.26314735412597656 0.8095349073410034 
vn 0.11341799795627594 -0.26314735412597656 0.8095349073410034 
vn 0.11341799795627594 -0.26314735412597656 0.8095349073410034 
vn 0.7732589840888977 -1.2813025307423231e-7 0.37353208661079407 
vn 0.7732589840888977 -1.2813025307423231e-7 0.37353208661079407 
vn 0.7732589840888977 -1.2813025307423231e-7 0.37353208661079407 
vn 0.7732589840888977 -1.2813025307423231e-7 0.37353208661079407 
vn 0.7732589840888977 -1.2813025307423231e-7 0.37353208661079407 
vn 0.7732589840888977 -1.2813025307423231e-7 0.37353208661079407 
vn 0.39200517535209656 2.0251326304787653e-7 -0.7640599608421326 
vn 0.39200517535209656 2.0251326304787653e-7 -0.7640599608421326 
vn 0.39200517535209656 2.0251326304787653e-7 -0.7640599608421326 
vn 0.39200517535209656 2.0251326304787653e-7 -0.7640599608421326 
vn 0.39200517535209656 2.0251326304787653e-7 -0.7640599608421326 
vn 0.39200517535209656 2.0251326304787653e-7 -0.7640599608421326 
vn 0.32298019528388977 0.17591814696788788 0.7760108113288879 
vn 0.32298019528388977 0.17591814696788788 0.7760108113288879 
vn 0.32298019528388977 0.17591814696788788 0.7760108113288879 
vn 0.32298019528388977 0.17591814696788788 0.7760108113288879 
vn 0.3308287262916565 -2.3230222723213956e-7 0.7924695611000061 
vn 0.3308287262916565 -2.3230222723213956e-7 0.7924695611000061 
vn 0.3308287262916565 -2.3230222723213956e-7 0.7924695611000061 
vn 0.3308287262916565 -2.3230222723213956e-7 0.7924695611000061 
vn 0.3308287262916565 -2.3230222723213956e-7 0.7924695611000061 
vn 0.3308287262916565 -2.3230222723213956e-7 0.7924695611000061 
vn 0.3308287262916565 -2.3230222723213956e-7 0.7924695611000061 
vn 0.3308287262916565 -2.3230222723213956e-7 0.7924695611000061 
vn 0.3308287262916565 -2.3230222723213956e-7 0.7924695611000061 
vn 0.3308287262916565 -2.3230222723213956e-7 0.7924695611000061 
vn 0.3308287262916565 -2.3230222723213956e-7 0.7924695611000061 
vn 0.3308287262916565 -2.3230222723213956e-7 0.7924695611000061 
vn 0.3308287262916565 -2.3230222723213956e-7 0.7924695611000061 
vn 0.3308287262916565 -2.3230222723213956e-7 0.7924695611000061 
vn 0.8409916758537292 0.17374253273010254 0.0016384231857955456 
vn 0.8409916758537292 0.17374253273010254 0.0016384231857955456 
vn 0.8409916758537292 0.17374253273010254 0.0016384231857955456 
vn 0.8409916758537292 0.17374253273010254 0.0016384231857955456 
vn -0.6986728310585022 -1.1898509910679422e-7 0.4993114471435547 
vn -0.6986728310585022 -1.1898509910679422e-7 0.4993114471435547 
vn -0.6986728310585022 -1.1898509910679422e-7 0.4993114471435547 
vn -0.6986728310585022 -1.1898509910679422e-7 0.4993114471435547 
vn -0.6986728310585022 -1.1898509910679422e-7 0.4993114471435547 
vn -0.6986728310585022 -1.1898509910679422e-7 0.4993114471435547 
vn -0.6986728310585022 -1.1898509910679422e-7 0.4993114471435547 
vn -0.6986728310585022 -1.1898509910679422e-7 0.4993114471435547 
vn 0.32298019528388977 -0.1759186089038849 0.7760106921195984 
vn 0.32298019528388977 -0.1759186089038849 0.7760106921195984 
vn 0.32298019528388977 -0.1759186089038849 0.7760106921195984 
vn 0.32298019528388977 -0.1759186089038849 0.7760106921195984 
vn 0.8422129154205322 -7.24766024973178e-8 0.1677291989326477 
vn 0.8422129154205322 -7.24766024973178e-8 0.1677291989326477 
vn 0.8422129154205322 -7.24766024973178e-8 0.1677291989326477 
vn 0.8422129154205322 -7.24766024973178e-8 0.1677291989326477 
vn 0.8422129154205322 -7.24766024973178e-8 0.1677291989326477 
vn 0.8422129154205322 -7.24766024973178e-8 0.1677291989326477 
vn 0.18425552546977997 2.2973817692673038e-7 -0.8387523889541626 
vn 0.18425552546977997 2.2973817692673038e-7 -0.8387523889541626 
vn 0.18425552546977997 2.2973817692673038e-7 -0.8387523889541626 
vn 0.18425552546977997 2.2973817692673038e-7 -0.8387523889541626 
vn 0.18425552546977997 2.2973817692673038e-7 -0.8387523889541626 
vn 0.18425552546977997 2.2973817692673038e-7 -0.8387523889541626 
vn -0.11191252619028091 0.19155742228031158 0.8296008706092834 
vn -0.11191252619028091 0.19155742228031158 0.8296008706092834 
vn -0.11191252619028091 0.19155742228031158 0.8296008706092834 
vn -0.11191252619028091 0.19155742228031158 0.8296008706092834 
vn -0.11404237151145935 0.0032150610350072384 0.8511402010917664 
vn -0.11404237151145935 0.0032150610350072384 0.8511402010917664 
vn -0.11404237151145935 0.0032150610350072384 0.8511402010917664 
vn -0.11404237151145935 0.0032150610350072384 0.8511402010917664 
vn -0.11404237151145935 0.0032150610350072384 0.8511402010917664 
vn -0.11404237151145935 0.0032150610350072384 0.8511402010917664 
vn -0.11404237151145935 0.0032150610350072384 0.8511402010917664 
vn -0.11404237151145935 0.0032150610350072384 0.8511402010917664 
vn -0.11404237151145935 -0.003215531585738063 0.8511402010917664 
vn -0.11404237151145935 -0.003215531585738063 0.8511402010917664 
vn -0.11404237151145935 -0.003215531585738063 0.8511402010917664 
vn -0.11404237151145935 -0.003215531585738063 0.8511402010917664 
vn -0.11404237151145935 0.0032150610350072384 0.8511402010917664 
vn -0.11404237151145935 0.0032150610350072384 0.8511402010917664 
vn 0.720607578754425 0.1918644905090332 0.4258744418621063 
vn 0.720607578754425 0.1918644905090332 0.4258744418621063 
vn 0.720607578754425 0.1918644905090332 0.4258744418621063 
vn 0.720607578754425 0.1918644905090332 0.4258744418621063 
vn -0.8551365733146667 3.7282155140871964e-9 0.07872183620929718 
vn -0.8551365733146667 3.7282155140871964e-9 0.07872183620929718 
vn -0.8551365733146667 3.7282155140871964e-9 0.07872183620929718 
vn -0.8551365733146667 3.7282155140871964e-9 0.07872183620929718 
vn -0.8551365733146667 3.7282155140871964e-9 0.07872183620929718 
vn -0.8551365733146667 3.7282155140871964e-9 0.07872183620929718 
vn -0.8551365733146667 3.7282155140871964e-9 0.07872183620929718 
vn -0.8551365733146667 3.7282155140871964e-9 0.07872183620929718 
vn -0.11191253364086151 -0.1915578842163086 0.8296008110046387 
vn -0.11191253364086151 -0.1915578842163086 0.8296008110046387 
vn -0.11191253364086151 -0.1915578842163086 0.8296008110046387 
vn -0.11191253364086151 -0.1915578842163086 0.8296008110046387 
vn 0.6426177024841309 -1.792041501857966e-7 0.5696474313735962 
vn 0.6426177024841309 -1.792041501857966e-7 0.5696474313735962 
vn 0.6426177024841309 -1.792041501857966e-7 0.5696474313735962 
vn 0.6426177024841309 -1.792041501857966e-7 0.5696474313735962 
vn 0.6426177024841309 -1.792041501857966e-7 0.5696474313735962 
vn 0.6426177024841309 -1.792041501857966e-7 0.5696474313735962 
vn 0.5821717977523804 1.5952730336721288e-7 -0.6312936544418335 
vn 0.5821717977523804 1.5952730336721288e-7 -0.6312936544418335 
vn 0.5821717977523804 1.5952730336721288e-7 -0.6312936544418335 
vn 0.5821717977523804 1.5952730336721288e-7 -0.6312936544418335 
vn 0.5821717977523804 1.5952730336721288e-7 -0.6312936544418335 
vn 0.5821717977523804 1.5952730336721288e-7 -0.6312936544418335 
vn 0.3122197687625885 0.25925788283348083 0.7568097710609436 
vn 0.3122197687625885 0.25925788283348083 0.7568097710609436 
vn 0.3122197687625885 0.25925788283348083 0.7568097710609436 
vn 0.3122197687625885 0.25925788283348083 0.7568097710609436 
vn 0.3308287262916565 -2.3230222723213956e-7 0.7924695611000061 
vn 0.3308287262916565 -2.3230222723213956e-7 0.7924695611000061 
vn 0.3308287262916565 -2.3230222723213956e-7 0.7924695611000061 
vn 0.3308287262916565 -2.3230222723213956e-7 0.7924695611000061 
vn 0.3308287262916565 -2.3230222723213956e-7 0.7924695611000061 
vn 0.3308287262916565 -2.3230222723213956e-7 0.7924695611000061 
vn 0.3308287262916565 -2.3230222723213956e-7 0.7924695611000061 
vn 0.3308287262916565 -2.3230222723213956e-7 0.7924695611000061 
vn 0.3308287262916565 -2.3230222723213956e-7 0.7924695611000061 
vn 0.3308287262916565 -2.3230222723213956e-7 0.7924695611000061 
vn 0.3308287262916565 -2.3230222723213956e-7 0.7924695611000061 
vn 0.3308287262916565 -2.3230222723213956e-7 0.7924695611000061 
vn 0.3308287262916565 -2.3230222723213956e-7 0.7924695611000061 
vn 0.3308287262916565 -2.3230222723213956e-7 0.7924695611000061 
vn 0.8199338316917419 0.2552492618560791 0.0036233896389603615 
vn 0.8199338316917419 0.2552492618560791 0.0036233896389603615 
vn 0.8199338316917419 0.2552492618560791 0.0036233896389603615 
vn 0.8199338316917419 0.2552492618560791 0.0036233896389603615 
vn -0.6986728310585022 -1.1898509910679422e-7 0.4993114471435547 
vn -0.6986728310585022 -1.1898509910679422e-7 0.4993114471435547 
vn -0.6986728310585022 -1.1898509910679422e-7 0.4993114471435547 
vn -0.6986728310585022 -1.1898509910679422e-7 0.4993114471435547 
vn -0.6986728310585022 -1.1898509910679422e-7 0.4993114471435547 
vn -0.6986728310585022 -1.1898509910679422e-7 0.4993114471435547 
vn -0.6986728310585022 -1.1898509910679422e-7 0.4993114471435547 
vn -0.6986728310585022 -1.1898509910679422e-7 0.4993114471435547 
vn 0.3121328055858612 -0.2638404667377472 0.7552603483200073 
vn 0.3121328055858612 -0.2638404667377472 0.7552603483200073 
vn 0.3121328055858612 -0.2638404667377472 0.7552603483200073 
vn 0.3121328055858612 -0.2638404667377472 0.7552603483200073 
vn 0.8422129154205322 -7.24766024973178e-8 0.1677291989326477 
vn 0.8422129154205322 -7.24766024973178e-8 0.1677291989326477 
vn 0.8422129154205322 -7.24766024973178e-8 0.1677291989326477 
vn 0.8422129154205322 -7.24766024973178e-8 0.1677291989326477 
vn 0.8422129154205322 -7.24766024973178e-8 0.1677291989326477 
vn 0.8422129154205322 -7.24766024973178e-8 0.1677291989326477 
vn 0.18425552546977997 2.2973817692673038e-7 -0.8387523889541626 
vn 0.18425552546977997 2.2973817692673038e-7 -0.8387523889541626 
vn 0.18425552546977997 2.2973817692673038e-7 -0.8387523889541626 
vn 0.18425552546977997 2.2973817692673038e-7 -0.8387523889541626 
vn 0.18425552546977997 2.2973817692673038e-7 -0.8387523889541626 
vn 0.18425552546977997 2.2973817692673038e-7 -0.8387523889541626 
vn 0.3122197687625885 0.25925788283348083 0.7568097710609436 
vn 0.3122197687625885 0.25925788283348083 0.7568097710609436 
vn 0.3122197687625885 0.25925788283348083 0.7568097710609436 
vn 0.3122197687625885 0.25925788283348083 0.7568097710609436 
vn 0.3308287262916565 -2.3230222723213956e-7 0.7924695611000061 
vn 0.3308287262916565 -2.3230222723213956e-7 0.7924695611000061 
vn 0.3308287262916565 -2.3230222723213956e-7 0.7924695611000061 
vn 0.3308287262916565 -2.3230222723213956e-7 0.7924695611000061 
vn 0.3308287262916565 -2.3230222723213956e-7 0.7924695611000061 
vn 0.3308287262916565 -2.3230222723213956e-7 0.7924695611000061 
vn 0.3308287262916565 -2.3230222723213956e-7 0.7924695611000061 
vn 0.3308287262916565 -2.3230222723213956e-7 0.7924695611000061 
vn 0.3308287262916565 -2.3230222723213956e-7 0.7924695611000061 
vn 0.3308287262916565 -2.3230222723213956e-7 0.7924695611000061 
vn 0.3308287262916565 -2.3230222723213956e-7 0.7924695611000061 
vn 0.3308287262916565 -2.3230222723213956e-7 0.7924695611000061 
vn 0.3308287262916565 -2.3230222723213956e-7 0.7924695611000061 
vn 0.3308287262916565 -2.3230222723213956e-7 0.7924695611000061 
vn 0.8199338316917419 0.2552492618560791 0.0036233896389603615 
vn 0.8199338316917419 0.2552492618560791 0.0036233896389603615 
vn 0.8199338316917419 0.2552492618560791 0.0036233896389603615 
vn 0.8199338316917419 0.2552492618560791 0.0036233896389603615 
vn -0.6986728310585022 -1.1898509910679422e-7 0.4993114471435547 
vn -0.6986728310585022 -1.1898509910679422e-7 0.4993114471435547 
vn -0.6986728310585022 -1.1898509910679422e-7 0.4993114471435547 
vn -0.6986728310585022 -1.1898509910679422e-7 0.4993114471435547 
vn -0.6986728310585022 -1.1898509910679422e-7 0.4993114471435547 
vn -0.6986728310585022 -1.1898509910679422e-7 0.4993114471435547 
vn -0.6986728310585022 -1.1898509910679422e-7 0.4993114471435547 
vn -0.6986728310585022 -1.1898509910679422e-7 0.4993114471435547 
vn 0.3121328055858612 -0.2638404667377472 0.7552603483200073 
vn 0.3121328055858612 -0.2638404667377472 0.7552603483200073 
vn 0.3121328055858612 -0.2638404667377472 0.7552603483200073 
vn 0.3121328055858612 -0.2638404667377472 0.7552603483200073 
vn 0.8422129154205322 -7.24766024973178e-8 0.1677291989326477 
vn 0.8422129154205322 -7.24766024973178e-8 0.1677291989326477 
vn 0.8422129154205322 -7.24766024973178e-8 0.1677291989326477 
vn 0.8422129154205322 -7.24766024973178e-8 0.1677291989326477 
vn 0.8422129154205322 -7.24766024973178e-8 0.1677291989326477 
vn 0.8422129154205322 -7.24766024973178e-8 0.1677291989326477 
vn 0.18425552546977997 2.2973817692673038e-7 -0.8387523889541626 
vn 0.18425552546977997 2.2973817692673038e-7 -0.8387523889541626 
vn 0.18425552546977997 2.2973817692673038e-7 -0.8387523889541626 
vn 0.18425552546977997 2.2973817692673038e-7 -0.8387523889541626 
vn 0.18425552546977997 2.2973817692673038e-7 -0.8387523889541626 
vn 0.18425552546977997 2.2973817692673038e-7 -0.8387523889541626 
vn 0.3122197687625885 0.25925788283348083 0.7568097710609436 
vn 0.3122197687625885 0.25925788283348083 0.7568097710609436 
vn 0.3122197687625885 0.25925788283348083 0.7568097710609436 
vn 0.3122197687625885 0.25925788283348083 0.7568097710609436 
vn 0.3308287262916565 -2.3230222723213956e-7 0.7924695611000061 
vn 0.3308287262916565 -2.3230222723213956e-7 0.7924695611000061 
vn 0.3308287262916565 -2.3230222723213956e-7 0.7924695611000061 
vn 0.3308287262916565 -2.3230222723213956e-7 0.7924695611000061 
vn 0.3308287262916565 -2.3230222723213956e-7 0.7924695611000061 
vn 0.3308287262916565 -2.3230222723213956e-7 0.7924695611000061 
vn 0.3308287262916565 -2.3230222723213956e-7 0.7924695611000061 
vn 0.3308287262916565 -2.3230222723213956e-7 0.7924695611000061 
vn 0.3308287262916565 -2.3230222723213956e-7 0.7924695611000061 
vn 0.3308287262916565 -2.3230222723213956e-7 0.7924695611000061 
vn 0.3308287262916565 -2.3230222723213956e-7 0.7924695611000061 
vn 0.3308287262916565 -2.3230222723213956e-7 0.7924695611000061 
vn 0.3308287262916565 -2.3230222723213956e-7 0.7924695611000061 
vn 0.3308287262916565 -2.3230222723213956e-7 0.7924695611000061 
vn 0.8199338316917419 0.2552492618560791 0.0036233896389603615 
vn 0.8199338316917419 0.2552492618560791 0.0036233896389603615 
vn 0.8199338316917419 0.2552492618560791 0.0036233896389603615 
vn 0.8199338316917419 0.2552492618560791 0.0036233896389603615 
vn -0.6986728310585022 -1.1898509910679422e-7 0.4993114471435547 
vn -0.6986728310585022 -1.1898509910679422e-7 0.4993114471435547 
vn -0.6986728310585022 -1.1898509910679422e-7 0.4993114471435547 
vn -0.6986728310585022 -1.1898509910679422e-7 0.4993114471435547 
vn -0.6986728310585022 -1.1898509910679422e-7 0.4993114471435547 
vn -0.6986728310585022 -1.1898509910679422e-7 0.4993114471435547 
vn -0.6986728310585022 -1.1898509910679422e-7 0.4993114471435547 
vn -0.6986728310585022 -1.1898509910679422e-7 0.4993114471435547 
vn 0.3121328055858612 -0.2638404667377472 0.7552603483200073 
vn 0.3121328055858612 -0.2638404667377472 0.7552603483200073 
vn 0.3121328055858612 -0.2638404667377472 0.7552603483200073 
vn 0.3121328055858612 -0.2638404667377472 0.7552603483200073 
vn 0.8422129154205322 -7.24766024973178e-8 0.1677291989326477 
vn 0.8422129154205322 -7.24766024973178e-8 0.1677291989326477 
vn 0.8422129154205322 -7.24766024973178e-8 0.1677291989326477 
vn 0.8422129154205322 -7.24766024973178e-8 0.1677291989326477 
vn 0.8422129154205322 -7.24766024973178e-8 0.1677291989326477 
vn 0.8422129154205322 -7.24766024973178e-8 0.1677291989326477 
vn 0.18425552546977997 2.2973817692673038e-7 -0.8387523889541626 
vn 0.18425552546977997 2.2973817692673038e-7 -0.8387523889541626 
vn 0.18425552546977997 2.2973817692673038e-7 -0.8387523889541626 
vn 0.18425552546977997 2.2973817692673038e-7 -0.8387523889541626 
vn 0.18425552546977997 2.2973817692673038e-7 -0.8387523889541626 
vn 0.18425552546977997 2.2973817692673038e-7 -0.8387523889541626 
vn 0.3122197687625885 0.25925788283348083 0.7568097710609436 
vn 0.3122197687625885 0.25925788283348083 0.7568097710609436 
vn 0.3122197687625885 0.25925788283348083 0.7568097710609436 
vn 0.3122197687625885 0.25925788283348083 0.7568097710609436 
vn 0.3308287262916565 -2.3230222723213956e-7 0.7924695611000061 
vn 0.3308287262916565 -2.3230222723213956e-7 0.7924695611000061 
vn 0.3308287262916565 -2.3230222723213956e-7 0.7924695611000061 
vn 0.3308287262916565 -2.3230222723213956e-7 0.7924695611000061 
vn 0.3308287262916565 -2.3230222723213956e-7 0.7924695611000061 
vn 0.3308287262916565 -2.3230222723213956e-7 0.7924695611000061 
vn 0.3308287262916565 -2.3230222723213956e-7 0.7924695611000061 
vn 0.3308287262916565 -2.3230222723213956e-7 0.7924695611000061 
vn 0.3308287262916565 -2.3230222723213956e-7 0.7924695611000061 
vn 0.3308287262916565 -2.3230222723213956e-7 0.7924695611000061 
vn 0.3308287262916565 -2.3230222723213956e-7 0.7924695611000061 
vn 0.3308287262916565 -2.3230222723213956e-7 0.7924695611000061 
vn 0.3308287262916565 -2.3230222723213956e-7 0.7924695611000061 
vn 0.3308287262916565 -2.3230222723213956e-7 0.7924695611000061 
vn 0.8199338316917419 0.2552492618560791 0.0036233896389603615 
vn 0.8199338316917419 0.2552492618560791 0.0036233896389603615 
vn 0.8199338316917419 0.2552492618560791 0.0036233896389603615 
vn 0.8199338316917419 0.2552492618560791 0.0036233896389603615 
vn -0.6986728310585022 -1.1898509910679422e-7 0.4993114471435547 
vn -0.6986728310585022 -1.1898509910679422e-7 0.4993114471435547 
vn -0.6986728310585022 -1.1898509910679422e-7 0.4993114471435547 
vn -0.6986728310585022 -1.1898509910679422e-7 0.4993114471435547 
vn -0.6986728310585022 -1.1898509910679422e-7 0.4993114471435547 
vn -0.6986728310585022 -1.1898509910679422e-7 0.4993114471435547 
vn -0.6986728310585022 -1.1898509910679422e-7 0.4993114471435547 
vn -0.6986728310585022 -1.1898509910679422e-7 0.4993114471435547 
vn 0.3121328055858612 -0.2638404667377472 0.7552603483200073 
vn 0.3121328055858612 -0.2638404667377472 0.7552603483200073 
vn 0.3121328055858612 -0.2638404667377472 0.7552603483200073 
vn 0.3121328055858612 -0.2638404667377472 0.7552603483200073 
vn 0.8422129154205322 -7.24766024973178e-8 0.1677291989326477 
vn 0.8422129154205322 -7.24766024973178e-8 0.1677291989326477 
vn 0.8422129154205322 -7.24766024973178e-8 0.1677291989326477 
vn 0.8422129154205322 -7.24766024973178e-8 0.1677291989326477 
vn 0.8422129154205322 -7.24766024973178e-8 0.1677291989326477 
vn 0.8422129154205322 -7.24766024973178e-8 0.1677291989326477 
vn 0.18425552546977997 2.2973817692673038e-7 -0.8387523889541626 
vn 0.18425552546977997 2.2973817692673038e-7 -0.8387523889541626 
vn 0.18425552546977997 2.2973817692673038e-7 -0.8387523889541626 
vn 0.18425552546977997 2.2973817692673038e-7 -0.8387523889541626 
vn 0.18425552546977997 2.2973817692673038e-7 -0.8387523889541626 
vn 0.18425552546977997 2.2973817692673038e-7 -0.8387523889541626 
vn -0.00177862960845232 0.00319572607986629 0.8587446212768555 
vn -0.00177862960845232 0.00319572607986629 0.8587446212768555 
vn -0.00177862960845232 0.00319572607986629 0.8587446212768555 
vn -0.00177862960845232 0.00319572607986629 0.8587446212768555 
vn -0.00177862960845232 0.00319572607986629 0.8587446212768555 
vn -0.00177862960845232 0.00319572607986629 0.8587446212768555 
vn -0.00177862960845232 0.00319572607986629 0.8587446212768555 
vn -0.00177862960845232 0.00319572607986629 0.8587446212768555 
vn -0.00177862960845232 0.00319572607986629 0.8587446212768555 
vn -0.00177862960845232 0.00319572607986629 0.8587446212768555 
vn -0.00177862960845232 0.00319572607986629 0.8587446212768555 
vn -0.00177862960845232 0.00319572607986629 0.8587446212768555 
vn -0.00177862960845232 0.00319572607986629 0.8587446212768555 
vn -0.00177862960845232 0.00319572607986629 0.8587446212768555 
vn -0.00177862960845232 0.00319572607986629 0.8587446212768555 
vn -0.00177862960845232 0.00319572607986629 0.8587446212768555 
vn -0.00177862960845232 0.00319572607986629 0.8587446212768555 
vn -0.00177862960845232 0.00319572607986629 0.8587446212768555 
vn 0.16963891685009003 -2.412841126897547e-7 0.8418303728103638 
vn 0.16963891685009003 -2.412841126897547e-7 0.8418303728103638 
vn 0.16963891685009003 -2.412841126897547e-7 0.8418303728103638 
vn 0.16963891685009003 -2.412841126897547e-7 0.8418303728103638 
vn 0.24965350329875946 -2.3804150828254933e-7 0.8216622471809387 
vn 0.24965350329875946 -2.3804150828254933e-7 0.8216622471809387 
vn 0.24965350329875946 -2.3804150828254933e-7 0.8216622471809387 
vn 0.24965350329875946 -2.3804150828254933e-7 0.8216622471809387 
vn 0.24965350329875946 -2.3804150828254933e-7 0.8216622471809387 
vn 0.24965350329875946 -2.3804150828254933e-7 0.8216622471809387 
vn 0.24965350329875946 -2.3804150828254933e-7 0.8216622471809387 
vn 0.24965350329875946 -2.3804150828254933e-7 0.8216622471809387 
vn 0.24965350329875946 -2.3804150828254933e-7 0.8216622471809387 
vn 0.24965350329875946 -2.3804150828254933e-7 0.8216622471809387 
vn 0.24965350329875946 -2.3804150828254933e-7 0.8216622471809387 
vn 0.24965350329875946 -2.3804150828254933e-7 0.8216622471809387 
vn 0.24965350329875946 -2.3804150828254933e-7 0.8216622471809387 
vn 0.24965350329875946 -2.3804150828254933e-7 0.8216622471809387 
vn 0.24965350329875946 -2.3804150828254933e-7 0.8216622471809387 
vn 0.24965350329875946 -2.3804150828254933e-7 0.8216622471809387 
vn -0.00177862960845232 0.00319572607986629 0.8587446212768555 
vn -0.00177862960845232 0.00319572607986629 0.8587446212768555 
vn -0.00177862960845232 0.00319572607986629 0.8587446212768555 
vn -0.00177862960845232 0.00319572607986629 0.8587446212768555 
vn -0.00177862960845232 0.00319572607986629 0.8587446212768555 
vn -0.00177862960845232 0.00319572607986629 0.8587446212768555 
vn -0.00177862960845232 0.00319572607986629 0.8587446212768555 
vn -0.00177862960845232 0.00319572607986629 0.8587446212768555 
vn -0.00177862960845232 0.00319572607986629 0.8587446212768555 
vn -0.00177862960845232 0.00319572607986629 0.8587446212768555 
vt 0.5461557507514954 0.9845414757728577 
vt 0.5702546834945679 0.9170736074447632 
vt 0.6183338761329651 0.9845414757728577 
vt 0.6074122190475464 0.904172420501709 
vt 0.6313924193382263 0.9303038716316223 
vt 0.5461557507514954 0.9845414757728577 
vt 0.6183338761329651 0.9845414757728577 
vt 0.5702546834945679 0.9170736074447632 
vt 0.6074122190475464 0.904172420501709 
vt 0.6313924193382263 0.9303038716316223 
vt 0.5461557507514954 0.9845414757728577 
vt 0.6183338761329651 0.9845414757728577 
vt 0.5702546834945679 0.9170736074447632 
vt 0.6074122190475464 0.904172420501709 
vt 0.6313924193382263 0.9303038716316223 
vt 0.5461557507514954 0.9845414757728577 
vt 0.6183338761329651 0.9845414757728577 
vt 0.5702546834945679 0.9170736074447632 
vt 0.6074122190475464 0.904172420501709 
vt 0.6313924193382263 0.9303038716316223 
vt 0.5461557507514954 0.9845414757728577 
vt 0.6183338761329651 0.9845414757728577 
vt 0.5702546834945679 0.9170736074447632 
vt 0.6074122190475464 0.904172420501709 
vt 0.6313924193382263 0.9303038716316223 
vt 0.5461557507514954 0.9845414757728577 
vt 0.6183338761329651 0.9845414757728577 
vt 0.5702546834945679 0.9170736074447632 
vt 0.6074122190475464 0.904172420501709 
vt 0.6313924193382263 0.9303038716316223 
vt 0.5461557507514954 0.9845414757728577 
vt 0.6183338761329651 0.9845414757728577 
vt 0.5702546834945679 0.9170736074447632 
vt 0.6074122190475464 0.904172420501709 
vt 0.6313924193382263 0.9303038716316223 
vt 0.5461557507514954 0.9845414757728577 
vt 0.6183338761329651 0.9845414757728577 
vt 0.5702546834945679 0.9170736074447632 
vt 0.6074122190475464 0.904172420501709 
vt 0.6313924193382263 0.9303038716316223 
vt 0.5461557507514954 0.9845414757728577 
vt 0.6183338761329651 0.9845414757728577 
vt 0.5702546834945679 0.9170736074447632 
vt 0.6074122190475464 0.904172420501709 
vt 0.6313924193382263 0.9303038716316223 
vt 0.5461557507514954 0.9845414757728577 
vt 0.6183338761329651 0.9845414757728577 
vt 0.5702546834945679 0.9170736074447632 
vt 0.6074122190475464 0.904172420501709 
vt 0.6313924193382263 0.9303038716316223 
vt 0.5461557507514954 0.9845414757728577 
vt 0.6183338761329651 0.9845414757728577 
vt 0.5702546834945679 0.9170736074447632 
vt 0.6074122190475464 0.904172420501709 
vt 0.6313924193382263 0.9303038716316223 
vt 0.5461557507514954 0.9845414757728577 
vt 0.6183338761329651 0.9845414757728577 
vt 0.5702546834945679 0.9170736074447632 
vt 0.6074122190475464 0.904172420501709 
vt 0.6313924193382263 0.9303038716316223 
vt 0.5461557507514954 0.9845414757728577 
vt 0.6183338761329651 0.9845414757728577 
vt 0.5702546834945679 0.9170736074447632 
vt 0.6074122190475464 0.904172420501709 
vt 0.6313924193382263 0.9303038716316223 
vt 0.5461557507514954 0.9845414757728577 
vt 0.6183338761329651 0.9845414757728577 
vt 0.5702546834945679 0.9170736074447632 
vt 0.6074122190475464 0.904172420501709 
vt 0.6313924193382263 0.9303038716316223 
vt 0.5461557507514954 0.9845414757728577 
vt 0.6183338761329651 0.9845414757728577 
vt 0.5702546834945679 0.9170736074447632 
vt 0.6074122190475464 0.904172420501709 
vt 0.6313924193382263 0.9303038716316223 
vt 0.5461557507514954 0.9845414757728577 
vt 0.6183338761329651 0.9845414757728577 
vt 0.5702546834945679 0.9170736074447632 
vt 0.6074122190475464 0.904172420501709 
vt 0.6313924193382263 0.9303038716316223 
vt 0.5461557507514954 0.9845414757728577 
vt 0.6183338761329651 0.9845414757728577 
vt 0.5702546834945679 0.9170736074447632 
vt 0.6074122190475464 0.904172420501709 
vt 0.6313924193382263 0.9303038716316223 
vt 0.5461557507514954 0.9845414757728577 
vt 0.6183338761329651 0.9845414757728577 
vt 0.5702546834945679 0.9170736074447632 
vt 0.6074122190475464 0.904172420501709 
vt 0.6313924193382263 0.9303038716316223 
vt 0.5461557507514954 0.9845414757728577 
vt 0.6183338761329651 0.9845414757728577 
vt 0.5702546834945679 0.9170736074447632 
vt 0.6074122190475464 0.904172420501709 
vt 0.6313924193382263 0.9303038716316223 
vt 0.5461557507514954 0.9845414757728577 
vt 0.6183338761329651 0.9845414757728577 
vt 0.5702546834945679 0.9170736074447632 
vt 0.6074122190475464 0.904172420501709 
vt 0.6313924193382263 0.9303038716316223 
vt 0.5461557507514954 0.9845414757728577 
vt 0.6183338761329651 0.9845414757728577 
vt 0.5702546834945679 0.9170736074447632 
vt 0.6074122190475464 0.904172420501709 
vt 0.6313924193382263 0.9303038716316223 
vt 0.5461557507514954 0.9845414757728577 
vt 0.6183338761329651 0.9845414757728577 
vt 0.5702546834945679 0.9170736074447632 
vt 0.6074122190475464 0.904172420501709 
vt 0.6313924193382263 0.9303038716316223 
vt 0.5461557507514954 0.9845414757728577 
vt 0.6183338761329651 0.9845414757728577 
vt 0.5702546834945679 0.9170736074447632 
vt 0.6074122190475464 0.904172420501709 
vt 0.6313924193382263 0.9303038716316223 
vt 0.5461557507514954 0.9845414757728577 
vt 0.6183338761329651 0.9845414757728577 
vt 0.5702546834945679 0.9170736074447632 
vt 0.6074122190475464 0.904172420501709 
vt 0.6313924193382263 0.9303038716316223 
vt 0.5461557507514954 0.9845414757728577 
vt 0.6183338761329651 0.9845414757728577 
vt 0.5702546834945679 0.9170736074447632 
vt 0.6074122190475464 0.904172420501709 
vt 0.6313924193382263 0.9303038716316223 
vt 0.5461557507514954 0.9845414757728577 
vt 0.6183338761329651 0.9845414757728577 
vt 0.5702546834945679 0.9170736074447632 
vt 0.6074122190475464 0.904172420501709 
vt 0.6313924193382263 0.9303038716316223 
vt 0.5461557507514954 0.9845414757728577 
vt 0.6183338761329651 0.9845414757728577 
vt 0.5702546834945679 0.9170736074447632 
vt 0.6074122190475464 0.904172420501709 
vt 0.6313924193382263 0.9303038716316223 
vt 0.5461557507514954 0.9845414757728577 
vt 0.6183338761329651 0.9845414757728577 
vt 0.5702546834945679 0.9170736074447632 
vt 0.6074122190475464 0.904172420501709 
vt 0.6313924193382263 0.9303038716316223 
vt 0.5461557507514954 0.9845414757728577 
vt 0.6183338761329651 0.9845414757728577 
vt 0.5702546834945679 0.9170736074447632 
vt 0.6074122190475464 0.904172420501709 
vt 0.6313924193382263 0.9303038716316223 
vt 0.5461557507514954 0.9845414757728577 
vt 0.6183338761329651 0.9845414757728577 
vt 0.5702546834945679 0.9170736074447632 
vt 0.6074122190475464 0.904172420501709 
vt 0.6313924193382263 0.9303038716316223 
vt 0.5461557507514954 0.9845414757728577 
vt 0.6183338761329651 0.9845414757728577 
vt 0.5702546834945679 0.9170736074447632 
vt 0.6074122190475464 0.904172420501709 
vt 0.6313924193382263 0.9303038716316223 
vt 0.5461557507514954 0.9845414757728577 
vt 0.6183338761329651 0.9845414757728577 
vt 0.5702546834945679 0.9170736074447632 
vt 0.6074122190475464 0.904172420501709 
vt 0.6313924193382263 0.9303038716316223 
vt 0.5461557507514954 0.9845414757728577 
vt 0.6183338761329651 0.9845414757728577 
vt 0.5702546834945679 0.9170736074447632 
vt 0.6074122190475464 0.904172420501709 
vt 0.6313924193382263 0.9303038716316223 
vt 0.5461557507514954 0.9845414757728577 
vt 0.6183338761329651 0.9845414757728577 
vt 0.5702546834945679 0.9170736074447632 
vt 0.6074122190475464 0.904172420501709 
vt 0.6313924193382263 0.9303038716316223 
vt 0.36713504791259766 0.6727412343025208 
vt 0.016453899443149567 0.6727412343025208 
vt 0.36713504791259766 0.9837515950202942 
vt 0.016453899443149567 0.9837515950202942 
vt 0.43468332290649414 0.9665061235427856 
vt 0.5246685147285461 0.9636757969856262 
vt 0.37295204401016235 0.8942990899085999 
vt 0.6404146552085876 0.8453931212425232 
vt 0.37295204401016235 0.7764113545417786 
vt 0.6404146552085876 0.7764113545417786 
vt 0.7179349064826965 0.9531441926956177 
vt 0.9265154004096985 0.9566986560821533 
vt 0.6600024700164795 0.8804105520248413 
vt 0.9888402819633484 0.8698790073394775 
vt 0.9888402819633484 0.7885226607322693 
vt 0.6600024700164795 0.805702269077301 
vt 0.7413215637207031 0.7286243438720703 
vt 0.9031287431716919 0.7286243438720703 
vt 0.36713504791259766 0.6727412343025208 
vt 0.016453899443149567 0.6727412343025208 
vt 0.36713504791259766 0.9837515950202942 
vt 0.016453899443149567 0.9837515950202942 
vt 0.43468332290649414 0.9665061235427856 
vt 0.5246685147285461 0.9636757969856262 
vt 0.37295204401016235 0.8942990899085999 
vt 0.6404146552085876 0.8453931212425232 
vt 0.37295204401016235 0.7764113545417786 
vt 0.6404146552085876 0.7764113545417786 
vt 0.7179349064826965 0.9531441926956177 
vt 0.9265154004096985 0.9566986560821533 
vt 0.6600024700164795 0.8804105520248413 
vt 0.9888402819633484 0.8698790073394775 
vt 0.9888402819633484 0.7885226607322693 
vt 0.6600024700164795 0.805702269077301 
vt 0.7413215637207031 0.7286243438720703 
vt 0.9031287431716919 0.7286243438720703 
vt 0.36713504791259766 0.6727412343025208 
vt 0.016453899443149567 0.6727412343025208 
vt 0.36713504791259766 0.9837515950202942 
vt 0.016453899443149567 0.9837515950202942 
vt 0.43468332290649414 0.9665061235427856 
vt 0.5246685147285461 0.9636757969856262 
vt 0.37295204401016235 0.8942990899085999 
vt 0.6404146552085876 0.8453931212425232 
vt 0.37295204401016235 0.7764113545417786 
vt 0.6404146552085876 0.7764113545417786 
vt 0.7179349064826965 0.9531441926956177 
vt 0.9265154004096985 0.9566986560821533 
vt 0.6600024700164795 0.8804105520248413 
vt 0.9888402819633484 0.8698790073394775 
vt 0.9888402819633484 0.7885226607322693 
vt 0.6600024700164795 0.805702269077301 
vt 0.7413215637207031 0.7286243438720703 
vt 0.9031287431716919 0.7286243438720703 
vt 0.36713504791259766 0.6727412343025208 
vt 0.016453899443149567 0.6727412343025208 
vt 0.36713504791259766 0.9837515950202942 
vt 0.016453899443149567 0.9837515950202942 
vt 0.7179349064826965 0.9531441926956177 
vt 0.9265154004096985 0.9566986560821533 
vt 0.6600024700164795 0.8804105520248413 
vt 0.9888402819633484 0.8698790073394775 
vt 0.9888402819633484 0.7885226607322693 
vt 0.6600024700164795 0.805702269077301 
vt 0.7413215637207031 0.7286243438720703 
vt 0.9031287431716919 0.7286243438720703 
vt 0.32546645402908325 0.4453909993171692 
vt 0.01799718290567398 0.4453909993171692 
vt 0.32546645402908325 0.6645792722702026 
vt 0.01799718290567398 0.6645792722702026 
vt 0.9811238646507263 0.7178953289985657 
vt 0.6931236982345581 0.7178953289985657 
vt 0.9811238646507263 0.5126613974571228 
vt 0.6931236982345581 0.5126613974571228 
vt 0.685407280921936 0.5412282943725586 
vt 0.3799561560153961 0.5412282943725586 
vt 0.685407280921936 0.7464622259140015 
vt 0.3799561560153961 0.7464622259140015 
vt 0.36713504791259766 0.6727412343025208 
vt 0.016453899443149567 0.6727412343025208 
vt 0.36713504791259766 0.9837515950202942 
vt 0.016453899443149567 0.9837515950202942 
vt 0.43468332290649414 0.9665061235427856 
vt 0.5246685147285461 0.9636757969856262 
vt 0.37295204401016235 0.8942990899085999 
vt 0.6404146552085876 0.8453931212425232 
vt 0.37295204401016235 0.7764113545417786 
vt 0.6404146552085876 0.7764113545417786 
vt 0.7179349064826965 0.9531441926956177 
vt 0.9265154004096985 0.9566986560821533 
vt 0.6600024700164795 0.8804105520248413 
vt 0.9888402819633484 0.8698790073394775 
vt 0.9888402819633484 0.7885226607322693 
vt 0.6600024700164795 0.805702269077301 
vt 0.7413215637207031 0.7286243438720703 
vt 0.9031287431716919 0.7286243438720703 
vt 0.36713504791259766 0.6727412343025208 
vt 0.016453899443149567 0.6727412343025208 
vt 0.36713504791259766 0.9837515950202942 
vt 0.016453899443149567 0.9837515950202942 
vt 0.7179349064826965 0.9531441926956177 
vt 0.9265154004096985 0.9566986560821533 
vt 0.6600024700164795 0.8804105520248413 
vt 0.9888402819633484 0.8698790073394775 
vt 0.9888402819633484 0.7885226607322693 
vt 0.6600024700164795 0.805702269077301 
vt 0.7413215637207031 0.7286243438720703 
vt 0.9031287431716919 0.7286243438720703 
vt 0.36713504791259766 0.6727412343025208 
vt 0.016453899443149567 0.6727412343025208 
vt 0.36713504791259766 0.9837515950202942 
vt 0.016453899443149567 0.9837515950202942 
vt 0.43468332290649414 0.9665061235427856 
vt 0.5246685147285461 0.9636757969856262 
vt 0.37295204401016235 0.8942990899085999 
vt 0.6404146552085876 0.8453931212425232 
vt 0.37295204401016235 0.7764113545417786 
vt 0.6404146552085876 0.7764113545417786 
vt 0.43468332290649414 0.9665061235427856 
vt 0.5246685147285461 0.9636757969856262 
vt 0.37295204401016235 0.8942990899085999 
vt 0.6404146552085876 0.8453931212425232 
vt 0.37295204401016235 0.7764113545417786 
vt 0.6404146552085876 0.7764113545417786 
vt 0.36713504791259766 0.6727412343025208 
vt 0.016453899443149567 0.6727412343025208 
vt 0.36713504791259766 0.9837515950202942 
vt 0.016453899443149567 0.9837515950202942 
vt 0.36713504791259766 0.6727412343025208 
vt 0.016453899443149567 0.6727412343025208 
vt 0.36713504791259766 0.9837515950202942 
vt 0.016453899443149567 0.9837515950202942 
vt 0.36713504791259766 0.6727412343025208 
vt 0.016453899443149567 0.6727412343025208 
vt 0.36713504791259766 0.9837515950202942 
vt 0.016453899443149567 0.9837515950202942 
vt 0.43468332290649414 0.9665061235427856 
vt 0.5246685147285461 0.9636757969856262 
vt 0.37295204401016235 0.8942990899085999 
vt 0.6404146552085876 0.8453931212425232 
vt 0.37295204401016235 0.7764113545417786 
vt 0.6404146552085876 0.7764113545417786 
vt 0.7179349064826965 0.9531441926956177 
vt 0.9265154004096985 0.9566986560821533 
vt 0.6600024700164795 0.8804105520248413 
vt 0.9888402819633484 0.8698790073394775 
vt 0.9888402819633484 0.7885226607322693 
vt 0.6600024700164795 0.805702269077301 
vt 0.7413215637207031 0.7286243438720703 
vt 0.9031287431716919 0.7286243438720703 
vt 0.36713504791259766 0.6727412343025208 
vt 0.016453899443149567 0.6727412343025208 
vt 0.36713504791259766 0.9837515950202942 
vt 0.016453899443149567 0.9837515950202942 
vt 0.7179349064826965 0.9531441926956177 
vt 0.9265154004096985 0.9566986560821533 
vt 0.6600024700164795 0.8804105520248413 
vt 0.9888402819633484 0.8698790073394775 
vt 0.9888402819633484 0.7885226607322693 
vt 0.6600024700164795 0.805702269077301 
vt 0.7413215637207031 0.7286243438720703 
vt 0.9031287431716919 0.7286243438720703 
vt 0.36713504791259766 0.6727412343025208 
vt 0.016453899443149567 0.6727412343025208 
vt 0.36713504791259766 0.9837515950202942 
vt 0.016453899443149567 0.9837515950202942 
vt 0.43468332290649414 0.9665061235427856 
vt 0.5246685147285461 0.9636757969856262 
vt 0.37295204401016235 0.8942990899085999 
vt 0.6404146552085876 0.8453931212425232 
vt 0.37295204401016235 0.7764113545417786 
vt 0.6404146552085876 0.7764113545417786 
vt 0.43468332290649414 0.9665061235427856 
vt 0.5246685147285461 0.9636757969856262 
vt 0.37295204401016235 0.8942990899085999 
vt 0.6404146552085876 0.8453931212425232 
vt 0.37295204401016235 0.7764113545417786 
vt 0.6404146552085876 0.7764113545417786 
vt 0.36713504791259766 0.6727412343025208 
vt 0.016453899443149567 0.6727412343025208 
vt 0.36713504791259766 0.9837515950202942 
vt 0.016453899443149567 0.9837515950202942 
vt 0.43468332290649414 0.9665061235427856 
vt 0.5246685147285461 0.9636757969856262 
vt 0.37295204401016235 0.8942990899085999 
vt 0.6404146552085876 0.8453931212425232 
vt 0.37295204401016235 0.7764113545417786 
vt 0.6404146552085876 0.7764113545417786 
vt 0.7179349064826965 0.9531441926956177 
vt 0.9265154004096985 0.9566986560821533 
vt 0.6600024700164795 0.8804105520248413 
vt 0.9888402819633484 0.8698790073394775 
vt 0.9888402819633484 0.7885226607322693 
vt 0.6600024700164795 0.805702269077301 
vt 0.7413215637207031 0.7286243438720703 
vt 0.9031287431716919 0.7286243438720703 
vt 0.36713504791259766 0.6727412343025208 
vt 0.016453899443149567 0.6727412343025208 
vt 0.36713504791259766 0.9837515950202942 
vt 0.016453899443149567 0.9837515950202942 
vt 0.7179349064826965 0.9531441926956177 
vt 0.9265154004096985 0.9566986560821533 
vt 0.6600024700164795 0.8804105520248413 
vt 0.9888402819633484 0.8698790073394775 
vt 0.9888402819633484 0.7885226607322693 
vt 0.6600024700164795 0.805702269077301 
vt 0.7413215637207031 0.7286243438720703 
vt 0.9031287431716919 0.7286243438720703 
vt 0.36713504791259766 0.6727412343025208 
vt 0.016453899443149567 0.6727412343025208 
vt 0.36713504791259766 0.9837515950202942 
vt 0.016453899443149567 0.9837515950202942 
vt 0.43468332290649414 0.9665061235427856 
vt 0.5246685147285461 0.9636757969856262 
vt 0.37295204401016235 0.8942990899085999 
vt 0.6404146552085876 0.8453931212425232 
vt 0.37295204401016235 0.7764113545417786 
vt 0.6404146552085876 0.7764113545417786 
vt 0.43468332290649414 0.9665061235427856 
vt 0.5246685147285461 0.9636757969856262 
vt 0.37295204401016235 0.8942990899085999 
vt 0.6404146552085876 0.8453931212425232 
vt 0.37295204401016235 0.7764113545417786 
vt 0.6404146552085876 0.7764113545417786 
vt 0.36713504791259766 0.6727412343025208 
vt 0.016453899443149567 0.6727412343025208 
vt 0.36713504791259766 0.9837515950202942 
vt 0.016453899443149567 0.9837515950202942 
vt 0.43468332290649414 0.9665061235427856 
vt 0.5246685147285461 0.9636757969856262 
vt 0.37295204401016235 0.8942990899085999 
vt 0.6404146552085876 0.8453931212425232 
vt 0.37295204401016235 0.7764113545417786 
vt 0.6404146552085876 0.7764113545417786 
vt 0.7179349064826965 0.9531441926956177 
vt 0.9265154004096985 0.9566986560821533 
vt 0.6600024700164795 0.8804105520248413 
vt 0.9888402819633484 0.8698790073394775 
vt 0.9888402819633484 0.7885226607322693 
vt 0.6600024700164795 0.805702269077301 
vt 0.7413215637207031 0.7286243438720703 
vt 0.9031287431716919 0.7286243438720703 
vt 0.36713504791259766 0.6727412343025208 
vt 0.016453899443149567 0.6727412343025208 
vt 0.36713504791259766 0.9837515950202942 
vt 0.016453899443149567 0.9837515950202942 
vt 0.7179349064826965 0.9531441926956177 
vt 0.9265154004096985 0.9566986560821533 
vt 0.6600024700164795 0.8804105520248413 
vt 0.9888402819633484 0.8698790073394775 
vt 0.9888402819633484 0.7885226607322693 
vt 0.6600024700164795 0.805702269077301 
vt 0.7413215637207031 0.7286243438720703 
vt 0.9031287431716919 0.7286243438720703 
vt 0.36713504791259766 0.6727412343025208 
vt 0.016453899443149567 0.6727412343025208 
vt 0.36713504791259766 0.9837515950202942 
vt 0.016453899443149567 0.9837515950202942 
vt 0.43468332290649414 0.9665061235427856 
vt 0.5246685147285461 0.9636757969856262 
vt 0.37295204401016235 0.8942990899085999 
vt 0.6404146552085876 0.8453931212425232 
vt 0.37295204401016235 0.7764113545417786 
vt 0.6404146552085876 0.7764113545417786 
vt 0.43468332290649414 0.9665061235427856 
vt 0.5246685147285461 0.9636757969856262 
vt 0.37295204401016235 0.8942990899085999 
vt 0.6404146552085876 0.8453931212425232 
vt 0.37295204401016235 0.7764113545417786 
vt 0.6404146552085876 0.7764113545417786 
vt 0.36713504791259766 0.6727412343025208 
vt 0.016453899443149567 0.6727412343025208 
vt 0.36713504791259766 0.9837515950202942 
vt 0.016453899443149567 0.9837515950202942 
vt 0.36713504791259766 0.6727412343025208 
vt 0.016453899443149567 0.6727412343025208 
vt 0.36713504791259766 0.9837515950202942 
vt 0.016453899443149567 0.9837515950202942 
vt 0.43468332290649414 0.9665061235427856 
vt 0.5246685147285461 0.9636757969856262 
vt 0.37295204401016235 0.8942990899085999 
vt 0.6404146552085876 0.8453931212425232 
vt 0.37295204401016235 0.7764113545417786 
vt 0.6404146552085876 0.7764113545417786 
vt 0.7179349064826965 0.9531441926956177 
vt 0.9265154004096985 0.9566986560821533 
vt 0.6600024700164795 0.8804105520248413 
vt 0.9888402819633484 0.8698790073394775 
vt 0.9888402819633484 0.7885226607322693 
vt 0.6600024700164795 0.805702269077301 
vt 0.7413215637207031 0.7286243438720703 
vt 0.9031287431716919 0.7286243438720703 
vt 0.36713504791259766 0.6727412343025208 
vt 0.016453899443149567 0.6727412343025208 
vt 0.36713504791259766 0.9837515950202942 
vt 0.016453899443149567 0.9837515950202942 
vt 0.7179349064826965 0.9531441926956177 
vt 0.9265154004096985 0.9566986560821533 
vt 0.6600024700164795 0.8804105520248413 
vt 0.9888402819633484 0.8698790073394775 
vt 0.9888402819633484 0.7885226607322693 
vt 0.6600024700164795 0.805702269077301 
vt 0.7413215637207031 0.7286243438720703 
vt 0.9031287431716919 0.7286243438720703 
vt 0.36713504791259766 0.6727412343025208 
vt 0.016453899443149567 0.6727412343025208 
vt 0.36713504791259766 0.9837515950202942 
vt 0.016453899443149567 0.9837515950202942 
vt 0.43468332290649414 0.9665061235427856 
vt 0.5246685147285461 0.9636757969856262 
vt 0.37295204401016235 0.8942990899085999 
vt 0.6404146552085876 0.8453931212425232 
vt 0.37295204401016235 0.7764113545417786 
vt 0.6404146552085876 0.7764113545417786 
vt 0.43468332290649414 0.9665061235427856 
vt 0.5246685147285461 0.9636757969856262 
vt 0.37295204401016235 0.8942990899085999 
vt 0.6404146552085876 0.8453931212425232 
vt 0.37295204401016235 0.7764113545417786 
vt 0.6404146552085876 0.7764113545417786 
vt 0.36713504791259766 0.6727412343025208 
vt 0.016453899443149567 0.6727412343025208 
vt 0.36713504791259766 0.9837515950202942 
vt 0.016453899443149567 0.9837515950202942 
vt 0.43468332290649414 0.9665061235427856 
vt 0.5246685147285461 0.9636757969856262 
vt 0.37295204401016235 0.8942990899085999 
vt 0.6404146552085876 0.8453931212425232 
vt 0.37295204401016235 0.7764113545417786 
vt 0.6404146552085876 0.7764113545417786 
vt 0.7179349064826965 0.9531441926956177 
vt 0.9265154004096985 0.9566986560821533 
vt 0.6600024700164795 0.8804105520248413 
vt 0.9888402819633484 0.8698790073394775 
vt 0.9888402819633484 0.7885226607322693 
vt 0.6600024700164795 0.805702269077301 
vt 0.7413215637207031 0.7286243438720703 
vt 0.9031287431716919 0.7286243438720703 
vt 0.36713504791259766 0.6727412343025208 
vt 0.016453899443149567 0.6727412343025208 
vt 0.36713504791259766 0.9837515950202942 
vt 0.016453899443149567 0.9837515950202942 
vt 0.7179349064826965 0.9531441926956177 
vt 0.9265154004096985 0.9566986560821533 
vt 0.6600024700164795 0.8804105520248413 
vt 0.9888402819633484 0.8698790073394775 
vt 0.9888402819633484 0.7885226607322693 
vt 0.6600024700164795 0.805702269077301 
vt 0.7413215637207031 0.7286243438720703 
vt 0.9031287431716919 0.7286243438720703 
vt 0.36713504791259766 0.6727412343025208 
vt 0.016453899443149567 0.6727412343025208 
vt 0.36713504791259766 0.9837515950202942 
vt 0.016453899443149567 0.9837515950202942 
vt 0.43468332290649414 0.9665061235427856 
vt 0.5246685147285461 0.9636757969856262 
vt 0.37295204401016235 0.8942990899085999 
vt 0.6404146552085876 0.8453931212425232 
vt 0.37295204401016235 0.7764113545417786 
vt 0.6404146552085876 0.7764113545417786 
vt 0.43468332290649414 0.9665061235427856 
vt 0.5246685147285461 0.9636757969856262 
vt 0.37295204401016235 0.8942990899085999 
vt 0.6404146552085876 0.8453931212425232 
vt 0.37295204401016235 0.7764113545417786 
vt 0.6404146552085876 0.7764113545417786 
vt 0.36713504791259766 0.6727412343025208 
vt 0.016453899443149567 0.6727412343025208 
vt 0.36713504791259766 0.9837515950202942 
vt 0.016453899443149567 0.9837515950202942 
vt 0.43468332290649414 0.9665061235427856 
vt 0.5246685147285461 0.9636757969856262 
vt 0.37295204401016235 0.8942990899085999 
vt 0.6404146552085876 0.8453931212425232 
vt 0.37295204401016235 0.7764113545417786 
vt 0.6404146552085876 0.7764113545417786 
vt 0.7179349064826965 0.9531441926956177 
vt 0.9265154004096985 0.9566986560821533 
vt 0.6600024700164795 0.8804105520248413 
vt 0.9888402819633484 0.8698790073394775 
vt 0.9888402819633484 0.7885226607322693 
vt 0.6600024700164795 0.805702269077301 
vt 0.7413215637207031 0.7286243438720703 
vt 0.9031287431716919 0.7286243438720703 
vt 0.36713504791259766 0.6727412343025208 
vt 0.016453899443149567 0.6727412343025208 
vt 0.36713504791259766 0.9837515950202942 
vt 0.016453899443149567 0.9837515950202942 
vt 0.7179349064826965 0.9531441926956177 
vt 0.9265154004096985 0.9566986560821533 
vt 0.6600024700164795 0.8804105520248413 
vt 0.9888402819633484 0.8698790073394775 
vt 0.9888402819633484 0.7885226607322693 
vt 0.6600024700164795 0.805702269077301 
vt 0.7413215637207031 0.7286243438720703 
vt 0.9031287431716919 0.7286243438720703 
vt 0.36713504791259766 0.6727412343025208 
vt 0.016453899443149567 0.6727412343025208 
vt 0.36713504791259766 0.9837515950202942 
vt 0.016453899443149567 0.9837515950202942 
vt 0.43468332290649414 0.9665061235427856 
vt 0.5246685147285461 0.9636757969856262 
vt 0.37295204401016235 0.8942990899085999 
vt 0.6404146552085876 0.8453931212425232 
vt 0.37295204401016235 0.7764113545417786 
vt 0.6404146552085876 0.7764113545417786 
vt 0.43468332290649414 0.9665061235427856 
vt 0.5246685147285461 0.9636757969856262 
vt 0.37295204401016235 0.8942990899085999 
vt 0.6404146552085876 0.8453931212425232 
vt 0.37295204401016235 0.7764113545417786 
vt 0.6404146552085876 0.7764113545417786 
vt 0.36713504791259766 0.6727412343025208 
vt 0.016453899443149567 0.6727412343025208 
vt 0.36713504791259766 0.9837515950202942 
vt 0.016453899443149567 0.9837515950202942 
vt 0.43468332290649414 0.9665061235427856 
vt 0.5246685147285461 0.9636757969856262 
vt 0.37295204401016235 0.8942990899085999 
vt 0.6404146552085876 0.8453931212425232 
vt 0.37295204401016235 0.7764113545417786 
vt 0.6404146552085876 0.7764113545417786 
vt 0.7179349064826965 0.9531441926956177 
vt 0.9265154004096985 0.9566986560821533 
vt 0.6600024700164795 0.8804105520248413 
vt 0.9888402819633484 0.8698790073394775 
vt 0.9888402819633484 0.7885226607322693 
vt 0.6600024700164795 0.805702269077301 
vt 0.7413215637207031 0.7286243438720703 
vt 0.9031287431716919 0.7286243438720703 
vt 0.36713504791259766 0.6727412343025208 
vt 0.016453899443149567 0.6727412343025208 
vt 0.36713504791259766 0.9837515950202942 
vt 0.016453899443149567 0.9837515950202942 
vt 0.7179349064826965 0.9531441926956177 
vt 0.9265154004096985 0.9566986560821533 
vt 0.6600024700164795 0.8804105520248413 
vt 0.9888402819633484 0.8698790073394775 
vt 0.9888402819633484 0.7885226607322693 
vt 0.6600024700164795 0.805702269077301 
vt 0.7413215637207031 0.7286243438720703 
vt 0.9031287431716919 0.7286243438720703 
vt 0.36713504791259766 0.6727412343025208 
vt 0.016453899443149567 0.6727412343025208 
vt 0.36713504791259766 0.9837515950202942 
vt 0.016453899443149567 0.9837515950202942 
vt 0.43468332290649414 0.9665061235427856 
vt 0.5246685147285461 0.9636757969856262 
vt 0.37295204401016235 0.8942990899085999 
vt 0.6404146552085876 0.8453931212425232 
vt 0.37295204401016235 0.7764113545417786 
vt 0.6404146552085876 0.7764113545417786 
vt 0.43468332290649414 0.9665061235427856 
vt 0.5246685147285461 0.9636757969856262 
vt 0.37295204401016235 0.8942990899085999 
vt 0.6404146552085876 0.8453931212425232 
vt 0.37295204401016235 0.7764113545417786 
vt 0.6404146552085876 0.7764113545417786 
vt 0.36713504791259766 0.6727412343025208 
vt 0.016453899443149567 0.6727412343025208 
vt 0.36713504791259766 0.9837515950202942 
vt 0.016453899443149567 0.9837515950202942 
vt 0.43468332290649414 0.9665061235427856 
vt 0.5246685147285461 0.9636757969856262 
vt 0.37295204401016235 0.8942990899085999 
vt 0.6404146552085876 0.8453931212425232 
vt 0.37295204401016235 0.7764113545417786 
vt 0.6404146552085876 0.7764113545417786 
vt 0.7179349064826965 0.9531441926956177 
vt 0.9265154004096985 0.9566986560821533 
vt 0.6600024700164795 0.8804105520248413 
vt 0.9888402819633484 0.8698790073394775 
vt 0.9888402819633484 0.7885226607322693 
vt 0.6600024700164795 0.805702269077301 
vt 0.7413215637207031 0.7286243438720703 
vt 0.9031287431716919 0.7286243438720703 
vt 0.36713504791259766 0.6727412343025208 
vt 0.016453899443149567 0.6727412343025208 
vt 0.36713504791259766 0.9837515950202942 
vt 0.016453899443149567 0.9837515950202942 
vt 0.7179349064826965 0.9531441926956177 
vt 0.9265154004096985 0.9566986560821533 
vt 0.6600024700164795 0.8804105520248413 
vt 0.9888402819633484 0.8698790073394775 
vt 0.9888402819633484 0.7885226607322693 
vt 0.6600024700164795 0.805702269077301 
vt 0.7413215637207031 0.7286243438720703 
vt 0.9031287431716919 0.7286243438720703 
vt 0.36713504791259766 0.6727412343025208 
vt 0.016453899443149567 0.6727412343025208 
vt 0.36713504791259766 0.9837515950202942 
vt 0.016453899443149567 0.9837515950202942 
vt 0.43468332290649414 0.9665061235427856 
vt 0.5246685147285461 0.9636757969856262 
vt 0.37295204401016235 0.8942990899085999 
vt 0.6404146552085876 0.8453931212425232 
vt 0.37295204401016235 0.7764113545417786 
vt 0.6404146552085876 0.7764113545417786 
vt 0.43468332290649414 0.9665061235427856 
vt 0.5246685147285461 0.9636757969856262 
vt 0.37295204401016235 0.8942990899085999 
vt 0.6404146552085876 0.8453931212425232 
vt 0.37295204401016235 0.7764113545417786 
vt 0.6404146552085876 0.7764113545417786 
vt 0.36713504791259766 0.6727412343025208 
vt 0.016453899443149567 0.6727412343025208 
vt 0.36713504791259766 0.9837515950202942 
vt 0.016453899443149567 0.9837515950202942 
vt 0.43468332290649414 0.9665061235427856 
vt 0.5246685147285461 0.9636757969856262 
vt 0.37295204401016235 0.8942990899085999 
vt 0.6404146552085876 0.8453931212425232 
vt 0.37295204401016235 0.7764113545417786 
vt 0.6404146552085876 0.7764113545417786 
vt 0.7179349064826965 0.9531441926956177 
vt 0.9265154004096985 0.9566986560821533 
vt 0.6600024700164795 0.8804105520248413 
vt 0.9888402819633484 0.8698790073394775 
vt 0.9888402819633484 0.7885226607322693 
vt 0.6600024700164795 0.805702269077301 
vt 0.7413215637207031 0.7286243438720703 
vt 0.9031287431716919 0.7286243438720703 
vt 0.36713504791259766 0.6727412343025208 
vt 0.016453899443149567 0.6727412343025208 
vt 0.36713504791259766 0.9837515950202942 
vt 0.016453899443149567 0.9837515950202942 
vt 0.7179349064826965 0.9531441926956177 
vt 0.9265154004096985 0.9566986560821533 
vt 0.6600024700164795 0.8804105520248413 
vt 0.9888402819633484 0.8698790073394775 
vt 0.9888402819633484 0.7885226607322693 
vt 0.6600024700164795 0.805702269077301 
vt 0.7413215637207031 0.7286243438720703 
vt 0.9031287431716919 0.7286243438720703 
vt 0.36713504791259766 0.6727412343025208 
vt 0.016453899443149567 0.6727412343025208 
vt 0.36713504791259766 0.9837515950202942 
vt 0.016453899443149567 0.9837515950202942 
vt 0.43468332290649414 0.9665061235427856 
vt 0.5246685147285461 0.9636757969856262 
vt 0.37295204401016235 0.8942990899085999 
vt 0.6404146552085876 0.8453931212425232 
vt 0.37295204401016235 0.7764113545417786 
vt 0.6404146552085876 0.7764113545417786 
vt 0.43468332290649414 0.9665061235427856 
vt 0.5246685147285461 0.9636757969856262 
vt 0.37295204401016235 0.8942990899085999 
vt 0.6404146552085876 0.8453931212425232 
vt 0.37295204401016235 0.7764113545417786 
vt 0.6404146552085876 0.7764113545417786 
vt 0.36713504791259766 0.6727412343025208 
vt 0.016453899443149567 0.6727412343025208 
vt 0.36713504791259766 0.9837515950202942 
vt 0.016453899443149567 0.9837515950202942 
vt 0.43468332290649414 0.9665061235427856 
vt 0.5246685147285461 0.9636757969856262 
vt 0.37295204401016235 0.8942990899085999 
vt 0.6404146552085876 0.8453931212425232 
vt 0.37295204401016235 0.7764113545417786 
vt 0.6404146552085876 0.7764113545417786 
vt 0.7179349064826965 0.9531441926956177 
vt 0.9265154004096985 0.9566986560821533 
vt 0.6600024700164795 0.8804105520248413 
vt 0.9888402819633484 0.8698790073394775 
vt 0.9888402819633484 0.7885226607322693 
vt 0.6600024700164795 0.805702269077301 
vt 0.7413215637207031 0.7286243438720703 
vt 0.9031287431716919 0.7286243438720703 
vt 0.36713504791259766 0.6727412343025208 
vt 0.016453899443149567 0.6727412343025208 
vt 0.36713504791259766 0.9837515950202942 
vt 0.016453899443149567 0.9837515950202942 
vt 0.7179349064826965 0.9531441926956177 
vt 0.9265154004096985 0.9566986560821533 
vt 0.6600024700164795 0.8804105520248413 
vt 0.9888402819633484 0.8698790073394775 
vt 0.9888402819633484 0.7885226607322693 
vt 0.6600024700164795 0.805702269077301 
vt 0.7413215637207031 0.7286243438720703 
vt 0.9031287431716919 0.7286243438720703 
vt 0.36713504791259766 0.6727412343025208 
vt 0.016453899443149567 0.6727412343025208 
vt 0.36713504791259766 0.9837515950202942 
vt 0.016453899443149567 0.9837515950202942 
vt 0.43468332290649414 0.9665061235427856 
vt 0.5246685147285461 0.9636757969856262 
vt 0.37295204401016235 0.8942990899085999 
vt 0.6404146552085876 0.8453931212425232 
vt 0.37295204401016235 0.7764113545417786 
vt 0.6404146552085876 0.7764113545417786 
vt 0.43468332290649414 0.9665061235427856 
vt 0.5246685147285461 0.9636757969856262 
vt 0.37295204401016235 0.8942990899085999 
vt 0.6404146552085876 0.8453931212425232 
vt 0.37295204401016235 0.7764113545417786 
vt 0.6404146552085876 0.7764113545417786 
vt 0.36713504791259766 0.6727412343025208 
vt 0.016453899443149567 0.6727412343025208 
vt 0.36713504791259766 0.9837515950202942 
vt 0.016453899443149567 0.9837515950202942 
vt 0.43468332290649414 0.9665061235427856 
vt 0.5246685147285461 0.9636757969856262 
vt 0.37295204401016235 0.8942990899085999 
vt 0.6404146552085876 0.8453931212425232 
vt 0.37295204401016235 0.7764113545417786 
vt 0.6404146552085876 0.7764113545417786 
vt 0.7179349064826965 0.9531441926956177 
vt 0.9265154004096985 0.9566986560821533 
vt 0.6600024700164795 0.8804105520248413 
vt 0.9888402819633484 0.8698790073394775 
vt 0.9888402819633484 0.7885226607322693 
vt 0.6600024700164795 0.805702269077301 
vt 0.7413215637207031 0.7286243438720703 
vt 0.9031287431716919 0.7286243438720703 
vt 0.36713504791259766 0.6727412343025208 
vt 0.016453899443149567 0.6727412343025208 
vt 0.36713504791259766 0.9837515950202942 
vt 0.016453899443149567 0.9837515950202942 
vt 0.7179349064826965 0.9531441926956177 
vt 0.9265154004096985 0.9566986560821533 
vt 0.6600024700164795 0.8804105520248413 
vt 0.9888402819633484 0.8698790073394775 
vt 0.9888402819633484 0.7885226607322693 
vt 0.6600024700164795 0.805702269077301 
vt 0.7413215637207031 0.7286243438720703 
vt 0.9031287431716919 0.7286243438720703 
vt 0.36713504791259766 0.6727412343025208 
vt 0.016453899443149567 0.6727412343025208 
vt 0.36713504791259766 0.9837515950202942 
vt 0.016453899443149567 0.9837515950202942 
vt 0.43468332290649414 0.9665061235427856 
vt 0.5246685147285461 0.9636757969856262 
vt 0.37295204401016235 0.8942990899085999 
vt 0.6404146552085876 0.8453931212425232 
vt 0.37295204401016235 0.7764113545417786 
vt 0.6404146552085876 0.7764113545417786 
vt 0.43468332290649414 0.9665061235427856 
vt 0.5246685147285461 0.9636757969856262 
vt 0.37295204401016235 0.8942990899085999 
vt 0.6404146552085876 0.8453931212425232 
vt 0.37295204401016235 0.7764113545417786 
vt 0.6404146552085876 0.7764113545417786 
vt 0.36713504791259766 0.6727412343025208 
vt 0.016453899443149567 0.6727412343025208 
vt 0.36713504791259766 0.9837515950202942 
vt 0.016453899443149567 0.9837515950202942 
vt 0.43468332290649414 0.9665061235427856 
vt 0.5246685147285461 0.9636757969856262 
vt 0.37295204401016235 0.8942990899085999 
vt 0.6404146552085876 0.8453931212425232 
vt 0.37295204401016235 0.7764113545417786 
vt 0.6404146552085876 0.7764113545417786 
vt 0.7179349064826965 0.9531441926956177 
vt 0.9265154004096985 0.9566986560821533 
vt 0.6600024700164795 0.8804105520248413 
vt 0.9888402819633484 0.8698790073394775 
vt 0.9888402819633484 0.7885226607322693 
vt 0.6600024700164795 0.805702269077301 
vt 0.7413215637207031 0.7286243438720703 
vt 0.9031287431716919 0.7286243438720703 
vt 0.36713504791259766 0.6727412343025208 
vt 0.016453899443149567 0.6727412343025208 
vt 0.36713504791259766 0.9837515950202942 
vt 0.016453899443149567 0.9837515950202942 
vt 0.7179349064826965 0.9531441926956177 
vt 0.9265154004096985 0.9566986560821533 
vt 0.6600024700164795 0.8804105520248413 
vt 0.9888402819633484 0.8698790073394775 
vt 0.9888402819633484 0.7885226607322693 
vt 0.6600024700164795 0.805702269077301 
vt 0.7413215637207031 0.7286243438720703 
vt 0.9031287431716919 0.7286243438720703 
vt 0.36713504791259766 0.6727412343025208 
vt 0.016453899443149567 0.6727412343025208 
vt 0.36713504791259766 0.9837515950202942 
vt 0.016453899443149567 0.9837515950202942 
vt 0.43468332290649414 0.9665061235427856 
vt 0.5246685147285461 0.9636757969856262 
vt 0.37295204401016235 0.8942990899085999 
vt 0.6404146552085876 0.8453931212425232 
vt 0.37295204401016235 0.7764113545417786 
vt 0.6404146552085876 0.7764113545417786 
vt 0.43468332290649414 0.9665061235427856 
vt 0.5246685147285461 0.9636757969856262 
vt 0.37295204401016235 0.8942990899085999 
vt 0.6404146552085876 0.8453931212425232 
vt 0.37295204401016235 0.7764113545417786 
vt 0.6404146552085876 0.7764113545417786 
vt 0.36713504791259766 0.6727412343025208 
vt 0.016453899443149567 0.6727412343025208 
vt 0.36713504791259766 0.9837515950202942 
vt 0.016453899443149567 0.9837515950202942 
vt 0.43468332290649414 0.9665061235427856 
vt 0.5246685147285461 0.9636757969856262 
vt 0.37295204401016235 0.8942990899085999 
vt 0.6404146552085876 0.8453931212425232 
vt 0.37295204401016235 0.7764113545417786 
vt 0.6404146552085876 0.7764113545417786 
vt 0.7179349064826965 0.9531441926956177 
vt 0.9265154004096985 0.9566986560821533 
vt 0.6600024700164795 0.8804105520248413 
vt 0.9888402819633484 0.8698790073394775 
vt 0.9888402819633484 0.7885226607322693 
vt 0.6600024700164795 0.805702269077301 
vt 0.7413215637207031 0.7286243438720703 
vt 0.9031287431716919 0.7286243438720703 
vt 0.36713504791259766 0.6727412343025208 
vt 0.016453899443149567 0.6727412343025208 
vt 0.36713504791259766 0.9837515950202942 
vt 0.016453899443149567 0.9837515950202942 
vt 0.7179349064826965 0.9531441926956177 
vt 0.9265154004096985 0.9566986560821533 
vt 0.6600024700164795 0.8804105520248413 
vt 0.9888402819633484 0.8698790073394775 
vt 0.9888402819633484 0.7885226607322693 
vt 0.6600024700164795 0.805702269077301 
vt 0.7413215637207031 0.7286243438720703 
vt 0.9031287431716919 0.7286243438720703 
vt 0.36713504791259766 0.6727412343025208 
vt 0.016453899443149567 0.6727412343025208 
vt 0.36713504791259766 0.9837515950202942 
vt 0.016453899443149567 0.9837515950202942 
vt 0.43468332290649414 0.9665061235427856 
vt 0.5246685147285461 0.9636757969856262 
vt 0.37295204401016235 0.8942990899085999 
vt 0.6404146552085876 0.8453931212425232 
vt 0.37295204401016235 0.7764113545417786 
vt 0.6404146552085876 0.7764113545417786 
vt 0.43468332290649414 0.9665061235427856 
vt 0.5246685147285461 0.9636757969856262 
vt 0.37295204401016235 0.8942990899085999 
vt 0.6404146552085876 0.8453931212425232 
vt 0.37295204401016235 0.7764113545417786 
vt 0.6404146552085876 0.7764113545417786 
vt 0.36713504791259766 0.6727412343025208 
vt 0.016453899443149567 0.6727412343025208 
vt 0.36713504791259766 0.9837515950202942 
vt 0.016453899443149567 0.9837515950202942 
vt 0.43468332290649414 0.9665061235427856 
vt 0.5246685147285461 0.9636757969856262 
vt 0.37295204401016235 0.8942990899085999 
vt 0.6404146552085876 0.8453931212425232 
vt 0.37295204401016235 0.7764113545417786 
vt 0.6404146552085876 0.7764113545417786 
vt 0.7179349064826965 0.9531441926956177 
vt 0.9265154004096985 0.9566986560821533 
vt 0.6600024700164795 0.8804105520248413 
vt 0.9888402819633484 0.8698790073394775 
vt 0.9888402819633484 0.7885226607322693 
vt 0.6600024700164795 0.805702269077301 
vt 0.7413215637207031 0.7286243438720703 
vt 0.9031287431716919 0.7286243438720703 
vt 0.36713504791259766 0.6727412343025208 
vt 0.016453899443149567 0.6727412343025208 
vt 0.36713504791259766 0.9837515950202942 
vt 0.016453899443149567 0.9837515950202942 
vt 0.7179349064826965 0.9531441926956177 
vt 0.9265154004096985 0.9566986560821533 
vt 0.6600024700164795 0.8804105520248413 
vt 0.9888402819633484 0.8698790073394775 
vt 0.9888402819633484 0.7885226607322693 
vt 0.6600024700164795 0.805702269077301 
vt 0.7413215637207031 0.7286243438720703 
vt 0.9031287431716919 0.7286243438720703 
vt 0.36713504791259766 0.6727412343025208 
vt 0.016453899443149567 0.6727412343025208 
vt 0.36713504791259766 0.9837515950202942 
vt 0.016453899443149567 0.9837515950202942 
vt 0.43468332290649414 0.9665061235427856 
vt 0.5246685147285461 0.9636757969856262 
vt 0.37295204401016235 0.8942990899085999 
vt 0.6404146552085876 0.8453931212425232 
vt 0.37295204401016235 0.7764113545417786 
vt 0.6404146552085876 0.7764113545417786 
vt 0.43468332290649414 0.9665061235427856 
vt 0.5246685147285461 0.9636757969856262 
vt 0.37295204401016235 0.8942990899085999 
vt 0.6404146552085876 0.8453931212425232 
vt 0.37295204401016235 0.7764113545417786 
vt 0.6404146552085876 0.7764113545417786 
vt 0.36713504791259766 0.6727412343025208 
vt 0.016453899443149567 0.6727412343025208 
vt 0.36713504791259766 0.9837515950202942 
vt 0.016453899443149567 0.9837515950202942 
vt 0.43468332290649414 0.9665061235427856 
vt 0.5246685147285461 0.9636757969856262 
vt 0.37295204401016235 0.8942990899085999 
vt 0.6404146552085876 0.8453931212425232 
vt 0.37295204401016235 0.7764113545417786 
vt 0.6404146552085876 0.7764113545417786 
vt 0.7179349064826965 0.9531441926956177 
vt 0.9265154004096985 0.9566986560821533 
vt 0.6600024700164795 0.8804105520248413 
vt 0.9888402819633484 0.8698790073394775 
vt 0.9888402819633484 0.7885226607322693 
vt 0.6600024700164795 0.805702269077301 
vt 0.7413215637207031 0.7286243438720703 
vt 0.9031287431716919 0.7286243438720703 
vt 0.36713504791259766 0.6727412343025208 
vt 0.016453899443149567 0.6727412343025208 
vt 0.36713504791259766 0.9837515950202942 
vt 0.016453899443149567 0.9837515950202942 
vt 0.7179349064826965 0.9531441926956177 
vt 0.9265154004096985 0.9566986560821533 
vt 0.6600024700164795 0.8804105520248413 
vt 0.9888402819633484 0.8698790073394775 
vt 0.9888402819633484 0.7885226607322693 
vt 0.6600024700164795 0.805702269077301 
vt 0.7413215637207031 0.7286243438720703 
vt 0.9031287431716919 0.7286243438720703 
vt 0.36713504791259766 0.6727412343025208 
vt 0.016453899443149567 0.6727412343025208 
vt 0.36713504791259766 0.9837515950202942 
vt 0.016453899443149567 0.9837515950202942 
vt 0.43468332290649414 0.9665061235427856 
vt 0.5246685147285461 0.9636757969856262 
vt 0.37295204401016235 0.8942990899085999 
vt 0.6404146552085876 0.8453931212425232 
vt 0.37295204401016235 0.7764113545417786 
vt 0.6404146552085876 0.7764113545417786 
vt 0.43468332290649414 0.9665061235427856 
vt 0.5246685147285461 0.9636757969856262 
vt 0.37295204401016235 0.8942990899085999 
vt 0.6404146552085876 0.8453931212425232 
vt 0.37295204401016235 0.7764113545417786 
vt 0.6404146552085876 0.7764113545417786 
vt 0.36713504791259766 0.6727412343025208 
vt 0.016453899443149567 0.6727412343025208 
vt 0.36713504791259766 0.9837515950202942 
vt 0.016453899443149567 0.9837515950202942 
vt 0.43468332290649414 0.9665061235427856 
vt 0.5246685147285461 0.9636757969856262 
vt 0.37295204401016235 0.8942990899085999 
vt 0.6404146552085876 0.8453931212425232 
vt 0.37295204401016235 0.7764113545417786 
vt 0.6404146552085876 0.7764113545417786 
vt 0.7179349064826965 0.9531441926956177 
vt 0.9265154004096985 0.9566986560821533 
vt 0.6600024700164795 0.8804105520248413 
vt 0.9888402819633484 0.8698790073394775 
vt 0.9888402819633484 0.7885226607322693 
vt 0.6600024700164795 0.805702269077301 
vt 0.7413215637207031 0.7286243438720703 
vt 0.9031287431716919 0.7286243438720703 
vt 0.36713504791259766 0.6727412343025208 
vt 0.016453899443149567 0.6727412343025208 
vt 0.36713504791259766 0.9837515950202942 
vt 0.016453899443149567 0.9837515950202942 
vt 0.7179349064826965 0.9531441926956177 
vt 0.9265154004096985 0.9566986560821533 
vt 0.6600024700164795 0.8804105520248413 
vt 0.9888402819633484 0.8698790073394775 
vt 0.9888402819633484 0.7885226607322693 
vt 0.6600024700164795 0.805702269077301 
vt 0.7413215637207031 0.7286243438720703 
vt 0.9031287431716919 0.7286243438720703 
vt 0.7179349064826965 0.9531441926956177 
vt 0.9265154004096985 0.9566986560821533 
vt 0.6600024700164795 0.8804105520248413 
vt 0.9888402819633484 0.8698790073394775 
vt 0.9888402819633484 0.7885226607322693 
vt 0.6600024700164795 0.805702269077301 
vt 0.7413215637207031 0.7286243438720703 
vt 0.9031287431716919 0.7286243438720703 
vt 0.36713504791259766 0.6727412343025208 
vt 0.016453899443149567 0.6727412343025208 
vt 0.36713504791259766 0.9837515950202942 
vt 0.016453899443149567 0.9837515950202942 
vt 0.43468332290649414 0.9665061235427856 
vt 0.5246685147285461 0.9636757969856262 
vt 0.37295204401016235 0.8942990899085999 
vt 0.6404146552085876 0.8453931212425232 
vt 0.37295204401016235 0.7764113545417786 
vt 0.6404146552085876 0.7764113545417786 
s on 
f 1/1/1 2/2/2 3/3/3 
f 2/2/2 4/4/4 3/3/3 
f 3/3/3 4/4/4 5/5/5 
f 4/4/4 5/5/5 5/5/5 
f 5/5/5 5/5/5 6/6/6 
f 5/5/5 6/6/6 6/6/6 
f 6/6/6 6/6/6 7/7/7 
f 6/6/6 8/8/8 7/7/7 
f 7/7/7 8/8/8 7/7/7 
f 8/8/8 9/9/9 7/7/7 
f 7/7/7 9/9/9 10/10/10 
f 9/9/9 10/10/10 10/10/10 
f 10/10/10 10/10/10 11/11/11 
f 10/10/10 11/11/11 11/11/11 
f 11/11/11 11/11/11 12/12/12 
f 11/11/11 13/13/13 12/12/12 
f 12/12/12 13/13/13 12/12/12 
f 13/13/13 14/14/14 12/12/12 
f 12/12/12 14/14/14 15/15/15 
f 14/14/14 15/15/15 15/15/15 
f 15/15/15 15/15/15 16/16/16 
f 15/15/15 16/16/16 16/16/16 
f 16/16/16 16/16/16 17/17/17 
f 16/16/16 18/18/18 17/17/17 
f 17/17/17 18/18/18 17/17/17 
f 18/18/18 19/19/19 17/17/17 
f 17/17/17 19/19/19 20/20/20 
f 19/19/19 20/20/20 20/20/20 
f 20/20/20 20/20/20 21/21/21 
f 20/20/20 21/21/21 21/21/21 
f 21/21/21 21/21/21 22/22/22 
f 21/21/21 23/23/23 22/22/22 
f 22/22/22 23/23/23 22/22/22 
f 23/23/23 24/24/24 22/22/22 
f 22/22/22 24/24/24 25/25/25 
f 24/24/24 25/25/25 25/25/25 
f 25/25/25 25/25/25 26/26/26 
f 25/25/25 26/26/26 26/26/26 
f 26/26/26 26/26/26 27/27/27 
f 26/26/26 28/28/28 27/27/27 
f 27/27/27 28/28/28 27/27/27 
f 28/28/28 29/29/29 27/27/27 
f 27/27/27 29/29/29 30/30/30 
f 29/29/29 30/30/30 30/30/30 
f 30/30/30 30/30/30 31/31/31 
f 30/30/30 31/31/31 31/31/31 
f 31/31/31 31/31/31 32/32/32 
f 31/31/31 33/33/33 32/32/32 
f 32/32/32 33/33/33 32/32/32 
f 33/33/33 34/34/34 32/32/32 
f 32/32/32 34/34/34 35/35/35 
f 34/34/34 35/35/35 35/35/35 
f 35/35/35 35/35/35 36/36/36 
f 35/35/35 36/36/36 36/36/36 
f 36/36/36 36/36/36 37/37/37 
f 36/36/36 38/38/38 37/37/37 
f 37/37/37 38/38/38 37/37/37 
f 38/38/38 39/39/39 37/37/37 
f 37/37/37 39/39/39 40/40/40 
f 39/39/39 40/40/40 40/40/40 
f 40/40/40 40/40/40 41/41/41 
f 40/40/40 41/41/41 41/41/41 
f 41/41/41 41/41/41 42/42/42 
f 41/41/41 43/43/43 42/42/42 
f 42/42/42 43/43/43 42/42/42 
f 43/43/43 44/44/44 42/42/42 
f 42/42/42 44/44/44 45/45/45 
f 44/44/44 45/45/45 45/45/45 
f 45/45/45 45/45/45 46/46/46 
f 45/45/45 46/46/46 46/46/46 
f 46/46/46 46/46/46 47/47/47 
f 46/46/46 48/48/48 47/47/47 
f 47/47/47 48/48/48 47/47/47 
f 48/48/48 49/49/49 47/47/47 
f 47/47/47 49/49/49 50/50/50 
f 49/49/49 50/50/50 50/50/50 
f 50/50/50 50/50/50 51/51/51 
f 50/50/50 51/51/51 51/51/51 
f 51/51/51 51/51/51 52/52/52 
f 51/51/51 53/53/53 52/52/52 
f 52/52/52 53/53/53 52/52/52 
f 53/53/53 54/54/54 52/52/52 
f 52/52/52 54/54/54 55/55/55 
f 54/54/54 55/55/55 55/55/55 
f 55/55/55 55/55/55 56/56/56 
f 55/55/55 56/56/56 56/56/56 
f 56/56/56 56/56/56 57/57/57 
f 56/56/56 58/58/58 57/57/57 
f 57/57/57 58/58/58 57/57/57 
f 58/58/58 59/59/59 57/57/57 
f 57/57/57 59/59/59 60/60/60 
f 59/59/59 60/60/60 60/60/60 
f 60/60/60 60/60/60 61/61/61 
f 60/60/60 61/61/61 61/61/61 
f 61/61/61 61/61/61 62/62/62 
f 61/61/61 63/63/63 62/62/62 
f 62/62/62 63/63/63 62/62/62 
f 63/63/63 64/64/64 62/62/62 
f 62/62/62 64/64/64 65/65/65 
f 64/64/64 65/65/65 65/65/65 
f 65/65/65 65/65/65 66/66/66 
f 65/65/65 66/66/66 66/66/66 
f 66/66/66 66/66/66 67/67/67 
f 66/66/66 68/68/68 67/67/67 
f 67/67/67 68/68/68 67/67/67 
f 68/68/68 69/69/69 67/67/67 
f 67/67/67 69/69/69 70/70/70 
f 69/69/69 70/70/70 70/70/70 
f 70/70/70 70/70/70 71/71/71 
f 70/70/70 71/71/71 71/71/71 
f 71/71/71 71/71/71 72/72/72 
f 71/71/71 73/73/73 72/72/72 
f 72/72/72 73/73/73 72/72/72 
f 73/73/73 74/74/74 72/72/72 
f 72/72/72 74/74/74 75/75/75 
f 74/74/74 75/75/75 75/75/75 
f 75/75/75 75/75/75 76/76/76 
f 75/75/75 76/76/76 76/76/76 
f 76/76/76 76/76/76 77/77/77 
f 76/76/76 78/78/78 77/77/77 
f 77/77/77 78/78/78 77/77/77 
f 78/78/78 79/79/79 77/77/77 
f 77/77/77 79/79/79 80/80/80 
f 79/79/79 80/80/80 80/80/80 
f 80/80/80 80/80/80 81/81/81 
f 80/80/80 81/81/81 81/81/81 
f 81/81/81 81/81/81 82/82/82 
f 81/81/81 83/83/83 82/82/82 
f 82/82/82 83/83/83 82/82/82 
f 83/83/83 84/84/84 82/82/82 
f 82/82/82 84/84/84 85/85/85 
f 84/84/84 85/85/85 85/85/85 
f 85/85/85 85/85/85 86/86/86 
f 85/85/85 86/86/86 86/86/86 
f 86/86/86 86/86/86 87/87/87 
f 86/86/86 88/88/88 87/87/87 
f 87/87/87 88/88/88 87/87/87 
f 88/88/88 89/89/89 87/87/87 
f 87/87/87 89/89/89 90/90/90 
f 89/89/89 90/90/90 90/90/90 
f 90/90/90 90/90/90 91/91/91 
f 90/90/90 91/91/91 91/91/91 
f 91/91/91 91/91/91 92/92/92 
f 91/91/91 93/93/93 92/92/92 
f 92/92/92 93/93/93 92/92/92 
f 93/93/93 94/94/94 92/92/92 
f 92/92/92 94/94/94 95/95/95 
f 94/94/94 95/95/95 95/95/95 
f 95/95/95 95/95/95 96/96/96 
f 95/95/95 96/96/96 96/96/96 
f 96/96/96 96/96/96 97/97/97 
f 96/96/96 98/98/98 97/97/97 
f 97/97/97 98/98/98 97/97/97 
f 98/98/98 99/99/99 97/97/97 
f 97/97/97 99/99/99 100/100/100 
f 99/99/99 100/100/100 100/100/100 
f 100/100/100 100/100/100 101/101/101 
f 100/100/100 101/101/101 101/101/101 
f 101/101/101 101/101/101 102/102/102 
f 101/101/101 103/103/103 102/102/102 
f 102/102/102 103/103/103 102/102/102 
f 103/103/103 104/104/104 102/102/102 
f 102/102/102 104/104/104 105/105/105 
f 104/104/104 105/105/105 105/105/105 
f 105/105/105 105/105/105 106/106/106 
f 105/105/105 106/106/106 106/106/106 
f 106/106/106 106/106/106 107/107/107 
f 106/106/106 108/108/108 107/107/107 
f 107/107/107 108/108/108 107/107/107 
f 108/108/108 109/109/109 107/107/107 
f 107/107/107 109/109/109 110/110/110 
f 109/109/109 110/110/110 110/110/110 
f 110/110/110 110/110/110 111/111/111 
f 110/110/110 111/111/111 111/111/111 
f 111/111/111 111/111/111 112/112/112 
f 111/111/111 113/113/113 112/112/112 
f 112/112/112 113/113/113 112/112/112 
f 113/113/113 114/114/114 112/112/112 
f 112/112/112 114/114/114 115/115/115 
f 114/114/114 115/115/115 115/115/115 
f 115/115/115 115/115/115 116/116/116 
f 115/115/115 116/116/116 116/116/116 
f 116/116/116 116/116/116 117/117/117 
f 116/116/116 118/118/118 117/117/117 
f 117/117/117 118/118/118 117/117/117 
f 118/118/118 119/119/119 117/117/117 
f 117/117/117 119/119/119 120/120/120 
f 119/119/119 120/120/120 120/120/120 
f 120/120/120 120/120/120 121/121/121 
f 120/120/120 121/121/121 121/121/121 
f 121/121/121 121/121/121 122/122/122 
f 121/121/121 123/123/123 122/122/122 
f 122/122/122 123/123/123 122/122/122 
f 123/123/123 124/124/124 122/122/122 
f 122/122/122 124/124/124 125/125/125 
f 124/124/124 125/125/125 125/125/125 
f 125/125/125 125/125/125 126/126/126 
f 125/125/125 126/126/126 126/126/126 
f 126/126/126 126/126/126 127/127/127 
f 126/126/126 128/128/128 127/127/127 
f 127/127/127 128/128/128 127/127/127 
f 128/128/128 129/129/129 127/127/127 
f 127/127/127 129/129/129 130/130/130 
f 129/129/129 130/130/130 130/130/130 
f 130/130/130 130/130/130 131/131/131 
f 130/130/130 131/131/131 131/131/131 
f 131/131/131 131/131/131 132/132/132 
f 131/131/131 133/133/133 132/132/132 
f 132/132/132 133/133/133 132/132/132 
f 133/133/133 134/134/134 132/132/132 
f 132/132/132 134/134/134 135/135/135 
f 134/134/134 135/135/135 135/135/135 
f 135/135/135 135/135/135 136/136/136 
f 135/135/135 136/136/136 136/136/136 
f 136/136/136 136/136/136 137/137/137 
f 136/136/136 138/138/138 137/137/137 
f 137/137/137 138/138/138 137/137/137 
f 138/138/138 139/139/139 137/137/137 
f 137/137/137 139/139/139 140/140/140 
f 139/139/139 140/140/140 140/140/140 
f 140/140/140 140/140/140 141/141/141 
f 140/140/140 141/141/141 141/141/141 
f 141/141/141 141/141/141 142/142/142 
f 141/141/141 143/143/143 142/142/142 
f 142/142/142 143/143/143 142/142/142 
f 143/143/143 144/144/144 142/142/142 
f 142/142/142 144/144/144 145/145/145 
f 144/144/144 145/145/145 145/145/145 
f 145/145/145 145/145/145 146/146/146 
f 145/145/145 146/146/146 146/146/146 
f 146/146/146 146/146/146 147/147/147 
f 146/146/146 148/148/148 147/147/147 
f 147/147/147 148/148/148 147/147/147 
f 148/148/148 149/149/149 147/147/147 
f 147/147/147 149/149/149 150/150/150 
f 149/149/149 150/150/150 150/150/150 
f 150/150/150 150/150/150 151/151/151 
f 150/150/150 151/151/151 151/151/151 
f 151/151/151 151/151/151 152/152/152 
f 151/151/151 153/153/153 152/152/152 
f 152/152/152 153/153/153 152/152/152 
f 153/153/153 154/154/154 152/152/152 
f 152/152/152 154/154/154 155/155/155 
f 154/154/154 155/155/155 155/155/155 
f 155/155/155 155/155/155 156/156/156 
f 155/155/155 156/156/156 156/156/156 
f 156/156/156 156/156/156 157/157/157 
f 156/156/156 158/158/158 157/157/157 
f 157/157/157 158/158/158 157/157/157 
f 158/158/158 159/159/159 157/157/157 
f 157/157/157 159/159/159 160/160/160 
f 159/159/159 160/160/160 160/160/160 
f 160/160/160 160/160/160 161/161/161 
f 160/160/160 161/161/161 161/161/161 
f 161/161/161 161/161/161 162/162/162 
f 161/161/161 163/163/163 162/162/162 
f 162/162/162 163/163/163 162/162/162 
f 163/163/163 164/164/164 162/162/162 
f 162/162/162 164/164/164 165/165/165 
f 164/164/164 165/165/165 165/165/165 
f 165/165/165 165/165/165 166/166/166 
f 165/165/165 166/166/166 166/166/166 
f 166/166/166 166/166/166 167/167/167 
f 166/166/166 168/168/168 167/167/167 
f 167/167/167 168/168/168 167/167/167 
f 168/168/168 169/169/169 167/167/167 
f 167/167/167 169/169/169 170/170/170 
f 169/169/169 170/170/170 170/170/170 
f 170/170/170 170/170/170 171/171/171 
f 170/170/170 171/171/171 171/171/171 
f 171/171/171 171/171/171 172/172/172 
f 171/171/171 173/173/173 172/172/172 
f 172/172/172 173/173/173 174/174/174 
f 173/173/173 174/174/174 174/174/174 
f 174/174/174 174/174/174 175/175/175 
f 174/174/174 175/175/175 175/175/175 
f 175/175/175 175/175/175 176/176/176 
f 175/175/175 177/177/177 176/176/176 
f 176/176/176 177/177/177 178/178/178 
f 177/177/177 179/179/179 178/178/178 
f 178/178/178 179/179/179 180/180/180 
f 179/179/179 180/180/180 180/180/180 
f 180/180/180 180/180/180 181/181/181 
f 180/180/180 181/181/181 181/181/181 
f 181/181/181 181/181/181 182/182/182 
f 181/181/181 183/183/183 182/182/182 
f 182/182/182 183/183/183 184/184/184 
f 183/183/183 183/183/183 184/184/184 
f 184/184/184 183/183/183 185/185/185 
f 183/183/183 186/186/186 185/185/185 
f 185/185/185 186/186/186 185/185/185 
f 186/186/186 187/187/187 185/185/185 
f 185/185/185 187/187/187 188/188/188 
f 187/187/187 188/188/188 188/188/188 
f 188/188/188 188/188/188 189/189/189 
f 188/188/188 189/189/189 189/189/189 
f 189/189/189 189/189/189 190/190/190 
f 189/189/189 191/191/191 190/190/190 
f 190/190/190 191/191/191 192/192/192 
f 191/191/191 192/192/192 192/192/192 
f 192/192/192 192/192/192 193/193/193 
f 192/192/192 193/193/193 193/193/193 
f 193/193/193 193/193/193 194/194/194 
f 193/193/193 195/195/195 194/194/194 
f 194/194/194 195/195/195 196/196/196 
f 195/195/195 197/197/197 196/196/196 
f 196/196/196 197/197/197 198/198/198 
f 197/197/197 198/198/198 198/198/198 
f 198/198/198 198/198/198 199/199/199 
f 198/198/198 199/199/199 199/199/199 
f 199/199/199 199/199/199 200/200/200 
f 199/199/199 201/201/201 200/200/200 
f 200/200/200 201/201/201 202/202/202 
f 201/201/201 201/201/201 202/202/202 
f 202/202/202 201/201/201 203/203/203 
f 201/201/201 204/204/204 203/203/203 
f 203/203/203 204/204/204 203/203/203 
f 204/204/204 205/205/205 203/203/203 
f 203/203/203 205/205/205 206/206/206 
f 205/205/205 206/206/206 206/206/206 
f 206/206/206 206/206/206 207/207/207 
f 206/206/206 207/207/207 207/207/207 
f 207/207/207 207/207/207 208/208/208 
f 207/207/207 209/209/209 208/208/208 
f 208/208/208 209/209/209 210/210/210 
f 209/209/209 210/210/210 210/210/210 
f 210/210/210 210/210/210 211/211/211 
f 210/210/210 211/211/211 211/211/211 
f 211/211/211 211/211/211 212/212/212 
f 211/211/211 213/213/213 212/212/212 
f 212/212/212 213/213/213 214/214/214 
f 213/213/213 215/215/215 214/214/214 
f 214/214/214 215/215/215 216/216/216 
f 215/215/215 216/216/216 216/216/216 
f 216/216/216 216/216/216 217/217/217 
f 216/216/216 217/217/217 217/217/217 
f 217/217/217 217/217/217 218/218/218 
f 217/217/217 219/219/219 218/218/218 
f 218/218/218 219/219/219 220/220/220 
f 219/219/219 219/219/219 220/220/220 
f 220/220/220 219/219/219 221/221/221 
f 219/219/219 222/222/222 221/221/221 
f 221/221/221 222/222/222 221/221/221 
f 222/222/222 223/223/223 221/221/221 
f 221/221/221 223/223/223 224/224/224 
f 223/223/223 224/224/224 224/224/224 
f 224/224/224 224/224/224 225/225/225 
f 224/224/224 225/225/225 225/225/225 
f 225/225/225 225/225/225 226/226/226 
f 225/225/225 227/227/227 226/226/226 
f 226/226/226 227/227/227 228/228/228 
f 227/227/227 228/228/228 228/228/228 
f 228/228/228 228/228/228 229/229/229 
f 228/228/228 229/229/229 229/229/229 
f 229/229/229 229/229/229 230/230/230 
f 229/229/229 231/231/231 230/230/230 
f 230/230/230 231/231/231 232/232/232 
f 231/231/231 231/231/231 232/232/232 
f 232/232/232 231/231/231 233/233/233 
f 231/231/231 234/234/234 233/233/233 
f 233/233/233 234/234/234 233/233/233 
f 234/234/234 235/235/235 233/233/233 
f 233/233/233 235/235/235 236/236/236 
f 235/235/235 236/236/236 236/236/236 
f 236/236/236 236/236/236 237/237/237 
f 236/236/236 237/237/237 237/237/237 
f 237/237/237 237/237/237 238/238/238 
f 237/237/237 239/239/239 238/238/238 
f 238/238/238 239/239/239 240/240/240 
f 239/239/239 240/240/240 240/240/240 
f 240/240/240 240/240/240 241/241/241 
f 240/240/240 241/241/241 241/241/241 
f 241/241/241 241/241/241 242/242/242 
f 241/241/241 243/243/243 242/242/242 
f 242/242/242 243/243/243 244/244/244 
f 243/243/243 244/244/244 244/244/244 
f 244/244/244 244/244/244 245/245/245 
f 244/244/244 245/245/245 245/245/245 
f 245/245/245 245/245/245 246/246/246 
f 245/245/245 247/247/247 246/246/246 
f 246/246/246 247/247/247 248/248/248 
f 247/247/247 248/248/248 248/248/248 
f 248/248/248 248/248/248 249/249/249 
f 248/248/248 249/249/249 249/249/249 
f 249/249/249 249/249/249 250/250/250 
f 249/249/249 251/251/251 250/250/250 
f 250/250/250 251/251/251 252/252/252 
f 251/251/251 252/252/252 252/252/252 
f 252/252/252 252/252/252 253/253/253 
f 252/252/252 253/253/253 253/253/253 
f 253/253/253 253/253/253 254/254/254 
f 253/253/253 255/255/255 254/254/254 
f 254/254/254 255/255/255 256/256/256 
f 255/255/255 257/257/257 256/256/256 
f 256/256/256 257/257/257 258/258/258 
f 257/257/257 258/258/258 258/258/258 
f 258/258/258 258/258/258 259/259/259 
f 258/258/258 259/259/259 259/259/259 
f 259/259/259 259/259/259 260/260/260 
f 259/259/259 261/261/261 260/260/260 
f 260/260/260 261/261/261 262/262/262 
f 261/261/261 261/261/261 262/262/262 
f 262/262/262 261/261/261 263/263/263 
f 261/261/261 264/264/264 263/263/263 
f 263/263/263 264/264/264 263/263/263 
f 264/264/264 265/265/265 263/263/263 
f 263/263/263 265/265/265 266/266/266 
f 265/265/265 266/266/266 266/266/266 
f 266/266/266 266/266/266 267/267/267 
f 266/266/266 267/267/267 267/267/267 
f 267/267/267 267/267/267 268/268/268 
f 267/267/267 269/269/269 268/268/268 
f 268/268/268 269/269/269 270/270/270 
f 269/269/269 270/270/270 270/270/270 
f 270/270/270 270/270/270 271/271/271 
f 270/270/270 271/271/271 271/271/271 
f 271/271/271 271/271/271 272/272/272 
f 271/271/271 273/273/273 272/272/272 
f 272/272/272 273/273/273 274/274/274 
f 273/273/273 273/273/273 274/274/274 
f 274/274/274 273/273/273 275/275/275 
f 273/273/273 276/276/276 275/275/275 
f 275/275/275 276/276/276 275/275/275 
f 276/276/276 277/277/277 275/275/275 
f 275/275/275 277/277/277 278/278/278 
f 277/277/277 278/278/278 278/278/278 
f 278/278/278 278/278/278 279/279/279 
f 278/278/278 279/279/279 279/279/279 
f 279/279/279 279/279/279 280/280/280 
f 279/279/279 281/281/281 280/280/280 
f 280/280/280 281/281/281 282/282/282 
f 281/281/281 282/282/282 282/282/282 
f 282/282/282 282/282/282 283/283/283 
f 282/282/282 283/283/283 283/283/283 
f 283/283/283 283/283/283 284/284/284 
f 283/283/283 285/285/285 284/284/284 
f 284/284/284 285/285/285 286/286/286 
f 285/285/285 287/287/287 286/286/286 
f 286/286/286 287/287/287 288/288/288 
f 287/287/287 288/288/288 288/288/288 
f 288/288/288 288/288/288 289/289/289 
f 288/288/288 289/289/289 289/289/289 
f 289/289/289 289/289/289 290/290/290 
f 289/289/289 291/291/291 290/290/290 
f 290/290/290 291/291/291 292/292/292 
f 291/291/291 293/293/293 292/292/292 
f 292/292/292 293/293/293 294/294/294 
f 293/293/293 294/294/294 294/294/294 
f 294/294/294 294/294/294 295/295/295 
f 294/294/294 295/295/295 295/295/295 
f 295/295/295 295/295/295 296/296/296 
f 295/295/295 297/297/297 296/296/296 
f 296/296/296 297/297/297 298/298/298 
f 297/297/297 298/298/298 298/298/298 
f 298/298/298 298/298/298 299/299/299 
f 298/298/298 299/299/299 299/299/299 
f 299/299/299 299/299/299 300/300/300 
f 299/299/299 301/301/301 300/300/300 
f 300/300/300 301/301/301 302/302/302 
f 301/301/301 302/302/302 302/302/302 
f 302/302/302 302/302/302 303/303/303 
f 302/302/302 303/303/303 303/303/303 
f 303/303/303 303/303/303 304/304/304 
f 303/303/303 305/305/305 304/304/304 
f 304/304/304 305/305/305 306/306/306 
f 305/305/305 306/306/306 306/306/306 
f 306/306/306 306/306/306 307/307/307 
f 306/306/306 307/307/307 307/307/307 
f 307/307/307 307/307/307 308/308/308 
f 307/307/307 309/309/309 308/308/308 
f 308/308/308 309/309/309 310/310/310 
f 309/309/309 311/311/311 310/310/310 
f 310/310/310 311/311/311 312/312/312 
f 311/311/311 312/312/312 312/312/312 
f 312/312/312 312/312/312 313/313/313 
f 312/312/312 313/313/313 313/313/313 
f 313/313/313 313/313/313 314/314/314 
f 313/313/313 315/315/315 314/314/314 
f 314/314/314 315/315/315 316/316/316 
f 315/315/315 315/315/315 316/316/316 
f 316/316/316 315/315/315 317/317/317 
f 315/315/315 318/318/318 317/317/317 
f 317/317/317 318/318/318 317/317/317 
f 318/318/318 319/319/319 317/317/317 
f 317/317/317 319/319/319 320/320/320 
f 319/319/319 320/320/320 320/320/320 
f 320/320/320 320/320/320 321/321/321 
f 320/320/320 321/321/321 321/321/321 
f 321/321/321 321/321/321 322/322/322 
f 321/321/321 323/323/323 322/322/322 
f 322/322/322 323/323/323 324/324/324 
f 323/323/323 324/324/324 324/324/324 
f 324/324/324 324/324/324 325/325/325 
f 324/324/324 325/325/325 325/325/325 
f 325/325/325 325/325/325 326/326/326 
f 325/325/325 327/327/327 326/326/326 
f 326/326/326 327/327/327 328/328/328 
f 327/327/327 327/327/327 328/328/328 
f 328/328/328 327/327/327 329/329/329 
f 327/327/327 330/330/330 329/329/329 
f 329/329/329 330/330/330 329/329/329 
f 330/330/330 331/331/331 329/329/329 
f 329/329/329 331/331/331 332/332/332 
f 331/331/331 332/332/332 332/332/332 
f 332/332/332 332/332/332 333/333/333 
f 332/332/332 333/333/333 333/333/333 
f 333/333/333 333/333/333 334/334/334 
f 333/333/333 335/335/335 334/334/334 
f 334/334/334 335/335/335 336/336/336 
f 335/335/335 336/336/336 336/336/336 
f 336/336/336 336/336/336 337/337/337 
f 336/336/336 337/337/337 337/337/337 
f 337/337/337 337/337/337 338/338/338 
f 337/337/337 339/339/339 338/338/338 
f 338/338/338 339/339/339 340/340/340 
f 339/339/339 341/341/341 340/340/340 
f 340/340/340 341/341/341 342/342/342 
f 341/341/341 342/342/342 342/342/342 
f 342/342/342 342/342/342 343/343/343 
f 342/342/342 343/343/343 343/343/343 
f 343/343/343 343/343/343 344/344/344 
f 343/343/343 345/345/345 344/344/344 
f 344/344/344 345/345/345 346/346/346 
f 345/345/345 347/347/347 346/346/346 
f 346/346/346 347/347/347 348/348/348 
f 347/347/347 348/348/348 348/348/348 
f 348/348/348 348/348/348 349/349/349 
f 348/348/348 349/349/349 349/349/349 
f 349/349/349 349/349/349 350/350/350 
f 349/349/349 351/351/351 350/350/350 
f 350/350/350 351/351/351 352/352/352 
f 351/351/351 352/352/352 352/352/352 
f 352/352/352 352/352/352 353/353/353 
f 352/352/352 353/353/353 353/353/353 
f 353/353/353 353/353/353 354/354/354 
f 353/353/353 355/355/355 354/354/354 
f 354/354/354 355/355/355 356/356/356 
f 355/355/355 357/357/357 356/356/356 
f 356/356/356 357/357/357 358/358/358 
f 357/357/357 358/358/358 358/358/358 
f 358/358/358 358/358/358 359/359/359 
f 358/358/358 359/359/359 359/359/359 
f 359/359/359 359/359/359 360/360/360 
f 359/359/359 361/361/361 360/360/360 
f 360/360/360 361/361/361 362/362/362 
f 361/361/361 361/361/361 362/362/362 
f 362/362/362 361/361/361 363/363/363 
f 361/361/361 364/364/364 363/363/363 
f 363/363/363 364/364/364 363/363/363 
f 364/364/364 365/365/365 363/363/363 
f 363/363/363 365/365/365 366/366/366 
f 365/365/365 366/366/366 366/366/366 
f 366/366/366 366/366/366 367/367/367 
f 366/366/366 367/367/367 367/367/367 
f 367/367/367 367/367/367 368/368/368 
f 367/367/367 369/369/369 368/368/368 
f 368/368/368 369/369/369 370/370/370 
f 369/369/369 370/370/370 370/370/370 
f 370/370/370 370/370/370 371/371/371 
f 370/370/370 371/371/371 371/371/371 
f 371/371/371 371/371/371 372/372/372 
f 371/371/371 373/373/373 372/372/372 
f 372/372/372 373/373/373 374/374/374 
f 373/373/373 373/373/373 374/374/374 
f 374/374/374 373/373/373 375/375/375 
f 373/373/373 376/376/376 375/375/375 
f 375/375/375 376/376/376 375/375/375 
f 376/376/376 377/377/377 375/375/375 
f 375/375/375 377/377/377 378/378/378 
f 377/377/377 378/378/378 378/378/378 
f 378/378/378 378/378/378 379/379/379 
f 378/378/378 379/379/379 379/379/379 
f 379/379/379 379/379/379 380/380/380 
f 379/379/379 381/381/381 380/380/380 
f 380/380/380 381/381/381 382/382/382 
f 381/381/381 382/382/382 382/382/382 
f 382/382/382 382/382/382 383/383/383 
f 382/382/382 383/383/383 383/383/383 
f 383/383/383 383/383/383 384/384/384 
f 383/383/383 385/385/385 384/384/384 
f 384/384/384 385/385/385 386/386/386 
f 385/385/385 387/387/387 386/386/386 
f 386/386/386 387/387/387 388/388/388 
f 387/387/387 388/388/388 388/388/388 
f 388/388/388 388/388/388 389/389/389 
f 388/388/388 389/389/389 389/389/389 
f 389/389/389 389/389/389 390/390/390 
f 389/389/389 391/391/391 390/390/390 
f 390/390/390 391/391/391 392/392/392 
f 391/391/391 393/393/393 392/392/392 
f 392/392/392 393/393/393 394/394/394 
f 393/393/393 394/394/394 394/394/394 
f 394/394/394 394/394/394 395/395/395 
f 394/394/394 395/395/395 395/395/395 
f 395/395/395 395/395/395 396/396/396 
f 395/395/395 397/397/397 396/396/396 
f 396/396/396 397/397/397 398/398/398 
f 397/397/397 398/398/398 398/398/398 
f 398/398/398 398/398/398 399/399/399 
f 398/398/398 399/399/399 399/399/399 
f 399/399/399 399/399/399 400/400/400 
f 399/399/399 401/401/401 400/400/400 
f 400/400/400 401/401/401 402/402/402 
f 401/401/401 403/403/403 402/402/402 
f 402/402/402 403/403/403 404/404/404 
f 403/403/403 404/404/404 404/404/404 
f 404/404/404 404/404/404 405/405/405 
f 404/404/404 405/405/405 405/405/405 
f 405/405/405 405/405/405 406/406/406 
f 405/405/405 407/407/407 406/406/406 
f 406/406/406 407/407/407 408/408/408 
f 407/407/407 407/407/407 408/408/408 
f 408/408/408 407/407/407 409/409/409 
f 407/407/407 410/410/410 409/409/409 
f 409/409/409 410/410/410 409/409/409 
f 410/410/410 411/411/411 409/409/409 
f 409/409/409 411/411/411 412/412/412 
f 411/411/411 412/412/412 412/412/412 
f 412/412/412 412/412/412 413/413/413 
f 412/412/412 413/413/413 413/413/413 
f 413/413/413 413/413/413 414/414/414 
f 413/413/413 415/415/415 414/414/414 
f 414/414/414 415/415/415 416/416/416 
f 415/415/415 416/416/416 416/416/416 
f 416/416/416 416/416/416 417/417/417 
f 416/416/416 417/417/417 417/417/417 
f 417/417/417 417/417/417 418/418/418 
f 417/417/417 419/419/419 418/418/418 
f 418/418/418 419/419/419 420/420/420 
f 419/419/419 419/419/419 420/420/420 
f 420/420/420 419/419/419 421/421/421 
f 419/419/419 422/422/422 421/421/421 
f 421/421/421 422/422/422 421/421/421 
f 422/422/422 423/423/423 421/421/421 
f 421/421/421 423/423/423 424/424/424 
f 423/423/423 424/424/424 424/424/424 
f 424/424/424 424/424/424 425/425/425 
f 424/424/424 425/425/425 425/425/425 
f 425/425/425 425/425/425 426/426/426 
f 425/425/425 427/427/427 426/426/426 
f 426/426/426 427/427/427 428/428/428 
f 427/427/427 428/428/428 428/428/428 
f 428/428/428 428/428/428 429/429/429 
f 428/428/428 429/429/429 429/429/429 
f 429/429/429 429/429/429 430/430/430 
f 429/429/429 431/431/431 430/430/430 
f 430/430/430 431/431/431 432/432/432 
f 431/431/431 433/433/433 432/432/432 
f 432/432/432 433/433/433 434/434/434 
f 433/433/433 434/434/434 434/434/434 
f 434/434/434 434/434/434 435/435/435 
f 434/434/434 435/435/435 435/435/435 
f 435/435/435 435/435/435 436/436/436 
f 435/435/435 437/437/437 436/436/436 
f 436/436/436 437/437/437 438/438/438 
f 437/437/437 439/439/439 438/438/438 
f 438/438/438 439/439/439 440/440/440 
f 439/439/439 440/440/440 440/440/440 
f 440/440/440 440/440/440 441/441/441 
f 440/440/440 441/441/441 441/441/441 
f 441/441/441 441/441/441 442/442/442 
f 441/441/441 443/443/443 442/442/442 
f 442/442/442 443/443/443 444/444/444 
f 443/443/443 444/444/444 444/444/444 
f 444/444/444 444/444/444 445/445/445 
f 444/444/444 445/445/445 445/445/445 
f 445/445/445 445/445/445 446/446/446 
f 445/445/445 447/447/447 446/446/446 
f 446/446/446 447/447/447 448/448/448 
f 447/447/447 448/448/448 448/448/448 
f 448/448/448 448/448/448 449/449/449 
f 448/448/448 449/449/449 449/449/449 
f 449/449/449 449/449/449 450/450/450 
f 449/449/449 451/451/451 450/450/450 
f 450/450/450 451/451/451 452/452/452 
f 451/451/451 453/453/453 452/452/452 
f 452/452/452 453/453/453 454/454/454 
f 453/453/453 454/454/454 454/454/454 
f 454/454/454 454/454/454 455/455/455 
f 454/454/454 455/455/455 455/455/455 
f 455/455/455 455/455/455 456/456/456 
f 455/455/455 457/457/457 456/456/456 
f 456/456/456 457/457/457 458/458/458 
f 457/457/457 457/457/457 458/458/458 
f 458/458/458 457/457/457 459/459/459 
f 457/457/457 460/460/460 459/459/459 
f 459/459/459 460/460/460 459/459/459 
f 460/460/460 461/461/461 459/459/459 
f 459/459/459 461/461/461 462/462/462 
f 461/461/461 462/462/462 462/462/462 
f 462/462/462 462/462/462 463/463/463 
f 462/462/462 463/463/463 463/463/463 
f 463/463/463 463/463/463 464/464/464 
f 463/463/463 465/465/465 464/464/464 
f 464/464/464 465/465/465 466/466/466 
f 465/465/465 466/466/466 466/466/466 
f 466/466/466 466/466/466 467/467/467 
f 466/466/466 467/467/467 467/467/467 
f 467/467/467 467/467/467 468/468/468 
f 467/467/467 469/469/469 468/468/468 
f 468/468/468 469/469/469 470/470/470 
f 469/469/469 469/469/469 470/470/470 
f 470/470/470 469/469/469 471/471/471 
f 469/469/469 472/472/472 471/471/471 
f 471/471/471 472/472/472 471/471/471 
f 472/472/472 473/473/473 471/471/471 
f 471/471/471 473/473/473 474/474/474 
f 473/473/473 474/474/474 474/474/474 
f 474/474/474 474/474/474 475/475/475 
f 474/474/474 475/475/475 475/475/475 
f 475/475/475 475/475/475 476/476/476 
f 475/475/475 477/477/477 476/476/476 
f 476/476/476 477/477/477 478/478/478 
f 477/477/477 478/478/478 478/478/478 
f 478/478/478 478/478/478 479/479/479 
f 478/478/478 479/479/479 479/479/479 
f 479/479/479 479/479/479 480/480/480 
f 479/479/479 481/481/481 480/480/480 
f 480/480/480 481/481/481 482/482/482 
f 481/481/481 483/483/483 482/482/482 
f 482/482/482 483/483/483 484/484/484 
f 483/483/483 484/484/484 484/484/484 
f 484/484/484 484/484/484 485/485/485 
f 484/484/484 485/485/485 485/485/485 
f 485/485/485 485/485/485 486/486/486 
f 485/485/485 487/487/487 486/486/486 
f 486/486/486 487/487/487 488/488/488 
f 487/487/487 489/489/489 488/488/488 
f 488/488/488 489/489/489 490/490/490 
f 489/489/489 490/490/490 490/490/490 
f 490/490/490 490/490/490 491/491/491 
f 490/490/490 491/491/491 491/491/491 
f 491/491/491 491/491/491 492/492/492 
f 491/491/491 493/493/493 492/492/492 
f 492/492/492 493/493/493 494/494/494 
f 493/493/493 494/494/494 494/494/494 
f 494/494/494 494/494/494 495/495/495 
f 494/494/494 495/495/495 495/495/495 
f 495/495/495 495/495/495 496/496/496 
f 495/495/495 497/497/497 496/496/496 
f 496/496/496 497/497/497 498/498/498 
f 497/497/497 499/499/499 498/498/498 
f 498/498/498 499/499/499 500/500/500 
f 499/499/499 500/500/500 500/500/500 
f 500/500/500 500/500/500 501/501/501 
f 500/500/500 501/501/501 501/501/501 
f 501/501/501 501/501/501 502/502/502 
f 501/501/501 503/503/503 502/502/502 
f 502/502/502 503/503/503 504/504/504 
f 503/503/503 503/503/503 504/504/504 
f 504/504/504 503/503/503 505/505/505 
f 503/503/503 506/506/506 505/505/505 
f 505/505/505 506/506/506 505/505/505 
f 506/506/506 507/507/507 505/505/505 
f 505/505/505 507/507/507 508/508/508 
f 507/507/507 508/508/508 508/508/508 
f 508/508/508 508/508/508 509/509/509 
f 508/508/508 509/509/509 509/509/509 
f 509/509/509 509/509/509 510/510/510 
f 509/509/509 511/511/511 510/510/510 
f 510/510/510 511/511/511 512/512/512 
f 511/511/511 512/512/512 512/512/512 
f 512/512/512 512/512/512 513/513/513 
f 512/512/512 513/513/513 513/513/513 
f 513/513/513 513/513/513 514/514/514 
f 513/513/513 515/515/515 514/514/514 
f 514/514/514 515/515/515 516/516/516 
f 515/515/515 515/515/515 516/516/516 
f 516/516/516 515/515/515 517/517/517 
f 515/515/515 518/518/518 517/517/517 
f 517/517/517 518/518/518 517/517/517 
f 518/518/518 519/519/519 517/517/517 
f 517/517/517 519/519/519 520/520/520 
f 519/519/519 520/520/520 520/520/520 
f 520/520/520 520/520/520 521/521/521 
f 520/520/520 521/521/521 521/521/521 
f 521/521/521 521/521/521 522/522/522 
f 521/521/521 523/523/523 522/522/522 
f 522/522/522 523/523/523 524/524/524 
f 523/523/523 524/524/524 524/524/524 
f 524/524/524 524/524/524 525/525/525 
f 524/524/524 525/525/525 525/525/525 
f 525/525/525 525/525/525 526/526/526 
f 525/525/525 527/527/527 526/526/526 
f 526/526/526 527/527/527 528/528/528 
f 527/527/527 529/529/529 528/528/528 
f 528/528/528 529/529/529 530/530/530 
f 529/529/529 530/530/530 530/530/530 
f 530/530/530 530/530/530 531/531/531 
f 530/530/530 531/531/531 531/531/531 
f 531/531/531 531/531/531 532/532/532 
f 531/531/531 533/533/533 532/532/532 
f 532/532/532 533/533/533 534/534/534 
f 533/533/533 535/535/535 534/534/534 
f 534/534/534 535/535/535 536/536/536 
f 535/535/535 536/536/536 536/536/536 
f 536/536/536 536/536/536 537/537/537 
f 536/536/536 537/537/537 537/537/537 
f 537/537/537 537/537/537 538/538/538 
f 537/537/537 539/539/539 538/538/538 
f 538/538/538 539/539/539 540/540/540 
f 539/539/539 540/540/540 540/540/540 
f 540/540/540 540/540/540 541/541/541 
f 540/540/540 541/541/541 541/541/541 
f 541/541/541 541/541/541 542/542/542 
f 541/541/541 543/543/543 542/542/542 
f 542/542/542 543/543/543 544/544/544 
f 543/543/543 545/545/545 544/544/544 
f 544/544/544 545/545/545 546/546/546 
f 545/545/545 546/546/546 546/546/546 
f 546/546/546 546/546/546 547/547/547 
f 546/546/546 547/547/547 547/547/547 
f 547/547/547 547/547/547 548/548/548 
f 547/547/547 549/549/549 548/548/548 
f 548/548/548 549/549/549 550/550/550 
f 549/549/549 549/549/549 550/550/550 
f 550/550/550 549/549/549 551/551/551 
f 549/549/549 552/552/552 551/551/551 
f 551/551/551 552/552/552 551/551/551 
f 552/552/552 553/553/553 551/551/551 
f 551/551/551 553/553/553 554/554/554 
f 553/553/553 554/554/554 554/554/554 
f 554/554/554 554/554/554 555/555/555 
f 554/554/554 555/555/555 555/555/555 
f 555/555/555 555/555/555 556/556/556 
f 555/555/555 557/557/557 556/556/556 
f 556/556/556 557/557/557 558/558/558 
f 557/557/557 558/558/558 558/558/558 
f 558/558/558 558/558/558 559/559/559 
f 558/558/558 559/559/559 559/559/559 
f 559/559/559 559/559/559 560/560/560 
f 559/559/559 561/561/561 560/560/560 
f 560/560/560 561/561/561 562/562/562 
f 561/561/561 561/561/561 562/562/562 
f 562/562/562 561/561/561 563/563/563 
f 561/561/561 564/564/564 563/563/563 
f 563/563/563 564/564/564 563/563/563 
f 564/564/564 565/565/565 563/563/563 
f 563/563/563 565/565/565 566/566/566 
f 565/565/565 566/566/566 566/566/566 
f 566/566/566 566/566/566 567/567/567 
f 566/566/566 567/567/567 567/567/567 
f 567/567/567 567/567/567 568/568/568 
f 567/567/567 569/569/569 568/568/568 
f 568/568/568 569/569/569 570/570/570 
f 569/569/569 570/570/570 570/570/570 
f 570/570/570 570/570/570 571/571/571 
f 570/570/570 571/571/571 571/571/571 
f 571/571/571 571/571/571 572/572/572 
f 571/571/571 573/573/573 572/572/572 
f 572/572/572 573/573/573 574/574/574 
f 573/573/573 575/575/575 574/574/574 
f 574/574/574 575/575/575 576/576/576 
f 575/575/575 576/576/576 576/576/576 
f 576/576/576 576/576/576 577/577/577 
f 576/576/576 577/577/577 577/577/577 
f 577/577/577 577/577/577 578/578/578 
f 577/577/577 579/579/579 578/578/578 
f 578/578/578 579/579/579 580/580/580 
f 579/579/579 581/581/581 580/580/580 
f 580/580/580 581/581/581 582/582/582 
f 581/581/581 582/582/582 582/582/582 
f 582/582/582 582/582/582 583/583/583 
f 582/582/582 583/583/583 583/583/583 
f 583/583/583 583/583/583 584/584/584 
f 583/583/583 585/585/585 584/584/584 
f 584/584/584 585/585/585 586/586/586 
f 585/585/585 586/586/586 586/586/586 
f 586/586/586 586/586/586 587/587/587 
f 586/586/586 587/587/587 587/587/587 
f 587/587/587 587/587/587 588/588/588 
f 587/587/587 589/589/589 588/588/588 
f 588/588/588 589/589/589 590/590/590 
f 589/589/589 591/591/591 590/590/590 
f 590/590/590 591/591/591 592/592/592 
f 591/591/591 592/592/592 592/592/592 
f 592/592/592 592/592/592 593/593/593 
f 592/592/592 593/593/593 593/593/593 
f 593/593/593 593/593/593 594/594/594 
f 593/593/593 595/595/595 594/594/594 
f 594/594/594 595/595/595 596/596/596 
f 595/595/595 595/595/595 596/596/596 
f 596/596/596 595/595/595 597/597/597 
f 595/595/595 598/598/598 597/597/597 
f 597/597/597 598/598/598 597/597/597 
f 598/598/598 599/599/599 597/597/597 
f 597/597/597 599/599/599 600/600/600 
f 599/599/599 600/600/600 600/600/600 
f 600/600/600 600/600/600 601/601/601 
f 600/600/600 601/601/601 601/601/601 
f 601/601/601 601/601/601 602/602/602 
f 601/601/601 603/603/603 602/602/602 
f 602/602/602 603/603/603 604/604/604 
f 603/603/603 604/604/604 604/604/604 
f 604/604/604 604/604/604 605/605/605 
f 604/604/604 605/605/605 605/605/605 
f 605/605/605 605/605/605 606/606/606 
f 605/605/605 607/607/607 606/606/606 
f 606/606/606 607/607/607 608/608/608 
f 607/607/607 607/607/607 608/608/608 
f 608/608/608 607/607/607 609/609/609 
f 607/607/607 610/610/610 609/609/609 
f 609/609/609 610/610/610 609/609/609 
f 610/610/610 611/611/611 609/609/609 
f 609/609/609 611/611/611 612/612/612 
f 611/611/611 612/612/612 612/612/612 
f 612/612/612 612/612/612 613/613/613 
f 612/612/612 613/613/613 613/613/613 
f 613/613/613 613/613/613 614/614/614 
f 613/613/613 615/615/615 614/614/614 
f 614/614/614 615/615/615 616/616/616 
f 615/615/615 616/616/616 616/616/616 
f 616/616/616 616/616/616 617/617/617 
f 616/616/616 617/617/617 617/617/617 
f 617/617/617 617/617/617 618/618/618 
f 617/617/617 619/619/619 618/618/618 
f 618/618/618 619/619/619 620/620/620 
f 619/619/619 621/621/621 620/620/620 
f 620/620/620 621/621/621 622/622/622 
f 621/621/621 622/622/622 622/622/622 
f 622/622/622 622/622/622 623/623/623 
f 622/622/622 623/623/623 623/623/623 
f 623/623/623 623/623/623 624/624/624 
f 623/623/623 625/625/625 624/624/624 
f 624/624/624 625/625/625 626/626/626 
f 625/625/625 627/627/627 626/626/626 
f 626/626/626 627/627/627 628/628/628 
f 627/627/627 628/628/628 628/628/628 
f 628/628/628 628/628/628 629/629/629 
f 628/628/628 629/629/629 629/629/629 
f 629/629/629 629/629/629 630/630/630 
f 629/629/629 631/631/631 630/630/630 
f 630/630/630 631/631/631 632/632/632 
f 631/631/631 632/632/632 632/632/632 
f 632/632/632 632/632/632 633/633/633 
f 632/632/632 633/633/633 633/633/633 
f 633/633/633 633/633/633 634/634/634 
f 633/633/633 635/635/635 634/634/634 
f 634/634/634 635/635/635 636/636/636 
f 635/635/635 637/637/637 636/636/636 
f 636/636/636 637/637/637 638/638/638 
f 637/637/637 638/638/638 638/638/638 
f 638/638/638 638/638/638 639/639/639 
f 638/638/638 639/639/639 639/639/639 
f 639/639/639 639/639/639 640/640/640 
f 639/639/639 641/641/641 640/640/640 
f 640/640/640 641/641/641 642/642/642 
f 641/641/641 641/641/641 642/642/642 
f 642/642/642 641/641/641 643/643/643 
f 641/641/641 644/644/644 643/643/643 
f 643/643/643 644/644/644 643/643/643 
f 644/644/644 645/645/645 643/643/643 
f 643/643/643 645/645/645 646/646/646 
f 645/645/645 646/646/646 646/646/646 
f 646/646/646 646/646/646 647/647/647 
f 646/646/646 647/647/647 647/647/647 
f 647/647/647 647/647/647 648/648/648 
f 647/647/647 649/649/649 648/648/648 
f 648/648/648 649/649/649 650/650/650 
f 649/649/649 650/650/650 650/650/650 
f 650/650/650 650/650/650 651/651/651 
f 650/650/650 651/651/651 651/651/651 
f 651/651/651 651/651/651 652/652/652 
f 651/651/651 653/653/653 652/652/652 
f 652/652/652 653/653/653 654/654/654 
f 653/653/653 653/653/653 654/654/654 
f 654/654/654 653/653/653 655/655/655 
f 653/653/653 656/656/656 655/655/655 
f 655/655/655 656/656/656 655/655/655 
f 656/656/656 657/657/657 655/655/655 
f 655/655/655 657/657/657 658/658/658 
f 657/657/657 658/658/658 658/658/658 
f 658/658/658 658/658/658 659/659/659 
f 658/658/658 659/659/659 659/659/659 
f 659/659/659 659/659/659 660/660/660 
f 659/659/659 661/661/661 660/660/660 
f 660/660/660 661/661/661 662/662/662 
f 661/661/661 662/662/662 662/662/662 
f 662/662/662 662/662/662 663/663/663 
f 662/662/662 663/663/663 663/663/663 
f 663/663/663 663/663/663 664/664/664 
f 663/663/663 665/665/665 664/664/664 
f 664/664/664 665/665/665 666/666/666 
f 665/665/665 667/667/667 666/666/666 
f 666/666/666 667/667/667 668/668/668 
f 667/667/667 668/668/668 668/668/668 
f 668/668/668 668/668/668 669/669/669 
f 668/668/668 669/669/669 669/669/669 
f 669/669/669 669/669/669 670/670/670 
f 669/669/669 671/671/671 670/670/670 
f 670/670/670 671/671/671 672/672/672 
f 671/671/671 673/673/673 672/672/672 
f 672/672/672 673/673/673 674/674/674 
f 673/673/673 674/674/674 674/674/674 
f 674/674/674 674/674/674 675/675/675 
f 674/674/674 675/675/675 675/675/675 
f 675/675/675 675/675/675 676/676/676 
f 675/675/675 677/677/677 676/676/676 
f 676/676/676 677/677/677 678/678/678 
f 677/677/677 678/678/678 678/678/678 
f 678/678/678 678/678/678 679/679/679 
f 678/678/678 679/679/679 679/679/679 
f 679/679/679 679/679/679 680/680/680 
f 679/679/679 681/681/681 680/680/680 
f 680/680/680 681/681/681 682/682/682 
f 681/681/681 683/683/683 682/682/682 
f 682/682/682 683/683/683 684/684/684 
f 683/683/683 684/684/684 684/684/684 
f 684/684/684 684/684/684 685/685/685 
f 684/684/684 685/685/685 685/685/685 
f 685/685/685 685/685/685 686/686/686 
f 685/685/685 687/687/687 686/686/686 
f 686/686/686 687/687/687 688/688/688 
f 687/687/687 687/687/687 688/688/688 
f 688/688/688 687/687/687 689/689/689 
f 687/687/687 690/690/690 689/689/689 
f 689/689/689 690/690/690 689/689/689 
f 690/690/690 691/691/691 689/689/689 
f 689/689/689 691/691/691 692/692/692 
f 691/691/691 692/692/692 692/692/692 
f 692/692/692 692/692/692 693/693/693 
f 692/692/692 693/693/693 693/693/693 
f 693/693/693 693/693/693 694/694/694 
f 693/693/693 695/695/695 694/694/694 
f 694/694/694 695/695/695 696/696/696 
f 695/695/695 696/696/696 696/696/696 
f 696/696/696 696/696/696 697/697/697 
f 696/696/696 697/697/697 697/697/697 
f 697/697/697 697/697/697 698/698/698 
f 697/697/697 699/699/699 698/698/698 
f 698/698/698 699/699/699 700/700/700 
f 699/699/699 699/699/699 700/700/700 
f 700/700/700 699/699/699 701/701/701 
f 699/699/699 702/702/702 701/701/701 
f 701/701/701 702/702/702 701/701/701 
f 702/702/702 703/703/703 701/701/701 
f 701/701/701 703/703/703 704/704/704 
f 703/703/703 704/704/704 704/704/704 
f 704/704/704 704/704/704 705/705/705 
f 704/704/704 705/705/705 705/705/705 
f 705/705/705 705/705/705 706/706/706 
f 705/705/705 707/707/707 706/706/706 
f 706/706/706 707/707/707 708/708/708 
f 707/707/707 708/708/708 708/708/708 
f 708/708/708 708/708/708 709/709/709 
f 708/708/708 709/709/709 709/709/709 
f 709/709/709 709/709/709 710/710/710 
f 709/709/709 711/711/711 710/710/710 
f 710/710/710 711/711/711 712/712/712 
f 711/711/711 713/713/713 712/712/712 
f 712/712/712 713/713/713 714/714/714 
f 713/713/713 714/714/714 714/714/714 
f 714/714/714 714/714/714 715/715/715 
f 714/714/714 715/715/715 715/715/715 
f 715/715/715 715/715/715 716/716/716 
f 715/715/715 717/717/717 716/716/716 
f 716/716/716 717/717/717 718/718/718 
f 717/717/717 719/719/719 718/718/718 
f 718/718/718 719/719/719 720/720/720 
f 719/719/719 720/720/720 720/720/720 
f 720/720/720 720/720/720 721/721/721 
f 720/720/720 721/721/721 721/721/721 
f 721/721/721 721/721/721 722/722/722 
f 721/721/721 723/723/723 722/722/722 
f 722/722/722 723/723/723 724/724/724 
f 723/723/723 724/724/724 724/724/724 
f 724/724/724 724/724/724 725/725/725 
f 724/724/724 725/725/725 725/725/725 
f 725/725/725 725/725/725 726/726/726 
f 725/725/725 727/727/727 726/726/726 
f 726/726/726 727/727/727 728/728/728 
f 727/727/727 729/729/729 728/728/728 
f 728/728/728 729/729/729 730/730/730 
f 729/729/729 730/730/730 730/730/730 
f 730/730/730 730/730/730 731/731/731 
f 730/730/730 731/731/731 731/731/731 
f 731/731/731 731/731/731 732/732/732 
f 731/731/731 733/733/733 732/732/732 
f 732/732/732 733/733/733 734/734/734 
f 733/733/733 733/733/733 734/734/734 
f 734/734/734 733/733/733 735/735/735 
f 733/733/733 736/736/736 735/735/735 
f 735/735/735 736/736/736 735/735/735 
f 736/736/736 737/737/737 735/735/735 
f 735/735/735 737/737/737 738/738/738 
f 737/737/737 738/738/738 738/738/738 
f 738/738/738 738/738/738 739/739/739 
f 738/738/738 739/739/739 739/739/739 
f 739/739/739 739/739/739 740/740/740 
f 739/739/739 741/741/741 740/740/740 
f 740/740/740 741/741/741 742/742/742 
f 741/741/741 742/742/742 742/742/742 
f 742/742/742 742/742/742 743/743/743 
f 742/742/742 743/743/743 743/743/743 
f 743/743/743 743/743/743 744/744/744 
f 743/743/743 745/745/745 744/744/744 
f 744/744/744 745/745/745 746/746/746 
f 745/745/745 745/745/745 746/746/746 
f 746/746/746 745/745/745 747/747/747 
f 745/745/745 748/748/748 747/747/747 
f 747/747/747 748/748/748 747/747/747 
f 748/748/748 749/749/749 747/747/747 
f 747/747/747 749/749/749 750/750/750 
f 749/749/749 750/750/750 750/750/750 
f 750/750/750 750/750/750 751/751/751 
f 750/750/750 751/751/751 751/751/751 
f 751/751/751 751/751/751 752/752/752 
f 751/751/751 753/753/753 752/752/752 
f 752/752/752 753/753/753 754/754/754 
f 753/753/753 754/754/754 754/754/754 
f 754/754/754 754/754/754 755/755/755 
f 754/754/754 755/755/755 755/755/755 
f 755/755/755 755/755/755 756/756/756 
f 755/755/755 757/757/757 756/756/756 
f 756/756/756 757/757/757 758/758/758 
f 757/757/757 759/759/759 758/758/758 
f 758/758/758 759/759/759 760/760/760 
f 759/759/759 760/760/760 760/760/760 
f 760/760/760 760/760/760 761/761/761 
f 760/760/760 761/761/761 761/761/761 
f 761/761/761 761/761/761 762/762/762 
f 761/761/761 763/763/763 762/762/762 
f 762/762/762 763/763/763 764/764/764 
f 763/763/763 765/765/765 764/764/764 
f 764/764/764 765/765/765 766/766/766 
f 765/765/765 766/766/766 766/766/766 
f 766/766/766 766/766/766 767/767/767 
f 766/766/766 767/767/767 767/767/767 
f 767/767/767 767/767/767 768/768/768 
f 767/767/767 769/769/769 768/768/768 
f 768/768/768 769/769/769 770/770/770 
f 769/769/769 770/770/770 770/770/770 
f 770/770/770 770/770/770 771/771/771 
f 770/770/770 771/771/771 771/771/771 
f 771/771/771 771/771/771 772/772/772 
f 771/771/771 773/773/773 772/772/772 
f 772/772/772 773/773/773 774/774/774 
f 773/773/773 775/775/775 774/774/774 
f 774/774/774 775/775/775 776/776/776 
f 775/775/775 776/776/776 776/776/776 
f 776/776/776 776/776/776 777/777/777 
f 776/776/776 777/777/777 777/777/777 
f 777/777/777 777/777/777 778/778/778 
f 777/777/777 779/779/779 778/778/778 
f 778/778/778 779/779/779 780/780/780 
f 779/779/779 779/779/779 780/780/780 
f 780/780/780 779/779/779 781/781/781 
f 779/779/779 782/782/782 781/781/781 
f 781/781/781 782/782/782 781/781/781 
f 782/782/782 783/783/783 781/781/781 
f 781/781/781 783/783/783 784/784/784 
f 783/783/783 784/784/784 784/784/784 
f 784/784/784 784/784/784 785/785/785 
f 784/784/784 785/785/785 785/785/785 
f 785/785/785 785/785/785 786/786/786 
f 785/785/785 787/787/787 786/786/786 
f 786/786/786 787/787/787 788/788/788 
f 787/787/787 788/788/788 788/788/788 
f 788/788/788 788/788/788 789/789/789 
f 788/788/788 789/789/789 789/789/789 
f 789/789/789 789/789/789 790/790/790 
f 789/789/789 791/791/791 790/790/790 
f 790/790/790 791/791/791 792/792/792 
f 791/791/791 791/791/791 792/792/792 
f 792/792/792 791/791/791 793/793/793 
f 791/791/791 794/794/794 793/793/793 
f 793/793/793 794/794/794 793/793/793 
f 794/794/794 795/795/795 793/793/793 
f 793/793/793 795/795/795 796/796/796 
f 795/795/795 796/796/796 796/796/796 
f 796/796/796 796/796/796 797/797/797 
f 796/796/796 797/797/797 797/797/797 
f 797/797/797 797/797/797 798/798/798 
f 797/797/797 799/799/799 798/798/798 
f 798/798/798 799/799/799 800/800/800 
f 799/799/799 800/800/800 800/800/800 
f 800/800/800 800/800/800 801/801/801 
f 800/800/800 801/801/801 801/801/801 
f 801/801/801 801/801/801 802/802/802 
f 801/801/801 803/803/803 802/802/802 
f 802/802/802 803/803/803 804/804/804 
f 803/803/803 805/805/805 804/804/804 
f 804/804/804 805/805/805 806/806/806 
f 805/805/805 806/806/806 806/806/806 
f 806/806/806 806/806/806 807/807/807 
f 806/806/806 807/807/807 807/807/807 
f 807/807/807 807/807/807 808/808/808 
f 807/807/807 809/809/809 808/808/808 
f 808/808/808 809/809/809 810/810/810 
f 809/809/809 811/811/811 810/810/810 
f 810/810/810 811/811/811 812/812/812 
f 811/811/811 812/812/812 812/812/812 
f 812/812/812 812/812/812 813/813/813 
f 812/812/812 813/813/813 813/813/813 
f 813/813/813 813/813/813 814/814/814 
f 813/813/813 815/815/815 814/814/814 
f 814/814/814 815/815/815 816/816/816 
f 815/815/815 816/816/816 816/816/816 
f 816/816/816 816/816/816 817/817/817 
f 816/816/816 817/817/817 817/817/817 
f 817/817/817 817/817/817 818/818/818 
f 817/817/817 819/819/819 818/818/818 
f 818/818/818 819/819/819 820/820/820 
f 819/819/819 821/821/821 820/820/820 
f 820/820/820 821/821/821 822/822/822 
f 821/821/821 822/822/822 822/822/822 
f 822/822/822 822/822/822 823/823/823 
f 822/822/822 823/823/823 823/823/823 
f 823/823/823 823/823/823 824/824/824 
f 823/823/823 825/825/825 824/824/824 
f 824/824/824 825/825/825 826/826/826 
f 825/825/825 825/825/825 826/826/826 
f 826/826/826 825/825/825 827/827/827 
f 825/825/825 828/828/828 827/827/827 
f 827/827/827 828/828/828 827/827/827 
f 828/828/828 829/829/829 827/827/827 
f 827/827/827 829/829/829 830/830/830 
f 829/829/829 830/830/830 830/830/830 
f 830/830/830 830/830/830 831/831/831 
f 830/830/830 831/831/831 831/831/831 
f 831/831/831 831/831/831 832/832/832 
f 831/831/831 833/833/833 832/832/832 
f 832/832/832 833/833/833 834/834/834 
f 833/833/833 834/834/834 834/834/834 
f 834/834/834 834/834/834 835/835/835 
f 834/834/834 835/835/835 835/835/835 
f 835/835/835 835/835/835 836/836/836 
f 835/835/835 837/837/837 836/836/836 
f 836/836/836 837/837/837 838/838/838 
f 837/837/837 837/837/837 838/838/838 
f 838/838/838 837/837/837 839/839/839 
f 837/837/837 840/840/840 839/839/839 
f 839/839/839 840/840/840 839/839/839 
f 840/840/840 841/841/841 839/839/839 
f 839/839/839 841/841/841 842/842/842 
f 841/841/841 842/842/842 842/842/842 
f 842/842/842 842/842/842 843/843/843 
f 842/842/842 843/843/843 843/843/843 
f 843/843/843 843/843/843 844/844/844 
f 843/843/843 845/845/845 844/844/844 
f 844/844/844 845/845/845 846/846/846 
f 845/845/845 846/846/846 846/846/846 
f 846/846/846 846/846/846 847/847/847 
f 846/846/846 847/847/847 847/847/847 
f 847/847/847 847/847/847 848/848/848 
f 847/847/847 849/849/849 848/848/848 
f 848/848/848 849/849/849 850/850/850 
f 849/849/849 851/851/851 850/850/850 
f 850/850/850 851/851/851 852/852/852 
f 851/851/851 852/852/852 852/852/852 
f 852/852/852 852/852/852 853/853/853 
f 852/852/852 853/853/853 853/853/853 
f 853/853/853 853/853/853 854/854/854 
f 853/853/853 855/855/855 854/854/854 
f 854/854/854 855/855/855 856/856/856 
f 855/855/855 857/857/857 856/856/856 
f 856/856/856 857/857/857 858/858/858 
f 857/857/857 858/858/858 858/858/858 
f 858/858/858 858/858/858 859/859/859 
f 858/858/858 859/859/859 859/859/859 
f 859/859/859 859/859/859 860/860/860 
f 859/859/859 861/861/861 860/860/860 
f 860/860/860 861/861/861 862/862/862 
f 861/861/861 862/862/862 862/862/862 
f 862/862/862 862/862/862 863/863/863 
f 862/862/862 863/863/863 863/863/863 
f 863/863/863 863/863/863 864/864/864 
f 863/863/863 865/865/865 864/864/864 
f 864/864/864 865/865/865 866/866/866 
f 865/865/865 867/867/867 866/866/866 
f 866/866/866 867/867/867 868/868/868 
f 867/867/867 868/868/868 868/868/868 
f 868/868/868 868/868/868 869/869/869 
f 868/868/868 869/869/869 869/869/869 
f 869/869/869 869/869/869 870/870/870 
f 869/869/869 871/871/871 870/870/870 
f 870/870/870 871/871/871 872/872/872 
f 871/871/871 871/871/871 872/872/872 
f 872/872/872 871/871/871 873/873/873 
f 871/871/871 874/874/874 873/873/873 
f 873/873/873 874/874/874 873/873/873 
f 874/874/874 875/875/875 873/873/873 
f 873/873/873 875/875/875 876/876/876 
f 875/875/875 876/876/876 876/876/876 
f 876/876/876 876/876/876 877/877/877 
f 876/876/876 877/877/877 877/877/877 
f 877/877/877 877/877/877 878/878/878 
f 877/877/877 879/879/879 878/878/878 
f 878/878/878 879/879/879 880/880/880 
f 879/879/879 880/880/880 880/880/880 
f 880/880/880 880/880/880 881/881/881 
f 880/880/880 881/881/881 881/881/881 
f 881/881/881 881/881/881 882/882/882 
f 881/881/881 883/883/883 882/882/882 
f 882/882/882 883/883/883 884/884/884 
f 883/883/883 883/883/883 884/884/884 
f 884/884/884 883/883/883 885/885/885 
f 883/883/883 886/886/886 885/885/885 
f 885/885/885 886/886/886 885/885/885 
f 886/886/886 887/887/887 885/885/885 
f 885/885/885 887/887/887 888/888/888 
f 887/887/887 888/888/888 888/888/888 
f 888/888/888 888/888/888 889/889/889 
f 888/888/888 889/889/889 889/889/889 
f 889/889/889 889/889/889 890/890/890 
f 889/889/889 891/891/891 890/890/890 
f 890/890/890 891/891/891 892/892/892 
f 891/891/891 892/892/892 892/892/892 
f 892/892/892 892/892/892 893/893/893 
f 892/892/892 893/893/893 893/893/893 
f 893/893/893 893/893/893 894/894/894 
f 893/893/893 895/895/895 894/894/894 
f 894/894/894 895/895/895 896/896/896 
f 895/895/895 897/897/897 896/896/896 
f 896/896/896 897/897/897 898/898/898 
f 897/897/897 898/898/898 898/898/898 
f 898/898/898 898/898/898 899/899/899 
f 898/898/898 899/899/899 899/899/899 
f 899/899/899 899/899/899 900/900/900 
f 899/899/899 901/901/901 900/900/900 
f 900/900/900 901/901/901 902/902/902 
f 901/901/901 903/903/903 902/902/902 
f 902/902/902 903/903/903 904/904/904 
f 903/903/903 904/904/904 904/904/904 
f 904/904/904 904/904/904 905/905/905 
f 904/904/904 905/905/905 905/905/905 
f 905/905/905 905/905/905 906/906/906 
f 905/905/905 907/907/907 906/906/906 
f 906/906/906 907/907/907 908/908/908 
f 907/907/907 908/908/908 908/908/908 
f 908/908/908 908/908/908 909/909/909 
f 908/908/908 909/909/909 909/909/909 
f 909/909/909 909/909/909 910/910/910 
f 909/909/909 911/911/911 910/910/910 
f 910/910/910 911/911/911 912/912/912 
f 911/911/911 913/913/913 912/912/912 
f 912/912/912 913/913/913 914/914/914 
f 913/913/913 914/914/914 914/914/914 
f 914/914/914 914/914/914 915/915/915 
f 914/914/914 915/915/915 915/915/915 
f 915/915/915 915/915/915 916/916/916 
f 915/915/915 917/917/917 916/916/916 
f 916/916/916 917/917/917 918/918/918 
f 917/917/917 917/917/917 918/918/918 
f 918/918/918 917/917/917 919/919/919 
f 917/917/917 920/920/920 919/919/919 
f 919/919/919 920/920/920 919/919/919 
f 920/920/920 921/921/921 919/919/919 
f 919/919/919 921/921/921 922/922/922 
f 921/921/921 922/922/922 922/922/922 
f 922/922/922 922/922/922 923/923/923 
f 922/922/922 923/923/923 923/923/923 
f 923/923/923 923/923/923 924/924/924 
f 923/923/923 925/925/925 924/924/924 
f 924/924/924 925/925/925 926/926/926 
f 925/925/925 926/926/926 926/926/926 
f 926/926/926 926/926/926 927/927/927 
f 926/926/926 927/927/927 927/927/927 
f 927/927/927 927/927/927 928/928/928 
f 927/927/927 929/929/929 928/928/928 
f 928/928/928 929/929/929 930/930/930 
f 929/929/929 929/929/929 930/930/930 
f 930/930/930 929/929/929 931/931/931 
f 929/929/929 932/932/932 931/931/931 
f 931/931/931 932/932/932 931/931/931 
f 932/932/932 933/933/933 931/931/931 
f 931/931/931 933/933/933 934/934/934 
f 933/933/933 934/934/934 934/934/934 
f 934/934/934 934/934/934 935/935/935 
f 934/934/934 935/935/935 935/935/935 
f 935/935/935 935/935/935 936/936/936 
f 935/935/935 937/937/937 936/936/936 
f 936/936/936 937/937/937 938/938/938 
f 937/937/937 938/938/938 938/938/938 
f 938/938/938 938/938/938 939/939/939 
f 938/938/938 939/939/939 939/939/939 
f 939/939/939 939/939/939 940/940/940 
f 939/939/939 941/941/941 940/940/940 
f 940/940/940 941/941/941 942/942/942 
f 941/941/941 943/943/943 942/942/942 
f 942/942/942 943/943/943 944/944/944 
f 943/943/943 944/944/944 944/944/944 
f 944/944/944 944/944/944 945/945/945 
f 944/944/944 945/945/945 945/945/945 
f 945/945/945 945/945/945 946/946/946 
f 945/945/945 947/947/947 946/946/946 
f 946/946/946 947/947/947 948/948/948 
f 947/947/947 949/949/949 948/948/948 
f 948/948/948 949/949/949 950/950/950 
f 949/949/949 950/950/950 950/950/950 
f 950/950/950 950/950/950 951/951/951 
f 950/950/950 951/951/951 951/951/951 
f 951/951/951 951/951/951 952/952/952 
f 951/951/951 953/953/953 952/952/952 
f 952/952/952 953/953/953 954/954/954 
f 953/953/953 954/954/954 954/954/954 
f 954/954/954 954/954/954 955/955/955 
f 954/954/954 955/955/955 955/955/955 
f 955/955/955 955/955/955 956/956/956 
f 955/955/955 957/957/957 956/956/956 
f 956/956/956 957/957/957 958/958/958 
f 957/957/957 959/959/959 958/958/958 
f 958/958/958 959/959/959 960/960/960 
f 959/959/959 960/960/960 960/960/960 
f 960/960/960 960/960/960 961/961/961 
f 960/960/960 961/961/961 961/961/961 
f 961/961/961 961/961/961 962/962/962 
f 961/961/961 963/963/963 962/962/962 
f 962/962/962 963/963/963 964/964/964 
f 963/963/963 963/963/963 964/964/964 
f 964/964/964 963/963/963 965/965/965 
f 963/963/963 966/966/966 965/965/965 
f 965/965/965 966/966/966 965/965/965 
f 966/966/966 967/967/967 965/965/965 
f 965/965/965 967/967/967 968/968/968 
f 967/967/967 968/968/968 968/968/968 
f 968/968/968 968/968/968 969/969/969 
f 968/968/968 969/969/969 969/969/969 
f 969/969/969 969/969/969 970/970/970 
f 969/969/969 971/971/971 970/970/970 
f 970/970/970 971/971/971 972/972/972 
f 971/971/971 972/972/972 972/972/972 
f 972/972/972 972/972/972 973/973/973 
f 972/972/972 973/973/973 973/973/973 
f 973/973/973 973/973/973 974/974/974 
f 973/973/973 975/975/975 974/974/974 
f 974/974/974 975/975/975 976/976/976 
f 975/975/975 975/975/975 976/976/976 
f 976/976/976 975/975/975 977/977/977 
f 975/975/975 978/978/978 977/977/977 
f 977/977/977 978/978/978 977/977/977 
f 978/978/978 979/979/979 977/977/977 
f 977/977/977 979/979/979 980/980/980 
f 979/979/979 980/980/980 980/980/980 
f 980/980/980 980/980/980 981/981/981 
f 980/980/980 981/981/981 981/981/981 
f 981/981/981 981/981/981 982/982/982 
f 981/981/981 983/983/983 982/982/982 
f 982/982/982 983/983/983 984/984/984 
f 983/983/983 984/984/984 984/984/984 
f 984/984/984 984/984/984 985/985/985 
f 984/984/984 985/985/985 985/985/985 
f 985/985/985 985/985/985 986/986/986 
f 985/985/985 987/987/987 986/986/986 
f 986/986/986 987/987/987 988/988/988 
f 987/987/987 989/989/989 988/988/988 
f 988/988/988 989/989/989 990/990/990 
f 989/989/989 990/990/990 990/990/990 
f 990/990/990 990/990/990 991/991/991 
f 990/990/990 991/991/991 991/991/991 
f 991/991/991 991/991/991 992/992/992 
f 991/991/991 993/993/993 992/992/992 
f 992/992/992 993/993/993 994/994/994 
f 993/993/993 995/995/995 994/994/994 
f 994/994/994 995/995/995 996/996/996 
f 995/995/995 996/996/996 996/996/996 
f 996/996/996 996/996/996 997/997/997 
f 996/996/996 997/997/997 997/997/997 
f 997/997/997 997/997/997 998/998/998 
f 997/997/997 999/999/999 998/998/998 
f 998/998/998 999/999/999 1000/1000/1000 
f 999/999/999 1000/1000/1000 1000/1000/1000 
f 1000/1000/1000 1000/1000/1000 1001/1001/1001 
f 1000/1000/1000 1001/1001/1001 1001/1001/1001 
f 1001/1001/1001 1001/1001/1001 1002/1002/1002 
f 1001/1001/1001 1003/1003/1003 1002/1002/1002 
f 1002/1002/1002 1003/1003/1003 1004/1004/1004 
f 1003/1003/1003 1005/1005/1005 1004/1004/1004 
f 1004/1004/1004 1005/1005/1005 1006/1006/1006 
f 1005/1005/1005 1006/1006/1006 1006/1006/1006 
f 1006/1006/1006 1006/1006/1006 1007/1007/1007 
f 1006/1006/1006 1007/1007/1007 1007/1007/1007 
f 1007/1007/1007 1007/1007/1007 1008/1008/1008 
f 1007/1007/1007 1009/1009/1009 1008/1008/1008 
f 1008/1008/1008 1009/1009/1009 1010/1010/1010 
f 1009/1009/1009 1009/1009/1009 1010/1010/1010 
f 1010/1010/1010 1009/1009/1009 1011/1011/1011 
f 1009/1009/1009 1012/1012/1012 1011/1011/1011 
f 1011/1011/1011 1012/1012/1012 1011/1011/1011 
f 1012/1012/1012 1013/1013/1013 1011/1011/1011 
f 1011/1011/1011 1013/1013/1013 1014/1014/1014 
f 1013/1013/1013 1014/1014/1014 1014/1014/1014 
f 1014/1014/1014 1014/1014/1014 1015/1015/1015 
f 1014/1014/1014 1015/1015/1015 1015/1015/1015 
f 1015/1015/1015 1015/1015/1015 1016/1016/1016 
f 1015/1015/1015 1017/1017/1017 1016/1016/1016 
f 1016/1016/1016 1017/1017/1017 1018/1018/1018 
f 1017/1017/1017 1018/1018/1018 1018/1018/1018 
f 1018/1018/1018 1018/1018/1018 1019/1019/1019 
f 1018/1018/1018 1019/1019/1019 1019/1019/1019 
f 1019/1019/1019 1019/1019/1019 1020/1020/1020 
f 1019/1019/1019 1021/1021/1021 1020/1020/1020 
f 1020/1020/1020 1021/1021/1021 1022/1022/1022 
f 1021/1021/1021 1021/1021/1021 1022/1022/1022 
f 1022/1022/1022 1021/1021/1021 1023/1023/1023 
f 1021/1021/1021 1024/1024/1024 1023/1023/1023 
f 1023/1023/1023 1024/1024/1024 1023/1023/1023 
f 1024/1024/1024 1025/1025/1025 1023/1023/1023 
f 1023/1023/1023 1025/1025/1025 1026/1026/1026 
f 1025/1025/1025 1026/1026/1026 1026/1026/1026 
f 1026/1026/1026 1026/1026/1026 1027/1027/1027 
f 1026/1026/1026 1027/1027/1027 1027/1027/1027 
f 1027/1027/1027 1027/1027/1027 1028/1028/1028 
f 1027/1027/1027 1029/1029/1029 1028/1028/1028 
f 1028/1028/1028 1029/1029/1029 1030/1030/1030 
f 1029/1029/1029 1029/1029/1029 1030/1030/1030 
f 1030/1030/1030 1029/1029/1029 1031/1031/1031 
f 1029/1029/1029 1032/1032/1032 1031/1031/1031 
f 1031/1031/1031 1032/1032/1032 1031/1031/1031 
f 1032/1032/1032 1033/1033/1033 1031/1031/1031 
f 1031/1031/1031 1033/1033/1033 1034/1034/1034 
f 1033/1033/1033 1034/1034/1034 1034/1034/1034 
f 1034/1034/1034 1034/1034/1034 1035/1035/1035 
f 1034/1034/1034 1035/1035/1035 1035/1035/1035 
f 1035/1035/1035 1035/1035/1035 1036/1036/1036 
f 1035/1035/1035 1037/1037/1037 1036/1036/1036 
f 1036/1036/1036 1037/1037/1037 1038/1038/1038 
f 1037/1037/1037 1038/1038/1038 1038/1038/1038 
f 1038/1038/1038 1038/1038/1038 1039/1039/1039 
f 1038/1038/1038 1039/1039/1039 1039/1039/1039 
f 1039/1039/1039 1039/1039/1039 1040/1040/1040 
f 1039/1039/1039 1041/1041/1041 1040/1040/1040 
f 1040/1040/1040 1041/1041/1041 1042/1042/1042 
f 1041/1041/1041 1043/1043/1043 1042/1042/1042 
f 1042/1042/1042 1043/1043/1043 1044/1044/1044 

