mtllib model_5.mtl
o model_5
v 1.0717159509658813 -1.046832799911499 2.5789635181427 
v 1.0557104349136353 -1.0005298852920532 2.801313638687134 
v 1.0235053300857544 -1.1216400861740112 2.571174144744873 
v 0.9384980797767639 -1.1588029861450195 2.799445152282715 
v 1.094810962677002 -0.9950389266014099 2.8854055404663086 
v 0.9860221743583679 -1.1536939144134521 2.881742477416992 
v 0.8120090365409851 -1.286052942276001 2.8330447673797607 
v 0.902942955493927 -1.2692301273345947 2.9061899185180664 
v 0.7588518261909485 -1.4140424728393555 2.9622745513916016 
v 0.8614593744277954 -1.3691155910491943 3.0011613368988037 
v 0.7021849155426025 -1.4331798553466797 3.1113693714141846 
v 0.8079665899276733 -1.376693606376648 3.111114978790283 
v 0.719123363494873 -1.329648494720459 3.2797932624816895 
v 0.7517170310020447 -1.3217604160308838 3.208498954772949 
v 0.7398200035095215 -1.197774887084961 3.35270619392395 
v 0.8309001326560974 -1.2028359174728394 3.2830662727355957 
v 0.8431401252746582 -1.0031404495239258 3.39381742477417 
v 0.9096522927284241 -1.0586591958999634 3.332984447479248 
v 0.9417511820793152 -0.8458437323570251 3.387678623199463 
v 0.975824773311615 -0.9137963652610779 3.350321054458618 
v 1.1315126419067383 -0.6459023356437683 3.3523154258728027 
v 1.0625638961791992 -0.8379241824150085 3.2731759548187256 
v 1.1600433588027954 -0.636352002620697 3.2775092124938965 
v 1.1132537126541138 -0.8304635882377625 3.1681766510009766 
v 1.1695607900619507 -0.7360631227493286 2.976877212524414 
v 1.1235144138336182 -0.8383363485336304 3.024548292160034 
v 0.9989230036735535 -0.9576784372329712 3.024521827697754 
v 0.9330323338508606 -1.1491001844406128 2.9692041873931885 
v 0.9330693483352661 -0.9709137678146362 3.1728835105895996 
v 0.8543853759765625 -1.162265658378601 3.1142971515655518 
v -1.0717159509658813 -1.046832799911499 2.5789635181427 
v -1.0235053300857544 -1.1216400861740112 2.571174144744873 
v -1.0557104349136353 -1.0005298852920532 2.801313638687134 
v -0.9384980797767639 -1.1588029861450195 2.799445152282715 
v -1.094810962677002 -0.9950389266014099 2.8854055404663086 
v -0.9860221743583679 -1.1536939144134521 2.881742477416992 
v -0.9989230036735535 -0.9576784372329712 3.024521827697754 
v -0.9330323338508606 -1.1491001844406128 2.9692041873931885 
v -0.9330693483352661 -0.9709137678146362 3.1728835105895996 
v -0.8543853759765625 -1.162265658378601 3.1142971515655518 
v -0.9096522927284241 -1.0586591958999634 3.332984447479248 
v -0.8309001326560974 -1.2028359174728394 3.2830662727355957 
v -0.8431401252746582 -1.0031404495239258 3.39381742477417 
v -0.7398200035095215 -1.197774887084961 3.35270619392395 
v -0.9417511820793152 -0.8458437323570251 3.387678623199463 
v -0.975824773311615 -0.9137963652610779 3.350321054458618 
v -1.0625638961791992 -0.8379241824150085 3.2731759548187256 
v -1.1132537126541138 -0.8304635882377625 3.1681766510009766 
v -1.1235144138336182 -0.8383363485336304 3.024548292160034 
v -1.1695607900619507 -0.7360631227493286 2.976877212524414 
v -1.1315126419067383 -0.6459023356437683 3.3523154258728027 
v -1.1600433588027954 -0.636352002620697 3.2775092124938965 
v 0.4721454083919525 -1.9067825078964233 1.6466869115829468 
v 0.6708052754402161 -1.8456450700759888 1.7005119323730469 
v 0.2593621611595154 -2.0189762115478516 1.6263843774795532 
v 0.6070508360862732 -2.01654314994812 1.7857438325881958 
v 0.29299208521842957 -2.186297655105591 1.8294353485107422 
v 0.5110036730766296 -2.2193636894226074 2.005750894546509 
v 0.3205661177635193 -2.323488712310791 1.9959218502044678 
v 0.3140913248062134 -2.2536585330963135 2.3630166053771973 
v 0.1639106422662735 -2.4683220386505127 2.277066230773926 
v 2.7755575615628914e-17 -2.4683220386505127 2.277066230773926 
v 0.1491546630859375 -2.429143190383911 1.9501796960830688 
v 2.7755575615628914e-17 -2.4648618698120117 2.0071356296539307 
v 0.7069304585456848 -2.070406436920166 1.9033434391021729 
v 0.7442591786384583 -2.041109085083008 2.0182058811187744 
v 0.7023343443870544 -2.0689809322357178 2.222222089767456 
v 0.5414165258407593 -2.115591287612915 2.399364471435547 
v 0.7823573350906372 -2.0023319721221924 2.3128697872161865 
v 0.8436018824577332 -1.8450422286987305 1.8494075536727905 
v 0.9276310801506042 -1.8322759866714478 2.0338611602783203 
v 0.7823573350906372 -2.0023319721221924 2.3128697872161865 
v 0.9276310801506042 -1.8322759866714478 2.0338611602783203 
v 0.9452571272850037 -1.752959966659546 2.3490185737609863 
v 1.0189906358718872 -1.67483389377594 2.0354251861572266 
v 1.0306270122528076 -1.4572752714157104 2.38073992729187 
v 1.062538743019104 -1.4257975816726685 2.0424044132232666 
v 1.0652620792388916 -1.1776988506317139 2.0503485202789307 
v 1.0061012506484985 -1.1788586378097534 1.8510762453079224 
v 0.9786804914474487 -0.9435843229293823 1.8547043800354004 
v 0.8366304636001587 -0.9764475226402283 1.6514935493469238 
v 0.7799650430679321 -0.7610071897506714 1.6708256006240845 
v 0.5437055826187134 -0.6906613111495972 1.6171152591705322 
v 0.48760730028152466 -0.5227295756340027 1.6727535724639893 
v 0.2119286060333252 -0.43731895089149475 1.6435760259628296 
v 0.5439302325248718 -0.4093501567840576 1.8903261423110962 
v 0.2824760973453522 -0.33086323738098145 1.875436782836914 
v 0.5794311761856079 -0.36750027537345886 2.110684633255005 
v 0.31977152824401855 -0.2920088768005371 2.1067419052124023 
v 0.5887773036956787 -0.351904958486557 2.4959354400634766 
v 0.33226439356803894 -0.2680579423904419 2.495872735977173 
v 0.5602341890335083 -0.37664225697517395 2.8059096336364746 
v 0.32774361968040466 -0.28317883610725403 2.8098926544189453 
v 0.5250274538993835 -0.4452613592147827 2.99641489982605 
v 0.3074902296066284 -0.36333608627319336 3.0128254890441895 
v 0.49764102697372437 -0.5200709104537964 3.18276309967041 
v 0.2926415205001831 -0.4500199258327484 3.213620662689209 
v 0.26106518507003784 -0.6282128691673279 3.3106508255004883 
v 0 -0.6204303503036499 3.3228037357330322 
v 0.2475273609161377 -0.8919880986213684 3.3865888118743896 
v 0 -0.8921045064926147 3.3962926864624023 
v 2.7755575615628914e-17 -1.1435741186141968 3.422929525375366 
v -0.2475273609161377 -0.8919880986213684 3.3865888118743896 
v -0.2534964680671692 -1.1435741186141968 3.412423610687256 
v -0.5043851137161255 -0.9271846413612366 3.3077478408813477 
v -0.5116721391677856 -1.1610195636749268 3.3235392570495605 
v -0.699584424495697 -0.9624102115631104 3.2313241958618164 
v -0.7067024111747742 -1.1784651279449463 3.237271547317505 
v -0.8165375590324402 -0.9703927636146545 3.0054845809936523 
v -0.828919529914856 -1.197604775428772 3.003964900970459 
v -0.926720142364502 -0.9803780913352966 2.77944016456604 
v -0.9442634582519531 -1.2168455123901367 2.770430564880371 
v -1.0218243598937988 -0.9620586037635803 2.43284273147583 
v -1.042829990386963 -1.2067409753799438 2.4008588790893555 
v -1.0341346263885498 -0.9273987412452698 2.0590908527374268 
v -1.0652620792388916 -1.1776988506317139 2.0503485202789307 
v -0.9786804914474487 -0.9435843229293823 1.8547043800354004 
v -1.0061012506484985 -1.1788586378097534 1.8510762453079224 
v -0.8366304636001587 -0.9764475226402283 1.6514935493469238 
v -0.8579182624816895 -1.1757442951202393 1.6536915302276611 
v -0.5897365808486938 -0.9254333972930908 1.580032467842102 
v -0.60777747631073 -1.1413416862487793 1.5766301155090332 
v -0.27447229623794556 -0.874426007270813 1.5086696147918701 
v -0.2863161563873291 -1.1069507598876953 1.499573826789856 
v 0 -0.8744529485702515 1.5090638399124146 
v 2.7755575615628914e-17 -1.1069973707199097 1.4995942115783691 
v 0.2863161563873291 -1.1069507598876953 1.499573826789856 
v 0.2798546850681305 -1.3783479928970337 1.5048640966415405 
v 0.5984123349189758 -1.3831899166107178 1.5743048191070557 
v 0.5535925626754761 -1.6674695014953613 1.5957067012786865 
v 0.7904563546180725 -1.6195508241653442 1.6455457210540771 
v 0.6708052754402161 -1.8456450700759888 1.7005119323730469 
v 0.8436018824577332 -1.8450422286987305 1.8494075536727905 
v 0 -1.3783018589019775 1.5051517486572266 
v -0.2798546850681305 -1.3783479928970337 1.5048640966415405 
v -0.5984123349189758 -1.3831899166107178 1.5743048191070557 
v -0.8472589254379272 -1.3880202770233154 1.6438171863555908 
v -0.9991000890731812 -1.419901728630066 1.8421428203582764 
v -1.062538743019104 -1.4257975816726685 2.0424044132232666 
v -1.0306270122528076 -1.4572752714157104 2.38073992729187 
v -0.9367742538452148 -1.4513676166534424 2.7581608295440674 
v -0.8272709846496582 -1.4259631633758545 2.993412971496582 
v -0.7109078168869019 -1.3987407684326172 3.2285947799682617 
v -0.5120387673377991 -1.4072047472000122 3.3096017837524414 
v -0.25071680545806885 -1.4156429767608643 3.392976760864258 
v 0 -1.4155393838882446 3.4024832248687744 
v 0.2534964680671692 -1.1435741186141968 3.412423610687256 
v 0.5043851137161255 -0.9271846413612366 3.3077478408813477 
v 0.49786993861198425 -0.6834073066711426 3.2536721229553223 
v 0.6297442317008972 -0.5847418904304504 3.1562278270721436 
v 0.714722752571106 -0.5414779782295227 2.975271463394165 
v 0.7937749624252319 -0.5037557482719421 2.7943248748779297 
v 0.8583589792251587 -0.46457639336586 2.496023416519165 
v 0.8448002338409424 -0.46758487820625305 2.1160500049591064 
v 0.813644289970398 -0.5104328393936157 1.9109402894973755 
v 0.710495114326477 -0.6081507205963135 1.7024211883544922 
v 0.9049572944641113 -0.6896510720252991 1.8779592514038086 
v 0.9498769044876099 -0.6575493216514587 2.0842950344085693 
v 1.0341346263885498 -0.9273987412452698 2.0590908527374268 
v 0.9512304067611694 -0.6806673407554626 2.469128131866455 
v 1.0218243598937988 -0.9620586037635803 2.43284273147583 
v 0.8689191341400146 -0.7099683284759521 2.78786563873291 
v 0.926720142364502 -0.9803780913352966 2.77944016456604 
v 0.8165375590324402 -0.9703927636146545 3.0054845809936523 
v 0.828919529914856 -1.197604775428772 3.003964900970459 
v 0.7067024111747742 -1.1784651279449463 3.237271547317505 
v 0.7109078168869019 -1.3987407684326172 3.2285947799682617 
v 0.5120387673377991 -1.4072047472000122 3.3096017837524414 
v 0.4872063100337982 -1.6848748922348022 3.2387983798980713 
v 0.23571529984474182 -1.7268662452697754 3.3094770908355713 
v 0.20763958990573883 -1.976318597793579 3.1603119373321533 
v 2.7755575615628914e-17 -1.9755650758743286 3.1636743545532227 
v 0.21950340270996094 -2.0589945316314697 2.977065324783325 
v 0 -2.064617156982422 2.990128755569458 
v 0.22954711318016052 -2.134629011154175 2.793814182281494 
v 2.7755575615628914e-17 -2.146580934524536 2.81646990776062 
v 0.3140913248062134 -2.2536585330963135 2.3630166053771973 
v 2.7755575615628914e-17 -2.2844581604003906 2.415414810180664 
v 0.7724842429161072 -0.7212769985198975 2.993851661682129 
v 0.6696439981460571 -0.7366631627082825 3.199720859527588 
v 0.699584424495697 -0.9624102115631104 3.2313241958618164 
v 0.5116721391677856 -1.1610195636749268 3.3235392570495605 
v 0.25071680545806885 -1.4156429767608643 3.392976760864258 
v 0 -1.7264989614486694 3.3165009021759033 
v -0.23571529984474182 -1.7268662452697754 3.3094770908355713 
v -0.4872063100337982 -1.6848748922348022 3.2387983798980713 
v -0.6799812316894531 -1.6427921056747437 3.1698694229125977 
v -0.7752220034599304 -1.6873772144317627 2.950549602508545 
v -0.8640347123146057 -1.7279266119003296 2.7315378189086914 
v -0.9452571272850037 -1.752959966659546 2.3490185737609863 
v 2.7755575615628914e-17 -2.2844581604003906 2.415414810180664 
v -0.3140913248062134 -2.2536585330963135 2.3630166053771973 
v -0.1639106422662735 -2.4683220386505127 2.277066230773926 
v -0.3205661177635193 -2.323488712310791 1.9959218502044678 
v -0.1491546630859375 -2.429143190383911 1.9501796960830688 
v -0.8120090365409851 -1.286052942276001 2.8330447673797607 
v -0.902942955493927 -1.2692301273345947 2.9061899185180664 
v -0.8614593744277954 -1.3691155910491943 3.0011613368988037 
v -0.8079665899276733 -1.376693606376648 3.111114978790283 
v -0.7517170310020447 -1.3217604160308838 3.208498954772949 
v -0.719123363494873 -1.329648494720459 3.2797932624816895 
v -0.7588518261909485 -1.4140424728393555 2.9622745513916016 
v -0.7021849155426025 -1.4331798553466797 3.1113693714141846 
v 0.4721454083919525 -1.9067825078964233 1.6466869115829468 
v 0.25356605648994446 -1.7153018712997437 1.5461020469665527 
v 0.25356605648994446 -1.7153018712997437 1.5461020469665527 
v 0 -1.7149555683135986 1.5470426082611084 
v -0.25356605648994446 -1.7153018712997437 1.5461020469665527 
v -0.2593621611595154 -2.0189762115478516 1.6263843774795532 
v 0.2593621611595154 -2.0189762115478516 1.6263843774795532 
v 2.7755575615628914e-17 -2.017947196960449 1.628733515739441 
v -0.7823573350906372 -2.0023319721221924 2.3128697872161865 
v -0.9452571272850037 -1.752959966659546 2.3490185737609863 
v -0.9276310801506042 -1.8322759866714478 2.0338611602783203 
v -1.0189906358718872 -1.67483389377594 2.0354251861572266 
v -0.9466022849082947 -1.67160165309906 1.8394875526428223 
v -0.7904563546180725 -1.6195508241653442 1.6455457210540771 
v -0.8436018824577332 -1.8450422286987305 1.8494075536727905 
v -0.6708052754402161 -1.8456450700759888 1.7005119323730469 
v -0.5535925626754761 -1.6674695014953613 1.5957067012786865 
v -0.4721454083919525 -1.9067825078964233 1.6466869115829468 
v -0.25356605648994446 -1.7153018712997437 1.5461020469665527 
v -0.2593621611595154 -2.0189762115478516 1.6263843774795532 
v -0.4721454083919525 -1.9067825078964233 1.6466869115829468 
v -0.2593621611595154 -2.0189762115478516 1.6263843774795532 
v -0.6708052754402161 -1.8456450700759888 1.7005119323730469 
v -0.6070508360862732 -2.01654314994812 1.7857438325881958 
v -0.7069304585456848 -2.070406436920166 1.9033434391021729 
v -0.5110036730766296 -2.2193636894226074 2.005750894546509 
v -0.7442591786384583 -2.041109085083008 2.0182058811187744 
v -0.7023343443870544 -2.0689809322357178 2.222222089767456 
v -0.5414165258407593 -2.115591287612915 2.399364471435547 
v -0.7823573350906372 -2.0023319721221924 2.3128697872161865 
v -0.29299208521842957 -2.186297655105591 1.8294353485107422 
v 2.7755575615628914e-17 -2.1870510578155518 1.765215516090393 
v 2.7755575615628914e-17 -2.017947196960449 1.628733515739441 
v 2.7755575615628914e-17 -2.323488712310791 1.875333309173584 
v 0.1491546630859375 -2.429143190383911 1.9323229789733887 
v 2.7755575615628914e-17 -2.4648618698120117 1.9892789125442505 
v -0.1491546630859375 -2.429143190383911 1.9323229789733887 
v 1.042829990386963 -1.2067409753799438 2.4008588790893555 
v 0.9367742538452148 -1.4513676166534424 2.7581608295440674 
v 0.8640347123146057 -1.7279266119003296 2.7315378189086914 
v 0.7752220034599304 -1.6873772144317627 2.950549602508545 
v 0.6661549210548401 -1.899594783782959 2.873814821243286 
v 0.6062121987342834 -1.831560492515564 3.0564544200897217 
v 0.432787150144577 -1.9040334224700928 3.107964515686035 
v 0.6799812316894531 -1.6427921056747437 3.1698694229125977 
v 0.9442634582519531 -1.2168455123901367 2.770430564880371 
v 0.8272709846496582 -1.4259631633758545 2.993412971496582 
v 0.4701680541038513 -1.9785943031311035 2.9238131046295166 
v 0.7205740213394165 -1.961909294128418 2.6920268535614014 
v 0.9452571272850037 -1.752959966659546 2.3490185737609863 
v 0.5036503672599792 -2.046780586242676 2.740098714828491 
v 0.7823573350906372 -2.0023319721221924 2.3128697872161865 
v 0.5414165258407593 -2.115591287612915 2.399364471435547 
v -0.3140913248062134 -2.2536585330963135 2.3630166053771973 
v -0.22954711318016052 -2.134629011154175 2.793814182281494 
v -0.5414165258407593 -2.115591287612915 2.399364471435547 
v -0.5036503672599792 -2.046780586242676 2.740098714828491 
v -0.7823573350906372 -2.0023319721221924 2.3128697872161865 
v -0.7205740213394165 -1.961909294128418 2.6920268535614014 
v -0.21950340270996094 -2.0589945316314697 2.977065324783325 
v -0.4701680541038513 -1.9785943031311035 2.9238131046295166 
v -0.6661549210548401 -1.899594783782959 2.873814821243286 
v -0.20763958990573883 -1.976318597793579 3.1603119373321533 
v -0.432787150144577 -1.9040334224700928 3.107964515686035 
v -0.6062121987342834 -1.831560492515564 3.0564544200897217 
v -0.8436018824577332 -1.8450422286987305 1.8494075536727905 
v -0.9276310801506042 -1.8322759866714478 2.0338611602783203 
v -0.104922816157341 -2.4874367713928223 2.293013572692871 
v -0.1390293538570404 -2.488720417022705 2.2049601078033447 
v 0 -2.489379644393921 2.3022589683532715 
v 0 -2.5085911750793457 2.207597255706787 
v 0.1390293538570404 -2.488720417022705 2.2049601078033447 
v 0.06776827573776245 -2.4811246395111084 2.1439387798309326 
v 0.08021171391010284 -2.4221160411834717 2.122061252593994 
v 0 -2.4429988861083984 2.1096181869506836 
v 0 -2.489379644393921 2.1268937587738037 
v -0.06776827573776245 -2.4811246395111084 2.1439387798309326 
v -0.08021171391010284 -2.4221160411834717 2.122061252593994 
v -0.16711732745170593 -2.4097468852996826 2.1982154846191406 
v -0.104922816157341 -2.4874367713928223 2.293013572692871 
v -0.12334175407886505 -2.3705227375030518 2.2232062816619873 
v 0 -2.3825502395629883 2.2290561199188232 
v 0.12334175407886505 -2.3705227375030518 2.2232062816619873 
v 0.16711732745170593 -2.4097468852996826 2.1982154846191406 
v 0.104922816157341 -2.4874367713928223 2.293013572692871 
v 1.1315126419067383 -0.6459023356437683 3.3523154258728027 
v 1.0831040143966675 -0.6131789684295654 3.3334801197052 
v 0.9417511820793152 -0.8458437323570251 3.387678623199463 
v 0.8400871157646179 -0.781449556350708 3.3491592407226562 
v 0.8431401252746582 -1.0031404495239258 3.39381742477417 
v 0.7485796809196472 -0.938919723033905 3.3535854816436768 
v 0.7398200035095215 -1.197774887084961 3.35270619392395 
v 0.6365898251533508 -1.1281142234802246 3.3124148845672607 
v 0.719123363494873 -1.329648494720459 3.2797932624816895 
v 0.5578955411911011 -1.2643917798995972 3.2321348190307617 
v 0.7021849155426025 -1.4331798553466797 3.1113693714141846 
v 0.6051768660545349 -1.3676148653030396 3.0736136436462402 
v 0.7588518261909485 -1.4140424728393555 2.9622745513916016 
v 0.6592410206794739 -1.3467638492584229 2.9234583377838135 
v 0.8120090365409851 -1.286052942276001 2.8330447673797607 
v 0.7268835306167603 -1.2286361455917358 2.7997922897338867 
v 0.9384980797767639 -1.1588029861450195 2.799445152282715 
v 0.8521949052810669 -1.0805772542953491 2.7659411430358887 
v 1.0101021528244019 -1.065652847290039 2.5722646713256836 
v 1.0583126544952393 -0.9908455610275269 2.5800535678863525 
v 1.0717159509658813 -1.046832799911499 2.5789635181427 
v 0.9900076985359192 -0.8667364120483398 2.7882070541381836 
v 1.0557104349136353 -1.0005298852920532 2.801313638687134 
v 1.1695607900619507 -0.7360631227493286 2.976877212524414 
v 0.6565995812416077 -1.1326265335083008 2.7962398529052734 
v 0.7354109287261963 -0.9851905107498169 2.783296823501587 
v 0.8432818651199341 -0.8259099125862122 2.786608934402466 
v 1.0908561944961548 -0.6884175539016724 2.935835123062134 
v 0.8911538124084473 -0.6934106349945068 2.94325852394104 
v 1.1103450059890747 -0.6027796864509583 3.258147954940796 
v 0.8739724159240723 -0.6717599034309387 3.0837016105651855 
v 0.8273520469665527 -0.6819909811019897 3.190263509750366 
v 0.7383158206939697 -0.7536863088607788 3.2574515342712402 
v 0.6393863558769226 -0.8767541646957397 3.22701096534729 
v 0.560364842414856 -1.020747184753418 3.1769895553588867 
v 0.5143699049949646 -1.161760687828064 3.115692138671875 
v 0.5189743041992188 -1.182019829750061 2.9979679584503174 
v 0.5686146020889282 -1.1718151569366455 2.8865387439727783 
v 0.6368732452392578 -1.000284194946289 2.873350143432617 
v 0.7458367943763733 -0.8017306923866272 2.9423251152038574 
v 0.5710197687149048 -1.013519287109375 3.021712303161621 
v 0.6799830794334412 -0.814966082572937 3.090686798095703 
v 1.0235053300857544 -1.1216400861740112 2.571174144744873 
v 1.1600433588027954 -0.636352002620697 3.2775092124938965 
v -0.1491546630859375 -2.429143190383911 1.9501796960830688 
v -0.3205661177635193 -2.323488712310791 1.9959218502044678 
v 2.7755575615628914e-17 -2.2117981910705566 1.9892789125442505 
v -0.1491546630859375 -2.429143190383911 1.9323229789733887 
v 2.7755575615628914e-17 -2.4648618698120117 1.9892789125442505 
v 0.1491546630859375 -2.429143190383911 1.9323229789733887 
v 0.3205661177635193 -2.323488712310791 1.9959218502044678 
v 0.1491546630859375 -2.429143190383911 1.9501796960830688 
v 2.7755575615628914e-17 -2.4648618698120117 2.0071356296539307 
v -1.0235053300857544 -1.1216400861740112 2.571174144744873 
v -1.0717159509658813 -1.046832799911499 2.5789635181427 
v -1.0101021528244019 -1.065652847290039 2.5722646713256836 
v -1.0583126544952393 -0.9908455610275269 2.5800535678863525 
v -0.8521949052810669 -1.0805772542953491 2.7659411430358887 
v -0.9900076985359192 -0.8667364120483398 2.7882070541381836 
v -0.7354109287261963 -0.9851905107498169 2.783296823501587 
v -0.8432818651199341 -0.8259099125862122 2.786608934402466 
v -0.6368732452392578 -1.000284194946289 2.873350143432617 
v -0.7458367943763733 -0.8017306923866272 2.9423251152038574 
v -0.5710197687149048 -1.013519287109375 3.021712303161621 
v -0.6799830794334412 -0.814966082572937 3.090686798095703 
v -0.560364842414856 -1.020747184753418 3.1769895553588867 
v -0.6393863558769226 -0.8767541646957397 3.22701096534729 
v -0.6365898251533508 -1.1281142234802246 3.3124148845672607 
v -0.7485796809196472 -0.938919723033905 3.3535854816436768 
v -0.7398200035095215 -1.197774887084961 3.35270619392395 
v -0.8431401252746582 -1.0031404495239258 3.39381742477417 
v -0.719123363494873 -1.329648494720459 3.2797932624816895 
v -0.5578955411911011 -1.2643917798995972 3.2321348190307617 
v -0.5143699049949646 -1.161760687828064 3.115692138671875 
v -0.5189743041992188 -1.182019829750061 2.9979679584503174 
v -0.5686146020889282 -1.1718151569366455 2.8865387439727783 
v -0.6565995812416077 -1.1326265335083008 2.7962398529052734 
v -0.7268835306167603 -1.2286361455917358 2.7997922897338867 
v -0.9384980797767639 -1.1588029861450195 2.799445152282715 
v -0.8120090365409851 -1.286052942276001 2.8330447673797607 
v -0.6051768660545349 -1.3676148653030396 3.0736136436462402 
v -0.6592410206794739 -1.3467638492584229 2.9234583377838135 
v -0.7588518261909485 -1.4140424728393555 2.9622745513916016 
v -0.7021849155426025 -1.4331798553466797 3.1113693714141846 
v -1.0557104349136353 -1.0005298852920532 2.801313638687134 
v -1.1695607900619507 -0.7360631227493286 2.976877212524414 
v -1.0908561944961548 -0.6884175539016724 2.935835123062134 
v -1.1600433588027954 -0.636352002620697 3.2775092124938965 
v -1.1103450059890747 -0.6027796864509583 3.258147954940796 
v -1.1315126419067383 -0.6459023356437683 3.3523154258728027 
v -1.0831040143966675 -0.6131789684295654 3.3334801197052 
v -0.9417511820793152 -0.8458437323570251 3.387678623199463 
v -0.8400871157646179 -0.781449556350708 3.3491592407226562 
v -0.8911538124084473 -0.6934106349945068 2.94325852394104 
v -0.8739724159240723 -0.6717599034309387 3.0837016105651855 
v -0.8273520469665527 -0.6819909811019897 3.190263509750366 
v -0.7383158206939697 -0.7536863088607788 3.2574515342712402 
v 0.3794040381908417 -2.106480598449707 2.557603359222412 
v 0.4277293086051941 -2.1197657585144043 2.5780675411224365 
v 0.3263402283191681 -2.134230136871338 2.5983505249023438 
v 0.3973461091518402 -2.1427221298217773 2.614222288131714 
v 0.35359176993370056 -2.1163623332977295 2.664702892303467 
v 0.40665361285209656 -2.127833843231201 2.6655139923095703 
v 0.46527746319770813 -2.037233829498291 2.7910850048065186 
v 0.5104284286499023 -2.069179058074951 2.752671480178833 
v 0.5352608561515808 -2.017070770263672 2.726674795150757 
v 0.6336315870285034 -1.9989159107208252 2.737877130508423 
v 0.6846457719802856 -1.9307210445404053 2.7125823497772217 
v 0.6753361225128174 -1.9848302602767944 2.7028489112854004 
v 0.6573940515518188 -1.9485888481140137 2.6462299823760986 
v 0.6547071933746338 -1.990847110748291 2.650430679321289 
v 0.5107384920120239 -2.025949716567993 2.62032151222229 
v 0.5362406969070435 -2.0592970848083496 2.6455719470977783 
v 0.5361123085021973 -2.0742499828338623 2.700392961502075 
v 0.9466022849082947 -1.67160165309906 1.8394875526428223 
v 0.9991000890731812 -1.419901728630066 1.8421428203582764 
v 0.8472589254379272 -1.3880202770233154 1.6438171863555908 
v 0.8579182624816895 -1.1757442951202393 1.6536915302276611 
v 0.60777747631073 -1.1413416862487793 1.5766301155090332 
v 0.5897365808486938 -0.9254333972930908 1.580032467842102 
v 0.27447229623794556 -0.874426007270813 1.5086696147918701 
v 0.24613456428050995 -0.6203214526176453 1.5636845827102661 
v 0 -0.6203457713127136 1.5648078918457031 
v -0.24613456428050995 -0.6203214526176453 1.5636845827102661 
v -0.5437055826187134 -0.6906613111495972 1.6171152591705322 
v -0.7799650430679321 -0.7610071897506714 1.6708256006240845 
v -0.9049572944641113 -0.6896510720252991 1.8779592514038086 
v -0.9498769044876099 -0.6575493216514587 2.0842950344085693 
v -0.813644289970398 -0.5104328393936157 1.9109402894973755 
v -0.8448002338409424 -0.46758487820625305 2.1160500049591064 
v -0.5439302325248718 -0.4093501567840576 1.8903261423110962 
v -0.5794311761856079 -0.36750027537345886 2.110684633255005 
v -0.2824760973453522 -0.33086323738098145 1.875436782836914 
v -0.31977152824401855 -0.2920088768005371 2.1067419052124023 
v 0 -0.30723410844802856 1.875327467918396 
v 2.7755575615628914e-17 -0.24995633959770203 2.1048531532287598 
v 2.7755575615628914e-17 -0.4373612403869629 1.6455436944961548 
v -0.2119286060333252 -0.43731895089149475 1.6435760259628296 
v -0.48760730028152466 -0.5227295756340027 1.6727535724639893 
v -0.710495114326477 -0.6081507205963135 1.7024211883544922 
v -0.9512304067611694 -0.6806673407554626 2.469128131866455 
v -0.8689191341400146 -0.7099683284759521 2.78786563873291 
v -0.7724842429161072 -0.7212769985198975 2.993851661682129 
v -0.6696439981460571 -0.7366631627082825 3.199720859527588 
v -0.714722752571106 -0.5414779782295227 2.975271463394165 
v -0.6297442317008972 -0.5847418904304504 3.1562278270721436 
v -0.5250274538993835 -0.4452613592147827 2.99641489982605 
v -0.49764102697372437 -0.5200709104537964 3.18276309967041 
v -0.3074902296066284 -0.36333608627319336 3.0128254890441895 
v -0.2926415205001831 -0.4500199258327484 3.213620662689209 
v 0 -0.3271968960762024 3.0140540599823 
v 2.7755575615628914e-17 -0.4284220039844513 3.230973958969116 
v 0 -0.23329021036624908 2.7968225479125977 
v -0.32774361968040466 -0.28317883610725403 2.8098926544189453 
v -0.5602341890335083 -0.37664225697517395 2.8059096336364746 
v -0.7937749624252319 -0.5037557482719421 2.7943248748779297 
v 0 -0.2199430912733078 2.495846748352051 
v -0.33226439356803894 -0.2680579423904419 2.495872735977173 
v -0.5887773036956787 -0.351904958486557 2.4959354400634766 
v -0.8583589792251587 -0.46457639336586 2.496023416519165 
v -0.49786993861198425 -0.6834073066711426 3.2536721229553223 
v -0.26106518507003784 -0.6282128691673279 3.3106508255004883 
v -0.6846457719802856 -1.9307210445404053 2.7125823497772217 
v -0.6336315870285034 -1.9989159107208252 2.737877130508423 
v -0.5352608561515808 -2.017070770263672 2.726674795150757 
v -0.5104284286499023 -2.069179058074951 2.752671480178833 
v -0.46527746319770813 -2.037233829498291 2.7910850048065186 
v -0.40665361285209656 -2.127833843231201 2.6655139923095703 
v -0.35359176993370056 -2.1163623332977295 2.664702892303467 
v -0.3973461091518402 -2.1427221298217773 2.614222288131714 
v -0.3263402283191681 -2.134230136871338 2.5983505249023438 
v -0.4277293086051941 -2.1197657585144043 2.5780675411224365 
v -0.3794040381908417 -2.106480598449707 2.557603359222412 
v -0.5362406969070435 -2.0592970848083496 2.6455719470977783 
v -0.5107384920120239 -2.025949716567993 2.62032151222229 
v -0.6547071933746338 -1.990847110748291 2.650430679321289 
v -0.6573940515518188 -1.9485888481140137 2.6462299823760986 
v -0.6753361225128174 -1.9848302602767944 2.7028489112854004 
v -0.5361123085021973 -2.0742499828338623 2.700392961502075 
v 0.6540071964263916 -2.026766538619995 1.866019368171692 
v 0.6076287031173706 -2.018463134765625 1.78744375705719 
v 0.7109063863754272 -2.0242791175842285 1.856571912765503 
v 0.6694074273109436 -2.008420705795288 1.7846170663833618 
v 0.6609397530555725 -1.9873876571655273 1.7446693181991577 
v 0.4229789078235626 -2.0070395469665527 1.704957365989685 
v 0.686470627784729 -1.9194358587265015 1.7075663805007935 
v 0.7511292695999146 -1.984248161315918 1.830587387084961 
v 0.7611976265907288 -2.034541368484497 1.9637922048568726 
v 0.6970573663711548 -2.0346693992614746 1.9786227941513062 
v 0.7746383547782898 -2.035268545150757 2.0651493072509766 
v 0.7087723612785339 -2.0520212650299072 2.0746123790740967 
v 0.7517873048782349 -2.0436694622039795 2.1729772090911865 
v 0.6874243021011353 -2.054952383041382 2.1728832721710205 
v 0.6941549181938171 -2.071096181869507 2.2435829639434814 
v 0.8113991618156433 -2.0066795349121094 1.9696826934814453 
v 0.7889063358306885 -1.9246571063995361 1.7960847616195679 
v 0.849062979221344 -1.961438775062561 1.9851889610290527 
v 0.8016635775566101 -1.8590631484985352 1.7942227125167847 
v 0.8950575590133667 -1.9030648469924927 2.002324342727661 
v 0.9285142421722412 -1.8340203762054443 2.035797119140625 
v 0.890402615070343 -1.9117034673690796 2.1545209884643555 
v 0.8694812655448914 -1.8515684604644775 2.2073874473571777 
v 0.8340846300125122 -1.9696048498153687 2.2607245445251465 
v 0.7784852385520935 -2.0074031352996826 2.314582109451294 
v 0.7954263687133789 -2.012727737426758 2.2469289302825928 
v 0.7401385307312012 -2.0334551334381104 2.302140474319458 
v 0.7623679041862488 -2.0452592372894287 2.2128992080688477 
v 0.813174307346344 -2.0022106170654297 2.081427812576294 
v 0.8595681190490723 -1.956650733947754 2.106478691101074 
v 0.5344069600105286 -1.8760062456130981 1.6541521549224854 
v 0.7340433597564697 -1.860835313796997 1.7044275999069214 
v 0.6855806708335876 -1.7962971925735474 1.6685762405395508 
v 0.807959794998169 -1.7735068798065186 1.8156894445419312 
v -0.6540071964263916 -2.026766538619995 1.866019368171692 
v -0.6970573663711548 -2.0346693992614746 1.9786227941513062 
v -0.7109063863754272 -2.0242791175842285 1.856571912765503 
v -0.7611976265907288 -2.034541368484497 1.9637922048568726 
v -0.7511292695999146 -1.984248161315918 1.830587387084961 
v -0.8113991618156433 -2.0066795349121094 1.9696826934814453 
v -0.7889063358306885 -1.9246571063995361 1.7960847616195679 
v -0.849062979221344 -1.961438775062561 1.9851889610290527 
v -0.8016635775566101 -1.8590631484985352 1.7942227125167847 
v -0.8950575590133667 -1.9030648469924927 2.002324342727661 
v -0.9285142421722412 -1.8340203762054443 2.035797119140625 
v -0.890402615070343 -1.9117034673690796 2.1545209884643555 
v -0.8694812655448914 -1.8515684604644775 2.2073874473571777 
v -0.8340846300125122 -1.9696048498153687 2.2607245445251465 
v -0.7784852385520935 -2.0074031352996826 2.314582109451294 
v -0.7954263687133789 -2.012727737426758 2.2469289302825928 
v -0.7401385307312012 -2.0334551334381104 2.302140474319458 
v -0.7623679041862488 -2.0452592372894287 2.2128992080688477 
v -0.6941549181938171 -2.071096181869507 2.2435829639434814 
v -0.7517873048782349 -2.0436694622039795 2.1729772090911865 
v -0.6874243021011353 -2.054952383041382 2.1728832721710205 
v -0.7087723612785339 -2.0520212650299072 2.0746123790740967 
v -0.807959794998169 -1.7735068798065186 1.8156894445419312 
v -0.6855806708335876 -1.7962971925735474 1.6685762405395508 
v -0.7340433597564697 -1.860835313796997 1.7044275999069214 
v -0.5344069600105286 -1.8760062456130981 1.6541521549224854 
v -0.686470627784729 -1.9194358587265015 1.7075663805007935 
v -0.4229789078235626 -2.0070395469665527 1.704957365989685 
v -0.6609397530555725 -1.9873876571655273 1.7446693181991577 
v -0.6076287031173706 -2.018463134765625 1.78744375705719 
v -0.6694074273109436 -2.008420705795288 1.7846170663833618 
v -0.8595681190490723 -1.956650733947754 2.106478691101074 
v -0.813174307346344 -2.0022106170654297 2.081427812576294 
v -0.7746383547782898 -2.035268545150757 2.0651493072509766 
v 0.7090081572532654 -0.6330971121788025 1.1785537004470825 
v 0.7505062818527222 -0.3791057765483856 1.146108865737915 
v 0.7132796049118042 -0.33153724670410156 1.3919841051101685 
v 0.7427166700363159 -0.07860441505908966 1.385616660118103 
v 0.5811628699302673 -0.0017933249473571777 1.7453432083129883 
v 0.6073595285415649 0.28992360830307007 1.7772016525268555 
v 0.2804476022720337 0.017795629799365997 1.9301000833511353 
v 0.2821994125843048 0.30063045024871826 1.965094804763794 
v 0 0.30864566564559937 2.0051276683807373 
v 0 0.6114229559898376 2.0321836471557617 
v -0.283564031124115 0.6090425848960876 1.990532398223877 
v -0.2860014736652374 0.903498113155365 1.9672658443450928 
v -0.6094294786453247 0.8771395087242126 1.787231683731079 
v -0.5363180041313171 1.1865557432174683 1.743895173072815 
v -0.5794086456298828 1.312511682510376 1.4710335731506348 
v -0.2916513681411743 1.3783819675445557 1.4434280395507812 
v -0.31049326062202454 1.4191986322402954 1.1608916521072388 
v 1.6266194988179272e-11 1.4456088542938232 1.1468417644500732 
v 2.7755575615628914e-17 1.3966753482818604 0.873428225517273 
v 0.31049326062202454 1.4191986322402954 1.1608916521072388 
v 0.3175585865974426 1.3741055727005005 0.8784653544425964 
v 0.6069269180297852 1.3395495414733887 1.1927398443222046 
v 0.6320022940635681 1.2793090343475342 0.9231073260307312 
v 0.7874629497528076 0.9378218054771423 1.1824127435684204 
v 0.8117835521697998 0.894736111164093 0.9027909636497498 
v 0.8283808827400208 0.5697838068008423 1.1876475811004639 
v 0.823500394821167 0.5338007211685181 0.9138200879096985 
v 0.8219276666641235 0.20516419410705566 1.1673400402069092 
v 0.8062349557876587 0.1740129441022873 0.910608172416687 
v 0.7852559685707092 -0.12174379825592041 1.145317554473877 
v 0.7683297395706177 -0.14779914915561676 0.9019238352775574 
v 0.7291959524154663 -0.39777955412864685 0.8990641832351685 
v 0.6831016540527344 -0.6310891509056091 0.91297447681427 
v 0.5506342649459839 -0.5242090821266174 0.630362331867218 
v 0.5231239199638367 -0.6774347424507141 0.6483596563339233 
v 0.29223477840423584 -0.581352174282074 0.5422580242156982 
v 0.2576020061969757 -0.7511072754859924 0.5943232178688049 
v 2.7755575615628914e-17 -0.7720387578010559 0.5821788907051086 
v 2.7755575615628914e-17 -1.031315803527832 0.9045823216438293 
v -0.2576020061969757 -0.7511072754859924 0.5943232178688049 
v -0.33688610792160034 -0.9722996950149536 0.9214261770248413 
v -0.5231239199638367 -0.6774347424507141 0.6483596563339233 
v -0.6305900812149048 -0.8703993558883667 0.9363057017326355 
v -0.6831016540527344 -0.6310891509056091 0.91297447681427 
v -0.661486804485321 -0.901160717010498 1.2291655540466309 
v -0.7090081572532654 -0.6330971121788025 1.1785537004470825 
v -0.6813862919807434 -0.6017173528671265 1.444893479347229 
v -0.7132796049118042 -0.33153724670410156 1.3919841051101685 
v -0.5463308095932007 -0.420024573802948 1.7994502782821655 
v -0.5600853562355042 -0.22306722402572632 1.7523409128189087 
v -0.27197444438934326 -0.3972112238407135 1.9601880311965942 
v -0.27719247341156006 -0.19929733872413635 1.9289060831069946 
v 0 -0.37374669313430786 2.001849412918091 
v 0 -0.17894211411476135 1.9679161310195923 
v 0.27197444438934326 -0.3972112238407135 1.9601880311965942 
v 0.27719247341156006 -0.19929733872413635 1.9289060831069946 
v 0.5463308095932007 -0.420024573802948 1.7994502782821655 
v 0.5600853562355042 -0.22306722402572632 1.7523409128189087 
v 0.6813862919807434 -0.6017173528671265 1.444893479347229 
v 0 0.03318830579519272 1.9688911437988281 
v -0.2804476022720337 0.017795629799365997 1.9301000833511353 
v -0.5811628699302673 -0.0017933249473571777 1.7453432083129883 
v -0.7427166700363159 -0.07860441505908966 1.385616660118103 
v -0.7505062818527222 -0.3791057765483856 1.146108865737915 
v -0.7291959524154663 -0.39777955412864685 0.8990641832351685 
v -0.5506342649459839 -0.5242090821266174 0.630362331867218 
v -0.29223477840423584 -0.581352174282074 0.5422580242156982 
v 0 -0.5993143320083618 0.5301180481910706 
v -0.2821994125843048 0.30063045024871826 1.965094804763794 
v -0.6073595285415649 0.28992360830307007 1.7772016525268555 
v -0.773053765296936 0.24242600798606873 1.4166313409805298 
v -0.8219276666641235 0.20516419410705566 1.1673400402069092 
v -0.7852559685707092 -0.12174379825592041 1.145317554473877 
v -0.8062349557876587 0.1740129441022873 0.910608172416687 
v -0.7683297395706177 -0.14779914915561676 0.9019238352775574 
v -0.6122263669967651 0.1476212590932846 0.6128783226013184 
v -0.595694899559021 -0.14609333872795105 0.6136437058448792 
v -0.3382260799407959 0.1377442479133606 0.47648757696151733 
v -0.33229613304138184 -0.17267516255378723 0.4858699440956116 
v 0 0.14002937078475952 0.4628901481628418 
v 0 -0.18026742339134216 0.47195911407470703 
v 0.33229613304138184 -0.17267516255378723 0.4858699440956116 
v 0 -0.41371607780456543 0.4908716678619385 
v 0.31867897510528564 -0.3997202515602112 0.5034434199333191 
v 0.3382260799407959 0.1377442479133606 0.47648757696151733 
v 0.3313618004322052 0.47367724776268005 0.4935268461704254 
v 0.6122263669967651 0.1476212590932846 0.6128783226013184 
v 0.6152826547622681 0.4670625925064087 0.620507001876831 
v 0.6026396751403809 0.7564364075660706 0.6378511786460876 
v 0.5584260821342468 1.0850635766983032 0.678895115852356 
v 0.2772974669933319 1.1170375347137451 0.6437069177627563 
v 2.7755575615628914e-17 1.1280021667480469 0.6359617114067078 
v -0.3175585865974426 1.3741055727005005 0.8784653544425964 
v -0.6069269180297852 1.3395495414733887 1.1927398443222046 
v -0.7210468649864197 0.9046816825866699 1.4710813760757446 
v -0.6205609440803528 0.5991024374961853 1.8050073385238647 
v 0.31288281083106995 0.778458833694458 0.542805552482605 
v -2.9708051990651185e-11 0.7896575331687927 0.5330586433410645 
v -0.31288281083106995 0.778458833694458 0.542805552482605 
v -0.3313618004322052 0.47367724776268005 0.4935268461704254 
v -0.6152826547622681 0.4670625925064087 0.620507001876831 
v -0.823500394821167 0.5338007211685181 0.9138200879096985 
v 0 0.4836767911911011 0.48163050413131714 
v -0.574883222579956 -0.3580012321472168 0.6176246404647827 
v -0.31867897510528564 -0.3997202515602112 0.5034434199333191 
v -0.7715997099876404 0.584383487701416 1.4560996294021606 
v -0.7874629497528076 0.9378218054771423 1.1824127435684204 
v -0.8283808827400208 0.5697838068008423 1.1876475811004639 
v -0.8117835521697998 0.894736111164093 0.9027909636497498 
v -0.6026396751403809 0.7564364075660706 0.6378511786460876 
v -0.6320022940635681 1.2793090343475342 0.9231073260307312 
v -0.5584260821342468 1.0850635766983032 0.678895115852356 
v -0.2772974669933319 1.1170375347137451 0.6437069177627563 
v 0.773053765296936 0.24242600798606873 1.4166313409805298 
v 0.7715997099876404 0.584383487701416 1.4560996294021606 
v 0.6205609440803528 0.5991024374961853 1.8050073385238647 
v 0.7210468649864197 0.9046816825866699 1.4710813760757446 
v 0.6094294786453247 0.8771395087242126 1.787231683731079 
v 0.5794086456298828 1.312511682510376 1.4710335731506348 
v 0.5363180041313171 1.1865557432174683 1.743895173072815 
v 0.2916513681411743 1.3783819675445557 1.4434280395507812 
v 0.2584016025066376 1.230682373046875 1.859157681465149 
v 2.7755575615628914e-17 1.4135138988494873 1.4227392673492432 
v 2.7755575615628914e-17 1.2336868047714233 1.9002023935317993 
v -0.2584016025066376 1.230682373046875 1.859157681465149 
v 2.7755575615628914e-17 0.9051196575164795 2.0096523761749268 
v 0.6305900812149048 -0.8703993558883667 0.9363057017326355 
v 0.33688610792160034 -0.9722996950149536 0.9214261770248413 
v 0.661486804485321 -0.901160717010498 1.2291655540466309 
v 0.6462568044662476 -0.8974957466125488 1.5248383283615112 
v 0.5354573726654053 -0.6168214678764343 1.8699536323547363 
v 0.2654305100440979 -0.5976452827453613 2.009984254837036 
v 2.7755575615628914e-17 -0.5718236565589905 2.0557029247283936 
v -0.2654305100440979 -0.5976452827453613 2.009984254837036 
v -0.5354573726654053 -0.6168214678764343 1.8699536323547363 
v -0.6462568044662476 -0.8974957466125488 1.5248383283615112 
v -0.346133291721344 -1.086411714553833 1.4045461416244507 
v -0.34552863240242004 -1.0419468879699707 1.1599352359771729 
v -1.2779182898852077e-15 -1.138893723487854 1.3751635551452637 
v 3.92488342174091e-12 -1.0991973876953125 1.1366511583328247 
v 0.34552863240242004 -1.0419468879699707 1.1599352359771729 
v 2.7755575615628914e-17 -0.8005087375640869 2.062675952911377 
v -0.30714115500450134 -0.8008073568344116 2.0348401069641113 
v -0.4881042540073395 -0.7946579456329346 1.928436040878296 
v -0.5623582005500793 -1.0326656103134155 1.7341983318328857 
v -0.3612254858016968 -1.1376712322235107 1.6640992164611816 
v 2.7755575615628914e-17 -1.1735540628433228 1.6491962671279907 
v 0.3612254858016968 -1.1376712322235107 1.6640992164611816 
v 0.30714115500450134 -0.8008073568344116 2.0348401069641113 
v 0.346133291721344 -1.086411714553833 1.4045461416244507 
v 0.5623582005500793 -1.0326656103134155 1.7341983318328857 
v 0.4881042540073395 -0.7946579456329346 1.928436040878296 
v 0.574883222579956 -0.3580012321472168 0.6176246404647827 
v 0.595694899559021 -0.14609333872795105 0.6136437058448792 
v 0.283564031124115 0.6090425848960876 1.990532398223877 
v 0.2860014736652374 0.903498113155365 1.9672658443450928 
v 0.5699484348297119 1.313521385192871 1.0466700792312622 
v 0.5506726503372192 1.2472054958343506 1.2454471588134766 
v 0.7315552830696106 1.2982653379440308 1.2260339260101318 
v 0.7796202898025513 1.2070587873458862 1.2882601022720337 
v 0.9010778665542603 1.1919004917144775 1.2129275798797607 
v 0.8285438418388367 1.0626296997070312 1.354927659034729 
v 0.9003974199295044 1.072392463684082 1.2490508556365967 
v 0.8378743529319763 0.8665456175804138 1.364750623703003 
v 0.9096937775611877 0.8219889402389526 1.2421455383300781 
v 0.8512638211250305 0.6495609283447266 1.3072248697280884 
v 0.9181760549545288 0.703682541847229 1.2130807638168335 
v 0.9552772641181946 0.6009043455123901 1.109680414199829 
v 0.9444312453269958 0.7990712523460388 1.157173752784729 
v 1.014407753944397 0.7794327735900879 0.9901794791221619 
v 1.004821538925171 1.087656855583191 0.9974484443664551 
v 1.040168285369873 1.0801355838775635 0.8163086175918579 
v 0.9648271799087524 1.2768141031265259 0.8181199431419373 
v 0.9296472072601318 1.0577178001403809 0.545933723449707 
v 0.7784408330917358 1.3406739234924316 0.8181199431419373 
v 0.8209859132766724 1.1666510105133057 0.5991475582122803 
v 0.6865209341049194 1.1623646020889282 0.5991475582122803 
v 0.6957569718360901 1.1206034421920776 0.4862591326236725 
v 0.5871993899345398 1.0464125871658325 0.545933723449707 
v 0.5998921394348145 1.0834295749664307 0.3151090145111084 
v 0.5571732521057129 0.9802122116088867 0.31510812044143677 
v 0.5808277726173401 1.024848222732544 0.08428248763084412 
v 0.5842744708061218 0.9204428791999817 0.08427754044532776 
v 0.5945153832435608 0.9225977063179016 -0.016767341643571854 
v 0.6120326519012451 0.8716910481452942 0.0822988972067833 
v 0.6128067374229431 0.6678242087364197 -0.016767341643571854 
v 0.6215945482254028 0.7324651479721069 0.04651719704270363 
v 0.7093027830123901 0.6872986555099487 0.07133248448371887 
v 0.7193406224250793 0.8057507276535034 0.12181499600410461 
v 0.6966515183448792 0.8582382798194885 -0.016767341643571854 
v 0.7170885801315308 0.6620899438858032 -0.016767341643571854 
v 0.8323858380317688 0.6658962368965149 -0.016767341643571854 
v 0.8241754174232483 0.6938174366950989 0.07133248448371887 
v 0.8356120586395264 0.862825870513916 -0.016767341643571854 
v 0.820116400718689 0.8090775609016418 0.12181499600410461 
v 0.8520368933677673 0.6638185381889343 -0.016767341643571854 
v 0.843826413154602 0.691739559173584 0.07133248448371887 
v 0.9283649325370789 0.7425925731658936 0.04651719704270363 
v 0.9228415489196777 0.881951630115509 0.0822988972067833 
v 0.9369632005691528 0.9339028000831604 -0.016767341643571854 
v 0.9473239779472351 0.9341989755630493 0.08427754044532776 
v 0.9336363673210144 1.03467857837677 -0.016767341643571854 
v 0.9438772201538086 1.0368332862854004 0.08428248763084412 
v 0.9021602272987366 1.1261507272720337 -0.016767341643571854 
v 0.9058843851089478 1.1301292181015015 0.08428430557250977 
v 0.8088111877441406 1.1515252590179443 -0.016767341643571854 
v 0.8102859258651733 1.1618860960006714 0.08428248763084412 
v 0.7080355286598206 1.1481984853744507 -0.016767341643571854 
v 0.7058805823326111 1.1584393978118896 0.08428248763084412 
v 0.6165632605552673 1.1167224645614624 -0.016767341643571854 
v 0.6125848889350891 1.1204465627670288 0.08428430557250977 
v 0.5911884903907776 1.0233734846115112 -0.016767341643571854 
v 0.8222712278366089 0.8315205574035645 0.18605229258537292 
v 0.7178658246994019 0.8280739188194275 0.18605229258537292 
v 0.7145267128944397 0.7397972345352173 0.3646572232246399 
v 0.605850100517273 0.78586745262146 0.31320080161094666 
v 0.599667489528656 0.700043797492981 0.5441027283668518 
v 0.5380850434303284 0.8020111918449402 0.5452183485031128 
v 0.493941992521286 0.7602001428604126 0.8087370991706848 
v 0.4839862287044525 1.0617746114730835 0.8163086175918579 
v 0.4483965337276459 1.05054771900177 1.0176383256912231 
v 0.4862445592880249 1.2262779474258423 0.9933692812919617 
v 0.48772093653678894 1.2020035982131958 1.1862815618515015 
v 0.5528299808502197 1.1840227842330933 1.3405786752700806 
v 0.6158503890037537 1.0330020189285278 1.4133332967758179 
v 0.6512518525123596 0.8541838526725769 1.419279932975769 
v 0.686265230178833 0.6312687397003174 1.3489981889724731 
v 0.8423837423324585 0.510971188545227 1.1680034399032593 
v 0.9884967803955078 0.5662142634391785 0.9523957371711731 
v 1.0501240491867065 0.7785930633544922 0.8087370991706848 
v 0.9905210137367249 0.9525039792060852 0.545933723449707 
v 0.9177657961845398 1.093923568725586 0.3151090145111084 
v 0.8139973878860474 1.1432576179504395 0.2852708101272583 
v 0.9324784278869629 0.8048921823501587 0.31320083141326904 
v 0.8285099267959595 0.7435799837112427 0.36461442708969116 
v 0.7111876010894775 0.6515204906463623 0.5432621240615845 
v 0.5712953209877014 0.5670889616012573 0.7871719598770142 
v 0.46778494119644165 0.7598968744277954 1.0107839107513428 
v 0.4879522919654846 1.053228497505188 1.1998674869537354 
v 0.49255383014678955 1.165329933166504 1.2997156381607056 
v 0.5157254934310913 1.0509089231491089 1.310367226600647 
v 0.5666487812995911 0.8084894418716431 1.3230592012405396 
v 0.5917589068412781 0.6943735480308533 1.2697826623916626 
v 0.7193812131881714 0.5026166439056396 1.217883586883545 
v 0.8579359650611877 0.4775233864784241 0.9858246445655823 
v 0.9880619049072266 0.580847442150116 0.7871719598770142 
v 0.9950875043869019 0.839299738407135 0.5452183485031128 
v 0.9671990871429443 0.9946686029434204 0.31510812044143677 
v 0.7061856985092163 0.501758337020874 0.7884993553161621 
v 0.5754642486572266 0.5529501438140869 0.9512331485748291 
v 0.5154326558113098 0.7811667323112488 1.193873643875122 
v 0.8577739596366882 0.5067625641822815 0.7884993553161621 
v 0.8347486853599548 0.6556394696235657 0.543176531791687 
v 0.942115306854248 0.7278326749801636 0.5441027283668518 
v 0.9712057113647461 0.8867493867874146 0.3147479295730591 
v 0.6023578643798828 0.5899146199226379 1.1076096296310425 
v 0.7107167840003967 0.46091359853744507 1.0231679677963257 
v 0.8315001130104065 1.0432102680206299 -0.016767341643571854 
v 0.6925395727157593 1.0386227369308472 -0.016767341643571854 
v 0.6976172924041748 0.6587206721305847 -0.016767341643571854 
v 0.7008187770843506 1.1395213603973389 0.2852708101272583 
v 0.8177088499069214 1.124629259109497 0.4862591326236725 
v 0.936500072479248 1.0711318254470825 1.1631674766540527 
v 0.9342673420906067 1.2711758613586426 1.1054022312164307 
v 0.9647209644317627 1.3013792037963867 0.9659510254859924 
v 0.754807710647583 1.3495151996612549 1.0336778163909912 
v 0.6289323568344116 1.32248854637146 0.818120002746582 
v 0.5147179961204529 1.2147912979125977 0.817685604095459 
v 0.5335186719894409 0.9355761408805847 0.545933723449707 
v 0.5611797571182251 0.8612270355224609 0.3147479295730591 
v 0.7287740111351013 0.6906679272651672 0.07133248448371887 
v 0.9360623955726624 0.6784958243370056 -0.016767341643571854 
v -0.23673929274082184 2.123769998550415 1.3026665449142456 
v -0.3159324526786804 2.1567466259002686 1.4396958351135254 
v -0.3159325122833252 2.3858299255371094 1.399302363395691 
v -0.3159325122833252 2.4191930294036865 1.5885140895843506 
v -0.2961813807487488 2.6245768070220947 1.5386170148849487 
v -0.23267892003059387 2.6229028701782227 1.691320538520813 
v -0.19743740558624268 2.922008514404297 1.586287260055542 
v -0.06966771930456161 3.0547735691070557 1.6060582399368286 
v -0.23673929274082184 3.077542543411255 1.417313814163208 
v -0.08610783517360687 3.2217226028442383 1.4470064640045166 
v -0.23673929274082184 3.05334734916687 1.2800953388214111 
v -0.08610783517360687 3.1883599758148193 1.2577946186065674 
v -0.19743740558624268 2.851550340652466 1.1983027458190918 
v -0.0696677416563034 2.9561614990234375 1.1475067138671875 
v -0.0888177752494812 2.5495026111602783 1.1715936660766602 
v 0.0888177752494812 2.5495026111602783 1.1715936660766602 
v 0.09606543928384781 2.3476502895355225 1.1827757358551025 
v 0.23673929274082184 2.343494415283203 1.263923168182373 
v 0.23673929274082184 2.123769998550415 1.3026665449142456 
v 0.3159324526786804 2.1567466259002686 1.4396958351135254 
v 0.3159324526786804 1.9276633262634277 1.4800894260406494 
v 0.3159324526786804 1.9610264301300049 1.6693012714385986 
v 0.31593242287635803 1.731943130493164 1.709694743156433 
v 0.23673929274082184 1.76654052734375 1.8464384078979492 
v 0.22789154946804047 1.5702543258666992 1.8735897541046143 
v 0.08699033409357071 1.5496861934661865 1.9035427570343018 
v 0.08142467588186264 1.152694582939148 1.914373517036438 
v -0.08142467588186264 1.152694582939148 1.914373517036438 
v 0.08610785007476807 0.8850327134132385 1.8695547580718994 
v -0.08610785007476807 0.8850327134132385 1.8695547580718994 
v 0.08610787242650986 0.8516696095466614 1.6803429126739502 
v -0.08610787242650986 0.8516696095466614 1.6803429126739502 
v 0.06966771930456161 1.0989398956298828 1.4895002841949463 
v -0.06966771930456161 1.0989398956298828 1.4895002841949463 
v -0.0869903564453125 1.4461983442306519 1.371033787727356 
v -0.22789154946804047 1.4911084175109863 1.4247311353683472 
v -0.23673929274082184 1.6843218803405762 1.3801531791687012 
v -0.31593242287635803 1.698580026626587 1.5204830169677734 
v -0.3159324526786804 1.9276633262634277 1.4800894260406494 
v -0.3159324526786804 1.9610264301300049 1.6693012714385986 
v -0.3159324526786804 2.1901097297668457 1.6289076805114746 
v -0.23673929274082184 2.205988645553589 1.7689518928527832 
v -0.23673929274082184 2.425713062286377 1.7302085161209106 
v -0.09606541693210602 2.454091787338257 1.7864351272583008 
v -0.0888177677989006 2.6510579586029053 1.7334083318710327 
v 0.0888177677989006 2.6510579586029053 1.7334083318710327 
v 0.06966771930456161 3.0547735691070557 1.6060582399368286 
v 0.19743740558624268 2.922008514404297 1.586287260055542 
v 0.08610783517360687 3.2217226028442383 1.4470064640045166 
v 0.23673929274082184 3.077542543411255 1.417313814163208 
v 0.08610783517360687 3.1883599758148193 1.2577946186065674 
v 0.23673929274082184 3.05334734916687 1.2800953388214111 
v 0.0696677416563034 2.9561614990234375 1.1475067138671875 
v 0.19743740558624268 2.851550340652466 1.1983027458190918 
v 0.23267892003059387 2.5418667793273926 1.2333719730377197 
v 0.2961813807487488 2.593730926513672 1.363680362701416 
v 0.3159325122833252 2.3858299255371094 1.399302363395691 
v 0.3159325122833252 2.4191930294036865 1.5885140895843506 
v 0.3159324526786804 2.1901097297668457 1.6289076805114746 
v 0.23673929274082184 2.205988645553589 1.7689518928527832 
v 0.23673929274082184 1.986264705657959 1.8076951503753662 
v 0.09606541693210602 1.9942848682403564 1.857919454574585 
v 0.09606541693210602 1.7690329551696777 1.8928414583206177 
v -0.09606541693210602 1.7690329551696777 1.8928414583206177 
v -0.08699033409357071 1.5496861934661865 1.9035427570343018 
v -0.22789154946804047 1.5702543258666992 1.8735897541046143 
v -0.21103882789611816 1.29277765750885 1.8493409156799316 
v -0.23673929274082184 1.1538972854614258 1.7908363342285156 
v -0.23267892003059387 2.5418667793273926 1.2333719730377197 
v -0.09606543928384781 2.3476502895355225 1.1827757358551025 
v 0.09606543928384781 2.1185669898986816 1.2231693267822266 
v 0.23673929274082184 1.9040460586547852 1.3414098024368286 
v 0.31593242287635803 1.698580026626587 1.5204830169677734 
v 0.2900874614715576 1.511967658996582 1.7422754764556885 
v 0.21103882789611816 1.29277765750885 1.8493409156799316 
v 0.23673929274082184 1.1538972854614258 1.7908363342285156 
v 0.23673929274082184 1.1297019720077515 1.6536176204681396 
v 0.19743740558624268 1.2977079153060913 1.4914275407791138 
v 0.0869903564453125 1.4461983442306519 1.371033787727356 
v -0.09606543928384781 1.6604005098342896 1.3039562702178955 
v -0.23673929274082184 1.9040460586547852 1.3414098024368286 
v 0.2900874614715576 1.4817562103271484 1.5709377527236938 
v 0.23673929274082184 1.6843218803405762 1.3801531791687012 
v 0.09606543928384781 1.88948392868042 1.2635626792907715 
v -0.09606543928384781 2.1185669898986816 1.2231693267822266 
v -0.23673929274082184 2.343494415283203 1.263923168182373 
v -0.2961813807487488 2.593730926513672 1.363680362701416 
v 0.22789154946804047 1.4911084175109863 1.4247311353683472 
v 0.09606543928384781 1.6604005098342896 1.3039562702178955 
v -0.09606543928384781 1.88948392868042 1.2635626792907715 
v 0.2961813807487488 2.6245768070220947 1.5386170148849487 
v 0.23673929274082184 2.425713062286377 1.7302085161209106 
v 0.09606541693210602 2.225008487701416 1.8268287181854248 
v -0.09606541693210602 1.9942848682403564 1.857919454574585 
v -0.23673929274082184 1.76654052734375 1.8464384078979492 
v -0.2900874614715576 1.511967658996582 1.7422754764556885 
v -0.23673929274082184 1.1297019720077515 1.6536176204681396 
v 0.23267892003059387 2.6229028701782227 1.691320538520813 
v 0.09606541693210602 2.454091787338257 1.7864351272583008 
v -0.09606541693210602 2.225008487701416 1.8268287181854248 
v -0.23673929274082184 1.986264705657959 1.8076951503753662 
v -0.31593242287635803 1.731943130493164 1.709694743156433 
v -0.2900874614715576 1.4817562103271484 1.5709377527236938 
v -0.19743740558624268 1.2977079153060913 1.4914275407791138 
v -0.9360623955726624 0.6784958243370056 -0.016767341643571854 
v -0.9283649325370789 0.7425925731658936 0.04651719704270363 
v -0.9369632005691528 0.9339028000831604 -0.016767341643571854 
v -0.9228415489196777 0.881951630115509 0.0822988972067833 
v -0.9473239779472351 0.9341989755630493 0.08427754044532776 
v -0.9324784278869629 0.8048921823501587 0.31320083141326904 
v -0.9712057113647461 0.8867493867874146 0.3147479295730591 
v -0.942115306854248 0.7278326749801636 0.5441027283668518 
v -0.9950875043869019 0.839299738407135 0.5452183485031128 
v -0.9880619049072266 0.580847442150116 0.7871719598770142 
v -1.0501240491867065 0.7785930633544922 0.8087370991706848 
v -0.9884967803955078 0.5662142634391785 0.9523957371711731 
v -1.014407753944397 0.7794327735900879 0.9901794791221619 
v -0.9552772641181946 0.6009043455123901 1.109680414199829 
v -0.9444312453269958 0.7990712523460388 1.157173752784729 
v -0.9181760549545288 0.703682541847229 1.2130807638168335 
v -0.9096937775611877 0.8219889402389526 1.2421455383300781 
v -0.8512638211250305 0.6495609283447266 1.3072248697280884 
v -0.8378743529319763 0.8665456175804138 1.364750623703003 
v -0.686265230178833 0.6312687397003174 1.3489981889724731 
v -0.6512518525123596 0.8541838526725769 1.419279932975769 
v -0.5917589068412781 0.6943735480308533 1.2697826623916626 
v -0.5666487812995911 0.8084894418716431 1.3230592012405396 
v -0.6023578643798828 0.5899146199226379 1.1076096296310425 
v -0.5154326558113098 0.7811667323112488 1.193873643875122 
v -0.5754642486572266 0.5529501438140869 0.9512331485748291 
v -0.46778494119644165 0.7598968744277954 1.0107839107513428 
v -0.5712953209877014 0.5670889616012573 0.7871719598770142 
v -0.493941992521286 0.7602001428604126 0.8087370991706848 
v -0.599667489528656 0.700043797492981 0.5441027283668518 
v -0.5380850434303284 0.8020111918449402 0.5452183485031128 
v -0.605850100517273 0.78586745262146 0.31320080161094666 
v -0.5611797571182251 0.8612270355224609 0.3147479295730591 
v -0.6120326519012451 0.8716910481452942 0.0822988972067833 
v -0.5842744708061218 0.9204428791999817 0.08427754044532776 
v -0.5945153832435608 0.9225977063179016 -0.016767341643571854 
v -0.5808277726173401 1.024848222732544 0.08428248763084412 
v -0.5911884903907776 1.0233734846115112 -0.016767341643571854 
v -0.6125848889350891 1.1204465627670288 0.08428430557250977 
v -0.6165632605552673 1.1167224645614624 -0.016767341643571854 
v -0.7058805823326111 1.1584393978118896 0.08428248763084412 
v -0.7080355286598206 1.1481984853744507 -0.016767341643571854 
v -0.8102859258651733 1.1618860960006714 0.08428248763084412 
v -0.8088111877441406 1.1515252590179443 -0.016767341643571854 
v -0.9058843851089478 1.1301292181015015 0.08428430557250977 
v -0.9021602272987366 1.1261507272720337 -0.016767341643571854 
v -0.9438772201538086 1.0368332862854004 0.08428248763084412 
v -0.9336363673210144 1.03467857837677 -0.016767341643571854 
v -0.5571732521057129 0.9802122116088867 0.31510812044143677 
v -0.5335186719894409 0.9355761408805847 0.545933723449707 
v -0.4839862287044525 1.0617746114730835 0.8163086175918579 
v -0.4483965337276459 1.05054771900177 1.0176383256912231 
v -0.4879522919654846 1.053228497505188 1.1998674869537354 
v -0.5157254934310913 1.0509089231491089 1.310367226600647 
v -0.6158503890037537 1.0330020189285278 1.4133332967758179 
v -0.8285438418388367 1.0626296997070312 1.354927659034729 
v -0.9003974199295044 1.072392463684082 1.2490508556365967 
v -0.936500072479248 1.0711318254470825 1.1631674766540527 
v -1.004821538925171 1.087656855583191 0.9974484443664551 
v -1.040168285369873 1.0801355838775635 0.8163086175918579 
v -0.9905210137367249 0.9525039792060852 0.545933723449707 
v -0.9671990871429443 0.9946686029434204 0.31510812044143677 
v -0.5871993899345398 1.0464125871658325 0.545933723449707 
v -0.5147179961204529 1.2147912979125977 0.817685604095459 
v -0.4862445592880249 1.2262779474258423 0.9933692812919617 
v -0.48772093653678894 1.2020035982131958 1.1862815618515015 
v -0.49255383014678955 1.165329933166504 1.2997156381607056 
v -0.5528299808502197 1.1840227842330933 1.3405786752700806 
v -0.8203577995300293 1.3199604749679565 1.2331204414367676 
v -0.9010778665542603 1.1919004917144775 1.2129275798797607 
v -0.9342673420906067 1.2711758613586426 1.1054022312164307 
v -0.9647209644317627 1.3013792037963867 0.9659510254859924 
v -0.9648271799087524 1.2768141031265259 0.8181199431419373 
v -0.9296472072601318 1.0577178001403809 0.545933723449707 
v -0.9177657961845398 1.093923568725586 0.3151090145111084 
v -0.8139973878860474 1.1432576179504395 0.2852708101272583 
v -0.7008187770843506 1.1395213603973389 0.2852708101272583 
v -0.5998921394348145 1.0834295749664307 0.3151090145111084 
v -0.8177088499069214 1.124629259109497 0.4862591326236725 
v -0.6957569718360901 1.1206034421920776 0.4862591326236725 
v -0.8209859132766724 1.1666510105133057 0.5991475582122803 
v -0.6865209341049194 1.1623646020889282 0.5991475582122803 
v -0.6289323568344116 1.32248854637146 0.818120002746582 
v -0.5699484348297119 1.313521385192871 1.0466700792312622 
v -0.5506726503372192 1.2472054958343506 1.2454471588134766 
v -0.829936683177948 1.34214448928833 0.8181199431419373 
v -0.825147271156311 1.331052541732788 1.0256202220916748 
v -0.8227525353431702 1.3255064487457275 1.1293703317642212 
v -0.8315001130104065 1.0432102680206299 -0.016767341643571854 
v -0.8356120586395264 0.862825870513916 -0.016767341643571854 
v -0.8520368933677673 0.6638185381889343 -0.016767341643571854 
v -0.843826413154602 0.691739559173584 0.07133248448371887 
v -0.820116400718689 0.8090775609016418 0.12181499600410461 
v -0.8222712278366089 0.8315205574035645 0.18605229258537292 
v -0.7178658246994019 0.8280739188194275 0.18605229258537292 
v -0.7145267128944397 0.7397972345352173 0.3646572232246399 
v -0.6925395727157593 1.0386227369308472 -0.016767341643571854 
v -0.6966515183448792 0.8582382798194885 -0.016767341643571854 
v -0.8323858380317688 0.6658962368965149 -0.016767341643571854 
v -0.7170885801315308 0.6620899438858032 -0.016767341643571854 
v -0.8241754174232483 0.6938174366950989 0.07133248448371887 
v -0.7287740111351013 0.6906679272651672 0.07133248448371887 
v -0.7193406224250793 0.8057507276535034 0.12181499600410461 
v -0.6976172924041748 0.6587206721305847 -0.016767341643571854 
v -0.6128067374229431 0.6678242087364197 -0.016767341643571854 
v -0.7093027830123901 0.6872986555099487 0.07133248448371887 
v -0.6215945482254028 0.7324651479721069 0.04651719704270363 
v -0.8423837423324585 0.510971188545227 1.1680034399032593 
v -0.7193812131881714 0.5026166439056396 1.217883586883545 
v -0.7107167840003967 0.46091359853744507 1.0231679677963257 
v -0.8579359650611877 0.4775233864784241 0.9858246445655823 
v -0.8577739596366882 0.5067625641822815 0.7884993553161621 
v -0.8347486853599548 0.6556394696235657 0.543176531791687 
v -0.8285099267959595 0.7435799837112427 0.36461442708969116 
v -0.7061856985092163 0.501758337020874 0.7884993553161621 
v -0.7111876010894775 0.6515204906463623 0.5432621240615845 
v -0.7099417448043823 -0.8876653909683228 -0.016767341643571854 
v -0.7006142735481262 -1.1429035663604736 -0.016767341643571854 
v -0.6950358152389526 -1.0785877704620361 0.04651719704270363 
v -0.6161502599716187 -1.154800534248352 -0.016767341643571854 
v -0.60886549949646 -1.1266236305236816 0.07133248448371887 
v -0.5890398621559143 -1.0085673332214355 0.12181499600410461 
v -0.6941136717796326 -0.9391223192214966 0.0822988972067833 
v -0.58967524766922 -1.0040696859359741 0.17225612699985504 
v -0.5931879281997681 -0.976070761680603 0.3563767075538635 
v -0.48406124114990234 -0.976070761680603 0.3563767075538635 
v -0.480548620223999 -0.9480717778205872 0.5404973030090332 
v -0.3799949884414673 -0.9179409742355347 0.3256015181541443 
v -0.3768545389175415 -0.896759569644928 0.5689041614532471 
v -0.32273975014686584 -0.7938291430473328 0.5689041614532471 
v -0.308578759431839 -0.8334952592849731 0.724633514881134 
v -0.308578759431839 -0.7080966830253601 0.724633514881134 
v -0.29441776871681213 -0.740043580532074 0.880362868309021 
v -0.35563188791275024 -0.6236100196838379 0.880362868309021 
v -0.35916829109191895 -0.6424701809883118 0.9848366975784302 
v -0.474206805229187 -0.5930971503257751 1.0456113815307617 
v -0.4882092773914337 -0.6659329533576965 1.1830857992172241 
v -0.5890398621559143 -0.6659329533576965 1.1830857992172241 
v -0.46910640597343445 -0.7749378681182861 1.2777683734893799 
v -0.6081426739692688 -0.7749378681182861 1.2777683734893799 
v -0.46910640597343445 -0.899562418460846 1.2777683734893799 
v -0.6081426739692688 -0.899562418460846 1.2777683734893799 
v -0.4882092773914337 -1.0085673332214355 1.1830857992172241 
v -0.5890398621559143 -1.0085673332214355 1.1830857992172241 
v -0.6030423641204834 -1.0507557392120361 1.0456113815307617 
v -0.7180808782577515 -1.00138258934021 0.9848366975784302 
v -0.7216172814369202 -0.9895951747894287 0.880362868309021 
v -0.7828313112258911 -0.8731613159179688 0.880362868309021 
v -0.7686703205108643 -0.8334952592849731 0.724633514881134 
v -0.7686703205108643 -0.7080966830253601 0.724633514881134 
v -0.7545093894004822 -0.6761497855186462 0.5689041614532471 
v -0.7003945112228394 -0.5732196569442749 0.5689041614532471 
v -0.6910755038261414 -0.6278685331344604 0.325499951839447 
v -0.5935697555541992 -0.583166778087616 0.32549992203712463 
v -0.58967524766922 -0.6472287178039551 0.08209569752216339 
v -0.48757389187812805 -0.6472287178039551 0.08209569752216339 
v -0.4882092773914337 -0.6659329533576965 -0.016767341643571854 
v -0.3957482576370239 -0.6943738460540771 -0.016767341643571854 
v -0.46910640597343445 -0.7749378681182861 -0.016767341643571854 
v -0.3673073351383209 -0.7868348360061646 -0.016767341643571854 
v -0.46910640597343445 -0.9553899168968201 -0.016767341643571854 
v -0.3673073351383209 -0.8876653909683228 -0.016767341643571854 
v -0.46164658665657043 -1.154800534248352 -0.016767341643571854 
v -0.3771825432777405 -1.1429035663604736 -0.016767341643571854 
v -0.4742686152458191 -1.1266236305236816 0.07133248448371887 
v -0.3880982995033264 -1.0785877704620361 0.04651719704270363 
v -0.4882092773914337 -1.0085673332214355 0.12181499600410461 
v -0.38313543796539307 -0.9391223192214966 0.0822988972067833 
v -0.48757389187812805 -1.0040696859359741 0.17225612699985504 
v -0.3414718508720398 -0.8352644443511963 0.32549992203712463 
v -0.32273975014686584 -0.6761497855186462 0.5689041614532471 
v -0.3662432134151459 -0.5984148383140564 0.724633514881134 
v -0.47206562757492065 -0.5623959302902222 0.880362868309021 
v -0.6030423641204834 -0.5930971503257751 1.0456113815307617 
v -0.6815009117126465 -0.6943738460540771 1.0727269649505615 
v -0.7099417448043823 -0.7868348360061646 1.1830857992172241 
v -0.7099417448043823 -0.8876653909683228 1.1830857992172241 
v -0.6815009117126465 -0.9801263809204102 1.0727269649505615 
v -0.7674538493156433 -0.8863440155982971 1.0456113815307617 
v -0.7828313112258911 -0.740043580532074 0.880362868309021 
v -0.7110059261322021 -0.5984148383140564 0.724633514881134 
v -0.5974642634391785 -0.5191048383712769 0.5689041614532471 
v -0.4836793839931488 -0.583166778087616 0.32549992203712463 
v -0.39549270272254944 -0.6825173497200012 0.08209571987390518 
v -0.7674538493156433 -0.7575085163116455 1.0456113815307617 
v -0.7216172814369202 -0.6236100196838379 0.880362868309021 
v -0.6013238430023193 -0.5407503843307495 0.724633514881134 
v -0.47978487610816956 -0.5191048383712769 0.5689041614532471 
v -0.3861736059188843 -0.6278685331344604 0.325499951839447 
v -0.36020398139953613 -0.7745985388755798 0.08209571987390518 
v -0.7180808782577515 -0.6424701809883118 0.9848366975784302 
v -0.605183482170105 -0.5623959302902222 0.880362868309021 
v -0.4759252667427063 -0.5407503843307495 0.724633514881134 
v -0.3768545389175415 -0.5732196569442749 0.5689041614532471 
v -0.3414718508720398 -0.725374162197113 0.325499951839447 
v -0.36020398139953613 -0.8766998052597046 0.08209569752216339 
v -0.4812183678150177 -1.1520755290985107 -0.016767341643571854 
v -0.4938403367996216 -1.1238986253738403 0.07133248448371887 
v -0.5892937779426575 -1.1238986253738403 0.07133248448371887 
v -0.6081426739692688 -0.9553899168968201 -0.016767341643571854 
v -0.5965784788131714 -1.1520755290985107 -0.016767341643571854 
v -0.6081426739692688 -0.7749378681182861 -0.016767341643571854 
v -0.5890398621559143 -0.6659329533576965 -0.016767341643571854 
v -0.6817564964294434 -0.6825173497200012 0.08209571987390518 
v -0.7357772588729858 -0.725374162197113 0.325499951839447 
v -0.7545093894004822 -0.7938291430473328 0.5689041614532471 
v -0.7110059261322021 -0.943177342414856 0.724633514881134 
v -0.605183482170105 -1.050809383392334 0.880362868309021 
v -0.474206805229187 -1.0507557392120361 1.0456113815307617 
v -0.3957482576370239 -0.9801263809204102 1.0727269649505615 
v -0.3673073351383209 -0.8876653909683228 1.1830857992172241 
v -0.3673073351383209 -0.7868348360061646 1.1830857992172241 
v -0.3957482576370239 -0.6943738460540771 1.0727269649505615 
v -0.30979520082473755 -0.7575085163116455 1.0456113815307617 
v -0.29441776871681213 -0.8731613159179688 0.880362868309021 
v -0.3662432134151459 -0.943177342414856 0.724633514881134 
v -0.47599607706069946 -1.0005818605422974 0.7414393424987793 
v -0.47992655634880066 -0.9503543972969055 0.6025158166885376 
v -0.5973225831985474 -0.9503543972969055 0.6025158166885376 
v -0.5967005491256714 -0.9480717778205872 0.5404973030090332 
v -0.7003945112228394 -0.896759569644928 0.5689041614532471 
v -0.6972540616989136 -0.9179409742355347 0.3256015181541443 
v -0.7357772588729858 -0.8352644443511963 0.32549992203712463 
v -0.7170450687408447 -0.8766998052597046 0.08209569752216339 
v -0.7170450687408447 -0.7745985388755798 0.08209571987390518 
v -0.7099417448043823 -0.7868348360061646 -0.016767341643571854 
v -0.6815009117126465 -0.6943738460540771 -0.016767341643571854 
v -0.30979520082473755 -0.8863440155982971 1.0456113815307617 
v -0.35563188791275024 -0.9895951747894287 0.880362868309021 
v -0.47206562757492065 -1.050809383392334 0.880362868309021 
v -0.6012530326843262 -1.0005818605422974 0.7414393424987793 
v -0.35916829109191895 -1.00138258934021 0.9848366975784302 
v 0.5965784788131714 -1.1520755290985107 -0.016767341643571854 
v 0.5892937779426575 -1.1238986253738403 0.07133248448371887 
v 0.4812183678150177 -1.1520755290985107 -0.016767341643571854 
v 0.4938403367996216 -1.1238986253738403 0.07133248448371887 
v 0.4882092773914337 -1.0085673332214355 0.12181499600410461 
v 0.5890398621559143 -1.0085673332214355 0.12181499600410461 
v 0.48757389187812805 -1.0040696859359741 0.17225612699985504 
v 0.58967524766922 -1.0040696859359741 0.17225612699985504 
v 0.48406124114990234 -0.976070761680603 0.3563767075538635 
v 0.5931879281997681 -0.976070761680603 0.3563767075538635 
v 0.480548620223999 -0.9480717778205872 0.5404973030090332 
v 0.5967005491256714 -0.9480717778205872 0.5404973030090332 
v 0.47992655634880066 -0.9503543972969055 0.6025158166885376 
v 0.5973225831985474 -0.9503543972969055 0.6025158166885376 
v 0.47599607706069946 -1.0005818605422974 0.7414393424987793 
v 0.6012530326843262 -1.0005818605422974 0.7414393424987793 
v 0.47206562757492065 -1.050809383392334 0.880362868309021 
v 0.605183482170105 -1.050809383392334 0.880362868309021 
v 0.474206805229187 -1.0507557392120361 1.0456113815307617 
v 0.6030423641204834 -1.0507557392120361 1.0456113815307617 
v 0.4882092773914337 -1.0085673332214355 1.1830857992172241 
v 0.5890398621559143 -1.0085673332214355 1.1830857992172241 
v 0.6081426739692688 -0.899562418460846 1.2777683734893799 
v 0.7099417448043823 -0.8876653909683228 1.1830857992172241 
v 0.7099417448043823 -0.7868348360061646 1.1830857992172241 
v 0.7674538493156433 -0.7575085163116455 1.0456113815307617 
v 0.7180808782577515 -0.6424701809883118 0.9848366975784302 
v 0.7216172814369202 -0.6236100196838379 0.880362868309021 
v 0.605183482170105 -0.5623959302902222 0.880362868309021 
v 0.6013238430023193 -0.5407503843307495 0.724633514881134 
v 0.4759252667427063 -0.5407503843307495 0.724633514881134 
v 0.47978487610816956 -0.5191048383712769 0.5689041614532471 
v 0.3768545389175415 -0.5732196569442749 0.5689041614532471 
v 0.3861736059188843 -0.6278685331344604 0.325499951839447 
v 0.3414718508720398 -0.725374162197113 0.325499951839447 
v 0.36020398139953613 -0.7745985388755798 0.08209571987390518 
v 0.36020398139953613 -0.8766998052597046 0.08209569752216339 
v 0.3673073351383209 -0.8876653909683228 -0.016767341643571854 
v 0.38313543796539307 -0.9391223192214966 0.0822988972067833 
v 0.3771825432777405 -1.1429035663604736 -0.016767341643571854 
v 0.3880982995033264 -1.0785877704620361 0.04651719704270363 
v 0.4742686152458191 -1.1266236305236816 0.07133248448371887 
v 0.46910640597343445 -0.9553899168968201 -0.016767341643571854 
v 0.46164658665657043 -1.154800534248352 -0.016767341643571854 
v 0.3673073351383209 -0.7868348360061646 -0.016767341643571854 
v 0.39549270272254944 -0.6825173497200012 0.08209571987390518 
v 0.4836793839931488 -0.583166778087616 0.32549992203712463 
v 0.5974642634391785 -0.5191048383712769 0.5689041614532471 
v 0.7110059261322021 -0.5984148383140564 0.724633514881134 
v 0.7828313112258911 -0.740043580532074 0.880362868309021 
v 0.7674538493156433 -0.8863440155982971 1.0456113815307617 
v 0.6815009117126465 -0.9801263809204102 1.0727269649505615 
v 0.7180808782577515 -1.00138258934021 0.9848366975784302 
v 0.7216172814369202 -0.9895951747894287 0.880362868309021 
v 0.7110059261322021 -0.943177342414856 0.724633514881134 
v 0.7003945112228394 -0.896759569644928 0.5689041614532471 
v 0.7828313112258911 -0.8731613159179688 0.880362868309021 
v 0.7686703205108643 -0.7080966830253601 0.724633514881134 
v 0.7003945112228394 -0.5732196569442749 0.5689041614532471 
v 0.5935697555541992 -0.583166778087616 0.32549992203712463 
v 0.48757389187812805 -0.6472287178039551 0.08209569752216339 
v 0.3957482576370239 -0.6943738460540771 -0.016767341643571854 
v 0.46910640597343445 -0.7749378681182861 -0.016767341643571854 
v 0.6081426739692688 -0.9553899168968201 -0.016767341643571854 
v 0.7686703205108643 -0.8334952592849731 0.724633514881134 
v 0.7545093894004822 -0.6761497855186462 0.5689041614532471 
v 0.6910755038261414 -0.6278685331344604 0.325499951839447 
v 0.58967524766922 -0.6472287178039551 0.08209569752216339 
v 0.4882092773914337 -0.6659329533576965 -0.016767341643571854 
v 0.7545093894004822 -0.7938291430473328 0.5689041614532471 
v 0.7357772588729858 -0.725374162197113 0.325499951839447 
v 0.6817564964294434 -0.6825173497200012 0.08209571987390518 
v 0.5890398621559143 -0.6659329533576965 -0.016767341643571854 
v 0.6081426739692688 -0.7749378681182861 -0.016767341643571854 
v 0.7357772588729858 -0.8352644443511963 0.32549992203712463 
v 0.7170450687408447 -0.7745985388755798 0.08209571987390518 
v 0.6815009117126465 -0.6943738460540771 -0.016767341643571854 
v 0.7099417448043823 -0.7868348360061646 -0.016767341643571854 
v 0.7099417448043823 -0.8876653909683228 -0.016767341643571854 
v 0.7006142735481262 -1.1429035663604736 -0.016767341643571854 
v 0.6161502599716187 -1.154800534248352 -0.016767341643571854 
v 0.6950358152389526 -1.0785877704620361 0.04651719704270363 
v 0.60886549949646 -1.1266236305236816 0.07133248448371887 
v 0.6941136717796326 -0.9391223192214966 0.0822988972067833 
v 0.7170450687408447 -0.8766998052597046 0.08209569752216339 
v 0.6972540616989136 -0.9179409742355347 0.3256015181541443 
v 0.3799949884414673 -0.9179409742355347 0.3256015181541443 
v 0.3768545389175415 -0.896759569644928 0.5689041614532471 
v 0.3662432134151459 -0.943177342414856 0.724633514881134 
v 0.35563188791275024 -0.9895951747894287 0.880362868309021 
v 0.35916829109191895 -1.00138258934021 0.9848366975784302 
v 0.30979520082473755 -0.8863440155982971 1.0456113815307617 
v 0.3673073351383209 -0.8876653909683228 1.1830857992172241 
v 0.3673073351383209 -0.7868348360061646 1.1830857992172241 
v 0.46910640597343445 -0.7749378681182861 1.2777683734893799 
v 0.4882092773914337 -0.6659329533576965 1.1830857992172241 
v 0.5890398621559143 -0.6659329533576965 1.1830857992172241 
v 0.474206805229187 -0.5930971503257751 1.0456113815307617 
v 0.6030423641204834 -0.5930971503257751 1.0456113815307617 
v 0.47206562757492065 -0.5623959302902222 0.880362868309021 
v 0.29441776871681213 -0.8731613159179688 0.880362868309021 
v 0.30979520082473755 -0.7575085163116455 1.0456113815307617 
v 0.3957482576370239 -0.6943738460540771 1.0727269649505615 
v 0.35916829109191895 -0.6424701809883118 0.9848366975784302 
v 0.35563188791275024 -0.6236100196838379 0.880362868309021 
v 0.3662432134151459 -0.5984148383140564 0.724633514881134 
v 0.29441776871681213 -0.740043580532074 0.880362868309021 
v 0.308578759431839 -0.8334952592849731 0.724633514881134 
v 0.308578759431839 -0.7080966830253601 0.724633514881134 
v 0.32273975014686584 -0.7938291430473328 0.5689041614532471 
v 0.32273975014686584 -0.6761497855186462 0.5689041614532471 
v 0.3414718508720398 -0.8352644443511963 0.32549992203712463 
v 0.6815009117126465 -0.6943738460540771 1.0727269649505615 
v 0.6081426739692688 -0.7749378681182861 1.2777683734893799 
v 0.46910640597343445 -0.899562418460846 1.2777683734893799 
v 0.3957482576370239 -0.9801263809204102 1.0727269649505615 
v 0.2593621611595154 -2.0189762115478516 1.6263843774795532 
vn 0.8234607577323914 -0.12047781050205231 -0.5544344186782837 
vn 0.9585279226303101 -0.18753647804260254 -0.21460255980491638 
vn 0.1929781138896942 -0.8382134437561035 -0.5100564956665039 
vn 0.4043355882167816 -0.7104001641273499 -0.5760593414306641 
vn 0.8863779306411743 -0.45798957347869873 0.06767380982637405 
vn 0.8272325396537781 -0.561821460723877 -0.006554040592163801 
vn 0.21890157461166382 -0.6296725869178772 -0.7453821301460266 
vn 0.7749291062355042 -0.6031515598297119 -0.18892620503902435 
vn 0.07542890310287476 -0.9247297048568726 -0.37307560443878174 
vn 0.7579176425933838 -0.651292622089386 0.03713129088282585 
vn -0.07352664321660995 -0.9739299416542053 0.21460255980491638 
vn 0.7077648043632507 -0.6278001666069031 0.3239381015300751 
vn 0.04516982287168503 -0.6939578056335449 0.7185974717140198 
vn 0.699694812297821 -0.5652261972427368 0.43697428703308105 
vn 0.02440691366791725 -0.3783620595932007 0.9253358840942383 
vn 0.7595801949501038 -0.4922279119491577 0.42514660954475403 
vn 0.07178129255771637 -0.13923628628253937 0.9876541495323181 
vn 0.7482869625091553 -0.4849691689014435 0.45262736082077026 
vn 0.19306863844394684 -0.029821282252669334 0.9807319641113281 
vn 0.7190771698951721 -0.46375250816345215 0.5175535082817078 
vn 0.5967236757278442 0.24972161650657654 0.762600839138031 
vn 0.7580783367156982 -0.5377200841903687 0.3690181374549866 
vn 0.9177569150924683 0.34697291254997253 0.19321508705615997 
vn 0.8031250238418579 -0.5471263527870178 0.23588760197162628 
vn 0.9186868071556091 0.23182274401187897 -0.3198012113571167 
vn 0.8821519017219543 -0.45053717494010925 0.1372016966342926 
vn 0.712705135345459 -0.5914621353149414 0.37712597846984863 
vn 0.8343388438224792 -0.3736748695373535 0.405272513628006 
vn 0.8065276145935059 -0.5729225277900696 0.1458524912595749 
vn 0.8915826082229614 -0.3606295883655548 0.27391019463539124 
vn -0.8234607577323914 -0.12047781050205231 -0.5544344186782837 
vn -0.1892932951450348 -0.8390532732009888 -0.5100564956665039 
vn -0.9577960968017578 -0.19123901426792145 -0.21460255980491638 
vn -0.4043355882167816 -0.7104001641273499 -0.5760593414306641 
vn -0.8863779306411743 -0.45798957347869873 0.06767380982637405 
vn -0.8272325396537781 -0.561821460723877 -0.006554040592163801 
vn -0.7151092290878296 -0.5885531306266785 0.37712597846984863 
vn -0.8327891230583191 -0.37711602449417114 0.405272513628006 
vn -0.8065276145935059 -0.5729225277900696 0.1458524912595749 
vn -0.8901613354682922 -0.364123672246933 0.27391019463539124 
vn -0.7462297081947327 -0.48812878131866455 0.45262736082077026 
vn -0.7595801949501038 -0.4922279119491577 0.42514660954475403 
vn -0.07178129255771637 -0.13923628628253937 0.9876541495323181 
vn -0.02065606229007244 -0.3785853683948517 0.9253358840942383 
vn -0.19306863844394684 -0.029821282252669334 0.9807319641113281 
vn -0.7170268297195435 -0.46691635251045227 0.5175535082817078 
vn -0.7580783367156982 -0.5377200841903687 0.3690181374549866 
vn -0.8009942770004272 -0.5502409934997559 0.23588760197162628 
vn -0.8838611245155334 -0.44717469811439514 0.1372016966342926 
vn -0.9186868071556091 0.23182274401187897 -0.3198012113571167 
vn -0.5981690287590027 0.24623936414718628 0.762600839138031 
vn -0.9164159297943115 0.35049939155578613 0.19321508705615997 
vn 0.29670479893684387 -0.40323343873023987 -0.865661084651947 
vn 0.44817978143692017 -0.4428377151489258 -0.7765498161315918 
vn 0.16016817092895508 -0.5174197554588318 -0.8406086564064026 
vn 0.4338403046131134 -0.6356881856918335 -0.6385006904602051 
vn 0.2483198046684265 -0.7104740738868713 -0.6584556698799133 
vn 0.47392818331718445 -0.8561142683029175 -0.2060592919588089 
vn 0.5200668573379517 -0.7851275205612183 -0.3363112509250641 
vn 0.407187283039093 -0.8585805296897888 0.31150925159454346 
vn 0.36529332399368286 -0.8510797619819641 0.37712597846984863 
vn -0.0018851651111617684 -0.8916977643966675 0.45262736082077026 
vn 0.24755415320396423 -0.5569442510604858 -0.7927988767623901 
vn 2.5477506931416427e-13 -0.8224106431007385 -0.5688942670822144 
vn 0.5783625245094299 -0.7010161280632019 -0.417220801115036 
vn 0.6661442518234253 -0.7368205785751343 -0.11553031951189041 
vn 0.5780341029167175 -0.8077928423881531 0.11553031951189041 
vn 0.44321680068969727 -0.8682004809379578 0.22312943637371063 
vn 0.6849167346954346 -0.7155870199203491 0.1372016966342926 
vn 0.7027955651283264 -0.521816611289978 -0.4835140109062195 
vn 0.8158132433891296 -0.5675259828567505 -0.1111890971660614 
vn 0.6849167346954346 -0.7155870199203491 0.1372016966342926 
vn 0.8158132433891296 -0.5675259828567505 -0.1111890971660614 
vn 0.8950719237327576 -0.41668498516082764 0.15880759060382843 
vn 0.9311099648475647 -0.34737762808799744 -0.1111890971660614 
vn 0.9731791615486145 -0.1577650010585785 0.16742929816246033 
vn 0.9878259301185608 -0.11306597292423248 -0.10684575140476227 
vn 0.9927668571472168 0.045287031680345535 -0.1111890971660614 
vn 0.8940607905387878 0.05284374952316284 -0.44481781125068665 
vn 0.8784138560295105 0.20215199887752533 -0.43303996324539185 
vn 0.5746765732765198 0.14224404096603394 -0.8059239983558655 
vn 0.5479744076728821 0.30401119589805603 -0.7792953848838806 
vn 0.2636622488498688 0.2890585958957672 -0.9202865362167358 
vn 0.2993966341018677 0.6241898536682129 -0.7216291427612305 
vn 0.1276427060365677 0.6804106831550598 -0.7216291427612305 
vn 0.3200492858886719 0.8725789785385132 -0.3690181374549866 
vn 0.18747641146183014 0.9183202385902405 -0.34862664341926575 
vn 0.3261370062828064 0.9353129863739014 -0.1372016966342926 
vn 0.20988407731056213 0.9680518507957458 -0.1372016966342926 
vn 0.36140647530555725 0.931668758392334 0.03713129088282585 
vn 0.23197589814662933 0.9727190732955933 -0.002184694167226553 
vn 0.39924848079681396 0.8824942111968994 0.24860523641109467 
vn 0.2444399744272232 0.9426263570785522 0.22738653421401978 
vn 0.40137284994125366 0.8309735059738159 0.3852050006389618 
vn 0.22763003408908844 0.8908060193061829 0.3932546079158783 
vn 0.3824569582939148 0.6448485851287842 0.661737859249115 
vn 0.21368250250816345 0.7064461708068848 0.67473965883255 
vn 0.17259888350963593 0.34662529826164246 0.9219872951507568 
vn -0.0018814154900610447 0.3629138767719269 0.931820809841156 
vn 0.17295964062213898 0.17561766505241394 0.9691457152366638 
vn 0.0018687201663851738 0.18677105009555817 0.9824016690254211 
vn -1.8072902708757407e-15 0.017476677894592285 0.9998472929000854 
vn -0.17295964062213898 0.17561766505241394 0.9691457152366638 
vn -0.18152524530887604 0.018702303990721703 0.983208417892456 
vn -0.3467285931110382 0.14311030507087708 0.926983654499054 
vn -0.3546820878982544 0.007529959548264742 0.9349566102027893 
vn -0.6714597940444946 0.12371288239955902 0.7306414246559143 
vn -0.6763085126876831 0.007534658536314964 0.736579954624176 
vn -0.8884829878807068 0.11284977197647095 0.44481781125068665 
vn -0.8936370611190796 0.007547071203589439 0.4487268626689911 
vn -0.9294877648353577 0.12046560645103455 0.34862664341926575 
vn -0.937261700630188 -1.9384737955444042e-13 0.34862664341926575 
vn -0.9752927422523499 0.15791195631027222 0.15449213981628418 
vn -0.9871941804885864 0.015092961490154266 0.15880759060382843 
vn -0.9717023372650146 0.20602735877037048 -0.11553031951189041 
vn -0.992587685585022 0.04905800148844719 -0.1111890971660614 
vn -0.8784138560295105 0.20215199887752533 -0.43303996324539185 
vn -0.8942756652832031 0.049073126167058945 -0.44481781125068665 
vn -0.5746765732765198 0.14224404096603394 -0.8059239983558655 
vn -0.5875085592269897 0.03400807827711105 -0.8085030317306519 
vn -0.26363605260849 0.11737833172082901 -0.9574540853500366 
vn -0.25847935676574707 0.018918249756097794 -0.9658315181732178 
vn -0.11772456020116806 0.13376107811927795 -0.9839963912963867 
vn -0.11714497208595276 0.011418070644140244 -0.9930492043495178 
vn 0.001890473417006433 0.12635940313339233 -0.9919826984405518 
vn -0.0019445375073701143 0.00851957593113184 -0.999961793422699 
vn 0.11671379953622818 0.015205458737909794 -0.9930492043495178 
vn 0.10441472381353378 -0.07118875533342361 -0.9919826984405518 
vn 0.23647509515285492 -0.052586860954761505 -0.9702134728431702 
vn 0.24493657052516937 -0.20882205665111542 -0.946783721446991 
vn 0.5057981014251709 -0.24837763607501984 -0.8261215686798096 
vn 0.44817978143692017 -0.4428377151489258 -0.7765498161315918 
vn 0.7027955651283264 -0.521816611289978 -0.4835140109062195 
vn 0.0037817833945155144 -0.06975089013576508 -0.9975572824478149 
vn -0.1064976379275322 -0.06803327798843384 -0.9919826984405518 
vn -0.2372681051492691 -0.04888452962040901 -0.9702134728431702 
vn -0.5593834519386292 -0.06792145222425461 -0.8261215686798096 
vn -0.8786129951477051 -0.09424483776092529 -0.46814218163490295 
vn -0.9882482886314392 -0.10931263118982315 -0.10684575140476227 
vn -0.9737756848335266 -0.15403994917869568 0.16742929816246033 
vn -0.9271508455276489 -0.16518479585647583 0.3363112509250641 
vn -0.8867114186286926 -0.13910365104675293 0.4409002661705017 
vn -0.6725826263427734 -0.13474531471729279 0.7276512384414673 
vn -0.34523943066596985 -0.15672674775123596 0.9253358840942383 
vn -0.17587359249591827 -0.16659630835056305 0.9702134728431702 
vn 0.003751524491235614 -0.16954125463962555 0.9855159521102905 
vn 0.1818709671497345 0.014971313998103142 0.983208417892456 
vn 0.34527474641799927 0.14658315479755402 0.926983654499054 
vn 0.3295723795890808 0.3016430139541626 0.8946471214294434 
vn 0.5780320763587952 0.5287458300590515 0.6215357780456543 
vn 0.6848785877227783 0.5889115333557129 0.42909738421440125 
vn 0.7110109925270081 0.6283496022224426 0.31565824151039124 
vn 0.711342990398407 0.6953307390213013 0.10250037163496017 
vn 0.6579476594924927 0.7420122623443604 -0.12854042649269104 
vn 0.6027681827545166 0.6987758278846741 -0.3852050006389618 
vn 0.453889936208725 0.5432092547416687 -0.7063339352607727 
vn 0.8252460956573486 0.380651593208313 -0.417220801115036 
vn 0.9161306023597717 0.3825390040874481 -0.11986933648586273 
vn 0.9724779725074768 0.20233459770679474 -0.11553031951189041 
vn 0.9402987360954285 0.3114706873893738 0.1372016966342926 
vn 0.9752927422523499 0.15791195631027222 0.15449213981628418 
vn 0.9039636254310608 0.2532787322998047 0.34452807903289795 
vn 0.9294877648353577 0.12046560645103455 0.34862664341926575 
vn 0.8884829878807068 0.11284977197647095 0.44481781125068665 
vn 0.8936370611190796 0.007547071203589439 0.4487268626689911 
vn 0.6763085126876831 0.007534658536314964 0.736579954624176 
vn 0.6725826263427734 -0.13474531471729279 0.7276512384414673 
vn 0.34677568078041077 -0.15329766273498535 0.9253358840942383 
vn 0.35736116766929626 -0.4118940830230713 0.838234007358551 
vn 0.17231576144695282 -0.4037005305290222 0.8985171914100647 
vn 0.17923058569431305 -0.7368603944778442 0.651853621006012 
vn -0.001885096076875925 -0.7380534410476685 0.67473965883255 
vn 0.20198102295398712 -0.8897793889045715 0.40926313400268555 
vn -0.001886979560367763 -0.9069715142250061 0.42118772864341736 
vn 0.22776097059249878 -0.9107279181480408 0.34452807903289795 
vn 0.0037722403649240732 -0.934171736240387 0.3568037748336792 
vn 0.407187283039093 -0.8585805296897888 0.31150925159454346 
vn 2.475414892597755e-13 -0.7967764139175415 0.6042742133140564 
vn 0.8632012605667114 0.24594822525978088 0.4409002661705017 
vn 0.6498776078224182 0.26459965109825134 0.7124928832054138 
vn 0.6721325516700745 0.12000371515750885 0.7306414246559143 
vn 0.3546820878982544 0.007529959548264742 0.9349566102027893 
vn 0.17327441275119781 -0.16929803788661957 0.9702134728431702 
vn 0.003762831911444664 -0.39524441957473755 0.9185682535171509 
vn -0.17231576144695282 -0.4037005305290222 0.8985171914100647 
vn -0.360196590423584 -0.4094168543815613 0.838234007358551 
vn -0.6352822184562683 -0.3870909512042999 0.6682642698287964 
vn -0.812869668006897 -0.3938506841659546 0.42909738421440125 
vn -0.856303334236145 -0.4087841212749481 0.31565824151039124 
vn -0.8950719237327576 -0.41668498516082764 0.15880759060382843 
vn 2.475414892597755e-13 -0.7967764139175415 0.6042742133140564 
vn -0.41059407591819763 -0.8569565415382385 0.31150925159454346 
vn -0.3687581717967987 -0.8495842814445496 0.37712597846984863 
vn -0.5200668573379517 -0.7851275205612183 -0.3363112509250641 
vn -0.25100046396255493 -0.5553995966911316 -0.7927988767623901 
vn -0.21890157461166382 -0.6296725869178772 -0.7453821301460266 
vn -0.7772426605224609 -0.6001672744750977 -0.18892620503902435 
vn -0.7579176425933838 -0.651292622089386 0.03713129088282585 
vn -0.7077648043632507 -0.6278001666069031 0.3239381015300751 
vn -0.697317898273468 -0.5681560039520264 0.43697428703308105 
vn -0.04516982287168503 -0.6939578056335449 0.7185974717140198 
vn -0.07542890310287476 -0.9247297048568726 -0.37307560443878174 
vn 0.06976263970136642 -0.974206805229187 0.21460255980491638 
vn 0.29670479893684387 -0.40323343873023987 -0.865661084651947 
vn 0.09501074254512787 -0.19480088353157043 -0.976230263710022 
vn 0.09501074254512787 -0.19480088353157043 -0.976230263710022 
vn -0.00188760319724679 -0.19106177985668182 -0.9815762042999268 
vn -0.09501074254512787 -0.19480088353157043 -0.976230263710022 
vn -0.16016817092895508 -0.5174197554588318 -0.8406086564064026 
vn 0.16016817092895508 -0.5174197554588318 -0.8406086564064026 
vn 1.550906213350356e-13 -0.5006305575370789 -0.865661084651947 
vn -0.6876367330551147 -0.7129736542701721 0.1372016966342926 
vn -0.8950719237327576 -0.41668498516082764 0.15880759060382843 
vn -0.8179632425308228 -0.5644228458404541 -0.1111890971660614 
vn -0.9297836422920227 -0.3509122133255005 -0.1111890971660614 
vn -0.8042283058166504 -0.3346543610095978 -0.4911448359489441 
vn -0.5057981014251709 -0.24837763607501984 -0.8261215686798096 
vn -0.7027955651283264 -0.521816611289978 -0.4835140109062195 
vn -0.44817978143692017 -0.4428377151489258 -0.7765498161315918 
vn -0.24246260523796082 -0.2116895169019699 -0.946783721446991 
vn -0.29670479893684387 -0.40323343873023987 -0.865661084651947 
vn -0.09501074254512787 -0.19480088353157043 -0.976230263710022 
vn -0.16016817092895508 -0.5174197554588318 -0.8406086564064026 
vn -0.29670479893684387 -0.40323343873023987 -0.865661084651947 
vn -0.16016817092895508 -0.5174197554588318 -0.8406086564064026 
vn -0.44817978143692017 -0.4428377151489258 -0.7765498161315918 
vn -0.4338403046131134 -0.6356881856918335 -0.6385006904602051 
vn -0.5783625245094299 -0.7010161280632019 -0.417220801115036 
vn -0.47392818331718445 -0.8561142683029175 -0.2060592919588089 
vn -0.6633404493331909 -0.7393457889556885 -0.11553031951189041 
vn -0.5810985565185547 -0.8055912256240845 0.11553031951189041 
vn -0.44321680068969727 -0.8682004809379578 0.22312943637371063 
vn -0.6876367330551147 -0.7129736542701721 0.1372016966342926 
vn -0.2483198046684265 -0.7104740738868713 -0.6584556698799133 
vn 0.0037783945444971323 -0.7047756314277649 -0.7094202041625977 
vn 1.550906213350356e-13 -0.5006305575370789 -0.865661084651947 
vn 0.003781221341341734 -0.5849415063858032 -0.8110666871070862 
vn 0.5297387838363647 -0.8369901776313782 -0.1372016966342926 
vn -0.00188738526776433 -0.8975540995597839 0.4409002661705017 
vn -0.5297387838363647 -0.8369901776313782 -0.1372016966342926 
vn 0.9871941804885864 0.015092961490154266 0.15880759060382843 
vn 0.9271508455276489 -0.16518479585647583 0.3363112509250641 
vn 0.856303334236145 -0.4087841212749481 0.31565824151039124 
vn 0.812869668006897 -0.3938506841659546 0.42909738421440125 
vn 0.5964353680610657 -0.6857052445411682 0.417220801115036 
vn 0.5462867021560669 -0.6435403227806091 0.5361219048500061 
vn 0.38657140731811523 -0.6997267007827759 0.6007870435714722 
vn 0.6352822184562683 -0.3870909512042999 0.6682642698287964 
vn 0.937261700630188 0 0.34862664341926575 
vn 0.8872885704040527 -0.13537326455116272 0.4409002661705017 
vn 0.3923148810863495 -0.8276883959770203 0.401274174451828 
vn 0.6247689127922058 -0.7246868014335632 0.29067665338516235 
vn 0.8950719237327576 -0.41668498516082764 0.15880759060382843 
vn 0.4053756296634674 -0.8579221963882446 0.31565824151039124 
vn 0.6849167346954346 -0.7155870199203491 0.1372016966342926 
vn 0.44321680068969727 -0.8682004809379578 0.22312943637371063 
vn -0.41059407591819763 -0.8569565415382385 0.31150925159454346 
vn -0.22776097059249878 -0.9107279181480408 0.34452807903289795 
vn -0.44321680068969727 -0.8682004809379578 0.22312943637371063 
vn -0.4053756296634674 -0.8579221963882446 0.31565824151039124 
vn -0.6876367330551147 -0.7129736542701721 0.1372016966342926 
vn -0.6276205778121948 -0.7222184538841248 0.29067665338516235 
vn -0.20198102295398712 -0.8897793889045715 0.40926313400268555 
vn -0.3957194983959198 -0.8260660767555237 0.401274174451828 
vn -0.5992759466171265 -0.683224081993103 0.417220801115036 
vn -0.17923058569431305 -0.7368603944778442 0.651853621006012 
vn -0.38657140731811523 -0.6997267007827759 0.6007870435714722 
vn -0.5491571426391602 -0.6410925984382629 0.5361219048500061 
vn -0.7027955651283264 -0.521816611289978 -0.4835140109062195 
vn -0.8179632425308228 -0.5644228458404541 -0.1111890971660614 
vn -0.3909015655517578 -0.3749306797981262 0.8406086564064026 
vn -0.7454097867012024 -0.662703275680542 -0.07203252613544464 
vn -0.0018833712674677372 -0.4112511873245239 0.9115201234817505 
vn -0.0018864546436816454 -0.9979918599128723 -0.0633138045668602 
vn 0.7454097867012024 -0.662703275680542 -0.07203252613544464 
vn 0.34940072894096375 -0.6857375502586365 -0.6385006904602051 
vn 0.47537338733673096 -0.3528550863265991 -0.8059239983558655 
vn 1.1653612103090794e-13 -0.3751016855239868 -0.926983654499054 
vn 0.0018883873708546162 -0.7321288585662842 -0.681163489818573 
vn -0.34940072894096375 -0.6857375502586365 -0.6385006904602051 
vn -0.47537338733673096 -0.3528550863265991 -0.8059239983558655 
vn -0.9851269125938416 -0.15794049203395844 0.06767380982637405 
vn -0.3909015655517578 -0.3749306797981262 0.8406086564064026 
vn -0.4915245771408081 0.32361462712287903 0.8085030317306519 
vn 0.0018820299301296473 0.5379615426063538 0.8429672718048096 
vn 0.49358510971069336 0.320463091135025 0.8085030317306519 
vn 0.9851269125938416 -0.15794049203395844 0.06767380982637405 
vn 0.3909015655517578 -0.3749306797981262 0.8406086564064026 
vn 0.5967236757278442 0.24972161650657654 0.762600839138031 
vn -0.043367039412260056 0.8310967683792114 0.5544344186782837 
vn 0.19306863844394684 -0.029821282252669334 0.9807319641113281 
vn -0.3932158350944519 0.46112218499183655 0.7954543828964233 
vn 0.07178129255771637 -0.13923628628253937 0.9876541495323181 
vn -0.4960898160934448 0.19835872948169708 0.8453097939491272 
vn 0.02440691366791725 -0.3783620595932007 0.9253358840942383 
vn -0.6232457756996155 -1.2890162299095814e-13 0.7820260524749756 
vn 0.04516982287168503 -0.6939578056335449 0.7185974717140198 
vn -0.7835622429847717 -0.36538106203079224 0.5025205612182617 
vn -0.07352664321660995 -0.9739299416542053 0.21460255980491638 
vn -0.706821620464325 -0.706821620464325 -0.028397228568792343 
vn 0.07542890310287476 -0.9247297048568726 -0.37307560443878174 
vn -0.5093458890914917 -0.6612064838409424 -0.5507928133010864 
vn 0.21890157461166382 -0.6296725869178772 -0.7453821301460266 
vn -0.2226523607969284 -0.4007657766342163 -0.888714075088501 
vn 0.4043355882167816 -0.7104001641273499 -0.5760593414306641 
vn -0.3107937276363373 -0.11132940649986267 -0.9439348578453064 
vn -0.4738633632659912 0.007557420525699854 -0.8805659413337708 
vn 0.286911278963089 0.6926651000976562 -0.661737859249115 
vn 0.8234607577323914 -0.12047781050205231 -0.5544344186782837 
vn 0.24837763607501984 0.5057981014251709 -0.8261215686798096 
vn 0.9585279226303101 -0.18753647804260254 -0.21460255980491638 
vn 0.9186868071556091 0.23182274401187897 -0.3198012113571167 
vn -0.5133479237556458 -0.04901878163218498 -0.8567795157432556 
vn -0.42147475481033325 0.24842587113380432 -0.872148871421814 
vn -0.2810532748699188 0.5170415043830872 -0.8085030317306519 
vn 0.3476616442203522 0.7480457425117493 -0.5652954578399658 
vn -0.25681382417678833 0.8539175391197205 -0.45262736082077026 
vn 0.22446909546852112 0.9737735390663147 -0.03713129088282585 
vn -0.3577209413051605 0.9153939485549927 -0.18463370203971863 
vn -0.49585214257240295 0.858841061592102 0.12854042649269104 
vn -0.6550487875938416 0.6377031207084656 0.405272513628006 
vn -0.8066062331199646 0.4649679958820343 0.3649536371231079 
vn -0.9011076092720032 0.3217329978942871 0.29067665338516235 
vn -0.9899342060089111 -2.0474126680072174e-13 0.1415284425020218 
vn -0.9656246304512024 -0.1092066541314125 -0.23588760197162628 
vn -0.8171157240867615 -0.11297313123941422 -0.5652954578399658 
vn -0.7687219977378845 0.40968674421310425 -0.4911448359489441 
vn -0.6629952192306519 0.6603233814239502 -0.3527185618877411 
vn -0.8847631216049194 0.42009320855140686 -0.2017817199230194 
vn -0.751741349697113 0.6450276374816895 -0.1372016966342926 
vn 0.1929781138896942 -0.8382134437561035 -0.5100564956665039 
vn 0.9177569150924683 0.34697291254997253 0.19321508705615997 
vn -0.25100046396255493 -0.5553995966911316 -0.7927988767623901 
vn -0.5200668573379517 -0.7851275205612183 -0.3363112509250641 
vn 3.090423967080924e-13 -0.9947329759597778 -0.10250037163496017 
vn -0.5297387838363647 -0.8369901776313782 -0.1372016966342926 
vn -0.00188738526776433 -0.8975540995597839 0.4409002661705017 
vn 0.5297387838363647 -0.8369901776313782 -0.1372016966342926 
vn 0.5200668573379517 -0.7851275205612183 -0.3363112509250641 
vn 0.24755415320396423 -0.5569442510604858 -0.7927988767623901 
vn 2.5477506931416427e-13 -0.8224106431007385 -0.5688942670822144 
vn -0.1892932951450348 -0.8390532732009888 -0.5100564956665039 
vn -0.8234607577323914 -0.12047781050205231 -0.5544344186782837 
vn 0.4738633632659912 0.007557420525699854 -0.8805659413337708 
vn -0.286911278963089 0.6926651000976562 -0.661737859249115 
vn 0.3107937276363373 -0.11132940649986267 -0.9439348578453064 
vn -0.24837763607501984 0.5057981014251709 -0.8261215686798096 
vn 0.41954463720321655 0.25167176127433777 -0.872148871421814 
vn 0.2777257561683655 0.5188364386558533 -0.8085030317306519 
vn 0.7704900503158569 0.40635186433792114 -0.4911448359489441 
vn 0.6629952192306519 0.6603233814239502 -0.3527185618877411 
vn 0.886375904083252 0.41667959094047546 -0.2017817199230194 
vn 0.751741349697113 0.6450276374816895 -0.1372016966342926 
vn 0.9023688435554504 0.31817853450775146 0.29067665338516235 
vn 0.8047147989273071 0.4682338833808899 0.3649536371231079 
vn 0.6232457756996155 0 0.7820260524749756 
vn 0.4960898160934448 0.19835872948169708 0.8453097939491272 
vn -0.02065606229007244 -0.3785853683948517 0.9253358840942383 
vn -0.07178129255771637 -0.13923628628253937 0.9876541495323181 
vn -0.04516982287168503 -0.6939578056335449 0.7185974717140198 
vn 0.7835622429847717 -0.36538106203079224 0.5025205612182617 
vn 0.9899342060089111 0 0.1415284425020218 
vn 0.9660414457321167 -0.10545602440834045 -0.23588760197162628 
vn 0.8171157240867615 -0.11297313123941422 -0.5652954578399658 
vn 0.51369309425354 -0.04525822401046753 -0.8567795157432556 
vn 0.22594933211803436 -0.3989162743091583 -0.888714075088501 
vn -0.4043355882167816 -0.7104001641273499 -0.5760593414306641 
vn -0.21890157461166382 -0.6296725869178772 -0.7453821301460266 
vn 0.706821620464325 -0.706821620464325 -0.028397228568792343 
vn 0.5093458890914917 -0.6612064838409424 -0.5507928133010864 
vn -0.07542890310287476 -0.9247297048568726 -0.37307560443878174 
vn 0.06976263970136642 -0.974206805229187 0.21460255980491638 
vn -0.9577960968017578 -0.19123901426792145 -0.21460255980491638 
vn -0.9186868071556091 0.23182274401187897 -0.3198012113571167 
vn -0.3476616442203522 0.7480457425117493 -0.5652954578399658 
vn -0.9164159297943115 0.35049939155578613 0.19321508705615997 
vn -0.22446909546852112 0.9737735390663147 -0.03713129088282585 
vn -0.5981690287590027 0.24623936414718628 0.762600839138031 
vn 0.0395989753305912 0.8312848210334778 0.5544344186782837 
vn -0.19306863844394684 -0.029821282252669334 0.9807319641113281 
vn 0.39033961296081543 0.46355944871902466 0.7954543828964233 
vn 0.25681382417678833 0.8539175391197205 -0.45262736082077026 
vn 0.3577209413051605 0.9153939485549927 -0.18463370203971863 
vn 0.49911898374557495 0.8569466471672058 0.12854042649269104 
vn 0.6524105668067932 0.6404018998146057 0.405272513628006 
vn 0.17028456926345825 -0.6902642846107483 -0.7032341957092285 
vn 0.4599117636680603 -0.5957493782043457 -0.6584556698799133 
vn -0.1017717570066452 -0.9875595569610596 -0.11986933648586273 
vn 0.1148638054728508 -0.9893454909324646 -0.08945280313491821 
vn -0.16510042548179626 -0.8880412578582764 0.42909738421440125 
vn 0.04524103179574013 -0.9112941026687622 0.40926313400268555 
vn -0.005648051388561726 -0.48539233207702637 0.87427818775177 
vn 0.2669806480407715 -0.5928534865379333 0.7597671151161194 
vn 0.19107823073863983 0.3460078537464142 0.9185682535171509 
vn 0.40351253747940063 -0.3211020827293396 0.8567795157432556 
vn 0.9132381081581116 0.12038864195346832 0.3892335295677185 
vn 0.8718816041946411 -0.36726903915405273 0.3239381015300751 
vn 0.7540827393531799 -0.17958316206932068 -0.6317508816719055 
vn 0.624518096446991 -0.5032133460044861 -0.5972883701324463 
vn 0.4047847390174866 -0.14822417497634888 -0.9023185968399048 
vn 0.5254234671592712 -0.6294395923614502 -0.5724822878837585 
vn 0.4795427620410919 -0.8733823299407959 0.08510008454322815 
vn 0.8056709170341492 -0.3311663269996643 -0.4911448359489441 
vn 0.8790078163146973 -0.09048855304718018 -0.46814218163490295 
vn 0.5593834519386292 -0.06792145222425461 -0.8261215686798096 
vn 0.5872779488563538 0.037781812250614166 -0.8085030317306519 
vn 0.25872817635536194 0.015139448456466198 -0.9658315181732178 
vn 0.26363605260849 0.11737833172082901 -0.9574540853500366 
vn 0.11772456020116806 0.13376107811927795 -0.9839963912963867 
vn 0.12025894969701767 0.3162761628627777 -0.9410139322280884 
vn 0.0018912545638158917 0.3094267249107361 -0.9509214162826538 
vn -0.11671552807092667 0.31760087609291077 -0.9410139322280884 
vn -0.2608557939529419 0.2915937304496765 -0.9202865362167358 
vn -0.5461312532424927 0.3073098957538605 -0.7792953848838806 
vn -0.8252460956573486 0.380651593208313 -0.417220801115036 
vn -0.9161306023597717 0.3825390040874481 -0.11986933648586273 
vn -0.6027681827545166 0.6987758278846741 -0.3852050006389618 
vn -0.6551173329353333 0.7445123791694641 -0.12854042649269104 
vn -0.3235929310321808 0.871271014213562 -0.3690181374549866 
vn -0.3261370062828064 0.9353129863739014 -0.1372016966342926 
vn -0.18747641146183014 0.9183202385902405 -0.34862664341926575 
vn -0.20988407731056213 0.9680518507957458 -0.1372016966342926 
vn -9.738792481868777e-14 0.9417508840560913 -0.3363112509250641 
vn -1.0237063340036087e-13 0.9899342060089111 -0.1415284425020218 
vn -7.060541387660102e-14 0.6827613711357117 -0.7306414246559143 
vn -0.1276427060365677 0.6804106831550598 -0.7216291427612305 
vn -0.2993966341018677 0.6241898536682129 -0.7216291427612305 
vn -0.4567808210849762 0.5407806038856506 -0.7063339352607727 
vn -0.9391058683395386 0.31504908204078674 0.1372016966342926 
vn -0.9039636254310608 0.2532787322998047 0.34452807903289795 
vn -0.862159252166748 0.24957633018493652 0.4409002661705017 
vn -0.6484472751617432 0.2680858075618744 0.7124928832054138 
vn -0.6848785877227783 0.5889115333557129 0.42909738421440125 
vn -0.5805692076683044 0.5259588360786438 0.6215357780456543 
vn -0.40137284994125366 0.8309735059738159 0.3852050006389618 
vn -0.37921079993247986 0.6467628479003906 0.661737859249115 
vn -0.22763003408908844 0.8908060193061829 0.3932546079158783 
vn -0.21728841960430145 0.7053453922271729 0.67473965883255 
vn -0.0018856911920011044 0.9159560203552246 0.401274174451828 
vn -0.001883754855953157 0.7231374382972717 0.6907016038894653 
vn 0.0018870825879275799 0.9766996502876282 0.21460255980491638 
vn -0.24078667163848877 0.9435662031173706 0.22738653421401978 
vn -0.39924848079681396 0.8824942111968994 0.24860523641109467 
vn -0.7110109925270081 0.6283496022224426 0.31565824151039124 
vn -1.0340538240125388e-13 0.9999403357505798 -0.010923261754214764 
vn -0.23197589814662933 0.9727190732955933 -0.002184694167226553 
vn -0.36140647530555725 0.931668758392334 0.03713129088282585 
vn -0.711342990398407 0.6953307390213013 0.10250037163496017 
vn -0.3321012556552887 0.2988565266132355 0.8946471214294434 
vn -0.17596204578876495 0.34493017196655273 0.9219872951507568 
vn -0.9127373695373535 0.12412820011377335 0.3892335295677185 
vn -0.40351253747940063 -0.3211020827293396 0.8567795157432556 
vn -0.19107823073863983 0.3460078537464142 0.9185682535171509 
vn -0.2669806480407715 -0.5928534865379333 0.7597671151161194 
vn 0.0018827214371412992 -0.4854215383529663 0.87427818775177 
vn -0.04524103179574013 -0.9112941026687622 0.40926313400268555 
vn 0.16510042548179626 -0.8880412578582764 0.42909738421440125 
vn -0.11111374944448471 -0.989773690700531 -0.08945280313491821 
vn 0.1017717570066452 -0.9875595569610596 -0.11986933648586273 
vn -0.4599117636680603 -0.5957493782043457 -0.6584556698799133 
vn -0.16661293804645538 -0.691159725189209 -0.7032341957092285 
vn -0.5254234671592712 -0.6294395923614502 -0.5724822878837585 
vn -0.4047847390174866 -0.14822417497634888 -0.9023185968399048 
vn -0.6268813610076904 -0.5002663135528564 -0.5972883701324463 
vn -0.7531991004943848 -0.1832539141178131 -0.6317508816719055 
vn -0.8718816041946411 -0.36726903915405273 0.3239381015300751 
vn -0.47622954845428467 -0.8751933574676514 0.08510008454322815 
vn 0.04906785115599632 -0.9867748022079468 -0.15449213981628418 
vn 0.12793481349945068 -0.9139200448989868 -0.3852050006389618 
vn 0.28097787499427795 -0.9185348749160767 -0.2781098484992981 
vn 0.2788928151130676 -0.8779043555259705 -0.3892335295677185 
vn 0.31166544556617737 -0.7006309628486633 -0.641857385635376 
vn 0.1715679168701172 -0.6062464714050293 -0.7765498161315918 
vn 0.38820919394493103 -0.446967750787735 -0.8059239983558655 
vn 0.5813248157501221 -0.6787530183792114 -0.4487268626689911 
vn 0.33487576246261597 -0.9280356168746948 -0.16312000155448914 
vn 0.05467963591217995 -0.9940879940986633 -0.09380380809307098 
vn 0.38931387662887573 -0.9201699495315552 -0.04149730131030083 
vn 0.1635047197341919 -0.9852631688117981 -0.05022686347365379 
vn 0.36661410331726074 -0.928216278553009 -0.0633138045668602 
vn 0.21714159846305847 -0.9707436561584473 -0.10250037163496017 
vn 0.361551433801651 -0.9320424795150757 0.024029340595006943 
vn 0.6604257225990295 -0.724452555179596 -0.1975002884864807 
vn 0.7119118571281433 -0.4705752730369568 -0.5212872624397278 
vn 0.802173912525177 -0.5604075193405151 -0.2060592919588089 
vn 0.8174082040786743 -0.14285233616828918 -0.5580654144287109 
vn 0.9241414070129395 -0.3189399242401123 -0.2103329300880432 
vn 0.9830065965652466 -0.15779390931129456 -0.09380380809307098 
vn 0.9075013995170593 -0.361091285943985 0.21460255980491638 
vn 0.8969116806983948 -0.06784479320049286 0.43697428703308105 
vn 0.8455973267555237 -0.3737315535545349 0.3811691105365753 
vn 0.6776780486106873 -0.6790116429328918 0.28230419754981995 
vn 0.6384785771369934 -0.7556931972503662 0.1458524912595749 
vn 0.5344876646995544 -0.8151909112930298 0.22312943637371063 
vn 0.49099084734916687 -0.8705483675003052 0.03276457265019417 
vn 0.651740550994873 -0.7584388852119446 -0.002184694167226553 
vn 0.7632953524589539 -0.645957350730896 0.010923261754214764 
vn 0.1981855183839798 -0.43893226981163025 -0.8763908743858337 
vn 0.6189343929290771 -0.1498570442199707 -0.7710143327713013 
vn 0.46428197622299194 -0.14170342683792114 -0.87427818775177 
vn 0.8412474989891052 0.030217064544558525 -0.5398051738739014 
vn -0.04906785115599632 -0.9867748022079468 -0.15449213981628418 
vn -0.05844644457101822 -0.993873655796051 -0.09380380809307098 
vn -0.2845872938632965 -0.9174230098724365 -0.2781098484992981 
vn -0.3313221335411072 -0.9293102025985718 -0.16312000155448914 
vn -0.5841895937919617 -0.6762889623641968 -0.4487268626689911 
vn -0.6604257225990295 -0.724452555179596 -0.1975002884864807 
vn -0.7119118571281433 -0.4705752730369568 -0.5212872624397278 
vn -0.802173912525177 -0.5604075193405151 -0.2060592919588089 
vn -0.8174082040786743 -0.14285233616828918 -0.5580654144287109 
vn -0.925366997718811 -0.3153664767742157 -0.2103329300880432 
vn -0.9835975170135498 -0.15406756103038788 -0.09380380809307098 
vn -0.9088899493217468 -0.35758182406425476 0.21460255980491638 
vn -0.8966192007064819 -0.07160617411136627 0.43697428703308105 
vn -0.8455973267555237 -0.3737315535545349 0.3811691105365753 
vn -0.6750029921531677 -0.6816709637641907 0.28230419754981995 
vn -0.6384785771369934 -0.7556931972503662 0.1458524912595749 
vn -0.5344876646995544 -0.8151909112930298 0.22312943637371063 
vn -0.49099084734916687 -0.8705483675003052 0.03276457265019417 
vn -0.361551433801651 -0.9320424795150757 0.024029340595006943 
vn -0.36310237646102905 -0.9295956492424011 -0.0633138045668602 
vn -0.21714159846305847 -0.9707436561584473 -0.10250037163496017 
vn -0.1672283262014389 -0.984637975692749 -0.05022686347365379 
vn -0.8412474989891052 0.030217064544558525 -0.5398051738739014 
vn -0.4653725028038025 -0.13807983696460724 -0.87427818775177 
vn -0.6180335283279419 -0.1535300612449646 -0.7710143327713013 
vn -0.1981855183839798 -0.43893226981163025 -0.8763908743858337 
vn -0.38820919394493103 -0.446967750787735 -0.8059239983558655 
vn -0.1715679168701172 -0.6062464714050293 -0.7765498161315918 
vn -0.31166544556617737 -0.7006309628486633 -0.641857385635376 
vn -0.12793481349945068 -0.9139200448989868 -0.3852050006389618 
vn -0.2788928151130676 -0.8779043555259705 -0.3892335295677185 
vn -0.7632953524589539 -0.645957350730896 0.010923261754214764 
vn -0.651740550994873 -0.7584388852119446 -0.002184694167226553 
vn -0.38931387662887573 -0.9201699495315552 -0.04149730131030083 
vn 0.9874297380447388 -0.1579226851463318 0.006554040592163801 
vn 0.9890409708023071 -0.14289574325084686 0.03713129088282585 
vn 0.9581772089004517 -0.08288302272558212 0.27391019463539124 
vn 0.944865345954895 -0.11297248303890228 0.30735430121421814 
vn 0.7462421655654907 -0.09776920080184937 0.6584556698799133 
vn 0.7334790825843811 -0.10528510808944702 0.6715083718299866 
vn 0.33580365777015686 -0.06727495789527893 0.9395264387130737 
vn 0.3197765350341797 -0.11061551421880722 0.9410139322280884 
vn 3.2426803077542296e-14 -0.10467331111431122 0.9945066571235657 
vn 0.0013502120273187757 -0.0041555254720151424 0.9999904632568359 
vn -0.31764185428619385 -0.007504413370043039 0.9481810927391052 
vn -0.3143216371536255 0.1894233226776123 0.9302261471748352 
vn -0.7475343346595764 0.1830553263425827 0.6385006904602051 
vn -0.60517817735672 0.5531938076019287 0.5724822878837585 
vn -0.6206457614898682 0.7298770546913147 0.2864931523799896 
vn -0.16158266365528107 0.9550321698188782 0.24860523641109467 
vn -0.1727883517742157 0.9847627282142639 -0.01966099627315998 
vn -1.0339156559981827e-13 0.9998067021369934 -0.01966099627315998 
vn 0.0037761006969958544 0.8774328231811523 -0.4796847105026245 
vn 0.1727883517742157 0.9847627282142639 -0.01966099627315998 
vn 0.1781764179468155 0.8655033707618713 -0.46814218163490295 
vn 0.6329043507575989 0.7728704214096069 0.04586252197623253 
vn 0.6359540224075317 0.6799789071083069 -0.3649536371231079 
vn 0.9594131708145142 0.2609795331954956 0.10684575140476227 
vn 0.926521897315979 0.21700356900691986 -0.30735430121421814 
vn 0.9935600161552429 0.037715695798397064 0.10684575140476227 
vn 0.9514753818511963 0.015097973868250847 -0.30735430121421814 
vn 0.9938801527023315 -0.075381800532341 0.08074574917554855 
vn 0.951015293598175 -0.060362379997968674 -0.30319350957870483 
vn 0.9906996488571167 -0.12043889611959457 0.0633138045668602 
vn 0.9488352537155151 -0.11301499605178833 -0.2948545813560486 
vn 0.942411482334137 -0.15786512196063995 -0.2948545813560486 
vn 0.9338688850402832 -0.20236031711101532 -0.2948545813560486 
vn 0.6420933604240417 -0.22253358364105225 -0.7336177229881287 
vn 0.5473313331604004 -0.4340665340423584 -0.715552031993866 
vn 0.20229588449001312 -0.24500824511051178 -0.9481810927391052 
vn 0.1929808109998703 -0.5596829056739807 -0.8059239983558655 
vn 1.7952378136582708e-13 -0.5778437852859497 -0.8161473870277405 
vn -0.0018893282394856215 -0.8936669826507568 -0.4487268626689911 
vn -0.1929808109998703 -0.5596829056739807 -0.8059239983558655 
vn -0.2587886154651642 -0.867340087890625 -0.42514660954475403 
vn -0.549670398235321 -0.43110066652297974 -0.715552031993866 
vn -0.705718994140625 -0.6096923351287842 -0.36088213324546814 
vn -0.9330618977546692 -0.2060490846633911 -0.2948545813560486 
vn -0.805616021156311 -0.5890451669692993 -0.0633138045668602 
vn -0.9874297380447388 -0.1579226851463318 0.006554040592163801 
vn -0.9716938138008118 -0.06408196687698364 0.22738653421401978 
vn -0.9578447937965393 -0.08664043247699738 0.27391019463539124 
vn -0.7689831852912903 0.0977531298995018 0.6317508816719055 
vn -0.7640029191970825 0.003767983289435506 0.6452018022537231 
vn -0.3404102921485901 0.20088092982769012 0.9185682535171509 
vn -0.34679946303367615 0.07474100589752197 0.9349566102027893 
vn -0.0018731803866103292 0.2039123922586441 0.9789873361587524 
vn -0.0018501408630982041 0.07418830692768097 0.9972425103187561 
vn 0.3404102921485901 0.20088092982769012 0.9185682535171509 
vn 0.34679946303367615 0.07474100589752197 0.9349566102027893 
vn 0.7689831852912903 0.0977531298995018 0.6317508816719055 
vn 0.7640122175216675 0 0.6452018022537231 
vn 0.9719347357749939 -0.06031741574406624 0.22738653421401978 
vn -0.0018595322035253048 -0.0698285773396492 0.9975572824478149 
vn -0.33580365777015686 -0.06727495789527893 0.9395264387130737 
vn -0.7467226386070251 -0.09402892738580704 0.6584556698799133 
vn -0.944865345954895 -0.11297248303890228 0.30735430121421814 
vn -0.9890409708023071 -0.14289574325084686 0.03713129088282585 
vn -0.9417802691459656 -0.16158798336982727 -0.2948545813560486 
vn -0.6433207988739014 -0.21895991265773773 -0.7336177229881287 
vn -0.20229588449001312 -0.24500824511051178 -0.9481810927391052 
vn 7.920697924585982e-14 -0.2549481689929962 -0.9669547080993652 
vn -0.32098478078842163 -0.10705891996622086 0.9410139322280884 
vn -0.7340056300163269 -0.10154908895492554 0.6715083718299866 
vn -0.9469398856163025 -0.07916328310966492 0.31150925159454346 
vn -0.9938801527023315 -0.075381800532341 0.08074574917554855 
vn -0.990237295627594 -0.12418336421251297 0.0633138045668602 
vn -0.951246976852417 -0.05659432336688042 -0.30319350957870483 
vn -0.949274480342865 -0.10926462709903717 -0.2948545813560486 
vn -0.662987470626831 -0.02264833077788353 -0.7482877969741821 
vn -0.675773561000824 -0.07165990024805069 -0.7336177229881287 
vn -0.24222204089164734 0.003786193672567606 -0.9702134728431702 
vn -0.24513642489910126 -0.052621547132730484 -0.9680594801902771 
vn 0.0040505328215658665 0.012466258369386196 -0.9999141097068787 
vn -0.0018970201490446925 -0.05673984810709953 -0.9983872175216675 
vn 0.24513642489910126 -0.052621547132730484 -0.9680594801902771 
vn -0.0018901845905929804 -0.14800140261650085 -0.9889853596687317 
vn 0.23548604547977448 -0.1439729630947113 -0.961154580116272 
vn 0.2421332746744156 0.007571462541818619 -0.9702134728431702 
vn 0.2225225865840912 0.09575778245925903 -0.9702134728431702 
vn 0.662987470626831 -0.02264833077788353 -0.7482877969741821 
vn 0.6284259557723999 0.04529019072651863 -0.7765498161315918 
vn 0.5708564519882202 0.15687409043312073 -0.8059239983558655 
vn 0.4653474688529968 0.41459259390830994 -0.7820260524749756 
vn 0.13996253907680511 0.4846009314060211 -0.8634653687477112 
vn 0.003777894424274564 0.49303221702575684 -0.8700028657913208 
vn -0.17447540163993835 0.8662570118904114 -0.46814218163490295 
vn -0.6358216404914856 0.7704722285270691 0.04586252197623253 
vn -0.9361202120780945 0.220572367310524 0.27391019463539124 
vn -0.7409873604774475 0.0037729344330728054 0.6715083718299866 
vn 0.17170259356498718 0.19972890615463257 -0.9646899104118347 
vn -0.0018875121604651213 0.22950568795204163 -0.9733054637908936 
vn -0.16881988942623138 0.20217138528823853 -0.9646899104118347 
vn -0.2239920198917389 0.09226824343204498 -0.9702134728431702 
vn -0.6284259557723999 0.04529019072651863 -0.7765498161315918 
vn -0.9514753818511963 0.015097973868250847 -0.30735430121421814 
vn 0.003804662497714162 0.10895127803087234 -0.9940398335456848 
vn -0.6677365303039551 -0.14244654774665833 -0.7306414246559143 
vn -0.23743896186351776 -0.14072895050048828 -0.961154580116272 
vn -0.9523233771324158 0.03396938741207123 0.30319350957870483 
vn -0.9594131708145142 0.2609795331954956 0.10684575140476227 
vn -0.9935600161552429 0.037715695798397064 0.10684575140476227 
vn -0.926521897315979 0.21700356900691986 -0.30735430121421814 
vn -0.5708564519882202 0.15687409043312073 -0.8059239983558655 
vn -0.6331924200057983 0.6825512647628784 -0.3649536371231079 
vn -0.4653474688529968 0.41459259390830994 -0.7820260524749756 
vn -0.1363251805305481 0.48563674092292786 -0.8634653687477112 
vn 0.9466180205345154 -0.08292358368635178 0.31150925159454346 
vn 0.952181339263916 0.03774188831448555 0.30319350957870483 
vn 0.740958571434021 0.007545771077275276 0.6715083718299866 
vn 0.9369781017303467 0.21689914166927338 0.27391019463539124 
vn 0.7466282248497009 0.18671683967113495 0.6385006904602051 
vn 0.6206457614898682 0.7298770546913147 0.2864931523799896 
vn 0.6077163219451904 0.5504043102264404 0.5724822878837585 
vn 0.16158266365528107 0.9550321698188782 0.24860523641109467 
vn 0.24394972622394562 0.6677950024604797 0.7032341957092285 
vn 0.001886857906356454 0.9717785120010376 0.23588760197162628 
vn -6.994245135318045e-14 0.676350474357605 0.736579954624176 
vn -0.24394972622394562 0.6677950024604797 0.7032341957092285 
vn -0.0018777932273223996 0.1996326446533203 0.97986900806427 
vn 0.705718994140625 -0.6096923351287842 -0.36088213324546814 
vn 0.2624049782752991 -0.8662528395652771 -0.42514660954475403 
vn 0.8033834099769592 -0.5920865535736084 -0.0633138045668602 
vn 0.8929864764213562 -0.43721750378608704 0.10684575140476227 
vn 0.7689831852912903 0.0977531298995018 0.6317508816719055 
vn 0.3069421648979187 0.1858907788991928 0.933397650718689 
vn 0.003751524491235614 0.16954125463962555 0.9855159521102905 
vn -0.3069421648979187 0.1858907788991928 0.933397650718689 
vn -0.7689831852912903 0.0977531298995018 0.6317508816719055 
vn -0.8929864764213562 -0.43721750378608704 0.10684575140476227 
vn -0.3347899615764618 -0.9302491545677185 -0.15017375349998474 
vn -0.308258593082428 -0.9340529441833496 -0.18033768236637115 
vn 3.0541758358482163e-13 -0.9858840703964233 -0.16742929816246033 
vn 0.003776900703087449 -0.9737972617149353 -0.22738653421401978 
vn 0.308258593082428 -0.9340529441833496 -0.18033768236637115 
vn 1.1021701807516562e-13 -0.3547620177268982 0.9349566102027893 
vn -0.2552015483379364 -0.3070674240589142 0.916832447052002 
vn -0.6311581134796143 -0.21458078920841217 0.7453821301460266 
vn -0.6973150372505188 -0.6239721775054932 0.3527185618877411 
vn -0.30777987837791443 -0.9228297472000122 0.23163928091526031 
vn -0.0018859562696889043 -0.9641103148460388 0.26549527049064636 
vn 0.30777987837791443 -0.9228297472000122 0.23163928091526031 
vn 0.2580870985984802 -0.30464616417884827 0.916832447052002 
vn 0.3383385241031647 -0.9289644360542297 -0.15017375349998474 
vn 0.6947929859161377 -0.626779317855835 0.3527185618877411 
vn 0.6311581134796143 -0.21458078920841217 0.7453821301460266 
vn 0.6677365303039551 -0.14244654774665833 -0.7306414246559143 
vn 0.6753646731376648 -0.07541630417108536 -0.7336177229881287 
vn 0.31764185428619385 -0.007504413370043039 0.9481810927391052 
vn 0.31624355912208557 0.1861969381570816 0.9302261471748352 
vn -0.46772947907447815 0.8805644512176514 0.0763898640871048 
vn -0.40923336148262024 0.8094003796577454 0.42118772864341736 
vn 0.0978715643286705 0.859007716178894 0.5025205612182617 
vn 0.3311416208744049 0.5785764455795288 0.7453821301460266 
vn 0.726316511631012 0.3910311758518219 0.5652954578399658 
vn 0.5259099006652832 0.2478906214237213 0.8136147856712341 
vn 0.8410409688949585 0.15744341909885406 0.5175535082817078 
vn 0.5825795531272888 -0.05264916643500328 0.8110666871070862 
vn 0.8854013085365295 -0.02261931076645851 0.4642767012119293 
vn 0.5645235776901245 -0.3896624743938446 0.7276512384414673 
vn 0.8681141138076782 -0.164987251162529 0.46814218163490295 
vn 0.8399912714958191 -0.40152642130851746 0.3649536371231079 
vn 0.9291465878486633 -0.022632382810115814 0.3690181374549866 
vn 0.9651232361793518 -0.06790854781866074 0.25283506512641907 
vn 0.959004819393158 0.1280008852481842 0.25283506512641907 
vn 0.9736469984054565 0.20978480577468872 -0.08945280313491821 
vn 0.6683818101882935 0.696418285369873 -0.2612801790237427 
vn 0.7438876032829285 0.6252905130386353 -0.23588760197162628 
vn 0.09042976796627045 0.93739914894104 -0.3363112509250641 
vn 0.20767943561077118 0.8346925377845764 -0.5100564956665039 
vn -0.32044297456741333 0.7958112955093384 -0.5138099193572998 
vn -0.32086583971977234 0.9410786628723145 -0.10684575140476227 
vn -0.8009942770004272 0.5502409934997559 -0.23588760197162628 
vn -0.7446328401565552 0.6658968329429626 0.04586252197623253 
vn -0.981181800365448 0.18386635184288025 -0.058952588587999344 
vn -0.9848255515098572 0.15789218246936798 -0.07203252613544464 
vn -0.9596019387245178 -0.25028279423713684 -0.12854042649269104 
vn -0.7025588154792786 -0.08662264049053192 -0.7063339352607727 
vn -0.8606305122375488 -0.5005156993865967 0.09380380809307098 
vn -0.6444295644760132 -0.6484324932098389 -0.405272513628006 
vn -0.7431403398513794 -0.37462636828422546 0.5544344186782837 
vn 0.5108855366706848 -0.5974444150924683 0.6181069612503052 
vn -0.2884504795074463 -0.6951492428779602 0.6584556698799133 
vn 0.0037933827843517065 -0.02151334285736084 -0.9997613430023193 
vn -0.5538966655731201 -0.6885066628456116 -0.46814218163490295 
vn 0.594011664390564 -0.6514348387718201 -0.4719987213611603 
vn 0.6044825911521912 -0.5684749484062195 0.5580654144287109 
vn -0.0037933827843517065 -0.02151334285736084 -0.9997613430023193 
vn 0.32941481471061707 -0.6734901070594788 0.661737859249115 
vn -0.37487366795539856 -0.8001953959465027 -0.46814218163490295 
vn -0.43027031421661377 -0.6447932124137878 0.6317508816719055 
vn 0.7828431129455566 -0.30946260690689087 0.5398051738739014 
vn 0.8999326825141907 -0.42380988597869873 0.10250037163496017 
vn 0.7006608247756958 -0.037792861461639404 -0.7124928832054138 
vn 0.9762912392616272 -0.18024083971977234 -0.11986933648586273 
vn 0.6948690414428711 0.13509023189544678 -0.7063339352607727 
vn 0.9720891118049622 0.22463977336883545 -0.06767380982637405 
vn 0.5205172896385193 0.5592641234397888 -0.6452018022537231 
vn 0.6743116974830627 0.7383660078048706 -0.010923261754214764 
vn 0.09224074333906174 0.70184326171875 -0.7063339352607727 
vn 0.15046127140522003 0.9885941743850708 0.006554040592163801 
vn -0.14064525067806244 0.6937659978866577 -0.7063339352607727 
vn -0.20988060534000397 0.9777246117591858 0.002184694167226553 
vn -0.5553860068321228 0.5246532559394836 -0.6452018022537231 
vn -0.7176218032836914 0.6962651014328003 -0.0152922747656703 
vn -0.7015947699546814 0.09411215037107468 -0.7063339352607727 
vn 0.2097550481557846 -0.9674566984176636 -0.1415284425020218 
vn -0.12241921573877335 -0.9817029237747192 -0.1458524912595749 
vn -0.0980001911520958 -0.903505802154541 -0.417220801115036 
vn -0.5546424984931946 -0.7646846175193787 -0.3280687630176544 
vn -0.6367864608764648 -0.6835159659385681 -0.3568037748336792 
vn -0.9477243423461914 -0.25394198298454285 -0.19321508705615997 
vn -0.9580760598182678 -0.23554635047912598 -0.16312000155448914 
vn -0.9653498530387878 0.12804310023784637 -0.22738653421401978 
vn -0.998856782913208 0.04529063403606415 0.0152922747656703 
vn -0.8789264559745789 0.4747472107410431 -0.04586252197623253 
vn -0.893347442150116 0.4134500026702881 0.1760382205247879 
vn -0.361191987991333 0.4952148199081421 0.790128231048584 
vn -0.24936559796333313 0.13674718141555786 0.9587059020996094 
vn -0.2335628718137741 -0.1622694730758667 0.9587059020996094 
vn -0.23839427530765533 -0.5533652305603027 0.7980946898460388 
vn 0.45239686965942383 -0.7860903143882751 0.42118772864341736 
vn 0.8273054361343384 -0.5488141775131226 0.11986933648586273 
vn 0.9902716279029846 -0.12799209356307983 -0.05459024757146835 
vn 0.9640409350395203 0.2098020762205124 -0.16312000155448914 
vn 0.694617509841919 0.7173049449920654 0.05459024757146835 
vn 0.1876632571220398 0.9773169755935669 0.0981530249118805 
vn 0.6449747085571289 -0.7050307989120483 -0.2948545813560486 
vn 0.2004009336233139 -0.8901365995407104 -0.40926313400268555 
vn -0.1522047370672226 -0.8704462051391602 -0.46814218163490295 
vn -0.6913080215454102 -0.6752876043319702 -0.25706008076667786 
vn -0.9584883451461792 -0.2721361219882965 0.08510008454322815 
vn -0.9782010316848755 -0.04905999079346657 0.2017817199230194 
vn -0.8640860915184021 0.25657662749290466 0.43303996324539185 
vn -0.861275315284729 -0.07535182684659958 0.5025205612182617 
vn -0.8045276403427124 -0.2705279588699341 0.528724730014801 
vn -0.7670754790306091 -0.4697325825691223 0.43697428703308105 
vn -0.22199591994285583 -0.8467183709144592 0.4835140109062195 
vn 0.3542994260787964 -0.9342108368873596 0.04149730131030083 
vn 0.7637529969215393 -0.6025152206420898 -0.23163928091526031 
vn 0.9640735387802124 -0.17276093363761902 -0.2017817199230194 
vn 0.9680131673812866 0.24667201936244965 -0.04586252197623253 
vn -0.2042054682970047 -0.923777163028717 -0.3239381015300751 
vn -0.7428411841392517 -0.6681803464889526 0.04149730131030083 
vn -0.9083073139190674 -0.29671305418014526 0.2948545813560486 
vn 0.27173346281051636 -0.9047274589538574 -0.3280687630176544 
vn 0.24061967432498932 -0.848127007484436 -0.4719987213611603 
vn 0.7172389030456543 -0.5985477566719055 -0.3568037748336792 
vn 0.9705429673194885 -0.19497708976268768 -0.1415284425020218 
vn -0.7589828372001648 -0.5887274146080017 0.2781098484992981 
vn -0.26464858651161194 -0.9609584808349609 0.08074574917554855 
vn -2.0682311115474694e-13 0 -1 
vn -2.0682311115474694e-13 0 -1 
vn 0.4240768253803253 -0.7798644304275513 -0.46040233969688416 
vn -0.24661120772361755 0.9641311764717102 0.0981530249118805 
vn 0.26121464371681213 0.9602774977684021 -0.0981530249118805 
vn 0.9263615012168884 0.07536589354276657 0.3690181374549866 
vn 0.6913514733314514 0.5954299569129944 0.40926313400268555 
vn 0.6999891996383667 0.6999891996383667 0.1415284425020218 
vn 0.04904109239578247 0.9910438060760498 0.1242060661315918 
vn -0.36578524112701416 0.8645817041397095 -0.34452807903289795 
vn -0.792922854423523 0.510804295539856 -0.33219319581985474 
vn -0.9789856672286987 0.12793442606925964 -0.15880759060382843 
vn -0.9483636617660522 -0.2720261812210083 -0.16312000155448914 
vn -0.5323182344436646 -0.6268944144248962 0.5688942670822144 
vn 0.6782845854759216 -0.6129308342933655 -0.405272513628006 
vn -0.7068995833396912 -0.1203809306025505 -0.6969945430755615 
vn -0.9675455689430237 -0.04528812691569328 -0.24860523641109467 
vn -0.9686048626899719 -2.0032987855383988e-13 -0.24860523641109467 
vn -0.9692625403404236 0.08290576934814453 0.23163928091526031 
vn -0.9672240018844604 0.15414884686470032 0.2017817199230194 
vn -0.6723843812942505 0.24027015268802643 0.7001210451126099 
vn -0.6770539283752441 0.34159162640571594 0.651853621006012 
vn -0.2695675194263458 0.5070719122886658 0.8186644315719604 
vn -0.8497804403305054 0.4869880676269531 0.2017817199230194 
vn -0.3464224636554718 0.8905348181724548 0.2948545813560486 
vn -0.8139734864234924 0.38719964027404785 -0.43303996324539185 
vn -0.3235807418823242 0.7614489793777466 -0.5616858005523682 
vn -0.6403272747993469 0.06413469463586807 -0.7654199600219727 
vn -0.21718353033065796 0.20249822735786438 -0.9548956751823425 
vn -0.2083398550748825 -0.059740494936704636 -0.976230263710022 
vn 0.2083398550748825 -0.059740494936704636 -0.976230263710022 
vn 0.2406286895275116 -0.11708156019449234 -0.9635298252105713 
vn 0.7020868062973022 -0.09036868065595627 -0.7063339352607727 
vn 0.7068995833396912 -0.1203809306025505 -0.6969945430755615 
vn 0.9675455689430237 -0.04528812691569328 -0.24860523641109467 
vn 0.9675455689430237 -0.04528812691569328 -0.24860523641109467 
vn 0.9675455689430237 0.04528812691569328 0.24860523641109467 
vn 0.9685754776000977 -0.007550697773694992 0.24860523641109467 
vn 0.6348259449005127 0.08262673020362854 0.7682244777679443 
vn 0.6232457756996155 0 0.7820260524749756 
vn 0.15381936728954315 0.0296462532132864 0.9876541495323181 
vn 0.28098064661026 -0.09604214131832123 0.9548956751823425 
vn -0.28098064661026 -0.09604214131832123 0.9548956751823425 
vn 0.4326072037220001 -0.6563495993614197 0.6181069612503052 
vn -0.42945417761802673 -0.6584169864654541 0.6181069612503052 
vn 0.4427424371242523 -0.8423256278038025 -0.30735430121421814 
vn -0.4427424371242523 -0.8423256278038025 -0.30735430121421814 
vn 0.3187866508960724 -0.4690130054950714 -0.8236515522003174 
vn -0.3156512379646301 -0.4711288809776306 -0.8236515522003174 
vn -0.237549290060997 -0.3108745515346527 -0.9202865362167358 
vn -0.6987724304199219 -0.2552252411842346 -0.6682642698287964 
vn -0.7054654359817505 -0.17208623886108398 -0.6875353455543518 
vn -0.9682210087776184 -0.09429383277893066 -0.23163928091526031 
vn -0.9675455689430237 -0.04528812691569328 -0.24860523641109467 
vn -0.9675455689430237 0.04528812691569328 0.24860523641109467 
vn -0.9675455689430237 0.04528812691569328 0.24860523641109467 
vn -0.6616643667221069 0.12368650734424591 0.7395281791687012 
vn -0.6692342162132263 0.16435378789901733 0.7246471047401428 
vn -0.19435611367225647 0.2076263278722763 0.9587059020996094 
vn -0.18622668087482452 0.28251099586486816 0.9410139322280884 
vn 0.18935130536556244 0.2804263234138489 0.9410139322280884 
vn 0.2662360370159149 0.5088289976119995 0.8186644315719604 
vn 0.6770539283752441 0.34159162640571594 0.651853621006012 
vn 0.3464224636554718 0.8905348181724548 0.2948545813560486 
vn 0.847896933555603 0.4902600944042206 0.2017817199230194 
vn 0.3235807418823242 0.7614489793777466 -0.5616858005523682 
vn 0.8139734864234924 0.38719964027404785 -0.43303996324539185 
vn 0.21974147856235504 0.19971957802772522 -0.9548956751823425 
vn 0.6406928300857544 0.060373518615961075 -0.7654199600219727 
vn 0.6884573698043823 -0.03021627478301525 -0.7246471047401428 
vn 0.9667218923568726 0.06036704406142235 -0.24860523641109467 
vn 0.9686048626899719 0 -0.24860523641109467 
vn 0.9692625403404236 0.08290576934814453 0.23163928091526031 
vn 0.9675455689430237 0.04528812691569328 0.24860523641109467 
vn 0.6609613299369812 0.12738986313343048 0.7395281791687012 
vn 0.6476890444755554 0.1273917406797409 0.7511792182922363 
vn 0.17741629481315613 0.1456017941236496 0.9733054637908936 
vn 0.14449037611484528 0.11146174371242523 0.983208417892456 
vn -0.14674843847751617 0.1084715947508812 0.983208417892456 
vn -0.15381936728954315 0.0296462532132864 0.9876541495323181 
vn -0.6232457756996155 -1.2890162299095814e-13 0.7820260524749756 
vn -0.6623852849006653 -0.07517440617084503 0.7453821301460266 
vn -0.8866702914237976 -0.24962587654590607 0.3892335295677185 
vn -0.6882813572883606 -0.03399041295051575 -0.7246471047401428 
vn -0.2406286895275116 -0.11708156019449234 -0.9635298252105713 
vn 0.2530372142791748 -0.17077696323394775 -0.9522643685340881 
vn 0.7068995833396912 -0.1203809306025505 -0.6969945430755615 
vn 0.9678475260734558 -0.09805300831794739 -0.23163928091526031 
vn 0.9621595740318298 -0.09038262069225311 0.25706008076667786 
vn 0.6623852849006653 -0.07517440617084503 0.7453821301460266 
vn 0.8876852989196777 -0.2459920346736908 0.3892335295677185 
vn 0.8947625756263733 -0.36806848645210266 -0.25283506512641907 
vn 0.689735472202301 -0.32197630405426025 -0.6485338807106018 
vn 0.2345331907272339 -0.31315624713897705 -0.9202865362167358 
vn -0.24551360309123993 -0.22682185471057892 -0.9424833655357361 
vn -0.7068995833396912 -0.1203809306025505 -0.6969945430755615 
vn 0.960861086845398 -0.18029427528381348 -0.2103329300880432 
vn 0.7054654359817505 -0.17208623886108398 -0.6875353455543518 
vn 0.2530372142791748 -0.17077696323394775 -0.9522643685340881 
vn -0.2530372142791748 -0.17077696323394775 -0.9522643685340881 
vn -0.7015947699546814 -0.09411215037107468 -0.7063339352607727 
vn -0.9667218923568726 0.06036704406142235 -0.24860523641109467 
vn 0.697468101978302 -0.2587684094905853 -0.6682642698287964 
vn 0.24551360309123993 -0.22682185471057892 -0.9424833655357361 
vn -0.2530372142791748 -0.17077696323394775 -0.9522643685340881 
vn 0.9666225910186768 0.15787607431411743 0.2017817199230194 
vn 0.6692342162132263 0.16435378789901733 0.7246471047401428 
vn 0.19304686784744263 0.1532628834247589 0.9691457152366638 
vn -0.17741629481315613 0.1456017941236496 0.9733054637908936 
vn -0.6348259449005127 0.08262673020362854 0.7682244777679443 
vn -0.9625049829483032 -0.08662702143192291 0.25706008076667786 
vn -0.893319308757782 -0.3715575635433197 -0.25283506512641907 
vn 0.6736436486244202 0.2367166429758072 0.7001210451126099 
vn 0.19435611367225647 0.2076263278722763 0.9587059020996094 
vn -0.19304686784744263 0.1532628834247589 0.9691457152366638 
vn -0.6476890444755554 0.1273917406797409 0.7511792182922363 
vn -0.9685754776000977 -0.007550697773694992 0.24860523641109467 
vn -0.9615505933761597 -0.17657998204231262 -0.2103329300880432 
vn -0.6913249492645264 -0.31854918599128723 -0.6485338807106018 
vn -0.6808091402053833 -0.6101254820823669 -0.405272513628006 
vn -0.7814483642578125 -0.31296786665916443 0.5398051738739014 
vn -0.7004469633102417 -0.04156792163848877 -0.7124928832054138 
vn -0.8999326825141907 -0.42380988597869873 0.10250037163496017 
vn -0.9762912392616272 -0.18024083971977234 -0.11986933648586273 
vn -0.6421836018562317 -0.7075740098953247 -0.2948545813560486 
vn -0.9705429673194885 -0.19497708976268768 -0.1415284425020218 
vn -0.7148129940032959 -0.6014428734779358 -0.3568037748336792 
vn -0.9647323489189148 -0.1690434366464615 -0.2017817199230194 
vn -0.766086995601654 -0.5995448231697083 -0.23163928091526031 
vn -0.9897807240486145 -0.13173489272594452 -0.05459024757146835 
vn -0.8273054361343384 -0.5488141775131226 0.11986933648586273 
vn -0.9648508429527283 -0.07167451083660126 0.25283506512641907 
vn -0.8416120409965515 -0.3981180787086487 0.3649536371231079 
vn -0.9291465878486633 -0.022632382810115814 0.3690181374549866 
vn -0.8681141138076782 -0.164987251162529 0.46814218163490295 
vn -0.8854013085365295 -0.02261931076645851 0.4642767012119293 
vn -0.5645235776901245 -0.3896624743938446 0.7276512384414673 
vn -0.5825795531272888 -0.05264916643500328 0.8110666871070862 
vn 0.23839427530765533 -0.5533652305603027 0.7980946898460388 
vn 0.2335628718137741 -0.1622694730758667 0.9587059020996094 
vn 0.7690389752388 -0.466511070728302 0.43697428703308105 
vn 0.8057218194007874 -0.2669503390789032 0.528724730014801 
vn 0.7589828372001648 -0.5887274146080017 0.2781098484992981 
vn 0.9083073139190674 -0.29671305418014526 0.2948545813560486 
vn 0.7428411841392517 -0.6681803464889526 0.04149730131030083 
vn 0.9574501514434814 -0.2757664620876312 0.08510008454322815 
vn 0.6913080215454102 -0.6752876043319702 -0.25706008076667786 
vn 0.9589703679084778 -0.23187851905822754 -0.16312000155448914 
vn 0.6395448446273804 -0.6809357404708862 -0.3568037748336792 
vn 0.9477243423461914 -0.25394198298454285 -0.19321508705615997 
vn 0.5546424984931946 -0.7646846175193787 -0.3280687630176544 
vn 0.949397623538971 -0.26839524507522583 -0.16312000155448914 
vn 0.8625210523605347 -0.49725067615509033 0.09380380809307098 
vn 0.9586418867111206 -0.2539351284503937 -0.12854042649269104 
vn 0.7020868062973022 -0.09036868065595627 -0.7063339352607727 
vn 0.9848255515098572 0.15789218246936798 -0.07203252613544464 
vn 0.7020868062973022 0.09036868065595627 -0.7063339352607727 
vn 0.7176218032836914 0.6962651014328003 -0.0152922747656703 
vn 0.5579748153686523 0.5218991637229919 -0.6452018022537231 
vn 0.20988060534000397 0.9777246117591858 0.002184694167226553 
vn 0.13694287836551666 0.6945062875747681 -0.7063339352607727 
vn -0.15046127140522003 0.9885941743850708 0.006554040592163801 
vn -0.08849597722291946 0.7023252844810486 -0.7063339352607727 
vn -0.6743116974830627 0.7383660078048706 -0.010923261754214764 
vn -0.5232778191566467 0.5566821098327637 -0.6452018022537231 
vn -0.9720891118049622 0.22463977336883545 -0.06767380982637405 
vn -0.6941385865211487 0.13879455626010895 -0.7063339352607727 
vn 0.9818699359893799 0.1801556944847107 -0.058952588587999344 
vn 0.9789856672286987 0.12793442606925964 -0.15880759060382843 
vn 0.9653498530387878 0.12804310023784637 -0.22738653421401978 
vn 0.998856782913208 0.04529063403606415 0.0152922747656703 
vn 0.9783828854560852 -0.04528895020484924 0.2017817199230194 
vn 0.861275315284729 -0.07535182684659958 0.5025205612182617 
vn 0.24811159074306488 0.1302190124988556 0.9599394202232361 
vn -0.5235733985900879 0.22706292569637299 0.8211658596992493 
vn -0.8594841957092285 0.12773066759109497 0.4949462115764618 
vn -0.9263615012168884 0.07536589354276657 0.3690181374549866 
vn -0.9594970345497131 0.12425731122493744 0.25283506512641907 
vn -0.974435031414032 0.20609356462955475 -0.08945280313491821 
vn -0.9648367166519165 0.2061116099357605 -0.16312000155448914 
vn -0.9670737385749817 0.2503298223018646 -0.04586252197623253 
vn 0.798851490020752 0.5533473491668701 -0.23588760197162628 
vn 0.7949607372283936 0.5076269507408142 -0.33219319581985474 
vn 0.8807149529457092 0.4714210331439972 -0.04586252197623253 
vn 0.8949267864227295 0.4100201725959778 0.1760382205247879 
vn 0.8630052208900452 0.260189026594162 0.43303996324539185 
vn 0.4063210189342499 0.5284966230392456 0.7453821301460266 
vn -0.2860562205314636 0.7657202482223511 0.5760593414306641 
vn -0.8202670812606812 0.29944515228271484 0.48733407258987427 
vn -0.7695254683494568 0.5479064583778381 0.3280687630176544 
vn -0.7203309535980225 0.6816162467002869 0.12854042649269104 
vn -0.6965641975402832 0.6698644757270813 -0.25706008076667786 
vn -0.7473905682563782 0.6194708943367004 -0.2401314377784729 
vn -0.697324275970459 0.7146738767623901 0.05459024757146835 
vn -0.1876632571220398 0.9773169755935669 0.0981530249118805 
vn 0.24661120772361755 0.9641311764717102 0.0981530249118805 
vn 0.7421101331710815 0.6687071323394775 0.04586252197623253 
vn -0.26121464371681213 0.9602774977684021 -0.0981530249118805 
vn 0.3244384825229645 0.9398530125617981 -0.10684575140476227 
vn -0.2129586935043335 0.826382577419281 -0.5212872624397278 
vn 0.31342753767967224 0.7986003756523132 -0.5138099193572998 
vn 0.33792737126350403 0.883668065071106 -0.3239381015300751 
vn 0.42726507782936096 0.90089350938797 0.0763898640871048 
vn 0.45267602801322937 0.8443968892097473 0.2864931523799896 
vn -0.14473553001880646 0.9391558170318604 -0.31150925159454346 
vn -0.12980805337429047 0.9847855567932129 0.11553031951189041 
vn -0.20947545766830444 0.9322986602783203 0.2948545813560486 
vn -2.0682311115474694e-13 0 -1 
vn 0.0037933827843517065 -0.02151334285736084 -0.9997613430023193 
vn 0.3714499771595001 -0.8017903566360474 -0.46814218163490295 
vn 0.43027031421661377 -0.6447932124137878 0.6317508816719055 
vn -0.3260253369808197 -0.6751374006271362 0.661737859249115 
vn -0.2097550481557846 -0.9674566984176636 -0.1415284425020218 
vn 0.11867093294858932 -0.9821630716323853 -0.1458524912595749 
vn 0.0980001911520958 -0.903505802154541 -0.417220801115036 
vn -2.0682311115474694e-13 0 -1 
vn -0.0037933827843517065 -0.02151334285736084 -0.9997613430023193 
vn -0.5912142395973206 -0.653974711894989 -0.4719987213611603 
vn 0.5509487390518188 -0.6908678412437439 -0.46814218163490295 
vn -0.601891815662384 -0.5712173581123352 0.5580654144287109 
vn 0.5351877212524414 -0.624446451663971 0.5688942670822144 
vn 0.29192987084388733 -0.6936952471733093 0.6584556698799133 
vn -0.4240768253803253 -0.7798644304275513 -0.46040233969688416 
vn 0.6471009254455566 -0.6457666158676147 -0.405272513628006 
vn -0.5080140829086304 -0.5998879075050354 0.6181069612503052 
vn 0.7448310256004333 -0.37125363945961 0.5544344186782837 
vn -0.45566388964653015 -0.7842010855674744 0.42118772864341736 
vn 0.21834497153759003 -0.8476672172546387 0.4835140109062195 
vn 0.26464858651161194 -0.9609584808349609 0.08074574917554855 
vn -0.3542994260787964 -0.9342108368873596 0.04149730131030083 
vn -0.27173346281051636 -0.9047274589538574 -0.3280687630176544 
vn -0.24425247311592102 -0.8470879197120667 -0.4719987213611603 
vn -0.20408357679843903 -0.8892995119094849 -0.40926313400268555 
vn 0.20051626861095428 -0.9245849847793579 -0.3239381015300751 
vn 0.15592385828495026 -0.8697876930236816 -0.46814218163490295 
vn -0.7114691734313965 -0.06035008281469345 -0.7001210451126099 
vn -0.6602915525436401 -0.6322730779647827 -0.405272513628006 
vn -0.7727513313293457 -0.3338649570941925 0.5398051738739014 
vn 0.4020882248878479 -0.7845650315284729 -0.4719987213611603 
vn 0.45502421259880066 -0.6275697946548462 0.6317508816719055 
vn -0.3247963488101959 -0.7582535147666931 0.5652954578399658 
vn -0.8913377523422241 -0.39932793378829956 0.21460255980491638 
vn -0.2827512323856354 -0.9532238841056824 0.10684575140476227 
vn -0.2574223577976227 -0.9582831263542175 0.1242060661315918 
vn 0.2574223577976227 -0.9582831263542175 0.1242060661315918 
vn 0.23746229708194733 -0.9700973629951477 0.05022686347365379 
vn 0.7417840361595154 -0.6684132814407349 0.05459024757146835 
vn 0.7116564512252808 -0.6956371665000916 -0.0981530249118805 
vn 0.9752090573310852 -0.2023993581533432 -0.08945280313491821 
vn 0.9617287516593933 -0.23195867240428925 -0.1458524912595749 
vn 0.9702722430229187 0.23915062844753265 -0.03713129088282585 
vn 0.9739223122596741 0.22450339794158936 0.03276457265019417 
vn 0.7110159397125244 0.6950110197067261 0.10684575140476227 
vn 0.694280743598938 0.6689442992210388 0.26549527049064636 
vn 0.30202171206474304 0.8806768655776978 0.3649536371231079 
vn 0.29985371232032776 0.7522249221801758 0.5867242813110352 
vn -0.2963494658470154 0.7536123991012573 0.5867242813110352 
vn 0.36058780550956726 0.3472857177257538 0.865661084651947 
vn -0.36058780550956726 0.3472857177257538 0.865661084651947 
vn 0.36058780550956726 -0.3472857177257538 0.865661084651947 
vn -0.36058780550956726 -0.3472857177257538 0.865661084651947 
vn 0.28300511837005615 -0.8026652932167053 0.5250110030174255 
vn -0.28655895590782166 -0.8014034032821655 0.5250110030174255 
vn -0.2719464600086212 -0.9444339871406555 0.18463370203971863 
vn -0.6926013827323914 -0.7112908363342285 0.11986933648586273 
vn -0.6934595108032227 -0.708137571811676 -0.1328723281621933 
vn -0.9689388275146484 -0.24301069974899292 -0.04586252197623253 
vn -0.9608362913131714 -0.2356281280517578 -0.1458524912595749 
vn -0.9702722430229187 0.23915062844753265 -0.03713129088282585 
vn -0.9625976085662842 0.2611842453479767 -0.07203252613544464 
vn -0.6860835552215576 0.7247625589370728 -0.0633138045668602 
vn -0.6931787729263306 0.6931787729263306 -0.1975002884864807 
vn -0.2041921317577362 0.9479390978813171 -0.24437066912651062 
vn -0.17843745648860931 0.9612076282501221 -0.2103329300880432 
vn 0.18215042352676392 0.9605109691619873 -0.2103329300880432 
vn 0.1166195198893547 0.6662205457687378 -0.736579954624176 
vn 0.5440641045570374 0.5200292468070984 -0.6584556698799133 
vn -2.0682311115474694e-13 0 -1 
vn 0.7019371390342712 0.11289778351783752 -0.7032341957092285 
vn -0.0037933827843517065 -0.02151334285736084 -0.9997613430023193 
vn 0.7145277261734009 -0.06040516495704651 -0.6969945430755615 
vn -0.3937925100326538 -0.7978205680847168 -0.456519216299057 
vn 0.6680712699890137 -0.6240472793579102 -0.405272513628006 
vn -0.48462778329849243 -0.6189343333244324 0.6181069612503052 
vn 0.7546523213386536 -0.35085946321487427 0.5544344186782837 
vn 0.3248721659183502 -0.7608988881111145 0.5616858005523682 
vn 0.8887144923210144 -0.40284398198127747 0.21886809170246124 
vn 0.2827512323856354 -0.9532238841056824 0.10684575140476227 
vn 0.9755899906158447 -0.21714210510253906 -0.03276457265019417 
vn 0.9625976085662842 0.2611842453479767 -0.07203252613544464 
vn 0.7041493058204651 0.7068196535110474 0.06767380982637405 
vn 0.24292348325252533 0.9576640129089355 0.15449213981628418 
vn -0.2984492778778076 0.8818939328193665 0.3649536371231079 
vn -0.6197774410247803 0.6211106777191162 0.4796847105026245 
vn -0.7794251441955566 0.29171720147132874 0.5544344186782837 
vn -0.7842221260070801 -0.3059511184692383 0.5398051738739014 
vn -0.6459798812866211 -0.6659764051437378 0.37307560443878174 
vn -0.9285922646522522 -0.2755209505558014 0.24860523641109467 
vn -0.9739223122596741 0.22450339794158936 0.03276457265019417 
vn -0.7041493058204651 0.7068196535110474 0.06767380982637405 
vn -0.2263367474079132 0.9722634553909302 -0.058952588587999344 
vn 0.20788083970546722 0.9471369981765747 -0.24437066912651062 
vn 0.7021240592002869 0.6941195726394653 -0.15880759060382843 
vn -0.8988695740699768 0.3039628565311432 0.31565824151039124 
vn -0.7110159397125244 0.6950110197067261 0.10684575140476227 
vn -0.23747138679027557 0.9628523588180542 0.12854042649269104 
vn 0.22265949845314026 0.973112165927887 -0.058952588587999344 
vn 0.6931787729263306 0.6931787729263306 -0.1975002884864807 
vn 0.9808961153030396 0.17274552583694458 -0.08945280313491821 
vn -0.6916583180427551 0.6716554164886475 0.26549527049064636 
vn -0.24292348325252533 0.9576640129089355 0.15449213981628418 
vn 0.24113619327545166 0.961941123008728 0.12854042649269104 
vn 0.6833387017250061 0.7273510694503784 -0.0633138045668602 
vn 0.9713968634605408 0.20982173085212708 -0.1111890971660614 
vn 0.9799404740333557 -0.19492226839065552 -0.04149730131030083 
vn 0.5770650506019592 -0.6664931178092957 -0.4719987213611603 
vn 0.557733416557312 -0.6043944954872131 0.5688942670822144 
vn -0.5807222723960876 -0.592726469039917 0.5580654144287109 
vn 0.0037933827843517065 -0.02151334285736084 -0.9997613430023193 
vn -0.5713697671890259 -0.6740767359733582 -0.46814218163490295 
vn -2.0682311115474694e-13 0 -1 
vn -0.1166195198893547 0.6662205457687378 -0.736579954624176 
vn -0.7021240592002869 0.6941195726394653 -0.15880759060382843 
vn -0.9721869230270386 0.20613010227680206 -0.1111890971660614 
vn -0.974435031414032 -0.20609356462955475 -0.08945280313491821 
vn -0.6711012721061707 -0.6937980651855469 -0.2612801790237427 
vn -0.21711178123950958 -0.9609211087226868 -0.17173540592193604 
vn 0.2719464600086212 -0.9444339871406555 0.18463370203971863 
vn 0.6486811637878418 -0.6633455753326416 0.37307560443878174 
vn 0.785585343837738 -0.3024335205554962 0.5398051738739014 
vn 0.7780947089195251 0.2952475845813751 0.5544344186782837 
vn 0.6224410533905029 0.6184413433074951 0.4796847105026245 
vn 0.8988695740699768 0.3039628565311432 0.31565824151039124 
vn 0.9698505997657776 -0.23934589326381683 -0.04586252197623253 
vn 0.6683818101882935 -0.696418285369873 -0.2612801790237427 
vn 0.20599615573883057 -0.9219200015068054 -0.3280687630176544 
vn 0.2153138518333435 -0.955470621585846 -0.2017817199230194 
vn -0.21162919700145721 -0.9562934637069702 -0.2017817199230194 
vn -0.24112804234027863 -0.9691927433013916 0.05022686347365379 
vn -0.7116564512252808 -0.6956371665000916 -0.0981530249118805 
vn -0.7443056702613831 -0.6656042337417603 0.05459024757146835 
vn -0.9755899906158447 -0.21714210510253906 -0.03276457265019417 
vn -0.9799404740333557 -0.19492226839065552 -0.04149730131030083 
vn -0.9802344441413879 0.17646150290966034 -0.08945280313491821 
vn -0.7025273442268372 0.10916490107774734 -0.7032341957092285 
vn -0.5440641045570374 0.5200292468070984 -0.6584556698799133 
vn 0.9285922646522522 -0.2755209505558014 0.24860523641109467 
vn 0.696151077747345 -0.7054917216300964 -0.1328723281621933 
vn 0.21711178123950958 -0.9609211087226868 -0.17173540592193604 
vn -0.20599615573883057 -0.9219200015068054 -0.3280687630176544 
vn 0.6926013827323914 -0.7112908363342285 0.11986933648586273 
vn 0.5684833526611328 -0.6765127778053284 -0.46814218163490295 
vn 0.5780214667320251 -0.595360517501831 0.5580654144287109 
vn -0.5742032527923584 -0.6689602732658386 -0.4719987213611603 
vn -0.5549556612968445 -0.6069460511207581 0.5688942670822144 
vn -0.3283382058143616 -0.7594097256660461 0.5616858005523682 
vn 0.32132554054260254 -0.759730875492096 0.5652954578399658 
vn -0.2827512323856354 -0.9532238841056824 0.10684575140476227 
vn 0.2827512323856354 -0.9532238841056824 0.10684575140476227 
vn -0.2574223577976227 -0.9582831263542175 0.1242060661315918 
vn 0.2574223577976227 -0.9582831263542175 0.1242060661315918 
vn -0.24112804234027863 -0.9691927433013916 0.05022686347365379 
vn 0.23746229708194733 -0.9700973629951477 0.05022686347365379 
vn -0.21162919700145721 -0.9562934637069702 -0.2017817199230194 
vn 0.2153138518333435 -0.955470621585846 -0.2017817199230194 
vn -0.20599615573883057 -0.9219200015068054 -0.3280687630176544 
vn 0.20599615573883057 -0.9219200015068054 -0.3280687630176544 
vn -0.21711178123950958 -0.9609211087226868 -0.17173540592193604 
vn 0.21711178123950958 -0.9609211087226868 -0.17173540592193604 
vn -0.2719464600086212 -0.9444339871406555 0.18463370203971863 
vn 0.2719464600086212 -0.9444339871406555 0.18463370203971863 
vn -0.28655895590782166 -0.8014034032821655 0.5250110030174255 
vn 0.28300511837005615 -0.8026652932167053 0.5250110030174255 
vn 0.36058780550956726 -0.3472857177257538 0.865661084651947 
vn 0.785585343837738 -0.3024335205554962 0.5398051738739014 
vn 0.7780947089195251 0.2952475845813751 0.5544344186782837 
vn 0.8988695740699768 0.3039628565311432 0.31565824151039124 
vn 0.694280743598938 0.6689442992210388 0.26549527049064636 
vn 0.7110159397125244 0.6950110197067261 0.10684575140476227 
vn 0.24292348325252533 0.9576640129089355 0.15449213981628418 
vn 0.24113619327545166 0.961941123008728 0.12854042649269104 
vn -0.23747138679027557 0.9628523588180542 0.12854042649269104 
vn -0.2263367474079132 0.9722634553909302 -0.058952588587999344 
vn -0.6860835552215576 0.7247625589370728 -0.0633138045668602 
vn -0.6931787729263306 0.6931787729263306 -0.1975002884864807 
vn -0.9721869230270386 0.20613010227680206 -0.1111890971660614 
vn -0.9802344441413879 0.17646150290966034 -0.08945280313491821 
vn -0.9799404740333557 -0.19492226839065552 -0.04149730131030083 
vn -0.7145277261734009 -0.06040516495704651 -0.6969945430755615 
vn -0.8887144923210144 -0.40284398198127747 0.21886809170246124 
vn -0.6654893755912781 -0.6267998814582825 -0.405272513628006 
vn -0.7562351226806641 -0.34743478894233704 0.5544344186782837 
vn 0.4875907897949219 -0.6166027784347534 0.6181069612503052 
vn 0.0037933827843517065 -0.02151334285736084 -0.9997613430023193 
vn 0.3937925100326538 -0.7978205680847168 -0.456519216299057 
vn -0.7025273442268372 0.10916490107774734 -0.7032341957092285 
vn -0.7021240592002869 0.6941195726394653 -0.15880759060382843 
vn -0.2041921317577362 0.9479390978813171 -0.24437066912651062 
vn 0.22265949845314026 0.973112165927887 -0.058952588587999344 
vn 0.7041493058204651 0.7068196535110474 0.06767380982637405 
vn 0.9739223122596741 0.22450339794158936 0.03276457265019417 
vn 0.9285922646522522 -0.2755209505558014 0.24860523641109467 
vn 0.6486811637878418 -0.6633455753326416 0.37307560443878174 
vn 0.6926013827323914 -0.7112908363342285 0.11986933648586273 
vn 0.696151077747345 -0.7054917216300964 -0.1328723281621933 
vn 0.6683818101882935 -0.696418285369873 -0.2612801790237427 
vn 0.7116564512252808 -0.6956371665000916 -0.0981530249118805 
vn 0.9698505997657776 -0.23934589326381683 -0.04586252197623253 
vn 0.9702722430229187 0.23915062844753265 -0.03713129088282585 
vn 0.6833387017250061 0.7273510694503784 -0.0633138045668602 
vn 0.20788083970546722 0.9471369981765747 -0.24437066912651062 
vn -0.17843745648860931 0.9612076282501221 -0.2103329300880432 
vn -0.5440641045570374 0.5200292468070984 -0.6584556698799133 
vn -2.0682311115474694e-13 0 -1 
vn -0.0037933827843517065 -0.02151334285736084 -0.9997613430023193 
vn 0.9617287516593933 -0.23195867240428925 -0.1458524912595749 
vn 0.9625976085662842 0.2611842453479767 -0.07203252613544464 
vn 0.6931787729263306 0.6931787729263306 -0.1975002884864807 
vn 0.18215042352676392 0.9605109691619873 -0.2103329300880432 
vn -0.1166195198893547 0.6662205457687378 -0.736579954624176 
vn 0.9752090573310852 -0.2023993581533432 -0.08945280313491821 
vn 0.9713968634605408 0.20982173085212708 -0.1111890971660614 
vn 0.7021240592002869 0.6941195726394653 -0.15880759060382843 
vn 0.1166195198893547 0.6662205457687378 -0.736579954624176 
vn -2.0682311115474694e-13 0 -1 
vn 0.9755899906158447 -0.21714210510253906 -0.03276457265019417 
vn 0.9808961153030396 0.17274552583694458 -0.08945280313491821 
vn 0.5440641045570374 0.5200292468070984 -0.6584556698799133 
vn 0.7019371390342712 0.11289778351783752 -0.7032341957092285 
vn 0.7114691734313965 -0.06035008281469345 -0.7001210451126099 
vn 0.6576757431030273 -0.6349934935569763 -0.405272513628006 
vn -0.39872193336486816 -0.7862811088562012 -0.4719987213611603 
vn 0.7712473273277283 -0.33732476830482483 0.5398051738739014 
vn -0.45502421259880066 -0.6275697946548462 0.6317508816719055 
vn 0.8928741812705994 -0.39588063955307007 0.21460255980491638 
vn 0.9799404740333557 -0.19492226839065552 -0.04149730131030083 
vn 0.7417840361595154 -0.6684132814407349 0.05459024757146835 
vn -0.7443056702613831 -0.6656042337417603 0.05459024757146835 
vn -0.7116564512252808 -0.6956371665000916 -0.0981530249118805 
vn -0.6711012721061707 -0.6937980651855469 -0.2612801790237427 
vn -0.6934595108032227 -0.708137571811676 -0.1328723281621933 
vn -0.6926013827323914 -0.7112908363342285 0.11986933648586273 
vn -0.9285922646522522 -0.2755209505558014 0.24860523641109467 
vn -0.7842221260070801 -0.3059511184692383 0.5398051738739014 
vn -0.7794251441955566 0.29171720147132874 0.5544344186782837 
vn -0.36058780550956726 0.3472857177257538 0.865661084651947 
vn -0.2963494658470154 0.7536123991012573 0.5867242813110352 
vn 0.29985371232032776 0.7522249221801758 0.5867242813110352 
vn -0.2984492778778076 0.8818939328193665 0.3649536371231079 
vn 0.30202171206474304 0.8806768655776978 0.3649536371231079 
vn -0.24292348325252533 0.9576640129089355 0.15449213981628418 
vn -0.9689388275146484 -0.24301069974899292 -0.04586252197623253 
vn -0.8988695740699768 0.3039628565311432 0.31565824151039124 
vn -0.6197774410247803 0.6211106777191162 0.4796847105026245 
vn -0.6916583180427551 0.6716554164886475 0.26549527049064636 
vn -0.7110159397125244 0.6950110197067261 0.10684575140476227 
vn -0.7041493058204651 0.7068196535110474 0.06767380982637405 
vn -0.9739223122596741 0.22450339794158936 0.03276457265019417 
vn -0.9608362913131714 -0.2356281280517578 -0.1458524912595749 
vn -0.9702722430229187 0.23915062844753265 -0.03713129088282585 
vn -0.974435031414032 -0.20609356462955475 -0.08945280313491821 
vn -0.9625976085662842 0.2611842453479767 -0.07203252613544464 
vn -0.9755899906158447 -0.21714210510253906 -0.03276457265019417 
vn 0.6224410533905029 0.6184413433074951 0.4796847105026245 
vn 0.36058780550956726 0.3472857177257538 0.865661084651947 
vn -0.36058780550956726 -0.3472857177257538 0.865661084651947 
vn -0.6459798812866211 -0.6659764051437378 0.37307560443878174 
vn 0.16016817092895508 -0.5174197554588318 -0.8406086564064026 
vt 0.7989851236343384 0.308365136384964 
vt 0.7989851236343384 0.308365136384964 
vt 0.8005936145782471 0.1544502079486847 
vt 0.8005936145782471 0.1544502079486847 
vt 0.7929532527923584 0.3103671073913574 
vt 0.7946622967720032 0.17023031413555145 
vt 0.8053185343742371 0.13289976119995117 
vt 0.7973766326904297 0.14597134292125702 
vt 0.7965723872184753 0.1366681456565857 
vt 0.7876251339912415 0.15539230406284332 
vt 0.795164942741394 0.1621047407388687 
vt 0.7882282733917236 0.17482303082942963 
vt 0.8022021055221558 0.3022415339946747 
vt 0.7925511002540588 0.3056566119194031 
vt 0.7970750331878662 0.3476976454257965 
vt 0.789736270904541 0.3428694009780884 
vt 0.7969744801521301 0.3978642523288727 
vt 0.7898367643356323 0.37914010882377625 
vt 0.8021015524864197 0.4255383312702179 
vt 0.7925511002540588 0.40846285223960876 
vt 0.7933553457260132 0.430602103471756 
vt 0.7866197824478149 0.40198594331741333 
vt 0.7947627902030945 0.40516552329063416 
vt 0.7859160900115967 0.382555216550827 
vt 0.8036095499992371 0.36018043756484985 
vt 0.7960697412490845 0.3527614176273346 
vt 0.8272343277931213 0.12465642392635345 
vt 0.8022021055221558 0.12701167166233063 
vt 0.840202808380127 0.12347880750894547 
vt 0.8151705861091614 0.12583404779434204 
vt 0.7989851236343384 0.308365136384964 
vt 0.8005936145782471 0.1544502079486847 
vt 0.7989851236343384 0.308365136384964 
vt 0.8005936145782471 0.1544502079486847 
vt 0.7929532527923584 0.3103671073913574 
vt 0.7946622967720032 0.17023031413555145 
vt 0.8272343277931213 0.12465642392635345 
vt 0.8022021055221558 0.12701167166233063 
vt 0.840202808380127 0.12347880750894547 
vt 0.8151705861091614 0.12583404779434204 
vt 0.7898367643356323 0.37914010882377625 
vt 0.789736270904541 0.3428694009780884 
vt 0.7969744801521301 0.3978642523288727 
vt 0.7970750331878662 0.3476976454257965 
vt 0.8021015524864197 0.4255383312702179 
vt 0.7925511002540588 0.40846285223960876 
vt 0.7866197824478149 0.40198594331741333 
vt 0.7859160900115967 0.382555216550827 
vt 0.7960697412490845 0.3527614176273346 
vt 0.8036095499992371 0.36018043756484985 
vt 0.7933553457260132 0.430602103471756 
vt 0.7947627902030945 0.40516552329063416 
vt 0.7386665344238281 0.4011616110801697 
vt 0.7425872087478638 0.28752127289772034 
vt 0.7346452474594116 0.5146841406822205 
vt 0.6483896970748901 0.29647117853164673 
vt 0.6217489838600159 0.6696589589118958 
vt 0.5297631025314331 0.5942912697792053 
vt 0.5747004747390747 0.9825525879859924 
vt 0.39263880252838135 0.8223962783813477 
vt 0.5741977691650391 0.9409826397895813 
vt 0.6382360458374023 0.9824348092079163 
vt 0.5560016632080078 0.9639462232589722 
vt 0.5580123066902161 0.9824348092079163 
vt 0.6117963790893555 0.2833996117115021 
vt 0.5753036141395569 0.27032801508903503 
vt 0.5061383247375488 0.23087775707244873 
vt 0.4356660842895508 0.4986685514450073 
vt 0.4786933362483978 0.17482303082942963 
vt 0.6570353507995605 0.16587312519550323 
vt 0.5714834332466125 0.04434274137020111 
vt 0.07144226133823395 0.7031033635139465 
vt 0.08903519064188004 0.638216495513916 
vt 0.08501394838094711 0.7510325312614441 
vt 0.0938606783747673 0.6396296620368958 
vt 0.10602492839097977 0.799079418182373 
vt 0.10602492839097977 0.6409250497817993 
vt 0.11346422135829926 0.6409250497817993 
vt 0.11366528272628784 0.5893452763557434 
vt 0.12040086090564728 0.5893452763557434 
vt 0.11989820748567581 0.5376477837562561 
vt 0.13668687641620636 0.5501305460929871 
vt 0.13829538226127625 0.5213965773582458 
vt 0.1505601555109024 0.5484818816184998 
vt 0.15367662906646729 0.5344681739807129 
vt 0.15397821366786957 0.5957044363021851 
vt 0.15739627182483673 0.5793355107307434 
vt 0.15739627182483673 0.6430447697639465 
vt 0.16101539134979248 0.6242028474807739 
vt 0.15739627182483673 0.7767046093940735 
vt 0.16101539134979248 0.7792953848838806 
vt 0.15387769043445587 0.8355855941772461 
vt 0.15719521045684814 0.8433579206466675 
vt 0.1521686613559723 0.865143895149231 
vt 0.15528512001037598 0.8753891587257385 
vt 0.15035909414291382 0.8945843577384949 
vt 0.1533750295639038 0.9074204564094543 
vt 0.1417134404182434 0.9325037598609924 
vt 0.14161290228366852 0.9346234798431396 
vt 0.12251201272010803 0.9574692845344543 
vt 0.12251201272010803 0.9604133367538452 
vt 0.11507271975278854 0.9604133367538452 
vt 0.12251201272010803 0.9574692845344543 
vt 0.11507271975278854 0.9575870633125305 
vt 0.12120510637760162 0.938274085521698 
vt 0.11446953564882278 0.9383918642997742 
vt 0.11979767680168152 0.9191966652870178 
vt 0.11376581341028214 0.9191966652870178 
vt 0.1200992688536644 0.889167308807373 
vt 0.11366528272628784 0.889167308807373 
vt 0.12040086090564728 0.859138011932373 
vt 0.11366528272628784 0.859138011932373 
vt 0.12100404500961304 0.799079418182373 
vt 0.11346422135829926 0.799079418182373 
vt 0.12100404500961304 0.6409250497817993 
vt 0.11346422135829926 0.6409250497817993 
vt 0.12040086090564728 0.5893452763557434 
vt 0.11366528272628784 0.5893452763557434 
vt 0.11989820748567581 0.5376477837562561 
vt 0.11386634409427643 0.5376477837562561 
vt 0.1287449300289154 0.46357545256614685 
vt 0.13135874271392822 0.43295735120773315 
vt 0.1374911367893219 0.38950315117836 
vt 0.14885114133358002 0.3281491696834564 
vt 0.20404265820980072 0.3843216300010681 
vt 0.2015293836593628 0.2798667550086975 
vt 0.14885114133358002 0.3281491696834564 
vt 0.15548618137836456 0.29293832182884216 
vt 0.1316603273153305 0.41529303789138794 
vt 0.15880370140075684 0.4056365489959717 
vt 0.0953686386346817 0.5448312163352966 
vt 0.08893465995788574 0.5518969893455505 
vt 0.08903519064188004 0.595115602016449 
vt 0.18634919822216034 0.2460690438747406 
vt 0.15548618137836456 0.29293832182884216 
vt 0.1316603273153305 0.41529303789138794 
vt 0.10783448815345764 0.5376477837562561 
vt 0.1069297045469284 0.5893452763557434 
vt 0.10602492839097977 0.6409250497817993 
vt 0.10602492839097977 0.799079418182373 
vt 0.1069297045469284 0.859138011932373 
vt 0.10733182728290558 0.889167308807373 
vt 0.10773395746946335 0.9191966652870178 
vt 0.10773395746946335 0.9383918642997742 
vt 0.10763342678546906 0.9575870633125305 
vt 0.10763342678546906 0.9604133367538452 
vt 0.11507271975278854 0.9575870633125305 
vt 0.12120510637760162 0.938274085521698 
vt 0.1392001509666443 0.9163703322410583 
vt 0.14744369685649872 0.881630539894104 
vt 0.1490522027015686 0.8547808527946472 
vt 0.1505601555109024 0.8279311060905457 
vt 0.15367662906646729 0.7742316126823425 
vt 0.15367662906646729 0.661768913269043 
vt 0.1505601555109024 0.6121910810470581 
vt 0.1475442349910736 0.5624955296516418 
vt 0.138898566365242 0.6007682085037231 
vt 0.14100971817970276 0.6512880921363831 
vt 0.12100404500961304 0.6409250497817993 
vt 0.14100971817970276 0.7865966558456421 
vt 0.12100404500961304 0.799079418182373 
vt 0.13879802823066711 0.8434756994247437 
vt 0.12040086090564728 0.859138011932373 
vt 0.1200992688536644 0.889167308807373 
vt 0.11366528272628784 0.889167308807373 
vt 0.11376581341028214 0.9191966652870178 
vt 0.10773395746946335 0.9191966652870178 
vt 0.10773395746946335 0.9383918642997742 
vt 0.08531554043292999 0.9320327043533325 
vt 0.08008792996406555 0.9657126069068909 
vt 0.059981729835271835 0.9737204313278198 
vt 0.059981729835271835 0.9746625423431396 
vt 0.05525677278637886 0.8736227750778198 
vt 0.05525677278637886 0.8743293285369873 
vt 0.050531815737485886 0.7736427783966064 
vt 0.05063234642148018 0.773996114730835 
vt 0.04118243232369423 0.5734474062919617 
vt 0.04118243232369423 0.5734474062919617 
vt 0.13769219815731049 0.8719740509986877 
vt 0.13658635318279266 0.9003547430038452 
vt 0.11979767680168152 0.9191966652870178 
vt 0.11446953564882278 0.9383918642997742 
vt 0.10763342678546906 0.9575870633125305 
vt 0.08008792996406555 0.9674790501594543 
vt 0.08008792996406555 0.9657126069068909 
vt 0.08531554043292999 0.9320327043533325 
vt 0.09064368158578873 0.8983527421951294 
vt 0.08762775361537933 0.8613755106925964 
vt 0.08451129496097565 0.8243982195854187 
vt 0.07847943156957626 0.7505614757537842 
vt 0.4031945765018463 0.9844368100166321 
vt 0.39263880252838135 0.8222784996032715 
vt 0.5741977691650391 0.9409826397895813 
vt 0.5747004747390747 0.9824348092079163 
vt 0.5560016632080078 0.9639462232589722 
vt 0.8053185343742371 0.13289976119995117 
vt 0.7973766326904297 0.14597134292125702 
vt 0.7876251339912415 0.15539230406284332 
vt 0.7882282733917236 0.17482303082942963 
vt 0.7925511002540588 0.3056566119194031 
vt 0.8022021055221558 0.3022415339946747 
vt 0.7965723872184753 0.1366681456565857 
vt 0.795164942741394 0.1621047407388687 
vt 0.18574601411819458 0.41352662444114685 
vt 0.22233930230140686 0.26644188165664673 
vt 0.2233446091413498 0.2666774094104767 
vt 0.19640229642391205 0.2321731299161911 
vt 0.2233446091413498 0.2666774094104767 
vt 0.284668505191803 0.2753917872905731 
vt 0.284668505191803 0.2753917872905731 
vt 0.22143451869487762 0.25195714831352234 
vt 0.07144226133823395 0.7031033635139465 
vt 0.08501394838094711 0.7510325312614441 
vt 0.08903519064188004 0.638216495513916 
vt 0.0938606783747673 0.6396296620368958 
vt 0.09456439316272736 0.5921715497970581 
vt 0.0953686386346817 0.5448312163352966 
vt 0.08903519064188004 0.595115602016449 
vt 0.08893465995788574 0.5518969893455505 
vt 0.15880370140075684 0.4056365489959717 
vt 0.18574601411819458 0.41352662444114685 
vt 0.22233930230140686 0.26644188165664673 
vt 0.2825573682785034 0.2750385105609894 
vt 0.7386665344238281 0.40069055557250977 
vt 0.7346452474594116 0.5145664215087891 
vt 0.7425872087478638 0.28693246841430664 
vt 0.6480880975723267 0.2960001230239868 
vt 0.6113942861557007 0.28304630517959595 
vt 0.5297631025314331 0.5942912697792053 
vt 0.5747004747390747 0.27021026611328125 
vt 0.5057361721992493 0.23040670156478882 
vt 0.435465008020401 0.4983152449131012 
vt 0.47839176654815674 0.1744697540998459 
vt 0.6218494772911072 0.6690701246261597 
vt 0.6545220613479614 0.6910916566848755 
vt 0.7334389090538025 0.6017102599143982 
vt 0.597722053527832 0.9187256097793579 
vt 0.5499698519706726 0.9639462232589722 
vt 0.5519804358482361 0.9824348092079163 
vt 0.5499698519706726 0.9639462232589722 
vt 0.11346422135829926 0.799079418182373 
vt 0.1069297045469284 0.859138011932373 
vt 0.08451129496097565 0.8243982195854187 
vt 0.08762775361537933 0.8613755106925964 
vt 0.07425713539123535 0.833583652973175 
vt 0.07958527654409409 0.8773911595344543 
vt 0.06973323971033096 0.9255557656288147 
vt 0.09064368158578873 0.8983527421951294 
vt 0.11366528272628784 0.859138011932373 
vt 0.10733182728290558 0.889167308807373 
vt 0.0648072212934494 0.853603184223175 
vt 0.06892898678779602 0.7897762060165405 
vt 0.07847943156957626 0.7505614757537842 
vt 0.05978066846728325 0.7816506028175354 
vt 0.058373235166072845 0.7020435333251953 
vt 0.049828097224235535 0.6377454400062561 
vt 0.04118243232369423 0.5734474062919617 
vt 0.050531815737485886 0.7736427783966064 
vt 0.049828097224235535 0.6377454400062561 
vt 0.05978066846728325 0.7816506028175354 
vt 0.058373235166072845 0.7020435333251953 
vt 0.06892898678779602 0.7897762060165405 
vt 0.05525677278637886 0.8736227750778198 
vt 0.0648072212934494 0.853603184223175 
vt 0.07425713539123535 0.833583652973175 
vt 0.059981729835271835 0.9737204313278198 
vt 0.06973323971033096 0.9255557656288147 
vt 0.07958527654409409 0.8773911595344543 
vt 0.6570353507995605 0.16528432071208954 
vt 0.5714834332466125 0.043753933161497116 
vt 0.32266923785209656 0.21757064759731293 
vt 0.31553152203559875 0.08579496294260025 
vt 0.30970072746276855 0.037159260362386703 
vt 0.32307136058807373 0.09450935572385788 
vt 0.32287028431892395 0.08921006321907043 
vt 0.32558462023735046 0.07354772090911865 
vt 0.3376483619213104 0.06683528423309326 
vt 0.3376483619213104 0.0377480685710907 
vt 0.32287028431892395 0.052821606397628784 
vt 0.32558462023735046 0.07354772090911865 
vt 0.3376483619213104 0.06683528423309326 
vt 0.3376483619213104 0.08921006321907043 
vt 0.32558462023735046 0.11888609081506729 
vt 0.3376483619213104 0.12559852004051208 
vt 0.3376483619213104 0.14067205786705017 
vt 0.3376483619213104 0.12559852004051208 
vt 0.3376483619213104 0.08921006321907043 
vt 0.31543099880218506 0.0277382992208004 
vt 0.3222671151161194 0.9466351866722107 
vt 0.32015594840049744 0.7590402960777283 
vt 0.31392303109169006 0.8457131385803223 
vt 0.3120129406452179 0.6841436624526978 
vt 0.2741127610206604 0.9121308922767639 
vt 0.27180054783821106 0.7117000222206116 
vt 0.20122778415679932 0.9226117134094238 
vt 0.19881504774093628 0.7219452857971191 
vt 0.13427414000034332 0.8725628852844238 
vt 0.13236404955387115 0.7107579112052917 
vt 0.08260120451450348 0.9809039235115051 
vt 0.08038952201604843 0.7922492027282715 
vt 0.04540473595261574 0.9704231023788452 
vt 0.0430925227701664 0.7767046093940735 
vt 0.03897074982523918 0.870207667350769 
vt 0.03696013242006302 0.7047520279884338 
vt 0.0707385465502739 0.9201387166976929 
vt 0.06822527199983597 0.7137019634246826 
vt 0.06822527199983597 0.7137019634246826 
vt 0.14111024141311646 0.7021612524986267 
vt 0.14362351596355438 0.9085980653762817 
vt 0.14111024141311646 0.7021612524986267 
vt 0.14362351596355438 0.9085980653762817 
vt 0.21851912140846252 0.8430046439170837 
vt 0.05364827811717987 0.5363523960113525 
vt 0.08833146840333939 0.49855077266693115 
vt 0.14121077954769135 0.49018967151641846 
vt 0.21660903096199036 0.6777845621109009 
vt 0.20343947410583496 0.5126821994781494 
vt 0.2828589677810669 0.7439667582511902 
vt 0.24626567959785461 0.473702996969223 
vt 0.27461540699005127 0.46922802925109863 
vt 0.284668505191803 0.4999639093875885 
vt 0.24123911559581757 0.4744095802307129 
vt 0.1884603500366211 0.4827706813812256 
vt 0.13487732410430908 0.5235162973403931 
vt 0.09496651589870453 0.49749091267585754 
vt 0.06661677360534668 0.5019658803939819 
vt 0.10612545907497406 0.43071985244750977 
vt 0.17901043593883514 0.4192969501018524 
vt 0.14392511546611786 0.4248317778110504 
vt 0.21681009232997894 0.4132910966873169 
vt 0.0707385465502739 0.9201387166976929 
vt 0.28517118096351624 0.9365076422691345 
vt 0.7759634852409363 0.6850857734680176 
vt 0.806625485420227 0.8713852763175964 
vt 0.8349751830101013 0.8443000316619873 
vt 0.7759634852409363 0.6123088598251343 
vt 0.7706353664398193 0.8443000316619873 
vt 0.7759634852409363 0.6123088598251343 
vt 0.806625485420227 0.8713852763175964 
vt 0.7759634852409363 0.6850857734680176 
vt 0.7706353664398193 0.9169591665267944 
vt 0.0707385465502739 0.9201387166976929 
vt 0.14362351596355438 0.9085980653762817 
vt 0.06822527199983597 0.7137019634246826 
vt 0.14111024141311646 0.7021612524986267 
vt 0.06822527199983597 0.7137019634246826 
vt 0.14111024141311646 0.7021612524986267 
vt 0.08833146840333939 0.49855077266693115 
vt 0.14121077954769135 0.49018967151641846 
vt 0.10612545907497406 0.43071985244750977 
vt 0.17901043593883514 0.4192969501018524 
vt 0.14392511546611786 0.4248317778110504 
vt 0.21681009232997894 0.4132910966873169 
vt 0.1884603500366211 0.4827706813812256 
vt 0.24123911559581757 0.4744095802307129 
vt 0.19881504774093628 0.7219452857971191 
vt 0.27180054783821106 0.7117000222206116 
vt 0.20122778415679932 0.9226117134094238 
vt 0.2741127610206604 0.9121308922767639 
vt 0.13427414000034332 0.8725628852844238 
vt 0.13236404955387115 0.7107579112052917 
vt 0.13487732410430908 0.5235162973403931 
vt 0.09496651589870453 0.49749091267585754 
vt 0.06661677360534668 0.5019658803939819 
vt 0.05364827811717987 0.5363523960113525 
vt 0.03696013242006302 0.7047520279884338 
vt 0.0707385465502739 0.9201387166976929 
vt 0.03897074982523918 0.870207667350769 
vt 0.08038952201604843 0.7922492027282715 
vt 0.0430925227701664 0.7767046093940735 
vt 0.04540473595261574 0.9704231023788452 
vt 0.08260120451450348 0.9809039235115051 
vt 0.14362351596355438 0.9085980653762817 
vt 0.21851912140846252 0.8430046439170837 
vt 0.21660903096199036 0.6777845621109009 
vt 0.28517118096351624 0.9365076422691345 
vt 0.2828589677810669 0.7439667582511902 
vt 0.3222671151161194 0.9466351866722107 
vt 0.32015594840049744 0.7590402960777283 
vt 0.31392303109169006 0.8457131385803223 
vt 0.3120129406452179 0.6841436624526978 
vt 0.20343947410583496 0.5126821994781494 
vt 0.24626567959785461 0.473702996969223 
vt 0.27461540699005127 0.46922802925109863 
vt 0.284668505191803 0.4999639093875885 
vt 0.6039549708366394 0.8225140571594238 
vt 0.601341187953949 0.8388829827308655 
vt 0.581436038017273 0.8007280826568604 
vt 0.583245575428009 0.8255758285522461 
vt 0.5575096607208252 0.8218074440956116 
vt 0.5634409785270691 0.8382941484451294 
vt 0.5276519656181335 0.8956442475318909 
vt 0.5397156476974487 0.899177074432373 
vt 0.5529857277870178 0.9705408811569214 
vt 0.5597213506698608 0.9597067832946777 
vt 0.5756052136421204 0.9923268556594849 
vt 0.5787217020988464 0.9741914868354797 
vt 0.5994310975074768 0.9712474346160889 
vt 0.597621500492096 0.9601778388023376 
vt 0.5933992266654968 0.8967040777206421 
vt 0.586261510848999 0.8998836874961853 
vt 0.564044177532196 0.9009435176849365 
vt 0.09456439316272736 0.5921715497970581 
vt 0.1069297045469284 0.5893452763557434 
vt 0.10783448815345764 0.5376477837562561 
vt 0.11386634409427643 0.5376477837562561 
vt 0.13135874271392822 0.43295735120773315 
vt 0.1287449300289154 0.46357545256614685 
vt 0.1374911367893219 0.38950315117836 
vt 0.13990387320518494 0.4926626682281494 
vt 0.18011628091335297 0.5118578672409058 
vt 0.13990387320518494 0.4926626682281494 
vt 0.13829538226127625 0.5213965773582458 
vt 0.13668687641620636 0.5501305460929871 
vt 0.138898566365242 0.6007682085037231 
vt 0.14100971817970276 0.6512880921363831 
vt 0.1505601555109024 0.6121910810470581 
vt 0.15367662906646729 0.661768913269043 
vt 0.15397821366786957 0.5957044363021851 
vt 0.15739627182483673 0.6430447697639465 
vt 0.15739627182483673 0.5793355107307434 
vt 0.16101539134979248 0.6242028474807739 
vt 0.15739627182483673 0.579571008682251 
vt 0.16101539134979248 0.6242028474807739 
vt 0.15367662906646729 0.535057008266449 
vt 0.15367662906646729 0.5344681739807129 
vt 0.1505601555109024 0.5484818816184998 
vt 0.1475442349910736 0.5624955296516418 
vt 0.14100971817970276 0.7865966558456421 
vt 0.13879802823066711 0.8434756994247437 
vt 0.13769219815731049 0.8719740509986877 
vt 0.13658635318279266 0.9003547430038452 
vt 0.1490522027015686 0.8547808527946472 
vt 0.14744369685649872 0.881630539894104 
vt 0.1521686613559723 0.865143895149231 
vt 0.15035909414291382 0.8945843577384949 
vt 0.15528512001037598 0.8753891587257385 
vt 0.1533750295639038 0.9074204564094543 
vt 0.15528512001037598 0.8764490485191345 
vt 0.15327449142932892 0.9087158441543579 
vt 0.15719521045684814 0.844064474105835 
vt 0.15719521045684814 0.8433579206466675 
vt 0.15387769043445587 0.8355855941772461 
vt 0.1505601555109024 0.8279311060905457 
vt 0.16101539134979248 0.7792953848838806 
vt 0.16101539134979248 0.7792953848838806 
vt 0.15739627182483673 0.7767046093940735 
vt 0.15367662906646729 0.7742316126823425 
vt 0.1392001509666443 0.9163703322410583 
vt 0.1417134404182434 0.9325037598609924 
vt 0.5756052136421204 0.9923268556594849 
vt 0.5597213506698608 0.9597067832946777 
vt 0.5529857277870178 0.9705408811569214 
vt 0.5397156476974487 0.899177074432373 
vt 0.5276519656181335 0.8956442475318909 
vt 0.5634409785270691 0.8382941484451294 
vt 0.5575096607208252 0.8218074440956116 
vt 0.583245575428009 0.8255758285522461 
vt 0.581436038017273 0.8007280826568604 
vt 0.601341187953949 0.8388829827308655 
vt 0.6039549708366394 0.8225140571594238 
vt 0.586261510848999 0.8998836874961853 
vt 0.5933992266654968 0.8967040777206421 
vt 0.597621500492096 0.9601778388023376 
vt 0.5994310975074768 0.9712474346160889 
vt 0.5787217020988464 0.9741914868354797 
vt 0.564044177532196 0.9009435176849365 
vt 0.5031223893165588 0.8749181032180786 
vt 0.4834183156490326 0.8308751583099365 
vt 0.515186071395874 0.8775088787078857 
vt 0.49437618255615234 0.8393539786338806 
vt 0.4982968866825104 0.8206298351287842 
vt 0.4993022084236145 0.662357747554779 
vt 0.5106621980667114 0.8121509552001953 
vt 0.5235301852226257 0.8609044551849365 
vt 0.5284562110900879 0.8969396352767944 
vt 0.5213184952735901 0.9017678499221802 
vt 0.5416257381439209 0.9163703322410583 
vt 0.5396151542663574 0.9284998178482056 
vt 0.5694728493690491 0.9495792388916016 
vt 0.5734940767288208 0.9630041122436523 
vt 0.6010395884513855 0.9765467047691345 
vt 0.5418267846107483 0.8877542018890381 
vt 0.5389114022254944 0.8504236340522766 
vt 0.5572080612182617 0.8772733807563782 
vt 0.5574091076850891 0.8486571907997131 
vt 0.5705786943435669 0.8680879473686218 
vt 0.5777163505554199 0.8632596731185913 
vt 0.583848774433136 0.8875186443328857 
vt 0.5960130095481873 0.8901094198226929 
vt 0.6046586632728577 0.9256735444068909 
vt 0.6157171130180359 0.9342702031135559 
vt 0.600737988948822 0.9443976879119873 
vt 0.618230402469635 0.9648882746696472 
vt 0.5883726477622986 0.9528765678405762 
vt 0.5601234436035156 0.9146039485931396 
vt 0.575504720211029 0.9041231274604797 
vt 0.5336837768554688 0.6925047636032104 
vt 0.5295620560646057 0.8154483437538147 
vt 0.5735946297645569 0.7577449083328247 
vt 0.5594197511672974 0.8365277051925659 
vt 0.5031223893165588 0.8749181032180786 
vt 0.5213184952735901 0.9017678499221802 
vt 0.515186071395874 0.8775088787078857 
vt 0.5284562110900879 0.8969396352767944 
vt 0.5235301852226257 0.8609044551849365 
vt 0.5418267846107483 0.8877542018890381 
vt 0.5389114022254944 0.8504236340522766 
vt 0.5572080612182617 0.8772733807563782 
vt 0.5574091076850891 0.8486571907997131 
vt 0.5705786943435669 0.8680879473686218 
vt 0.5777163505554199 0.8632596731185913 
vt 0.583848774433136 0.8875186443328857 
vt 0.5960130095481873 0.8901094198226929 
vt 0.6046586632728577 0.9256735444068909 
vt 0.6157171130180359 0.9342702031135559 
vt 0.600737988948822 0.9443976879119873 
vt 0.618230402469635 0.9648882746696472 
vt 0.5883726477622986 0.9528765678405762 
vt 0.6010395884513855 0.9765467047691345 
vt 0.5694728493690491 0.9495792388916016 
vt 0.5734940767288208 0.9630041122436523 
vt 0.5396151542663574 0.9284998178482056 
vt 0.5594197511672974 0.8365277051925659 
vt 0.5735946297645569 0.7577449083328247 
vt 0.5295620560646057 0.8154483437538147 
vt 0.5336837768554688 0.6925047636032104 
vt 0.5106621980667114 0.8121509552001953 
vt 0.4993022084236145 0.662357747554779 
vt 0.4982968866825104 0.8206298351287842 
vt 0.4834183156490326 0.8308751583099365 
vt 0.49437618255615234 0.8393539786338806 
vt 0.575504720211029 0.9041231274604797 
vt 0.5601234436035156 0.9146039485931396 
vt 0.5416257381439209 0.9163703322410583 
vt 0.11004617065191269 0.29529356956481934 
vt 0.13005183637142181 0.3187282085418701 
vt 0.12170776724815369 0.4417894780635834 
vt 0.13799378275871277 0.4417894780635834 
vt 0.14804688096046448 0.7295998334884644 
vt 0.21550318598747253 0.6690701246261597 
vt 0.14814741909503937 0.8531321287155151 
vt 0.22002708911895752 0.8830437064170837 
vt 0.22274142503738403 0.925791323184967 
vt 0.26496443152427673 0.920727550983429 
vt 0.26174744963645935 0.8729161620140076 
vt 0.28054675459861755 0.8579604029655457 
vt 0.2726047933101654 0.5127999782562256 
vt 0.3071874678134918 0.3904452621936798 
vt 0.3207591474056244 0.2093273103237152 
vt 0.355140745639801 0.3487575054168701 
vt 0.34317755699157715 0.18636371195316315 
vt 0.3483046293258667 0.17859141528606415 
vt 0.3480030596256256 0.17152570188045502 
vt 0.34317755699157715 0.18636371195316315 
vt 0.345188170671463 0.1727033257484436 
vt 0.32860055565834045 0.19295838475227356 
vt 0.3365425169467926 0.1767072230577469 
vt 0.2813510000705719 0.1921340525150299 
vt 0.28497010469436646 0.1698770374059677 
vt 0.25943523645401 0.22133903205394745 
vt 0.25913363695144653 0.16634418070316315 
vt 0.20494742691516876 0.27574506402015686 
vt 0.20766176283359528 0.16340012848377228 
vt 0.14422671496868134 0.3127223253250122 
vt 0.14543308317661285 0.18530385196208954 
vt 0.1271364390850067 0.1960202008485794 
vt 0.10723129659891129 0.1977866291999817 
vt 0.11557537317276001 0.12701167166233063 
vt 0.08792934566736221 0.14585357904434204 
vt 0.10793501883745193 0.10946512967348099 
vt 0.07807730883359909 0.12512747943401337 
vt 0.07526244223117828 0.12041699141263962 
vt 0.0343463234603405 0.17894470691680908 
vt 0.07807730883359909 0.12512747943401337 
vt 0.04228827357292175 0.18283085525035858 
vt 0.08792934566736221 0.14585357904434204 
vt 0.06571199744939804 0.19225181639194489 
vt 0.10723129659891129 0.1977866291999817 
vt 0.06400296837091446 0.21910154819488525 
vt 0.11004617065191269 0.29529356956481934 
vt 0.10904085636138916 0.4570985436439514 
vt 0.12170776724815369 0.4417894780635834 
vt 0.10341112315654755 0.7462042570114136 
vt 0.1257290095090866 0.7430247068405151 
vt 0.0982840433716774 0.8241627216339111 
vt 0.12361785024404526 0.8406493663787842 
vt 0.09707766771316528 0.8497170805931091 
vt 0.12351731956005096 0.8710319995880127 
vt 0.0982840433716774 0.8241627216339111 
vt 0.12361785024404526 0.8406493663787842 
vt 0.10341112315654755 0.7462042570114136 
vt 0.1257290095090866 0.7430247068405151 
vt 0.10904085636138916 0.4570985436439514 
vt 0.14885114133358002 0.8872831463813782 
vt 0.14814741909503937 0.8531321287155151 
vt 0.14804688096046448 0.7295998334884644 
vt 0.13799378275871277 0.4417894780635834 
vt 0.13005183637142181 0.3187282085418701 
vt 0.1271364390850067 0.1960202008485794 
vt 0.11557537317276001 0.12701167166233063 
vt 0.10793501883745193 0.10946512967348099 
vt 0.10572333633899689 0.1049901694059372 
vt 0.22002708911895752 0.8830437064170837 
vt 0.21550318598747253 0.6690701246261597 
vt 0.20685751736164093 0.3810243010520935 
vt 0.20494742691516876 0.27574506402015686 
vt 0.14422671496868134 0.3127223253250122 
vt 0.20766176283359528 0.16340012848377228 
vt 0.14543308317661285 0.18530385196208954 
vt 0.2074607014656067 0.10310597717761993 
vt 0.14854954183101654 0.11370456218719482 
vt 0.20977291464805603 0.08909229934215546 
vt 0.14422671496868134 0.0982777401804924 
vt 0.21047663688659668 0.08461734652519226 
vt 0.14281927049160004 0.09380277991294861 
vt 0.14422671496868134 0.0982777401804924 
vt 0.12261254340410233 0.09839549660682678 
vt 0.1244221031665802 0.1027526929974556 
vt 0.20977291464805603 0.08909229934215546 
vt 0.25430816411972046 0.09674683213233948 
vt 0.2074607014656067 0.10310597717761993 
vt 0.2495831996202469 0.11170260608196259 
vt 0.2684830129146576 0.12018147110939026 
vt 0.2977375388145447 0.14573583006858826 
vt 0.30105507373809814 0.1288958638906479 
vt 0.3017587959766388 0.12536299228668213 
vt 0.345188170671463 0.1727033257484436 
vt 0.32860055565834045 0.19295838475227356 
vt 0.28195416927337646 0.24971966445446014 
vt 0.2554139792919159 0.5739184617996216 
vt 0.2728058695793152 0.10451912134885788 
vt 0.2739116847515106 0.10063298046588898 
vt 0.2728058695793152 0.10451912134885788 
vt 0.25430816411972046 0.09674683213233948 
vt 0.2495831996202469 0.11170260608196259 
vt 0.25913363695144653 0.16634418070316315 
vt 0.25571557879447937 0.09250739961862564 
vt 0.13065502047538757 0.11900384724140167 
vt 0.1244221031665802 0.1027526929974556 
vt 0.2626522183418274 0.2849304974079132 
vt 0.2813510000705719 0.1921340525150299 
vt 0.25943523645401 0.22133903205394745 
vt 0.28497010469436646 0.1698770374059677 
vt 0.2684830129146576 0.12018147110939026 
vt 0.3365425169467926 0.1767072230577469 
vt 0.2977375388145447 0.14573583006858826 
vt 0.30105507373809814 0.1288958638906479 
vt 0.20685751736164093 0.3810243010520935 
vt 0.2626522183418274 0.2849304974079132 
vt 0.2554139792919159 0.5739184617996216 
vt 0.28195416927337646 0.24971966445446014 
vt 0.2726047933101654 0.5127999782562256 
vt 0.3207591474056244 0.2093273103237152 
vt 0.3071874678134918 0.3904452621936798 
vt 0.355140745639801 0.3487575054168701 
vt 0.3181453347206116 0.828048825263977 
vt 0.3624795079231262 0.3345082998275757 
vt 0.3220660388469696 0.8874009251594543 
vt 0.3181453347206116 0.828048825263977 
vt 0.2839648127555847 0.909657895565033 
vt 0.06571199744939804 0.19225181639194489 
vt 0.04228827357292175 0.18283085525035858 
vt 0.06400296837091446 0.21910154819488525 
vt 0.08732616156339645 0.5029079914093018 
vt 0.05917748063802719 0.7422003746032715 
vt 0.04681216925382614 0.7874209880828857 
vt 0.0430925227701664 0.8020234704017639 
vt 0.04681216925382614 0.7874209880828857 
vt 0.05917748063802719 0.7422003746032715 
vt 0.08732616156339645 0.5029079914093018 
vt 0.04118243232369423 0.30530333518981934 
vt 0.036457475274801254 0.21415553987026215 
vt 0.01675339974462986 0.2611425817012787 
vt 0.025499597191810608 0.22004364430904388 
vt 0.036457475274801254 0.21415553987026215 
vt 0.0430925227701664 0.8020234704017639 
vt 0.04681216925382614 0.7874209880828857 
vt 0.05917748063802719 0.7422003746032715 
vt 0.06681783497333527 0.5594337582588196 
vt 0.04148402437567711 0.3776091933250427 
vt 0.017959771677851677 0.3144887685775757 
vt 0.04148402437567711 0.3776091933250427 
vt 0.04681216925382614 0.7874209880828857 
vt 0.04118243232369423 0.30530333518981934 
vt 0.06681783497333527 0.5594337582588196 
vt 0.05917748063802719 0.7422003746032715 
vt 0.13065502047538757 0.11900384724140167 
vt 0.14854954183101654 0.11370456218719482 
vt 0.26174744963645935 0.8729161620140076 
vt 0.28054675459861755 0.8579604029655457 
vt 0.2839648127555847 0.20237934589385986 
vt 0.2816525995731354 0.21250687539577484 
vt 0.2824568450450897 0.21250687539577484 
vt 0.2801446318626404 0.22263440489768982 
vt 0.2714989483356476 0.21132925152778625 
vt 0.24676832556724548 0.24630457162857056 
vt 0.2423449605703354 0.23817899823188782 
vt 0.19941823184490204 0.24595127999782562 
vt 0.202836275100708 0.23782570660114288 
vt 0.15558670461177826 0.21780617535114288 
vt 0.17066636681556702 0.21191807091236115 
vt 0.17137007415294647 0.19696229696273804 
vt 0.20213256776332855 0.22369426488876343 
vt 0.2013283222913742 0.20956282317638397 
vt 0.24626567959785461 0.21015164256095886 
vt 0.25028690695762634 0.1821242868900299 
vt 0.2784355878829956 0.18224205076694489 
vt 0.2566203773021698 0.1215946152806282 
vt 0.28929293155670166 0.18224205076694489 
vt 0.28054675459861755 0.14184968173503876 
vt 0.2798430323600769 0.14184968173503876 
vt 0.2610437273979187 0.09168306738138199 
vt 0.25481081008911133 0.1215946152806282 
vt 0.25280019640922546 0.09168306738138199 
vt 0.23550885915756226 0.09168306738138199 
vt 0.2348051369190216 0.06188927963376045 
vt 0.2173127382993698 0.06188927963376045 
vt 0.21771487593650818 0.048817697912454605 
vt 0.20916973054409027 0.061653755605220795 
vt 0.1750897318124771 0.048817697912454605 
vt 0.1650366187095642 0.1944892853498459 
vt 0.15739627182483673 0.1976688653230667 
vt 0.19821184873580933 0.06671752035617828 
vt 0.11064935475587845 0.24065199494361877 
vt 0.17418494820594788 0.048817697912454605 
vt 0.17478813230991364 0.048817697912454605 
vt 0.15850211679935455 0.1976688653230667 
vt 0.08742669224739075 0.2421828955411911 
vt 0.1987145096063614 0.06671752035617828 
vt 0.17448653280735016 0.048817697912454605 
vt 0.15820051729679108 0.1976688653230667 
vt 0.1666451245546341 0.1944892853498459 
vt 0.21087875962257385 0.061653755605220795 
vt 0.21962495148181915 0.048817697912454605 
vt 0.21962495148181915 0.06188927963376045 
vt 0.2364136278629303 0.048817697912454605 
vt 0.23681576550006866 0.06188927963376045 
vt 0.25179487466812134 0.048817697912454605 
vt 0.2523980736732483 0.06188927963376045 
vt 0.25601717829704285 0.048817697912454605 
vt 0.25772619247436523 0.06188927963376045 
vt 0.2554139792919159 0.048817697912454605 
vt 0.25712302327156067 0.06188927963376045 
vt 0.25018638372421265 0.048817697912454605 
vt 0.2507895827293396 0.06188927963376045 
vt 0.23460407555103302 0.048817697912454605 
vt 0.19770920276641846 0.07507862150669098 
vt 0.1972065418958664 0.07507862150669098 
vt 0.19650283455848694 0.07990686595439911 
vt 0.20655593276023865 0.07319442927837372 
vt 0.20384159684181213 0.08485286682844162 
vt 0.21389469504356384 0.12147685140371323 
vt 0.19680441915988922 0.18141770362854004 
vt 0.24717044830322266 0.1821242868900299 
vt 0.2436518669128418 0.2015550136566162 
vt 0.2728058695793152 0.19684453308582306 
vt 0.2711973488330841 0.20414577424526215 
vt 0.27944090962409973 0.22263440489768982 
vt 0.24576301872730255 0.24630457162857056 
vt 0.1985134482383728 0.24595127999782562 
vt 0.1547824591398239 0.21804168820381165 
vt 0.15699414908885956 0.20131948590278625 
vt 0.17217431962490082 0.18188875913619995 
vt 0.1998203545808792 0.18141770362854004 
vt 0.23902744054794312 0.1215946152806282 
vt 0.25450921058654785 0.09168306738138199 
vt 0.2597368359565735 0.07684505730867386 
vt 0.20967239141464233 0.07319442927837372 
vt 0.1971060186624527 0.07990686595439911 
vt 0.1956985741853714 0.08473511040210724 
vt 0.17147061228752136 0.09745340049266815 
vt 0.1987145096063614 0.20084844529628754 
vt 0.24184231460094452 0.21121150255203247 
vt 0.2695888578891754 0.21132925152778625 
vt 0.24003274738788605 0.22098574042320251 
vt 0.20062460005283356 0.22039693593978882 
vt 0.16885679960250854 0.15727649629116058 
vt 0.1561899036169052 0.2015550136566162 
vt 0.15850211679935455 0.1849505752325058 
vt 0.1737828254699707 0.15185944736003876 
vt 0.22012761235237122 0.12147685140371323 
vt 0.2379215955734253 0.09168306738138199 
vt 0.16051273047924042 0.15197721123695374 
vt 0.17016370594501495 0.12736494839191437 
vt 0.19961929321289062 0.21062268316745758 
vt 0.16141751408576965 0.15197721123695374 
vt 0.19640229642391205 0.08473511040210724 
vt 0.20846602320671082 0.08485286682844162 
vt 0.21992655098438263 0.09168306738138199 
vt 0.1694599837064743 0.14232072234153748 
vt 0.157697856426239 0.1849505752325058 
vt 0.32850003242492676 0.24065199494361877 
vt 0.2944200336933136 0.23912109434604645 
vt 0.17358176410198212 0.048817697912454605 
vt 0.25913363695144653 0.07684505730867386 
vt 0.26164692640304565 0.09168306738138199 
vt 0.24425505101680756 0.22416532039642334 
vt 0.27320799231529236 0.20414577424526215 
vt 0.27491700649261475 0.19684453308582306 
vt 0.28476905822753906 0.20237934589385986 
vt 0.2884886860847473 0.18224205076694489 
vt 0.27612337470054626 0.18224205076694489 
vt 0.2362125664949417 0.1215946152806282 
vt 0.21560372412204742 0.09168306738138199 
vt 0.1579994559288025 0.1976688653230667 
vt 0.1768992841243744 0.048817697912454605 
vt 0.20253469049930573 0.5840460062026978 
vt 0.21660903096199036 0.6211410164833069 
vt 0.20846602320671082 0.3884432911872864 
vt 0.2173127382993698 0.4494440257549286 
vt 0.29391735792160034 0.5889919996261597 
vt 0.30376940965652466 0.6353902220726013 
vt 0.3118118941783905 0.45073941349983215 
vt 0.3321191370487213 0.4327218234539032 
vt 0.31844693422317505 0.3760783076286316 
vt 0.3411669433116913 0.3587672710418701 
vt 0.30286461114883423 0.3422805964946747 
vt 0.31965330243110657 0.3120157718658447 
vt 0.26757824420928955 0.3554699420928955 
vt 0.27753081917762756 0.3227321207523346 
vt 0.2582288682460785 0.48795220255851746 
vt 0.2582288682460785 0.48795220255851746 
vt 0.19831238687038422 0.3187282085418701 
vt 0.19911663234233856 0.3455779254436493 
vt 0.20253469049930573 0.5840460062026978 
vt 0.21660903096199036 0.6211410164833069 
vt 0.1346762627363205 0.43130868673324585 
vt 0.14352299273014069 0.4921916425228119 
vt 0.17026424407958984 0.7590402960777283 
vt 0.18453964591026306 0.7957820892333984 
vt 0.08300332725048065 0.5730941295623779 
vt 0.08038952201604843 0.5965287685394287 
vt 0.10019412636756897 0.7394918203353882 
vt 0.10019412636756897 0.7394918203353882 
vt 0.05485465005040169 0.7887163162231445 
vt 0.05485465005040169 0.7887163162231445 
vt 0.03334101662039757 0.7420825958251953 
vt 0.03334101662039757 0.7420825958251953 
vt 0.02720862440764904 0.5329372882843018 
vt 0.02720862440764904 0.5329372882843018 
vt 0.053748808801174164 0.412584513425827 
vt 0.06209288164973259 0.42860016226768494 
vt 0.14121077954769135 0.6656550765037537 
vt 0.15267130732536316 0.7062829732894897 
vt 0.1346762627363205 0.43130868673324585 
vt 0.14352299273014069 0.4921916425228119 
vt 0.23420195281505585 0.6738983988761902 
vt 0.24586354196071625 0.7140552401542664 
vt 0.22083133459091187 0.4956067204475403 
vt 0.22736585140228271 0.5190413594245911 
vt 0.31251561641693115 0.6495216488838196 
vt 0.31251561641693115 0.6495216488838196 
vt 0.3321191370487213 0.4327218234539032 
vt 0.3118118941783905 0.45073941349983215 
vt 0.3411669433116913 0.3587672710418701 
vt 0.31844693422317505 0.3760783076286316 
vt 0.31965330243110657 0.3120157718658447 
vt 0.30286461114883423 0.3422805964946747 
vt 0.27753081917762756 0.3227321207523346 
vt 0.26757824420928955 0.3554699420928955 
vt 0.2611442506313324 0.5076184272766113 
vt 0.27763134241104126 0.5402384996414185 
vt 0.20846602320671082 0.3884432911872864 
vt 0.2173127382993698 0.4494440257549286 
vt 0.23420195281505585 0.6738983988761902 
vt 0.24586354196071625 0.7140552401542664 
vt 0.15015803277492523 0.5367056727409363 
vt 0.15367662906646729 0.5619067549705505 
vt 0.19037044048309326 0.8194522261619568 
vt 0.19037044048309326 0.8194522261619568 
vt 0.08038952201604843 0.5965287685394287 
vt 0.08300332725048065 0.5730941295623779 
vt 0.11929502338171005 0.6855568289756775 
vt 0.08179695904254913 0.6985106468200684 
vt 0.2611442506313324 0.5076184272766113 
vt 0.19831238687038422 0.3187282085418701 
vt 0.19650283455848694 0.5607290863990784 
vt 0.12834280729293823 0.3866768777370453 
vt 0.15267130732536316 0.7062829732894897 
vt 0.07114066928625107 0.5321129560470581 
vt 0.11929502338171005 0.6855568289756775 
vt 0.08179695904254913 0.6985106468200684 
vt 0.0662146508693695 0.6645951867103577 
vt 0.05495518073439598 0.4981974959373474 
vt 0.053748808801174164 0.412584513425827 
vt 0.13256511092185974 0.6458710432052612 
vt 0.12834280729293823 0.3866768777370453 
vt 0.06309819221496582 0.47700032591819763 
vt 0.14121077954769135 0.6656550765037537 
vt 0.1245226338505745 0.3615935742855072 
vt 0.19650283455848694 0.5607290863990784 
vt 0.19911663234233856 0.3455779254436493 
vt 0.27763134241104126 0.5402384996414185 
vt 0.06209288164973259 0.42860016226768494 
vt 0.13256511092185974 0.6458710432052612 
vt 0.1245226338505745 0.3615935742855072 
vt 0.29391735792160034 0.5889919996261597 
vt 0.22083133459091187 0.4956067204475403 
vt 0.25430816411972046 0.7343103289604187 
vt 0.15367662906646729 0.5619067549705505 
vt 0.18453964591026306 0.7957820892333984 
vt 0.07114066928625107 0.5321129560470581 
vt 0.0662146508693695 0.6645951867103577 
vt 0.30376940965652466 0.6353902220726013 
vt 0.22736585140228271 0.5190413594245911 
vt 0.25430816411972046 0.7343103289604187 
vt 0.15015803277492523 0.5367056727409363 
vt 0.17026424407958984 0.7590402960777283 
vt 0.06309819221496582 0.47700032591819763 
vt 0.05495518073439598 0.4981974959373474 
vt 0.1768992841243744 0.048817697912454605 
vt 0.1666451245546341 0.1944892853498459 
vt 0.21962495148181915 0.048817697912454605 
vt 0.21087875962257385 0.061653755605220795 
vt 0.21962495148181915 0.06188927963376045 
vt 0.20967239141464233 0.07319442927837372 
vt 0.21992655098438263 0.09168306738138199 
vt 0.20846602320671082 0.08485286682844162 
vt 0.22012761235237122 0.12147685140371323 
vt 0.1737828254699707 0.15185944736003876 
vt 0.1998203545808792 0.18141770362854004 
vt 0.17217431962490082 0.18188875913619995 
vt 0.2013283222913742 0.20956282317638397 
vt 0.17137007415294647 0.19696229696273804 
vt 0.20213256776332855 0.22369426488876343 
vt 0.17066636681556702 0.21191807091236115 
vt 0.202836275100708 0.23782570660114288 
vt 0.15558670461177826 0.21780617535114288 
vt 0.19941823184490204 0.24595127999782562 
vt 0.1547824591398239 0.21804168820381165 
vt 0.1985134482383728 0.24595127999782562 
vt 0.16885679960250854 0.15727649629116058 
vt 0.20062460005283356 0.22039693593978882 
vt 0.1694599837064743 0.14232072234153748 
vt 0.19961929321289062 0.21062268316745758 
vt 0.17016370594501495 0.12736494839191437 
vt 0.1987145096063614 0.20084844529628754 
vt 0.17147061228752136 0.09745340049266815 
vt 0.19680441915988922 0.18141770362854004 
vt 0.20384159684181213 0.08485286682844162 
vt 0.21389469504356384 0.12147685140371323 
vt 0.20655593276023865 0.07319442927837372 
vt 0.21560372412204742 0.09168306738138199 
vt 0.20916973054409027 0.061653755605220795 
vt 0.2173127382993698 0.06188927963376045 
vt 0.21771487593650818 0.048817697912454605 
vt 0.2348051369190216 0.06188927963376045 
vt 0.23460407555103302 0.048817697912454605 
vt 0.2507895827293396 0.06188927963376045 
vt 0.25018638372421265 0.048817697912454605 
vt 0.25712302327156067 0.06188927963376045 
vt 0.2554139792919159 0.048817697912454605 
vt 0.25772619247436523 0.06188927963376045 
vt 0.25601717829704285 0.048817697912454605 
vt 0.2523980736732483 0.06188927963376045 
vt 0.25179487466812134 0.048817697912454605 
vt 0.23681576550006866 0.06188927963376045 
vt 0.2364136278629303 0.048817697912454605 
vt 0.23550885915756226 0.09168306738138199 
vt 0.2362125664949417 0.1215946152806282 
vt 0.24717044830322266 0.1821242868900299 
vt 0.2436518669128418 0.2015550136566162 
vt 0.24184231460094452 0.21121150255203247 
vt 0.24003274738788605 0.22098574042320251 
vt 0.24576301872730255 0.24630457162857056 
vt 0.24676832556724548 0.24630457162857056 
vt 0.2423449605703354 0.23817899823188782 
vt 0.24425505101680756 0.22416532039642334 
vt 0.24626567959785461 0.21015164256095886 
vt 0.25028690695762634 0.1821242868900299 
vt 0.23902744054794312 0.1215946152806282 
vt 0.2379215955734253 0.09168306738138199 
vt 0.25481081008911133 0.1215946152806282 
vt 0.27612337470054626 0.18224205076694489 
vt 0.2728058695793152 0.19684453308582306 
vt 0.2711973488330841 0.20414577424526215 
vt 0.2695888578891754 0.21132925152778625 
vt 0.27944090962409973 0.22263440489768982 
vt 0.2801446318626404 0.22263440489768982 
vt 0.2714989483356476 0.21132925152778625 
vt 0.27320799231529236 0.20414577424526215 
vt 0.27491700649261475 0.19684453308582306 
vt 0.2784355878829956 0.18224205076694489 
vt 0.2566203773021698 0.1215946152806282 
vt 0.25450921058654785 0.09168306738138199 
vt 0.2597368359565735 0.07684505730867386 
vt 0.25913363695144653 0.07684505730867386 
vt 0.25280019640922546 0.09168306738138199 
vt 0.26164692640304565 0.09168306738138199 
vt 0.2610437273979187 0.09168306738138199 
vt 0.28054675459861755 0.14184968173503876 
vt 0.2798430323600769 0.14184968173503876 
vt 0.2884886860847473 0.18224205076694489 
vt 0.2839648127555847 0.20237934589385986 
vt 0.2816525995731354 0.21250687539577484 
vt 0.28929293155670166 0.18224205076694489 
vt 0.28476905822753906 0.20237934589385986 
vt 0.2824568450450897 0.21250687539577484 
vt 0.2944200336933136 0.23912109434604645 
vt 0.11064935475587845 0.24065199494361877 
vt 0.17448653280735016 0.048817697912454605 
vt 0.15820051729679108 0.1976688653230667 
vt 0.1987145096063614 0.06671752035617828 
vt 0.19770920276641846 0.07507862150669098 
vt 0.1972065418958664 0.07507862150669098 
vt 0.19650283455848694 0.07990686595439911 
vt 0.32850003242492676 0.24065199494361877 
vt 0.08742669224739075 0.2421828955411911 
vt 0.17478813230991364 0.048817697912454605 
vt 0.17418494820594788 0.048817697912454605 
vt 0.15850211679935455 0.1976688653230667 
vt 0.1579994559288025 0.1976688653230667 
vt 0.19821184873580933 0.06671752035617828 
vt 0.17358176410198212 0.048817697912454605 
vt 0.1750897318124771 0.048817697912454605 
vt 0.15739627182483673 0.1976688653230667 
vt 0.1650366187095642 0.1944892853498459 
vt 0.15699414908885956 0.20131948590278625 
vt 0.1561899036169052 0.2015550136566162 
vt 0.157697856426239 0.1849505752325058 
vt 0.15850211679935455 0.1849505752325058 
vt 0.16141751408576965 0.15197721123695374 
vt 0.19640229642391205 0.08473511040210724 
vt 0.1971060186624527 0.07990686595439911 
vt 0.16051273047924042 0.15197721123695374 
vt 0.1956985741853714 0.08473511040210724 
vt 0.21701115369796753 0.05093741416931152 
vt 0.17438600957393646 0.05093741416931152 
vt 0.16423237323760986 0.1966090053319931 
vt 0.1723753809928894 0.05093741416931152 
vt 0.1561899036169052 0.19978858530521393 
vt 0.19680441915988922 0.0688372403383255 
vt 0.20846602320671082 0.06377347558736801 
vt 0.19760866463184357 0.07543191313743591 
vt 0.1971060186624527 0.09921983629465103 
vt 0.1971060186624527 0.09921983629465103 
vt 0.19670389592647552 0.12300775945186615 
vt 0.20685751736164093 0.09521592408418655 
vt 0.20524902641773224 0.1266583800315857 
vt 0.22243982553482056 0.1266583800315857 
vt 0.22404831647872925 0.1583363562822342 
vt 0.2450592964887619 0.1583363562822342 
vt 0.247974693775177 0.1898965686559677 
vt 0.26737719774246216 0.1898965686559677 
vt 0.2614458501338959 0.19931752979755402 
vt 0.26898568868637085 0.20461682975292206 
vt 0.26034000515937805 0.2193370759487152 
vt 0.26034000515937805 0.2193370759487152 
vt 0.2420433759689331 0.24206514656543732 
vt 0.2420433759689331 0.24206514656543732 
vt 0.22123345732688904 0.24206514656543732 
vt 0.22123345732688904 0.24206514656543732 
vt 0.2030373364686966 0.2193370759487152 
vt 0.2030373364686966 0.2193370759487152 
vt 0.19951875507831573 0.20461682975292206 
vt 0.20695805549621582 0.19931752979755402 
vt 0.20615381002426147 0.1898965686559677 
vt 0.22565682232379913 0.1898965686559677 
vt 0.22404831647872925 0.1583363562822342 
vt 0.2450592964887619 0.1583363562822342 
vt 0.2421438992023468 0.1266583800315857 
vt 0.2593347132205963 0.1266583800315857 
vt 0.2553134560585022 0.09521592408418655 
vt 0.2628532946109772 0.09521592408418655 
vt 0.25722354650497437 0.06377347558736801 
vt 0.25722354650497437 0.06377347558736801 
vt 0.2541070878505707 0.05093741416931152 
vt 0.2493821382522583 0.05093741416931152 
vt 0.32850003242492676 0.24065199494361877 
vt 0.23390035331249237 0.05093741416931152 
vt 0.08742669224739075 0.2421828955411911 
vt 0.21701115369796753 0.05093741416931152 
vt 0.1723753809928894 0.05093741416931152 
vt 0.17438600957393646 0.05093741416931152 
vt 0.1561899036169052 0.19978858530521393 
vt 0.16423237323760986 0.1966090053319931 
vt 0.19680441915988922 0.0688372403383255 
vt 0.20846602320671082 0.06377347558736801 
vt 0.19760866463184357 0.07543191313743591 
vt 0.22063027322292328 0.09521592408418655 
vt 0.2421438992023468 0.1266583800315857 
vt 0.26335594058036804 0.1583363562822342 
vt 0.27763134241104126 0.1898965686559677 
vt 0.26898568868637085 0.20461682975292206 
vt 0.2556150555610657 0.20862072706222534 
vt 0.24013328552246094 0.23735466599464417 
vt 0.2232440710067749 0.23735466599464417 
vt 0.20776230096817017 0.20862072706222534 
vt 0.22445043921470642 0.21368449926376343 
vt 0.247974693775177 0.1898965686559677 
vt 0.26335594058036804 0.1583363562822342 
vt 0.2683824896812439 0.1266583800315857 
vt 0.2628532946109772 0.09521592408418655 
vt 0.25139275193214417 0.06377347558736801 
vt 0.24405398964881897 0.21368449926376343 
vt 0.26737719774246216 0.1898965686559677 
vt 0.2730069160461426 0.1583363562822342 
vt 0.2683824896812439 0.1266583800315857 
vt 0.2553134560585022 0.09521592408418655 
vt 0.23591098189353943 0.06377347558736801 
vt 0.2614458501338959 0.19931752979755402 
vt 0.27763134241104126 0.1898965686559677 
vt 0.2730069160461426 0.1583363562822342 
vt 0.2593347132205963 0.1266583800315857 
vt 0.23902744054794312 0.09521592408418655 
vt 0.2189212441444397 0.06377347558736801 
vt 0.17277751863002777 0.05093741416931152 
vt 0.15659202635288239 0.19978858530521393 
vt 0.15659202635288239 0.19978858530521393 
vt 0.11064935475587845 0.24065199494361877 
vt 0.17277751863002777 0.05093741416931152 
vt 0.2944200336933136 0.23912109434604645 
vt 0.2541070878505707 0.05093741416931152 
vt 0.25139275193214417 0.06377347558736801 
vt 0.23902744054794312 0.09521592408418655 
vt 0.22243982553482056 0.1266583800315857 
vt 0.2057516872882843 0.1583363562822342 
vt 0.19600017368793488 0.1898965686559677 
vt 0.19951875507831573 0.20461682975292206 
vt 0.20776230096817017 0.20862072706222534 
vt 0.2232440710067749 0.2193370759487152 
vt 0.24013328552246094 0.2193370759487152 
vt 0.2556150555610657 0.20862072706222534 
vt 0.24405398964881897 0.20461682975292206 
vt 0.22565682232379913 0.1898965686559677 
vt 0.2057516872882843 0.1583363562822342 
vt 0.19921717047691345 0.14926868677139282 
vt 0.20253469049930573 0.10852303355932236 
vt 0.20253469049930573 0.10852303355932236 
vt 0.19670389592647552 0.12300775945186615 
vt 0.20524902641773224 0.1266583800315857 
vt 0.20685751736164093 0.09521592408418655 
vt 0.22063027322292328 0.09521592408418655 
vt 0.2189212441444397 0.06377347558736801 
vt 0.23591098189353943 0.06377347558736801 
vt 0.23390035331249237 0.05093741416931152 
vt 0.2493821382522583 0.05093741416931152 
vt 0.22445043921470642 0.20461682975292206 
vt 0.20615381002426147 0.1898965686559677 
vt 0.19600017368793488 0.1898965686559677 
vt 0.19921717047691345 0.14926868677139282 
vt 0.20695805549621582 0.19931752979755402 
vt 0.17277751863002777 0.05093741416931152 
vt 0.15659202635288239 0.19978858530521393 
vt 0.17277751863002777 0.05093741416931152 
vt 0.15659202635288239 0.19978858530521393 
vt 0.19680441915988922 0.0688372403383255 
vt 0.19680441915988922 0.0688372403383255 
vt 0.19760866463184357 0.07543191313743591 
vt 0.19760866463184357 0.07543191313743591 
vt 0.1971060186624527 0.09921983629465103 
vt 0.1971060186624527 0.09921983629465103 
vt 0.19670389592647552 0.12300775945186615 
vt 0.19670389592647552 0.12300775945186615 
vt 0.20253469049930573 0.10852303355932236 
vt 0.20253469049930573 0.10852303355932236 
vt 0.19921717047691345 0.14926868677139282 
vt 0.19921717047691345 0.14926868677139282 
vt 0.19600017368793488 0.1898965686559677 
vt 0.19600017368793488 0.1898965686559677 
vt 0.19951875507831573 0.20461682975292206 
vt 0.19951875507831573 0.20461682975292206 
vt 0.2030373364686966 0.2193370759487152 
vt 0.2030373364686966 0.2193370759487152 
vt 0.22123345732688904 0.24206514656543732 
vt 0.2232440710067749 0.23735466599464417 
vt 0.24013328552246094 0.23735466599464417 
vt 0.24405398964881897 0.21368449926376343 
vt 0.2614458501338959 0.19931752979755402 
vt 0.26737719774246216 0.1898965686559677 
vt 0.27763134241104126 0.1898965686559677 
vt 0.2730069160461426 0.1583363562822342 
vt 0.2730069160461426 0.1583363562822342 
vt 0.2683824896812439 0.1266583800315857 
vt 0.2593347132205963 0.1266583800315857 
vt 0.2553134560585022 0.09521592408418655 
vt 0.23902744054794312 0.09521592408418655 
vt 0.23591098189353943 0.06377347558736801 
vt 0.2189212441444397 0.06377347558736801 
vt 0.21701115369796753 0.05093741416931152 
vt 0.20846602320671082 0.06377347558736801 
vt 0.17438600957393646 0.05093741416931152 
vt 0.16423237323760986 0.1966090053319931 
vt 0.1561899036169052 0.19978858530521393 
vt 0.11064935475587845 0.24065199494361877 
vt 0.1723753809928894 0.05093741416931152 
vt 0.23390035331249237 0.05093741416931152 
vt 0.25139275193214417 0.06377347558736801 
vt 0.2628532946109772 0.09521592408418655 
vt 0.2683824896812439 0.1266583800315857 
vt 0.26335594058036804 0.1583363562822342 
vt 0.247974693775177 0.1898965686559677 
vt 0.22445043921470642 0.21368449926376343 
vt 0.20776230096817017 0.20862072706222534 
vt 0.20695805549621582 0.19931752979755402 
vt 0.20615381002426147 0.1898965686559677 
vt 0.2057516872882843 0.1583363562822342 
vt 0.20524902641773224 0.1266583800315857 
vt 0.22565682232379913 0.1898965686559677 
vt 0.2450592964887619 0.1583363562822342 
vt 0.2593347132205963 0.1266583800315857 
vt 0.2628532946109772 0.09521592408418655 
vt 0.25722354650497437 0.06377347558736801 
vt 0.2493821382522583 0.05093741416931152 
vt 0.2944200336933136 0.23912109434604645 
vt 0.08742669224739075 0.2421828955411911 
vt 0.22404831647872925 0.1583363562822342 
vt 0.2421438992023468 0.1266583800315857 
vt 0.2553134560585022 0.09521592408418655 
vt 0.25722354650497437 0.06377347558736801 
vt 0.2541070878505707 0.05093741416931152 
vt 0.22243982553482056 0.1266583800315857 
vt 0.23902744054794312 0.09521592408418655 
vt 0.25139275193214417 0.06377347558736801 
vt 0.2541070878505707 0.05093741416931152 
vt 0.32850003242492676 0.24065199494361877 
vt 0.22063027322292328 0.09521592408418655 
vt 0.23591098189353943 0.06377347558736801 
vt 0.2493821382522583 0.05093741416931152 
vt 0.23390035331249237 0.05093741416931152 
vt 0.21701115369796753 0.05093741416931152 
vt 0.17438600957393646 0.05093741416931152 
vt 0.1723753809928894 0.05093741416931152 
vt 0.16423237323760986 0.1966090053319931 
vt 0.1561899036169052 0.19978858530521393 
vt 0.20846602320671082 0.06377347558736801 
vt 0.2189212441444397 0.06377347558736801 
vt 0.20685751736164093 0.09521592408418655 
vt 0.20685751736164093 0.09521592408418655 
vt 0.20524902641773224 0.1266583800315857 
vt 0.2057516872882843 0.1583363562822342 
vt 0.20615381002426147 0.1898965686559677 
vt 0.20695805549621582 0.19931752979755402 
vt 0.22445043921470642 0.20461682975292206 
vt 0.2232440710067749 0.2193370759487152 
vt 0.24013328552246094 0.2193370759487152 
vt 0.2420433759689331 0.24206514656543732 
vt 0.26034000515937805 0.2193370759487152 
vt 0.26034000515937805 0.2193370759487152 
vt 0.26898568868637085 0.20461682975292206 
vt 0.26898568868637085 0.20461682975292206 
vt 0.27763134241104126 0.1898965686559677 
vt 0.22565682232379913 0.1898965686559677 
vt 0.24405398964881897 0.20461682975292206 
vt 0.2556150555610657 0.20862072706222534 
vt 0.2614458501338959 0.19931752979755402 
vt 0.26737719774246216 0.1898965686559677 
vt 0.26335594058036804 0.1583363562822342 
vt 0.247974693775177 0.1898965686559677 
vt 0.22404831647872925 0.1583363562822342 
vt 0.2450592964887619 0.1583363562822342 
vt 0.22243982553482056 0.1266583800315857 
vt 0.2421438992023468 0.1266583800315857 
vt 0.22063027322292328 0.09521592408418655 
vt 0.2556150555610657 0.20862072706222534 
vt 0.2420433759689331 0.24206514656543732 
vt 0.22123345732688904 0.24206514656543732 
vt 0.20776230096817017 0.20862072706222534 
vt 0.2825573682785034 0.2750385105609894 
s on 
f 1/1/1 2/2/2 3/3/3 
f 2/2/2 4/4/4 3/3/3 
f 3/3/3 4/4/4 4/4/4 
f 4/4/4 2/2/2 4/4/4 
f 4/4/4 2/2/2 2/2/2 
f 2/2/2 5/5/5 2/2/2 
f 2/2/2 5/5/5 4/4/4 
f 5/5/5 6/6/6 4/4/4 
f 4/4/4 6/6/6 7/7/7 
f 6/6/6 8/8/8 7/7/7 
f 7/7/7 8/8/8 9/9/9 
f 8/8/8 10/10/10 9/9/9 
f 9/9/9 10/10/10 11/11/11 
f 10/10/10 12/12/12 11/11/11 
f 11/11/11 12/12/12 13/13/13 
f 12/12/12 14/14/14 13/13/13 
f 13/13/13 14/14/14 15/15/15 
f 14/14/14 16/16/16 15/15/15 
f 15/15/15 16/16/16 17/17/17 
f 16/16/16 18/18/18 17/17/17 
f 17/17/17 18/18/18 19/19/19 
f 18/18/18 20/20/20 19/19/19 
f 19/19/19 20/20/20 21/21/21 
f 20/20/20 22/22/22 21/21/21 
f 21/21/21 22/22/22 23/23/23 
f 22/22/22 24/24/24 23/23/23 
f 23/23/23 24/24/24 25/25/25 
f 24/24/24 26/26/26 25/25/25 
f 25/25/25 26/26/26 2/2/2 
f 26/26/26 5/5/5 2/2/2 
f 2/2/2 5/5/5 5/5/5 
f 5/5/5 26/26/26 5/5/5 
f 5/5/5 26/26/26 26/26/26 
f 26/26/26 24/24/24 26/26/26 
f 26/26/26 24/24/24 5/5/5 
f 24/24/24 27/27/27 5/5/5 
f 5/5/5 27/27/27 6/6/6 
f 27/27/27 28/28/28 6/6/6 
f 6/6/6 28/28/28 8/8/8 
f 28/28/28 10/10/10 8/8/8 
f 8/8/8 10/10/10 10/10/10 
f 10/10/10 24/24/24 10/10/10 
f 10/10/10 24/24/24 24/24/24 
f 24/24/24 22/22/22 24/24/24 
f 24/24/24 22/22/22 27/27/27 
f 22/22/22 29/29/29 27/27/27 
f 27/27/27 29/29/29 28/28/28 
f 29/29/29 30/30/30 28/28/28 
f 28/28/28 30/30/30 10/10/10 
f 30/30/30 12/12/12 10/10/10 
f 10/10/10 12/12/12 12/12/12 
f 12/12/12 22/22/22 12/12/12 
f 12/12/12 22/22/22 22/22/22 
f 22/22/22 20/20/20 22/22/22 
f 22/22/22 20/20/20 29/29/29 
f 20/20/20 18/18/18 29/29/29 
f 29/29/29 18/18/18 30/30/30 
f 18/18/18 16/16/16 30/30/30 
f 30/30/30 16/16/16 12/12/12 
f 16/16/16 14/14/14 12/12/12 
f 12/12/12 14/14/14 14/14/14 
f 14/14/14 31/31/31 14/14/14 
f 14/14/14 31/31/31 31/31/31 
f 31/31/31 32/32/32 31/31/31 
f 31/31/31 32/32/32 33/33/33 
f 32/32/32 34/34/34 33/33/33 
f 33/33/33 34/34/34 35/35/35 
f 34/34/34 36/36/36 35/35/35 
f 35/35/35 36/36/36 37/37/37 
f 36/36/36 38/38/38 37/37/37 
f 37/37/37 38/38/38 39/39/39 
f 38/38/38 40/40/40 39/39/39 
f 39/39/39 40/40/40 41/41/41 
f 40/40/40 42/42/42 41/41/41 
f 41/41/41 42/42/42 43/43/43 
f 42/42/42 44/44/44 43/43/43 
f 43/43/43 44/44/44 44/44/44 
f 44/44/44 43/43/43 44/44/44 
f 44/44/44 43/43/43 43/43/43 
f 43/43/43 45/45/45 43/43/43 
f 43/43/43 45/45/45 41/41/41 
f 45/45/45 46/46/46 41/41/41 
f 41/41/41 46/46/46 39/39/39 
f 46/46/46 47/47/47 39/39/39 
f 39/39/39 47/47/47 37/37/37 
f 47/47/47 48/48/48 37/37/37 
f 37/37/37 48/48/48 35/35/35 
f 48/48/48 49/49/49 35/35/35 
f 35/35/35 49/49/49 33/33/33 
f 49/49/49 50/50/50 33/33/33 
f 33/33/33 50/50/50 50/50/50 
f 50/50/50 46/46/46 50/50/50 
f 50/50/50 46/46/46 46/46/46 
f 46/46/46 51/51/51 46/46/46 
f 46/46/46 51/51/51 47/47/47 
f 51/51/51 52/52/52 47/47/47 
f 47/47/47 52/52/52 48/48/48 
f 52/52/52 50/50/50 48/48/48 
f 48/48/48 50/50/50 49/49/49 
f 50/50/50 49/49/49 49/49/49 
f 49/49/49 49/49/49 53/53/53 
f 49/49/49 53/53/53 53/53/53 
f 53/53/53 53/53/53 53/53/53 
f 53/53/53 54/54/54 53/53/53 
f 53/53/53 54/54/54 55/55/55 
f 54/54/54 56/56/56 55/55/55 
f 55/55/55 56/56/56 57/57/57 
f 56/56/56 58/58/58 57/57/57 
f 57/57/57 58/58/58 59/59/59 
f 58/58/58 60/60/60 59/59/59 
f 59/59/59 60/60/60 61/61/61 
f 60/60/60 62/62/62 61/61/61 
f 61/61/61 62/62/62 63/63/63 
f 62/62/62 64/64/64 63/63/63 
f 63/63/63 64/64/64 64/64/64 
f 64/64/64 56/56/56 64/64/64 
f 64/64/64 56/56/56 56/56/56 
f 56/56/56 65/65/65 56/56/56 
f 56/56/56 65/65/65 58/58/58 
f 65/65/65 66/66/66 58/58/58 
f 58/58/58 66/66/66 60/60/60 
f 66/66/66 67/67/67 60/60/60 
f 60/60/60 67/67/67 68/68/68 
f 67/67/67 69/69/69 68/68/68 
f 68/68/68 69/69/69 69/69/69 
f 69/69/69 56/56/56 69/69/69 
f 69/69/69 56/56/56 56/56/56 
f 56/56/56 54/54/54 56/56/56 
f 56/56/56 54/54/54 65/65/65 
f 54/54/54 70/70/70 65/65/65 
f 65/65/65 70/70/70 66/66/66 
f 70/70/70 71/71/71 66/66/66 
f 66/66/66 71/71/71 69/69/69 
f 71/71/71 69/69/69 69/69/69 
f 69/69/69 69/69/69 72/72/72 
f 69/69/69 72/72/72 72/72/72 
f 72/72/72 72/72/72 72/72/72 
f 72/72/72 73/73/73 72/72/72 
f 72/72/72 73/73/73 74/74/74 
f 73/73/73 75/75/75 74/74/74 
f 74/74/74 75/75/75 76/76/76 
f 75/75/75 77/77/77 76/76/76 
f 76/76/76 77/77/77 78/78/78 
f 77/77/77 79/79/79 78/78/78 
f 78/78/78 79/79/79 80/80/80 
f 79/79/79 81/81/81 80/80/80 
f 80/80/80 81/81/81 82/82/82 
f 81/81/81 83/83/83 82/82/82 
f 82/82/82 83/83/83 84/84/84 
f 83/83/83 85/85/85 84/84/84 
f 84/84/84 85/85/85 86/86/86 
f 85/85/85 87/87/87 86/86/86 
f 86/86/86 87/87/87 88/88/88 
f 87/87/87 89/89/89 88/88/88 
f 88/88/88 89/89/89 90/90/90 
f 89/89/89 91/91/91 90/90/90 
f 90/90/90 91/91/91 92/92/92 
f 91/91/91 93/93/93 92/92/92 
f 92/92/92 93/93/93 94/94/94 
f 93/93/93 95/95/95 94/94/94 
f 94/94/94 95/95/95 96/96/96 
f 95/95/95 97/97/97 96/96/96 
f 96/96/96 97/97/97 98/98/98 
f 97/97/97 99/99/99 98/98/98 
f 98/98/98 99/99/99 100/100/100 
f 99/99/99 101/101/101 100/100/100 
f 100/100/100 101/101/101 102/102/102 
f 101/101/101 103/103/103 102/102/102 
f 102/102/102 103/103/103 104/104/104 
f 103/103/103 105/105/105 104/104/104 
f 104/104/104 105/105/105 106/106/106 
f 105/105/105 107/107/107 106/106/106 
f 106/106/106 107/107/107 108/108/108 
f 107/107/107 109/109/109 108/108/108 
f 108/108/108 109/109/109 110/110/110 
f 109/109/109 111/111/111 110/110/110 
f 110/110/110 111/111/111 112/112/112 
f 111/111/111 113/113/113 112/112/112 
f 112/112/112 113/113/113 114/114/114 
f 113/113/113 115/115/115 114/114/114 
f 114/114/114 115/115/115 116/116/116 
f 115/115/115 117/117/117 116/116/116 
f 116/116/116 117/117/117 118/118/118 
f 117/117/117 119/119/119 118/118/118 
f 118/118/118 119/119/119 120/120/120 
f 119/119/119 121/121/121 120/120/120 
f 120/120/120 121/121/121 122/122/122 
f 121/121/121 123/123/123 122/122/122 
f 122/122/122 123/123/123 124/124/124 
f 123/123/123 125/125/125 124/124/124 
f 124/124/124 125/125/125 126/126/126 
f 125/125/125 127/127/127 126/126/126 
f 126/126/126 127/127/127 128/128/128 
f 127/127/127 129/129/129 128/128/128 
f 128/128/128 129/129/129 130/130/130 
f 129/129/129 131/131/131 130/130/130 
f 130/130/130 131/131/131 132/132/132 
f 131/131/131 133/133/133 132/132/132 
f 132/132/132 133/133/133 133/133/133 
f 133/133/133 128/128/128 133/133/133 
f 133/133/133 128/128/128 128/128/128 
f 128/128/128 134/134/134 128/128/128 
f 128/128/128 134/134/134 126/126/126 
f 134/134/134 135/135/135 126/126/126 
f 126/126/126 135/135/135 124/124/124 
f 135/135/135 136/136/136 124/124/124 
f 124/124/124 136/136/136 122/122/122 
f 136/136/136 137/137/137 122/122/122 
f 122/122/122 137/137/137 120/120/120 
f 137/137/137 138/138/138 120/120/120 
f 120/120/120 138/138/138 118/118/118 
f 138/138/138 139/139/139 118/118/118 
f 118/118/118 139/139/139 116/116/116 
f 139/139/139 140/140/140 116/116/116 
f 116/116/116 140/140/140 114/114/114 
f 140/140/140 141/141/141 114/114/114 
f 114/114/114 141/141/141 112/112/112 
f 141/141/141 142/142/142 112/112/112 
f 112/112/112 142/142/142 110/110/110 
f 142/142/142 143/143/143 110/110/110 
f 110/110/110 143/143/143 108/108/108 
f 143/143/143 144/144/144 108/108/108 
f 108/108/108 144/144/144 106/106/106 
f 144/144/144 145/145/145 106/106/106 
f 106/106/106 145/145/145 104/104/104 
f 145/145/145 146/146/146 104/104/104 
f 104/104/104 146/146/146 102/102/102 
f 146/146/146 147/147/147 102/102/102 
f 102/102/102 147/147/147 100/100/100 
f 147/147/147 148/148/148 100/100/100 
f 100/100/100 148/148/148 98/98/98 
f 148/148/148 149/149/149 98/98/98 
f 98/98/98 149/149/149 96/96/96 
f 149/149/149 150/150/150 96/96/96 
f 96/96/96 150/150/150 94/94/94 
f 150/150/150 151/151/151 94/94/94 
f 94/94/94 151/151/151 92/92/92 
f 151/151/151 152/152/152 92/92/92 
f 92/92/92 152/152/152 90/90/90 
f 152/152/152 153/153/153 90/90/90 
f 90/90/90 153/153/153 88/88/88 
f 153/153/153 154/154/154 88/88/88 
f 88/88/88 154/154/154 86/86/86 
f 154/154/154 155/155/155 86/86/86 
f 86/86/86 155/155/155 84/84/84 
f 155/155/155 156/156/156 84/84/84 
f 84/84/84 156/156/156 82/82/82 
f 156/156/156 157/157/157 82/82/82 
f 82/82/82 157/157/157 80/80/80 
f 157/157/157 158/158/158 80/80/80 
f 80/80/80 158/158/158 159/159/159 
f 158/158/158 160/160/160 159/159/159 
f 159/159/159 160/160/160 161/161/161 
f 160/160/160 162/162/162 161/161/161 
f 161/161/161 162/162/162 163/163/163 
f 162/162/162 164/164/164 163/163/163 
f 163/163/163 164/164/164 165/165/165 
f 164/164/164 166/166/166 165/165/165 
f 165/165/165 166/166/166 167/167/167 
f 166/166/166 168/168/168 167/167/167 
f 167/167/167 168/168/168 169/169/169 
f 168/168/168 170/170/170 169/169/169 
f 169/169/169 170/170/170 171/171/171 
f 170/170/170 172/172/172 171/171/171 
f 171/171/171 172/172/172 173/173/173 
f 172/172/172 174/174/174 173/173/173 
f 173/173/173 174/174/174 175/175/175 
f 174/174/174 176/176/176 175/175/175 
f 175/175/175 176/176/176 177/177/177 
f 176/176/176 178/178/178 177/177/177 
f 177/177/177 178/178/178 178/178/178 
f 178/178/178 152/152/152 178/178/178 
f 178/178/178 152/152/152 152/152/152 
f 152/152/152 151/151/151 152/152/152 
f 152/152/152 151/151/151 179/179/179 
f 151/151/151 180/180/180 179/179/179 
f 179/179/179 180/180/180 164/164/164 
f 180/180/180 181/181/181 164/164/164 
f 164/164/164 181/181/181 166/166/166 
f 181/181/181 182/182/182 166/166/166 
f 166/166/166 182/182/182 168/168/168 
f 182/182/182 183/183/183 168/168/168 
f 168/168/168 183/183/183 170/170/170 
f 183/183/183 146/146/146 170/170/170 
f 170/170/170 146/146/146 184/184/184 
f 146/146/146 145/145/145 184/184/184 
f 184/184/184 145/145/145 185/185/185 
f 145/145/145 144/144/144 185/185/185 
f 185/185/185 144/144/144 186/186/186 
f 144/144/144 143/143/143 186/186/186 
f 186/186/186 143/143/143 187/187/187 
f 143/143/143 142/142/142 187/187/187 
f 187/187/187 142/142/142 188/188/188 
f 142/142/142 141/141/141 188/188/188 
f 188/188/188 141/141/141 189/189/189 
f 141/141/141 140/140/140 189/189/189 
f 189/189/189 140/140/140 190/190/190 
f 140/140/140 190/190/190 190/190/190 
f 190/190/190 190/190/190 146/146/146 
f 190/190/190 146/146/146 146/146/146 
f 146/146/146 146/146/146 146/146/146 
f 146/146/146 183/183/183 146/146/146 
f 146/146/146 183/183/183 147/147/147 
f 183/183/183 182/182/182 147/147/147 
f 147/147/147 182/182/182 148/148/148 
f 182/182/182 181/181/181 148/148/148 
f 148/148/148 181/181/181 149/149/149 
f 181/181/181 180/180/180 149/149/149 
f 149/149/149 180/180/180 150/150/150 
f 180/180/180 151/151/151 150/150/150 
f 150/150/150 151/151/151 151/151/151 
f 151/151/151 60/60/60 151/151/151 
f 151/151/151 60/60/60 60/60/60 
f 60/60/60 191/191/191 60/60/60 
f 60/60/60 191/191/191 62/62/62 
f 191/191/191 192/192/192 62/62/62 
f 62/62/62 192/192/192 193/193/193 
f 192/192/192 194/194/194 193/193/193 
f 193/193/193 194/194/194 195/195/195 
f 194/194/194 195/195/195 195/195/195 
f 195/195/195 195/195/195 193/193/193 
f 195/195/195 193/193/193 193/193/193 
f 193/193/193 193/193/193 193/193/193 
f 193/193/193 195/195/195 193/193/193 
f 193/193/193 195/195/195 62/62/62 
f 195/195/195 64/64/64 62/62/62 
f 62/62/62 64/64/64 64/64/64 
f 64/64/64 34/34/34 64/64/64 
f 64/64/64 34/34/34 34/34/34 
f 34/34/34 196/196/196 34/34/34 
f 34/34/34 196/196/196 36/36/36 
f 196/196/196 197/197/197 36/36/36 
f 36/36/36 197/197/197 38/38/38 
f 197/197/197 198/198/198 38/38/38 
f 38/38/38 198/198/198 40/40/40 
f 198/198/198 199/199/199 40/40/40 
f 40/40/40 199/199/199 42/42/42 
f 199/199/199 200/200/200 42/42/42 
f 42/42/42 200/200/200 44/44/44 
f 200/200/200 201/201/201 44/44/44 
f 44/44/44 201/201/201 201/201/201 
f 201/201/201 197/197/197 201/201/201 
f 201/201/201 197/197/197 197/197/197 
f 197/197/197 202/202/202 197/197/197 
f 197/197/197 202/202/202 198/198/198 
f 202/202/202 203/203/203 198/198/198 
f 198/198/198 203/203/203 199/199/199 
f 203/203/203 201/201/201 199/199/199 
f 199/199/199 201/201/201 200/200/200 
f 201/201/201 200/200/200 200/200/200 
f 200/200/200 200/200/200 132/132/132 
f 200/200/200 132/132/132 132/132/132 
f 132/132/132 132/132/132 132/132/132 
f 132/132/132 204/204/204 132/132/132 
f 132/132/132 204/204/204 130/130/130 
f 204/204/204 205/205/205 130/130/130 
f 130/130/130 205/205/205 128/128/128 
f 205/205/205 128/128/128 128/128/128 
f 128/128/128 128/128/128 128/128/128 
f 128/128/128 206/206/206 128/128/128 
f 128/128/128 206/206/206 134/134/134 
f 206/206/206 207/207/207 134/134/134 
f 134/134/134 207/207/207 208/208/208 
f 207/207/207 209/209/209 208/208/208 
f 208/208/208 209/209/209 209/209/209 
f 209/209/209 206/206/206 209/209/209 
f 209/209/209 206/206/206 206/206/206 
f 206/206/206 210/210/210 206/206/206 
f 206/206/206 210/210/210 207/207/207 
f 210/210/210 211/211/211 207/207/207 
f 207/207/207 211/211/211 209/209/209 
f 211/211/211 209/209/209 209/209/209 
f 209/209/209 209/209/209 164/164/164 
f 209/209/209 164/164/164 164/164/164 
f 164/164/164 164/164/164 164/164/164 
f 164/164/164 162/162/162 164/164/164 
f 164/164/164 162/162/162 179/179/179 
f 162/162/162 152/152/152 179/179/179 
f 179/179/179 152/152/152 152/152/152 
f 152/152/152 162/162/162 152/152/152 
f 152/152/152 162/162/162 153/153/153 
f 162/162/162 160/160/160 153/153/153 
f 153/153/153 160/160/160 154/154/154 
f 160/160/160 158/158/158 154/154/154 
f 154/154/154 158/158/158 155/155/155 
f 158/158/158 157/157/157 155/155/155 
f 155/155/155 157/157/157 156/156/156 
f 157/157/157 156/156/156 156/156/156 
f 156/156/156 156/156/156 212/212/212 
f 156/156/156 212/212/212 212/212/212 
f 212/212/212 212/212/212 212/212/212 
f 212/212/212 213/213/213 212/212/212 
f 212/212/212 213/213/213 214/214/214 
f 213/213/213 215/215/215 214/214/214 
f 214/214/214 215/215/215 216/216/216 
f 215/215/215 138/138/138 216/216/216 
f 216/216/216 138/138/138 217/217/217 
f 138/138/138 137/137/137 217/217/217 
f 217/217/217 137/137/137 136/136/136 
f 137/137/137 136/136/136 136/136/136 
f 136/136/136 136/136/136 138/138/138 
f 136/136/136 138/138/138 138/138/138 
f 138/138/138 138/138/138 138/138/138 
f 138/138/138 215/215/215 138/138/138 
f 138/138/138 215/215/215 139/139/139 
f 215/215/215 213/213/213 139/139/139 
f 139/139/139 213/213/213 140/140/140 
f 213/213/213 140/140/140 140/140/140 
f 140/140/140 140/140/140 214/214/214 
f 140/140/140 214/214/214 214/214/214 
f 214/214/214 214/214/214 214/214/214 
f 214/214/214 216/216/216 214/214/214 
f 214/214/214 216/216/216 218/218/218 
f 216/216/216 217/217/217 218/218/218 
f 218/218/218 217/217/217 219/219/219 
f 217/217/217 220/220/220 219/219/219 
f 219/219/219 220/220/220 221/221/221 
f 220/220/220 222/222/222 221/221/221 
f 221/221/221 222/222/222 223/223/223 
f 222/222/222 223/223/223 223/223/223 
f 223/223/223 223/223/223 217/217/217 
f 223/223/223 217/217/217 217/217/217 
f 217/217/217 217/217/217 217/217/217 
f 217/217/217 136/136/136 217/217/217 
f 217/217/217 136/136/136 220/220/220 
f 136/136/136 135/135/135 220/220/220 
f 220/220/220 135/135/135 222/222/222 
f 135/135/135 222/222/222 222/222/222 
f 222/222/222 222/222/222 224/224/224 
f 222/222/222 224/224/224 224/224/224 
f 224/224/224 224/224/224 224/224/224 
f 224/224/224 225/225/225 224/224/224 
f 224/224/224 225/225/225 226/226/226 
f 225/225/225 227/227/227 226/226/226 
f 226/226/226 227/227/227 228/228/228 
f 227/227/227 229/229/229 228/228/228 
f 228/228/228 229/229/229 230/230/230 
f 229/229/229 192/192/192 230/230/230 
f 230/230/230 192/192/192 231/231/231 
f 192/192/192 232/232/232 231/231/231 
f 231/231/231 232/232/232 233/233/233 
f 232/232/232 233/233/233 233/233/233 
f 233/233/233 233/233/233 192/192/192 
f 233/233/233 192/192/192 192/192/192 
f 192/192/192 192/192/192 192/192/192 
f 192/192/192 229/229/229 192/192/192 
f 192/192/192 229/229/229 194/194/194 
f 229/229/229 234/234/234 194/194/194 
f 194/194/194 234/234/234 235/235/235 
f 234/234/234 225/225/225 235/235/235 
f 235/235/235 225/225/225 236/236/236 
f 225/225/225 236/236/236 236/236/236 
f 236/236/236 236/236/236 236/236/236 
f 236/236/236 55/55/55 236/236/236 
f 236/236/236 55/55/55 235/235/235 
f 55/55/55 57/57/57 235/235/235 
f 235/235/235 57/57/57 59/59/59 
f 57/57/57 59/59/59 59/59/59 
f 59/59/59 59/59/59 59/59/59 
f 59/59/59 237/237/237 59/59/59 
f 59/59/59 237/237/237 235/235/235 
f 237/237/237 194/194/194 235/235/235 
f 235/235/235 194/194/194 194/194/194 
f 194/194/194 59/59/59 194/194/194 
f 194/194/194 59/59/59 59/59/59 
f 59/59/59 238/238/238 59/59/59 
f 59/59/59 238/238/238 237/237/237 
f 238/238/238 239/239/239 237/237/237 
f 237/237/237 239/239/239 240/240/240 
f 239/239/239 240/240/240 240/240/240 
f 240/240/240 240/240/240 80/80/80 
f 240/240/240 80/80/80 80/80/80 
f 80/80/80 80/80/80 80/80/80 
f 80/80/80 159/159/159 80/80/80 
f 80/80/80 159/159/159 78/78/78 
f 159/159/159 241/241/241 78/78/78 
f 78/78/78 241/241/241 76/76/76 
f 241/241/241 242/242/242 76/76/76 
f 76/76/76 242/242/242 243/243/243 
f 242/242/242 244/244/244 243/243/243 
f 243/243/243 244/244/244 245/245/245 
f 244/244/244 246/246/246 245/245/245 
f 245/245/245 246/246/246 247/247/247 
f 246/246/246 248/248/248 247/247/247 
f 247/247/247 248/248/248 169/169/169 
f 248/248/248 167/167/167 169/169/169 
f 169/169/169 167/167/167 167/167/167 
f 167/167/167 159/159/159 167/167/167 
f 167/167/167 159/159/159 159/159/159 
f 159/159/159 161/161/161 159/159/159 
f 159/159/159 161/161/161 241/241/241 
f 161/161/161 249/249/249 241/241/241 
f 241/241/241 249/249/249 242/242/242 
f 249/249/249 250/250/250 242/242/242 
f 242/242/242 250/250/250 244/244/244 
f 250/250/250 248/248/248 244/244/244 
f 244/244/244 248/248/248 246/246/246 
f 248/248/248 246/246/246 246/246/246 
f 246/246/246 246/246/246 161/161/161 
f 246/246/246 161/161/161 161/161/161 
f 161/161/161 161/161/161 161/161/161 
f 161/161/161 163/163/163 161/161/161 
f 161/161/161 163/163/163 249/249/249 
f 163/163/163 165/165/165 249/249/249 
f 249/249/249 165/165/165 250/250/250 
f 165/165/165 167/167/167 250/250/250 
f 250/250/250 167/167/167 248/248/248 
f 167/167/167 248/248/248 248/248/248 
f 248/248/248 248/248/248 225/225/225 
f 248/248/248 225/225/225 225/225/225 
f 225/225/225 225/225/225 225/225/225 
f 225/225/225 234/234/234 225/225/225 
f 225/225/225 234/234/234 227/227/227 
f 234/234/234 229/229/229 227/227/227 
f 227/227/227 229/229/229 229/229/229 
f 229/229/229 169/169/169 229/229/229 
f 229/229/229 169/169/169 169/169/169 
f 169/169/169 171/171/171 169/169/169 
f 169/169/169 171/171/171 247/247/247 
f 171/171/171 251/251/251 247/247/247 
f 247/247/247 251/251/251 245/245/245 
f 251/251/251 252/252/252 245/245/245 
f 245/245/245 252/252/252 243/243/243 
f 252/252/252 253/253/253 243/243/243 
f 243/243/243 253/253/253 76/76/76 
f 253/253/253 76/76/76 76/76/76 
f 76/76/76 76/76/76 171/171/171 
f 76/76/76 171/171/171 171/171/171 
f 171/171/171 171/171/171 171/171/171 
f 171/171/171 173/173/173 171/171/171 
f 171/171/171 173/173/173 251/251/251 
f 173/173/173 254/254/254 251/251/251 
f 251/251/251 254/254/254 252/252/252 
f 254/254/254 255/255/255 252/252/252 
f 252/252/252 255/255/255 253/253/253 
f 255/255/255 253/253/253 253/253/253 
f 253/253/253 253/253/253 255/255/255 
f 253/253/253 255/255/255 255/255/255 
f 255/255/255 255/255/255 255/255/255 
f 255/255/255 254/254/254 255/255/255 
f 255/255/255 254/254/254 256/256/256 
f 254/254/254 175/175/175 256/256/256 
f 256/256/256 175/175/175 177/177/177 
f 175/175/175 177/177/177 177/177/177 
f 177/177/177 177/177/177 178/178/178 
f 177/177/177 178/178/178 178/178/178 
f 178/178/178 178/178/178 178/178/178 
f 178/178/178 176/176/176 178/178/178 
f 178/178/178 176/176/176 257/257/257 
f 176/176/176 258/258/258 257/257/257 
f 257/257/257 258/258/258 259/259/259 
f 258/258/258 260/260/260 259/259/259 
f 259/259/259 260/260/260 261/261/261 
f 260/260/260 262/262/262 261/261/261 
f 261/261/261 262/262/262 190/190/190 
f 262/262/262 189/189/189 190/190/190 
f 190/190/190 189/189/189 189/189/189 
f 189/189/189 176/176/176 189/189/189 
f 189/189/189 176/176/176 176/176/176 
f 176/176/176 174/174/174 176/176/176 
f 176/176/176 174/174/174 258/258/258 
f 174/174/174 263/263/263 258/258/258 
f 258/258/258 263/263/263 260/260/260 
f 263/263/263 264/264/264 260/260/260 
f 260/260/260 264/264/264 262/262/262 
f 264/264/264 265/265/265 262/262/262 
f 262/262/262 265/265/265 189/189/189 
f 265/265/265 188/188/188 189/189/189 
f 189/189/189 188/188/188 188/188/188 
f 188/188/188 174/174/174 188/188/188 
f 188/188/188 174/174/174 174/174/174 
f 174/174/174 172/172/172 174/174/174 
f 174/174/174 172/172/172 263/263/263 
f 172/172/172 266/266/266 263/263/263 
f 263/263/263 266/266/266 264/264/264 
f 266/266/266 267/267/267 264/264/264 
f 264/264/264 267/267/267 265/265/265 
f 267/267/267 268/268/268 265/265/265 
f 265/265/265 268/268/268 188/188/188 
f 268/268/268 187/187/187 188/188/188 
f 188/188/188 187/187/187 187/187/187 
f 187/187/187 172/172/172 187/187/187 
f 187/187/187 172/172/172 172/172/172 
f 172/172/172 185/185/185 172/172/172 
f 172/172/172 185/185/185 266/266/266 
f 185/185/185 186/186/186 266/266/266 
f 266/266/266 186/186/186 267/267/267 
f 186/186/186 187/187/187 267/267/267 
f 267/267/267 187/187/187 268/268/268 
f 187/187/187 268/268/268 268/268/268 
f 268/268/268 268/268/268 185/185/185 
f 268/268/268 185/185/185 185/185/185 
f 185/185/185 185/185/185 185/185/185 
f 185/185/185 172/172/172 185/185/185 
f 185/185/185 172/172/172 184/184/184 
f 172/172/172 170/170/170 184/184/184 
f 184/184/184 170/170/170 170/170/170 
f 170/170/170 226/226/226 170/170/170 
f 170/170/170 226/226/226 226/226/226 
f 226/226/226 228/228/228 226/226/226 
f 226/226/226 228/228/228 269/269/269 
f 228/228/228 230/230/230 269/269/269 
f 269/269/269 230/230/230 270/270/270 
f 230/230/230 233/233/233 270/270/270 
f 270/270/270 233/233/233 233/233/233 
f 233/233/233 271/271/271 233/233/233 
f 233/233/233 271/271/271 271/271/271 
f 271/271/271 272/272/272 271/271/271 
f 271/271/271 272/272/272 273/273/273 
f 272/272/272 274/274/274 273/273/273 
f 273/273/273 274/274/274 275/275/275 
f 274/274/274 276/276/276 275/275/275 
f 275/275/275 276/276/276 277/277/277 
f 276/276/276 278/278/278 277/277/277 
f 277/277/277 278/278/278 278/278/278 
f 278/278/278 276/276/276 278/278/278 
f 278/278/278 276/276/276 276/276/276 
f 276/276/276 279/279/279 276/276/276 
f 276/276/276 279/279/279 278/278/278 
f 279/279/279 280/280/280 278/278/278 
f 278/278/278 280/280/280 281/281/281 
f 280/280/280 272/272/272 281/281/281 
f 281/281/281 272/272/272 282/282/282 
f 272/272/272 283/283/283 282/282/282 
f 282/282/282 283/283/283 284/284/284 
f 283/283/283 273/273/273 284/284/284 
f 284/284/284 273/273/273 285/285/285 
f 273/273/273 286/286/286 285/285/285 
f 285/285/285 286/286/286 286/286/286 
f 286/286/286 272/272/272 286/286/286 
f 286/286/286 272/272/272 272/272/272 
f 272/272/272 280/280/280 272/272/272 
f 272/272/272 280/280/280 274/274/274 
f 280/280/280 279/279/279 274/274/274 
f 274/274/274 279/279/279 276/276/276 
f 279/279/279 276/276/276 276/276/276 
f 276/276/276 276/276/276 277/277/277 
f 276/276/276 277/277/277 277/277/277 
f 277/277/277 277/277/277 277/277/277 
f 277/277/277 287/287/287 277/277/277 
f 277/277/277 287/287/287 275/275/275 
f 287/287/287 288/288/288 275/275/275 
f 275/275/275 288/288/288 273/273/273 
f 288/288/288 286/286/286 273/273/273 
f 273/273/273 286/286/286 286/286/286 
f 286/286/286 289/289/289 286/286/286 
f 286/286/286 289/289/289 289/289/289 
f 289/289/289 290/290/290 289/289/289 
f 289/289/289 290/290/290 291/291/291 
f 290/290/290 292/292/292 291/291/291 
f 291/291/291 292/292/292 293/293/293 
f 292/292/292 294/294/294 293/293/293 
f 293/293/293 294/294/294 295/295/295 
f 294/294/294 296/296/296 295/295/295 
f 295/295/295 296/296/296 297/297/297 
f 296/296/296 298/298/298 297/297/297 
f 297/297/297 298/298/298 299/299/299 
f 298/298/298 300/300/300 299/299/299 
f 299/299/299 300/300/300 301/301/301 
f 300/300/300 302/302/302 301/301/301 
f 301/301/301 302/302/302 303/303/303 
f 302/302/302 304/304/304 303/303/303 
f 303/303/303 304/304/304 305/305/305 
f 304/304/304 306/306/306 305/305/305 
f 305/305/305 306/306/306 307/307/307 
f 306/306/306 308/308/308 307/307/307 
f 307/307/307 308/308/308 309/309/309 
f 308/308/308 310/310/310 309/309/309 
f 309/309/309 310/310/310 311/311/311 
f 310/310/310 312/312/312 311/311/311 
f 311/311/311 312/312/312 312/312/312 
f 312/312/312 304/304/304 312/312/312 
f 312/312/312 304/304/304 304/304/304 
f 304/304/304 313/313/313 304/304/304 
f 304/304/304 313/313/313 306/306/306 
f 313/313/313 314/314/314 306/306/306 
f 306/306/306 314/314/314 310/310/310 
f 314/314/314 315/315/315 310/310/310 
f 310/310/310 315/315/315 316/316/316 
f 315/315/315 317/317/317 316/316/316 
f 316/316/316 317/317/317 318/318/318 
f 317/317/317 319/319/319 318/318/318 
f 318/318/318 319/319/319 290/290/290 
f 319/319/319 320/320/320 290/290/290 
f 290/290/290 320/320/320 292/292/292 
f 320/320/320 321/321/321 292/292/292 
f 292/292/292 321/321/321 294/294/294 
f 321/321/321 322/322/322 294/294/294 
f 294/294/294 322/322/322 296/296/296 
f 322/322/322 323/323/323 296/296/296 
f 296/296/296 323/323/323 298/298/298 
f 323/323/323 324/324/324 298/298/298 
f 298/298/298 324/324/324 300/300/300 
f 324/324/324 325/325/325 300/300/300 
f 300/300/300 325/325/325 302/302/302 
f 325/325/325 326/326/326 302/302/302 
f 302/302/302 326/326/326 304/304/304 
f 326/326/326 313/313/313 304/304/304 
f 304/304/304 313/313/313 313/313/313 
f 313/313/313 326/326/326 313/313/313 
f 313/313/313 326/326/326 314/314/314 
f 326/326/326 327/327/327 314/314/314 
f 314/314/314 327/327/327 315/315/315 
f 327/327/327 328/328/328 315/315/315 
f 315/315/315 328/328/328 317/317/317 
f 328/328/328 319/319/319 317/317/317 
f 317/317/317 319/319/319 319/319/319 
f 319/319/319 326/326/326 319/319/319 
f 319/319/319 326/326/326 326/326/326 
f 326/326/326 325/325/325 326/326/326 
f 326/326/326 325/325/325 327/327/327 
f 325/325/325 329/329/329 327/327/327 
f 327/327/327 329/329/329 328/328/328 
f 329/329/329 330/330/330 328/328/328 
f 328/328/328 330/330/330 319/319/319 
f 330/330/330 320/320/320 319/319/319 
f 319/319/319 320/320/320 320/320/320 
f 320/320/320 325/325/325 320/320/320 
f 320/320/320 325/325/325 325/325/325 
f 325/325/325 324/324/324 325/325/325 
f 325/325/325 324/324/324 329/329/329 
f 324/324/324 323/323/323 329/329/329 
f 329/329/329 323/323/323 330/330/330 
f 323/323/323 322/322/322 330/330/330 
f 330/330/330 322/322/322 320/320/320 
f 322/322/322 321/321/321 320/320/320 
f 320/320/320 321/321/321 321/321/321 
f 321/321/321 305/305/305 321/321/321 
f 321/321/321 305/305/305 305/305/305 
f 305/305/305 307/307/307 305/305/305 
f 305/305/305 307/307/307 331/331/331 
f 307/307/307 309/309/309 331/331/331 
f 331/331/331 309/309/309 309/309/309 
f 309/309/309 310/310/310 309/309/309 
f 309/309/309 310/310/310 310/310/310 
f 310/310/310 316/316/316 310/310/310 
f 310/310/310 316/316/316 312/312/312 
f 316/316/316 332/332/332 312/312/312 
f 312/312/312 332/332/332 332/332/332 
f 332/332/332 316/316/316 332/332/332 
f 332/332/332 316/316/316 316/316/316 
f 316/316/316 318/318/318 316/316/316 
f 316/316/316 318/318/318 332/332/332 
f 318/318/318 289/289/289 332/332/332 
f 332/332/332 289/289/289 289/289/289 
f 289/289/289 333/333/333 289/289/289 
f 289/289/289 333/333/333 333/333/333 
f 333/333/333 334/334/334 333/333/333 
f 333/333/333 334/334/334 335/335/335 
f 334/334/334 336/336/336 335/335/335 
f 335/335/335 336/336/336 337/337/337 
f 336/336/336 337/337/337 337/337/337 
f 337/337/337 337/337/337 337/337/337 
f 337/337/337 338/338/338 337/337/337 
f 337/337/337 338/338/338 335/335/335 
f 338/338/338 339/339/339 335/335/335 
f 335/335/335 339/339/339 340/340/340 
f 339/339/339 340/340/340 340/340/340 
f 340/340/340 340/340/340 340/340/340 
f 340/340/340 341/341/341 340/340/340 
f 340/340/340 341/341/341 335/335/335 
f 341/341/341 333/333/333 335/335/335 
f 335/335/335 333/333/333 333/333/333 
f 333/333/333 342/342/342 333/333/333 
f 333/333/333 342/342/342 342/342/342 
f 342/342/342 343/343/343 342/342/342 
f 342/342/342 343/343/343 344/344/344 
f 343/343/343 345/345/345 344/344/344 
f 344/344/344 345/345/345 346/346/346 
f 345/345/345 347/347/347 346/346/346 
f 346/346/346 347/347/347 348/348/348 
f 347/347/347 349/349/349 348/348/348 
f 348/348/348 349/349/349 350/350/350 
f 349/349/349 351/351/351 350/350/350 
f 350/350/350 351/351/351 352/352/352 
f 351/351/351 353/353/353 352/352/352 
f 352/352/352 353/353/353 354/354/354 
f 353/353/353 355/355/355 354/354/354 
f 354/354/354 355/355/355 356/356/356 
f 355/355/355 357/357/357 356/356/356 
f 356/356/356 357/357/357 358/358/358 
f 357/357/357 359/359/359 358/358/358 
f 358/358/358 359/359/359 359/359/359 
f 359/359/359 358/358/358 359/359/359 
f 359/359/359 358/358/358 358/358/358 
f 358/358/358 360/360/360 358/358/358 
f 358/358/358 360/360/360 356/356/356 
f 360/360/360 361/361/361 356/356/356 
f 356/356/356 361/361/361 354/354/354 
f 361/361/361 362/362/362 354/354/354 
f 354/354/354 362/362/362 352/352/352 
f 362/362/362 363/363/363 352/352/352 
f 352/352/352 363/363/363 350/350/350 
f 363/363/363 364/364/364 350/350/350 
f 350/350/350 364/364/364 348/348/348 
f 364/364/364 365/365/365 348/348/348 
f 348/348/348 365/365/365 346/346/346 
f 365/365/365 366/366/366 346/346/346 
f 346/346/346 366/366/366 367/367/367 
f 366/366/366 368/368/368 367/367/367 
f 367/367/367 368/368/368 368/368/368 
f 368/368/368 362/362/362 368/368/368 
f 368/368/368 362/362/362 362/362/362 
f 362/362/362 369/369/369 362/362/362 
f 362/362/362 369/369/369 363/363/363 
f 369/369/369 370/370/370 363/363/363 
f 363/363/363 370/370/370 364/364/364 
f 370/370/370 366/366/366 364/364/364 
f 364/364/364 366/366/366 365/365/365 
f 366/366/366 365/365/365 365/365/365 
f 365/365/365 365/365/365 369/369/369 
f 365/365/365 369/369/369 369/369/369 
f 369/369/369 369/369/369 369/369/369 
f 369/369/369 371/371/371 369/369/369 
f 369/369/369 371/371/371 370/370/370 
f 371/371/371 368/368/368 370/370/370 
f 370/370/370 368/368/368 366/366/366 
f 368/368/368 366/366/366 366/366/366 
f 366/366/366 366/366/366 371/371/371 
f 366/366/366 371/371/371 371/371/371 
f 371/371/371 371/371/371 371/371/371 
f 371/371/371 369/369/369 371/371/371 
f 371/371/371 369/369/369 372/372/372 
f 369/369/369 361/361/361 372/372/372 
f 372/372/372 361/361/361 360/360/360 
f 361/361/361 360/360/360 360/360/360 
f 360/360/360 360/360/360 342/342/342 
f 360/360/360 342/342/342 342/342/342 
f 342/342/342 342/342/342 342/342/342 
f 342/342/342 344/344/344 342/342/342 
f 342/342/342 344/344/344 367/367/367 
f 344/344/344 346/346/346 367/367/367 
f 367/367/367 346/346/346 346/346/346 
f 346/346/346 345/345/345 346/346/346 
f 346/346/346 345/345/345 345/345/345 
f 345/345/345 343/343/343 345/345/345 
f 345/345/345 343/343/343 347/347/347 
f 343/343/343 373/373/373 347/347/347 
f 347/347/347 373/373/373 374/374/374 
f 373/373/373 374/374/374 374/374/374 
f 374/374/374 374/374/374 347/347/347 
f 374/374/374 347/347/347 347/347/347 
f 347/347/347 347/347/347 347/347/347 
f 347/347/347 374/374/374 347/347/347 
f 347/347/347 374/374/374 375/375/375 
f 374/374/374 376/376/376 375/375/375 
f 375/375/375 376/376/376 377/377/377 
f 376/376/376 378/378/378 377/377/377 
f 377/377/377 378/378/378 379/379/379 
f 378/378/378 380/380/380 379/379/379 
f 379/379/379 380/380/380 381/381/381 
f 380/380/380 359/359/359 381/381/381 
f 381/381/381 359/359/359 357/357/357 
f 359/359/359 357/357/357 357/357/357 
f 357/357/357 357/357/357 347/347/347 
f 357/357/357 347/347/347 347/347/347 
f 347/347/347 347/347/347 347/347/347 
f 347/347/347 375/375/375 347/347/347 
f 347/347/347 375/375/375 349/349/349 
f 375/375/375 382/382/382 349/349/349 
f 349/349/349 382/382/382 351/351/351 
f 382/382/382 383/383/383 351/351/351 
f 351/351/351 383/383/383 353/353/353 
f 383/383/383 384/384/384 353/353/353 
f 353/353/353 384/384/384 355/355/355 
f 384/384/384 385/385/385 355/355/355 
f 355/355/355 385/385/385 357/357/357 
f 385/385/385 381/381/381 357/357/357 
f 357/357/357 381/381/381 381/381/381 
f 381/381/381 382/382/382 381/381/381 
f 381/381/381 382/382/382 382/382/382 
f 382/382/382 377/377/377 382/382/382 
f 382/382/382 377/377/377 383/383/383 
f 377/377/377 379/379/379 383/383/383 
f 383/383/383 379/379/379 384/384/384 
f 379/379/379 381/381/381 384/384/384 
f 384/384/384 381/381/381 385/385/385 
f 381/381/381 385/385/385 385/385/385 
f 385/385/385 385/385/385 386/386/386 
f 385/385/385 386/386/386 386/386/386 
f 386/386/386 386/386/386 386/386/386 
f 386/386/386 387/387/387 386/386/386 
f 386/386/386 387/387/387 388/388/388 
f 387/387/387 389/389/389 388/388/388 
f 388/388/388 389/389/389 390/390/390 
f 389/389/389 391/391/391 390/390/390 
f 390/390/390 391/391/391 392/392/392 
f 391/391/391 393/393/393 392/392/392 
f 392/392/392 393/393/393 394/394/394 
f 393/393/393 395/395/395 394/394/394 
f 394/394/394 395/395/395 396/396/396 
f 395/395/395 397/397/397 396/396/396 
f 396/396/396 397/397/397 398/398/398 
f 397/397/397 399/399/399 398/398/398 
f 398/398/398 399/399/399 400/400/400 
f 399/399/399 401/401/401 400/400/400 
f 400/400/400 401/401/401 386/386/386 
f 401/401/401 387/387/387 386/386/386 
f 386/386/386 387/387/387 387/387/387 
f 387/387/387 401/401/401 387/387/387 
f 387/387/387 401/401/401 389/389/389 
f 401/401/401 402/402/402 389/389/389 
f 389/389/389 402/402/402 391/391/391 
f 402/402/402 393/393/393 391/391/391 
f 391/391/391 393/393/393 393/393/393 
f 393/393/393 401/401/401 393/393/393 
f 393/393/393 401/401/401 401/401/401 
f 401/401/401 399/399/399 401/401/401 
f 401/401/401 399/399/399 402/402/402 
f 399/399/399 397/397/397 402/402/402 
f 402/402/402 397/397/397 393/393/393 
f 397/397/397 395/395/395 393/393/393 
f 393/393/393 395/395/395 395/395/395 
f 395/395/395 73/73/73 395/395/395 
f 395/395/395 73/73/73 73/73/73 
f 73/73/73 133/133/133 73/73/73 
f 73/73/73 133/133/133 403/403/403 
f 133/133/133 131/131/131 403/403/403 
f 403/403/403 131/131/131 404/404/404 
f 131/131/131 405/405/405 404/404/404 
f 404/404/404 405/405/405 406/406/406 
f 405/405/405 407/407/407 406/406/406 
f 406/406/406 407/407/407 408/408/408 
f 407/407/407 409/409/409 408/408/408 
f 408/408/408 409/409/409 410/410/410 
f 409/409/409 125/125/125 410/410/410 
f 410/410/410 125/125/125 411/411/411 
f 125/125/125 123/123/123 411/411/411 
f 411/411/411 123/123/123 412/412/412 
f 123/123/123 121/121/121 412/412/412 
f 412/412/412 121/121/121 413/413/413 
f 121/121/121 119/119/119 413/413/413 
f 413/413/413 119/119/119 414/414/414 
f 119/119/119 117/117/117 414/414/414 
f 414/414/414 117/117/117 415/415/415 
f 117/117/117 416/416/416 415/415/415 
f 415/415/415 416/416/416 417/417/417 
f 416/416/416 418/418/418 417/417/417 
f 417/417/417 418/418/418 419/419/419 
f 418/418/418 420/420/420 419/419/419 
f 419/419/419 420/420/420 421/421/421 
f 420/420/420 422/422/422 421/421/421 
f 421/421/421 422/422/422 423/423/423 
f 422/422/422 424/424/424 423/423/423 
f 423/423/423 424/424/424 89/89/89 
f 424/424/424 91/91/91 89/89/89 
f 89/89/89 91/91/91 91/91/91 
f 91/91/91 410/410/410 91/91/91 
f 91/91/91 410/410/410 410/410/410 
f 410/410/410 83/83/83 410/410/410 
f 410/410/410 83/83/83 408/408/408 
f 83/83/83 81/81/81 408/408/408 
f 408/408/408 81/81/81 406/406/406 
f 81/81/81 79/79/79 406/406/406 
f 406/406/406 79/79/79 404/404/404 
f 79/79/79 77/77/77 404/404/404 
f 404/404/404 77/77/77 75/75/75 
f 77/77/77 75/75/75 75/75/75 
f 75/75/75 75/75/75 83/83/83 
f 75/75/75 83/83/83 83/83/83 
f 83/83/83 83/83/83 83/83/83 
f 83/83/83 410/410/410 83/83/83 
f 83/83/83 410/410/410 85/85/85 
f 410/410/410 425/425/425 85/85/85 
f 85/85/85 425/425/425 87/87/87 
f 425/425/425 423/423/423 87/87/87 
f 87/87/87 423/423/423 89/89/89 
f 423/423/423 89/89/89 89/89/89 
f 89/89/89 89/89/89 410/410/410 
f 89/89/89 410/410/410 410/410/410 
f 410/410/410 410/410/410 410/410/410 
f 410/410/410 411/411/411 410/410/410 
f 410/410/410 411/411/411 425/425/425 
f 411/411/411 412/412/412 425/425/425 
f 425/425/425 412/412/412 426/426/426 
f 412/412/412 413/413/413 426/426/426 
f 426/426/426 413/413/413 427/427/427 
f 413/413/413 414/414/414 427/427/427 
f 427/427/427 414/414/414 428/428/428 
f 414/414/414 415/415/415 428/428/428 
f 428/428/428 415/415/415 417/417/417 
f 415/415/415 417/417/417 417/417/417 
f 417/417/417 417/417/417 428/428/428 
f 417/417/417 428/428/428 428/428/428 
f 428/428/428 428/428/428 428/428/428 
f 428/428/428 417/417/417 428/428/428 
f 428/428/428 417/417/417 427/427/427 
f 417/417/417 419/419/419 427/427/427 
f 427/427/427 419/419/419 426/426/426 
f 419/419/419 421/421/421 426/426/426 
f 426/426/426 421/421/421 425/425/425 
f 421/421/421 423/423/423 425/425/425 
f 425/425/425 423/423/423 423/423/423 
f 423/423/423 131/131/131 423/423/423 
f 423/423/423 131/131/131 131/131/131 
f 131/131/131 129/129/129 131/131/131 
f 131/131/131 129/129/129 405/405/405 
f 129/129/129 407/407/407 405/405/405 
f 405/405/405 407/407/407 407/407/407 
f 407/407/407 129/129/129 407/407/407 
f 407/407/407 129/129/129 129/129/129 
f 129/129/129 127/127/127 129/129/129 
f 129/129/129 127/127/127 407/407/407 
f 127/127/127 409/409/409 407/407/407 
f 407/407/407 409/409/409 409/409/409 
f 409/409/409 117/117/117 409/409/409 
f 409/409/409 117/117/117 117/117/117 
f 117/117/117 115/115/115 117/117/117 
f 117/117/117 115/115/115 416/416/416 
f 115/115/115 113/113/113 416/416/416 
f 416/416/416 113/113/113 429/429/429 
f 113/113/113 111/111/111 429/429/429 
f 429/429/429 111/111/111 430/430/430 
f 111/111/111 109/109/109 430/430/430 
f 430/430/430 109/109/109 431/431/431 
f 109/109/109 432/432/432 431/431/431 
f 431/431/431 432/432/432 433/433/433 
f 432/432/432 434/434/434 433/433/433 
f 433/433/433 434/434/434 435/435/435 
f 434/434/434 436/436/436 435/435/435 
f 435/435/435 436/436/436 437/437/437 
f 436/436/436 438/438/438 437/437/437 
f 437/437/437 438/438/438 439/439/439 
f 438/438/438 440/440/440 439/439/439 
f 439/439/439 440/440/440 97/97/97 
f 440/440/440 99/99/99 97/97/97 
f 97/97/97 99/99/99 99/99/99 
f 99/99/99 97/97/97 99/99/99 
f 99/99/99 97/97/97 97/97/97 
f 97/97/97 95/95/95 97/97/97 
f 97/97/97 95/95/95 439/439/439 
f 95/95/95 441/441/441 439/439/439 
f 439/439/439 441/441/441 437/437/437 
f 441/441/441 442/442/442 437/437/437 
f 437/437/437 442/442/442 435/435/435 
f 442/442/442 443/443/443 435/435/435 
f 435/435/435 443/443/443 433/433/433 
f 443/443/443 444/444/444 433/433/433 
f 433/433/433 444/444/444 431/431/431 
f 444/444/444 430/430/430 431/431/431 
f 431/431/431 430/430/430 430/430/430 
f 430/430/430 95/95/95 430/430/430 
f 430/430/430 95/95/95 95/95/95 
f 95/95/95 93/93/93 95/95/95 
f 95/95/95 93/93/93 441/441/441 
f 93/93/93 445/445/445 441/441/441 
f 441/441/441 445/445/445 442/442/442 
f 445/445/445 446/446/446 442/442/442 
f 442/442/442 446/446/446 443/443/443 
f 446/446/446 447/447/447 443/443/443 
f 443/443/443 447/447/447 444/444/444 
f 447/447/447 448/448/448 444/444/444 
f 444/444/444 448/448/448 430/430/430 
f 448/448/448 429/429/429 430/430/430 
f 430/430/430 429/429/429 429/429/429 
f 429/429/429 93/93/93 429/429/429 
f 429/429/429 93/93/93 93/93/93 
f 93/93/93 91/91/91 93/93/93 
f 93/93/93 91/91/91 445/445/445 
f 91/91/91 424/424/424 445/445/445 
f 445/445/445 424/424/424 446/446/446 
f 424/424/424 422/422/422 446/446/446 
f 446/446/446 422/422/422 447/447/447 
f 422/422/422 420/420/420 447/447/447 
f 447/447/447 420/420/420 448/448/448 
f 420/420/420 418/418/418 448/448/448 
f 448/448/448 418/418/418 429/429/429 
f 418/418/418 416/416/416 429/429/429 
f 429/429/429 416/416/416 416/416/416 
f 416/416/416 73/73/73 416/416/416 
f 416/416/416 73/73/73 73/73/73 
f 73/73/73 403/403/403 73/73/73 
f 73/73/73 403/403/403 75/75/75 
f 403/403/403 404/404/404 75/75/75 
f 75/75/75 404/404/404 404/404/404 
f 404/404/404 109/109/109 404/404/404 
f 404/404/404 109/109/109 109/109/109 
f 109/109/109 107/107/107 109/109/109 
f 109/109/109 107/107/107 432/432/432 
f 107/107/107 105/105/105 432/432/432 
f 432/432/432 105/105/105 449/449/449 
f 105/105/105 103/103/103 449/449/449 
f 449/449/449 103/103/103 450/450/450 
f 103/103/103 101/101/101 450/450/450 
f 450/450/450 101/101/101 99/99/99 
f 101/101/101 99/99/99 99/99/99 
f 99/99/99 99/99/99 99/99/99 
f 99/99/99 438/438/438 99/99/99 
f 99/99/99 438/438/438 450/450/450 
f 438/438/438 436/436/436 450/450/450 
f 450/450/450 436/436/436 449/449/449 
f 436/436/436 434/434/434 449/449/449 
f 449/449/449 434/434/434 432/432/432 
f 434/434/434 432/432/432 432/432/432 
f 432/432/432 432/432/432 451/451/451 
f 432/432/432 451/451/451 451/451/451 
f 451/451/451 451/451/451 451/451/451 
f 451/451/451 452/452/452 451/451/451 
f 451/451/451 452/452/452 453/453/453 
f 452/452/452 454/454/454 453/453/453 
f 453/453/453 454/454/454 455/455/455 
f 454/454/454 456/456/456 455/455/455 
f 455/455/455 456/456/456 457/457/457 
f 456/456/456 458/458/458 457/457/457 
f 457/457/457 458/458/458 459/459/459 
f 458/458/458 460/460/460 459/459/459 
f 459/459/459 460/460/460 461/461/461 
f 460/460/460 462/462/462 461/461/461 
f 461/461/461 462/462/462 463/463/463 
f 462/462/462 464/464/464 463/463/463 
f 463/463/463 464/464/464 465/465/465 
f 464/464/464 466/466/466 465/465/465 
f 465/465/465 466/466/466 451/451/451 
f 466/466/466 452/452/452 451/451/451 
f 451/451/451 452/452/452 452/452/452 
f 452/452/452 466/466/466 452/452/452 
f 452/452/452 466/466/466 454/454/454 
f 466/466/466 467/467/467 454/454/454 
f 454/454/454 467/467/467 456/456/456 
f 467/467/467 458/458/458 456/456/456 
f 456/456/456 458/458/458 458/458/458 
f 458/458/458 466/466/466 458/458/458 
f 458/458/458 466/466/466 466/466/466 
f 466/466/466 464/464/464 466/466/466 
f 466/466/466 464/464/464 467/467/467 
f 464/464/464 462/462/462 467/467/467 
f 467/467/467 462/462/462 458/458/458 
f 462/462/462 460/460/460 458/458/458 
f 458/458/458 460/460/460 460/460/460 
f 460/460/460 468/468/468 460/460/460 
f 460/460/460 468/468/468 468/468/468 
f 468/468/468 469/469/469 468/468/468 
f 468/468/468 469/469/469 470/470/470 
f 469/469/469 471/471/471 470/470/470 
f 470/470/470 471/471/471 472/472/472 
f 471/471/471 469/469/469 472/472/472 
f 472/472/472 469/469/469 473/473/473 
f 469/469/469 473/473/473 473/473/473 
f 473/473/473 473/473/473 473/473/473 
f 473/473/473 474/474/474 473/473/473 
f 473/473/473 474/474/474 472/472/472 
f 474/474/474 475/475/475 472/472/472 
f 472/472/472 475/475/475 470/470/470 
f 475/475/475 476/476/476 470/470/470 
f 470/470/470 476/476/476 477/477/477 
f 476/476/476 478/478/478 477/477/477 
f 477/477/477 478/478/478 479/479/479 
f 478/478/478 480/480/480 479/479/479 
f 479/479/479 480/480/480 481/481/481 
f 480/480/480 482/482/482 481/481/481 
f 481/481/481 482/482/482 482/482/482 
f 482/482/482 476/476/476 482/482/482 
f 482/482/482 476/476/476 476/476/476 
f 476/476/476 475/475/475 476/476/476 
f 476/476/476 475/475/475 483/483/483 
f 475/475/475 484/484/484 483/483/483 
f 483/483/483 484/484/484 485/485/485 
f 484/484/484 486/486/486 485/485/485 
f 485/485/485 486/486/486 487/487/487 
f 486/486/486 488/488/488 487/487/487 
f 487/487/487 488/488/488 489/489/489 
f 488/488/488 490/490/490 489/489/489 
f 489/489/489 490/490/490 491/491/491 
f 490/490/490 492/492/492 491/491/491 
f 491/491/491 492/492/492 493/493/493 
f 492/492/492 494/494/494 493/493/493 
f 493/493/493 494/494/494 495/495/495 
f 494/494/494 482/482/482 495/495/495 
f 495/495/495 482/482/482 480/480/480 
f 482/482/482 480/480/480 480/480/480 
f 480/480/480 480/480/480 476/476/476 
f 480/480/480 476/476/476 476/476/476 
f 476/476/476 476/476/476 476/476/476 
f 476/476/476 483/483/483 476/476/476 
f 476/476/476 483/483/483 478/478/478 
f 483/483/483 496/496/496 478/478/478 
f 478/478/478 496/496/496 480/480/480 
f 496/496/496 495/495/495 480/480/480 
f 480/480/480 495/495/495 495/495/495 
f 495/495/495 483/483/483 495/495/495 
f 495/495/495 483/483/483 483/483/483 
f 483/483/483 485/485/485 483/483/483 
f 483/483/483 485/485/485 496/496/496 
f 485/485/485 497/497/497 496/496/496 
f 496/496/496 497/497/497 495/495/495 
f 497/497/497 493/493/493 495/495/495 
f 495/495/495 493/493/493 493/493/493 
f 493/493/493 485/485/485 493/493/493 
f 493/493/493 485/485/485 485/485/485 
f 485/485/485 487/487/487 485/485/485 
f 485/485/485 487/487/487 497/497/497 
f 487/487/487 489/489/489 497/497/497 
f 497/497/497 489/489/489 493/493/493 
f 489/489/489 491/491/491 493/493/493 
f 493/493/493 491/491/491 491/491/491 
f 491/491/491 473/473/473 491/491/491 
f 491/491/491 473/473/473 473/473/473 
f 473/473/473 498/498/498 473/473/473 
f 473/473/473 498/498/498 474/474/474 
f 498/498/498 499/499/499 474/474/474 
f 474/474/474 499/499/499 484/484/484 
f 499/499/499 486/486/486 484/484/484 
f 484/484/484 486/486/486 486/486/486 
f 486/486/486 498/498/498 486/486/486 
f 486/486/486 498/498/498 498/498/498 
f 498/498/498 500/500/500 498/498/498 
f 498/498/498 500/500/500 499/499/499 
f 500/500/500 486/486/486 499/499/499 
f 499/499/499 486/486/486 486/486/486 
f 486/486/486 500/500/500 486/486/486 
f 486/486/486 500/500/500 500/500/500 
f 500/500/500 501/501/501 500/500/500 
f 500/500/500 501/501/501 486/486/486 
f 501/501/501 488/488/488 486/486/486 
f 486/486/486 488/488/488 488/488/488 
f 488/488/488 502/502/502 488/488/488 
f 488/488/488 502/502/502 502/502/502 
f 502/502/502 503/503/503 502/502/502 
f 502/502/502 503/503/503 504/504/504 
f 503/503/503 505/505/505 504/504/504 
f 504/504/504 505/505/505 506/506/506 
f 505/505/505 507/507/507 506/506/506 
f 506/506/506 507/507/507 508/508/508 
f 507/507/507 509/509/509 508/508/508 
f 508/508/508 509/509/509 510/510/510 
f 509/509/509 511/511/511 510/510/510 
f 510/510/510 511/511/511 512/512/512 
f 511/511/511 513/513/513 512/512/512 
f 512/512/512 513/513/513 514/514/514 
f 513/513/513 515/515/515 514/514/514 
f 514/514/514 515/515/515 516/516/516 
f 515/515/515 517/517/517 516/516/516 
f 516/516/516 517/517/517 518/518/518 
f 517/517/517 519/519/519 518/518/518 
f 518/518/518 519/519/519 520/520/520 
f 519/519/519 521/521/521 520/520/520 
f 520/520/520 521/521/521 522/522/522 
f 521/521/521 523/523/523 522/522/522 
f 522/522/522 523/523/523 523/523/523 
f 523/523/523 512/512/512 523/523/523 
f 523/523/523 512/512/512 512/512/512 
f 512/512/512 524/524/524 512/512/512 
f 512/512/512 524/524/524 510/510/510 
f 524/524/524 525/525/525 510/510/510 
f 510/510/510 525/525/525 526/526/526 
f 525/525/525 527/527/527 526/526/526 
f 526/526/526 527/527/527 528/528/528 
f 527/527/527 529/529/529 528/528/528 
f 528/528/528 529/529/529 530/530/530 
f 529/529/529 531/531/531 530/530/530 
f 530/530/530 531/531/531 532/532/532 
f 531/531/531 504/504/504 532/532/532 
f 532/532/532 504/504/504 530/530/530 
f 504/504/504 506/506/506 530/530/530 
f 530/530/530 506/506/506 528/528/528 
f 506/506/506 508/508/508 528/528/528 
f 528/528/528 508/508/508 526/526/526 
f 508/508/508 510/510/510 526/526/526 
f 526/526/526 510/510/510 510/510/510 
f 510/510/510 515/515/515 510/510/510 
f 510/510/510 515/515/515 515/515/515 
f 515/515/515 513/513/513 515/515/515 
f 515/515/515 513/513/513 517/517/517 
f 513/513/513 533/533/533 517/517/517 
f 517/517/517 533/533/533 519/519/519 
f 533/533/533 534/534/534 519/519/519 
f 519/519/519 534/534/534 521/521/521 
f 534/534/534 535/535/535 521/521/521 
f 521/521/521 535/535/535 523/523/523 
f 535/535/535 503/503/503 523/523/523 
f 523/523/523 503/503/503 503/503/503 
f 503/503/503 513/513/513 503/503/503 
f 503/503/503 513/513/513 513/513/513 
f 513/513/513 511/511/511 513/513/513 
f 513/513/513 511/511/511 533/533/533 
f 511/511/511 509/509/509 533/533/533 
f 533/533/533 509/509/509 534/534/534 
f 509/509/509 507/507/507 534/534/534 
f 534/534/534 507/507/507 535/535/535 
f 507/507/507 505/505/505 535/535/535 
f 535/535/535 505/505/505 503/503/503 
f 505/505/505 503/503/503 503/503/503 
f 503/503/503 503/503/503 536/536/536 
f 503/503/503 536/536/536 536/536/536 
f 536/536/536 536/536/536 536/536/536 
f 536/536/536 537/537/537 536/536/536 
f 536/536/536 537/537/537 538/538/538 
f 537/537/537 539/539/539 538/538/538 
f 538/538/538 539/539/539 540/540/540 
f 539/539/539 541/541/541 540/540/540 
f 540/540/540 541/541/541 542/542/542 
f 541/541/541 543/543/543 542/542/542 
f 542/542/542 543/543/543 544/544/544 
f 543/543/543 545/545/545 544/544/544 
f 544/544/544 545/545/545 546/546/546 
f 545/545/545 547/547/547 546/546/546 
f 546/546/546 547/547/547 548/548/548 
f 547/547/547 549/549/549 548/548/548 
f 548/548/548 549/549/549 550/550/550 
f 549/549/549 551/551/551 550/550/550 
f 550/550/550 551/551/551 552/552/552 
f 551/551/551 553/553/553 552/552/552 
f 552/552/552 553/553/553 554/554/554 
f 553/553/553 555/555/555 554/554/554 
f 554/554/554 555/555/555 556/556/556 
f 555/555/555 557/557/557 556/556/556 
f 556/556/556 557/557/557 558/558/558 
f 557/557/557 559/559/559 558/558/558 
f 558/558/558 559/559/559 560/560/560 
f 559/559/559 561/561/561 560/560/560 
f 560/560/560 561/561/561 562/562/562 
f 561/561/561 563/563/563 562/562/562 
f 562/562/562 563/563/563 564/564/564 
f 563/563/563 565/565/565 564/564/564 
f 564/564/564 565/565/565 566/566/566 
f 565/565/565 537/537/537 566/566/566 
f 566/566/566 537/537/537 567/567/567 
f 537/537/537 568/568/568 567/567/567 
f 567/567/567 568/568/568 569/569/569 
f 568/568/568 570/570/570 569/569/569 
f 569/569/569 570/570/570 571/571/571 
f 570/570/570 572/572/572 571/571/571 
f 571/571/571 572/572/572 573/573/573 
f 572/572/572 574/574/574 573/573/573 
f 573/573/573 574/574/574 575/575/575 
f 574/574/574 576/576/576 575/575/575 
f 575/575/575 576/576/576 577/577/577 
f 576/576/576 578/578/578 577/577/577 
f 577/577/577 578/578/578 579/579/579 
f 578/578/578 580/580/580 579/579/579 
f 579/579/579 580/580/580 581/581/581 
f 580/580/580 582/582/582 581/581/581 
f 581/581/581 582/582/582 583/583/583 
f 582/582/582 584/584/584 583/583/583 
f 583/583/583 584/584/584 585/585/585 
f 584/584/584 586/586/586 585/585/585 
f 585/585/585 586/586/586 587/587/587 
f 586/586/586 588/588/588 587/587/587 
f 587/587/587 588/588/588 589/589/589 
f 588/588/588 590/590/590 589/589/589 
f 589/589/589 590/590/590 591/591/591 
f 590/590/590 592/592/592 591/591/591 
f 591/591/591 592/592/592 593/593/593 
f 592/592/592 594/594/594 593/593/593 
f 593/593/593 594/594/594 538/538/538 
f 594/594/594 536/536/536 538/538/538 
f 538/538/538 536/536/536 536/536/536 
f 536/536/536 538/538/538 536/536/536 
f 536/536/536 538/538/538 538/538/538 
f 538/538/538 540/540/540 538/538/538 
f 538/538/538 540/540/540 593/593/593 
f 540/540/540 542/542/542 593/593/593 
f 593/593/593 542/542/542 591/591/591 
f 542/542/542 595/595/595 591/591/591 
f 591/591/591 595/595/595 589/589/589 
f 595/595/595 596/596/596 589/589/589 
f 589/589/589 596/596/596 587/587/587 
f 596/596/596 597/597/597 587/587/587 
f 587/587/587 597/597/597 585/585/585 
f 597/597/597 598/598/598 585/585/585 
f 585/585/585 598/598/598 583/583/583 
f 598/598/598 599/599/599 583/583/583 
f 583/583/583 599/599/599 581/581/581 
f 599/599/599 600/600/600 581/581/581 
f 581/581/581 600/600/600 579/579/579 
f 600/600/600 601/601/601 579/579/579 
f 579/579/579 601/601/601 577/577/577 
f 601/601/601 602/602/602 577/577/577 
f 577/577/577 602/602/602 575/575/575 
f 602/602/602 603/603/603 575/575/575 
f 575/575/575 603/603/603 573/573/573 
f 603/603/603 571/571/571 573/573/573 
f 573/573/573 571/571/571 571/571/571 
f 571/571/571 542/542/542 571/571/571 
f 571/571/571 542/542/542 542/542/542 
f 542/542/542 544/544/544 542/542/542 
f 542/542/542 544/544/544 595/595/595 
f 544/544/544 604/604/604 595/595/595 
f 595/595/595 604/604/604 596/596/596 
f 604/604/604 605/605/605 596/596/596 
f 596/596/596 605/605/605 597/597/597 
f 605/605/605 606/606/606 597/597/597 
f 597/597/597 606/606/606 598/598/598 
f 606/606/606 607/607/607 598/598/598 
f 598/598/598 607/607/607 608/608/608 
f 607/607/607 609/609/609 608/608/608 
f 608/608/608 609/609/609 610/610/610 
f 609/609/609 611/611/611 610/610/610 
f 610/610/610 611/611/611 612/612/612 
f 611/611/611 613/613/613 612/612/612 
f 612/612/612 613/613/613 614/614/614 
f 613/613/613 615/615/615 614/614/614 
f 614/614/614 615/615/615 616/616/616 
f 615/615/615 617/617/617 616/616/616 
f 616/616/616 617/617/617 618/618/618 
f 617/617/617 619/619/619 618/618/618 
f 618/618/618 619/619/619 603/603/603 
f 619/619/619 571/571/571 603/603/603 
f 603/603/603 571/571/571 571/571/571 
f 571/571/571 617/617/617 571/571/571 
f 571/571/571 617/617/617 617/617/617 
f 617/617/617 615/615/615 617/617/617 
f 617/617/617 615/615/615 620/620/620 
f 615/615/615 621/621/621 620/620/620 
f 620/620/620 621/621/621 622/622/622 
f 621/621/621 623/623/623 622/622/622 
f 622/622/622 623/623/623 562/562/562 
f 623/623/623 624/624/624 562/562/562 
f 562/562/562 624/624/624 560/560/560 
f 624/624/624 625/625/625 560/560/560 
f 560/560/560 625/625/625 558/558/558 
f 625/625/625 626/626/626 558/558/558 
f 558/558/558 626/626/626 556/556/556 
f 626/626/626 627/627/627 556/556/556 
f 556/556/556 627/627/627 554/554/554 
f 627/627/627 628/628/628 554/554/554 
f 554/554/554 628/628/628 552/552/552 
f 628/628/628 629/629/629 552/552/552 
f 552/552/552 629/629/629 550/550/550 
f 629/629/629 630/630/630 550/550/550 
f 550/550/550 630/630/630 548/548/548 
f 630/630/630 631/631/631 548/548/548 
f 548/548/548 631/631/631 546/546/546 
f 631/631/631 604/604/604 546/546/546 
f 546/546/546 604/604/604 544/544/544 
f 604/604/604 544/544/544 544/544/544 
f 544/544/544 544/544/544 625/625/625 
f 544/544/544 625/625/625 625/625/625 
f 625/625/625 625/625/625 625/625/625 
f 625/625/625 624/624/624 625/625/625 
f 625/625/625 624/624/624 626/626/626 
f 624/624/624 632/632/632 626/626/626 
f 626/626/626 632/632/632 627/627/627 
f 632/632/632 633/633/633 627/627/627 
f 627/627/627 633/633/633 634/634/634 
f 633/633/633 635/635/635 634/634/634 
f 634/634/634 635/635/635 636/636/636 
f 635/635/635 611/611/611 636/636/636 
f 636/636/636 611/611/611 637/637/637 
f 611/611/611 609/609/609 637/637/637 
f 637/637/637 609/609/609 607/607/607 
f 609/609/609 607/607/607 607/607/607 
f 607/607/607 607/607/607 624/624/624 
f 607/607/607 624/624/624 624/624/624 
f 624/624/624 624/624/624 624/624/624 
f 624/624/624 623/623/623 624/624/624 
f 624/624/624 623/623/623 632/632/632 
f 623/623/623 621/621/621 632/632/632 
f 632/632/632 621/621/621 633/633/633 
f 621/621/621 638/638/638 633/633/633 
f 633/633/633 638/638/638 635/635/635 
f 638/638/638 613/613/613 635/635/635 
f 635/635/635 613/613/613 611/611/611 
f 613/613/613 611/611/611 611/611/611 
f 611/611/611 611/611/611 613/613/613 
f 611/611/611 613/613/613 613/613/613 
f 613/613/613 613/613/613 613/613/613 
f 613/613/613 638/638/638 613/613/613 
f 613/613/613 638/638/638 615/615/615 
f 638/638/638 621/621/621 615/615/615 
f 615/615/615 621/621/621 621/621/621 
f 621/621/621 598/598/598 621/621/621 
f 621/621/621 598/598/598 598/598/598 
f 598/598/598 608/608/608 598/598/598 
f 598/598/598 608/608/608 599/599/599 
f 608/608/608 610/610/610 599/599/599 
f 599/599/599 610/610/610 600/600/600 
f 610/610/610 639/639/639 600/600/600 
f 600/600/600 639/639/639 601/601/601 
f 639/639/639 640/640/640 601/601/601 
f 601/601/601 640/640/640 602/602/602 
f 640/640/640 618/618/618 602/602/602 
f 602/602/602 618/618/618 603/603/603 
f 618/618/618 603/603/603 603/603/603 
f 603/603/603 603/603/603 610/610/610 
f 603/603/603 610/610/610 610/610/610 
f 610/610/610 610/610/610 610/610/610 
f 610/610/610 612/612/612 610/610/610 
f 610/610/610 612/612/612 639/639/639 
f 612/612/612 614/614/614 639/639/639 
f 639/639/639 614/614/614 640/640/640 
f 614/614/614 616/616/616 640/640/640 
f 640/640/640 616/616/616 618/618/618 
f 616/616/616 618/618/618 618/618/618 
f 618/618/618 618/618/618 604/604/604 
f 618/618/618 604/604/604 604/604/604 
f 604/604/604 604/604/604 604/604/604 
f 604/604/604 631/631/631 604/604/604 
f 604/604/604 631/631/631 605/605/605 
f 631/631/631 641/641/641 605/605/605 
f 605/605/605 641/641/641 606/606/606 
f 641/641/641 607/607/607 606/606/606 
f 606/606/606 607/607/607 607/607/607 
f 607/607/607 631/631/631 607/607/607 
f 607/607/607 631/631/631 631/631/631 
f 631/631/631 630/630/630 631/631/631 
f 631/631/631 630/630/630 641/641/641 
f 630/630/630 642/642/642 641/641/641 
f 641/641/641 642/642/642 643/643/643 
f 642/642/642 644/644/644 643/643/643 
f 643/643/643 644/644/644 637/637/637 
f 644/644/644 645/645/645 637/637/637 
f 637/637/637 645/645/645 636/636/636 
f 645/645/645 634/634/634 636/636/636 
f 636/636/636 634/634/634 634/634/634 
f 634/634/634 630/630/630 634/634/634 
f 634/634/634 630/630/630 630/630/630 
f 630/630/630 629/629/629 630/630/630 
f 630/630/630 629/629/629 642/642/642 
f 629/629/629 646/646/646 642/642/642 
f 642/642/642 646/646/646 644/644/644 
f 646/646/646 647/647/647 644/644/644 
f 644/644/644 647/647/647 645/645/645 
f 647/647/647 648/648/648 645/645/645 
f 645/645/645 648/648/648 634/634/634 
f 648/648/648 627/627/627 634/634/634 
f 634/634/634 627/627/627 627/627/627 
f 627/627/627 648/648/648 627/627/627 
f 627/627/627 648/648/648 628/628/628 
f 648/648/648 646/646/646 628/628/628 
f 628/628/628 646/646/646 629/629/629 
f 646/646/646 629/629/629 629/629/629 
f 629/629/629 629/629/629 641/641/641 
f 629/629/629 641/641/641 641/641/641 
f 641/641/641 641/641/641 641/641/641 
f 641/641/641 643/643/643 641/641/641 
f 641/641/641 643/643/643 607/607/607 
f 643/643/643 637/637/637 607/607/607 
f 607/607/607 637/637/637 637/637/637 
f 637/637/637 537/537/537 637/637/637 
f 637/637/637 537/537/537 537/537/537 
f 537/537/537 565/565/565 537/537/537 
f 537/537/537 565/565/565 539/539/539 
f 565/565/565 563/563/563 539/539/539 
f 539/539/539 563/563/563 649/649/649 
f 563/563/563 650/650/650 649/649/649 
f 649/649/649 650/650/650 651/651/651 
f 650/650/650 652/652/652 651/651/651 
f 651/651/651 652/652/652 653/653/653 
f 652/652/652 654/654/654 653/653/653 
f 653/653/653 654/654/654 655/655/655 
f 654/654/654 656/656/656 655/655/655 
f 655/655/655 656/656/656 657/657/657 
f 656/656/656 658/658/658 657/657/657 
f 657/657/657 658/658/658 659/659/659 
f 658/658/658 660/660/660 659/659/659 
f 659/659/659 660/660/660 661/661/661 
f 660/660/660 547/547/547 661/661/661 
f 661/661/661 547/547/547 545/545/545 
f 547/547/547 545/545/545 545/545/545 
f 545/545/545 545/545/545 563/563/563 
f 545/545/545 563/563/563 563/563/563 
f 563/563/563 563/563/563 563/563/563 
f 563/563/563 561/561/561 563/563/563 
f 563/563/563 561/561/561 650/650/650 
f 561/561/561 559/559/559 650/650/650 
f 650/650/650 559/559/559 652/652/652 
f 559/559/559 557/557/557 652/652/652 
f 652/652/652 557/557/557 654/654/654 
f 557/557/557 555/555/555 654/654/654 
f 654/654/654 555/555/555 656/656/656 
f 555/555/555 553/553/553 656/656/656 
f 656/656/656 553/553/553 658/658/658 
f 553/553/553 551/551/551 658/658/658 
f 658/658/658 551/551/551 660/660/660 
f 551/551/551 549/549/549 660/660/660 
f 660/660/660 549/549/549 547/547/547 
f 549/549/549 547/547/547 547/547/547 
f 547/547/547 547/547/547 537/537/537 
f 547/547/547 537/537/537 537/537/537 
f 537/537/537 537/537/537 537/537/537 
f 537/537/537 536/536/536 537/537/537 
f 537/537/537 536/536/536 568/568/568 
f 536/536/536 662/662/662 568/568/568 
f 568/568/568 662/662/662 570/570/570 
f 662/662/662 663/663/663 570/570/570 
f 570/570/570 663/663/663 572/572/572 
f 663/663/663 574/574/574 572/572/572 
f 572/572/572 574/574/574 574/574/574 
f 574/574/574 662/662/662 574/574/574 
f 574/574/574 662/662/662 662/662/662 
f 662/662/662 536/536/536 662/662/662 
f 662/662/662 536/536/536 664/664/664 
f 536/536/536 594/594/594 664/664/664 
f 664/664/664 594/594/594 665/665/665 
f 594/594/594 592/592/592 665/665/665 
f 665/665/665 592/592/592 666/666/666 
f 592/592/592 590/590/590 666/666/666 
f 666/666/666 590/590/590 667/667/667 
f 590/590/590 588/588/588 667/667/667 
f 667/667/667 588/588/588 668/668/668 
f 588/588/588 586/586/586 668/668/668 
f 668/668/668 586/586/586 669/669/669 
f 586/586/586 584/584/584 669/669/669 
f 669/669/669 584/584/584 670/670/670 
f 584/584/584 582/582/582 670/670/670 
f 670/670/670 582/582/582 671/671/671 
f 582/582/582 580/580/580 671/671/671 
f 671/671/671 580/580/580 672/672/672 
f 580/580/580 673/673/673 672/672/672 
f 672/672/672 673/673/673 674/674/674 
f 673/673/673 675/675/675 674/674/674 
f 674/674/674 675/675/675 676/676/676 
f 675/675/675 663/663/663 676/676/676 
f 676/676/676 663/663/663 662/662/662 
f 663/663/663 662/662/662 662/662/662 
f 662/662/662 662/662/662 667/667/667 
f 662/662/662 667/667/667 667/667/667 
f 667/667/667 667/667/667 667/667/667 
f 667/667/667 668/668/668 667/667/667 
f 667/667/667 668/668/668 677/677/677 
f 668/668/668 669/669/669 677/677/677 
f 677/677/677 669/669/669 678/678/678 
f 669/669/669 670/670/670 678/678/678 
f 678/678/678 670/670/670 679/679/679 
f 670/670/670 671/671/671 679/679/679 
f 679/679/679 671/671/671 680/680/680 
f 671/671/671 672/672/672 680/680/680 
f 680/680/680 672/672/672 681/681/681 
f 672/672/672 674/674/674 681/681/681 
f 681/681/681 674/674/674 682/682/682 
f 674/674/674 683/683/683 682/682/682 
f 682/682/682 683/683/683 677/677/677 
f 683/683/683 684/684/684 677/677/677 
f 677/677/677 684/684/684 667/667/667 
f 684/684/684 666/666/666 667/667/667 
f 667/667/667 666/666/666 666/666/666 
f 666/666/666 682/682/682 666/666/666 
f 666/666/666 682/682/682 682/682/682 
f 682/682/682 677/677/677 682/682/682 
f 682/682/682 677/677/677 681/681/681 
f 677/677/677 678/678/678 681/681/681 
f 681/681/681 678/678/678 680/680/680 
f 678/678/678 679/679/679 680/680/680 
f 680/680/680 679/679/679 679/679/679 
f 679/679/679 580/580/580 679/679/679 
f 679/679/679 580/580/580 580/580/580 
f 580/580/580 578/578/578 580/580/580 
f 580/580/580 578/578/578 673/673/673 
f 578/578/578 576/576/576 673/673/673 
f 673/673/673 576/576/576 675/675/675 
f 576/576/576 574/574/574 675/675/675 
f 675/675/675 574/574/574 663/663/663 
f 574/574/574 663/663/663 663/663/663 
f 663/663/663 663/663/663 662/662/662 
f 663/663/663 662/662/662 662/662/662 
f 662/662/662 662/662/662 662/662/662 
f 662/662/662 664/664/664 662/662/662 
f 662/662/662 664/664/664 676/676/676 
f 664/664/664 685/685/685 676/676/676 
f 676/676/676 685/685/685 674/674/674 
f 685/685/685 683/683/683 674/674/674 
f 674/674/674 683/683/683 683/683/683 
f 683/683/683 664/664/664 683/683/683 
f 683/683/683 664/664/664 664/664/664 
f 664/664/664 665/665/665 664/664/664 
f 664/664/664 665/665/665 685/685/685 
f 665/665/665 686/686/686 685/685/685 
f 685/685/685 686/686/686 683/683/683 
f 686/686/686 684/684/684 683/683/683 
f 683/683/683 684/684/684 684/684/684 
f 684/684/684 686/686/686 684/684/684 
f 684/684/684 686/686/686 687/687/687 
f 686/686/686 665/665/665 687/687/687 
f 687/687/687 665/665/665 666/666/666 
f 665/665/665 666/666/666 666/666/666 
f 666/666/666 666/666/666 571/571/571 
f 666/666/666 571/571/571 571/571/571 
f 571/571/571 571/571/571 571/571/571 
f 571/571/571 619/619/619 571/571/571 
f 571/571/571 619/619/619 569/569/569 
f 619/619/619 688/688/688 569/569/569 
f 569/569/569 688/688/688 567/567/567 
f 688/688/688 566/566/566 567/567/567 
f 567/567/567 566/566/566 566/566/566 
f 566/566/566 619/619/619 566/566/566 
f 566/566/566 619/619/619 619/619/619 
f 619/619/619 617/617/617 619/619/619 
f 619/619/619 617/617/617 688/688/688 
f 617/617/617 689/689/689 688/688/688 
f 688/688/688 689/689/689 566/566/566 
f 689/689/689 622/622/622 566/566/566 
f 566/566/566 622/622/622 564/564/564 
f 622/622/622 562/562/562 564/564/564 
f 564/564/564 562/562/562 562/562/562 
f 562/562/562 622/622/622 562/562/562 
f 562/562/562 622/622/622 622/622/622 
f 622/622/622 689/689/689 622/622/622 
f 622/622/622 689/689/689 620/620/620 
f 689/689/689 617/617/617 620/620/620 
f 620/620/620 617/617/617 617/617/617 
f 617/617/617 539/539/539 617/617/617 
f 617/617/617 539/539/539 539/539/539 
f 539/539/539 649/649/649 539/539/539 
f 539/539/539 649/649/649 541/541/541 
f 649/649/649 651/651/651 541/541/541 
f 541/541/541 651/651/651 690/690/690 
f 651/651/651 653/653/653 690/690/690 
f 690/690/690 653/653/653 691/691/691 
f 653/653/653 655/655/655 691/691/691 
f 691/691/691 655/655/655 657/657/657 
f 655/655/655 657/657/657 657/657/657 
f 657/657/657 657/657/657 657/657/657 
f 657/657/657 661/661/661 657/657/657 
f 657/657/657 661/661/661 691/691/691 
f 661/661/661 545/545/545 691/691/691 
f 691/691/691 545/545/545 690/690/690 
f 545/545/545 543/543/543 690/690/690 
f 690/690/690 543/543/543 541/541/541 
f 543/543/543 541/541/541 541/541/541 
f 541/541/541 541/541/541 692/692/692 
f 541/541/541 692/692/692 692/692/692 
f 692/692/692 692/692/692 692/692/692 
f 692/692/692 693/693/693 692/692/692 
f 692/692/692 693/693/693 694/694/694 
f 693/693/693 695/695/695 694/694/694 
f 694/694/694 695/695/695 696/696/696 
f 695/695/695 697/697/697 696/696/696 
f 696/696/696 697/697/697 698/698/698 
f 697/697/697 699/699/699 698/698/698 
f 698/698/698 699/699/699 700/700/700 
f 699/699/699 701/701/701 700/700/700 
f 700/700/700 701/701/701 702/702/702 
f 701/701/701 703/703/703 702/702/702 
f 702/702/702 703/703/703 704/704/704 
f 703/703/703 705/705/705 704/704/704 
f 704/704/704 705/705/705 706/706/706 
f 705/705/705 707/707/707 706/706/706 
f 706/706/706 707/707/707 708/708/708 
f 707/707/707 709/709/709 708/708/708 
f 708/708/708 709/709/709 710/710/710 
f 709/709/709 711/711/711 710/710/710 
f 710/710/710 711/711/711 712/712/712 
f 711/711/711 713/713/713 712/712/712 
f 712/712/712 713/713/713 714/714/714 
f 713/713/713 715/715/715 714/714/714 
f 714/714/714 715/715/715 716/716/716 
f 715/715/715 717/717/717 716/716/716 
f 716/716/716 717/717/717 718/718/718 
f 717/717/717 719/719/719 718/718/718 
f 718/718/718 719/719/719 720/720/720 
f 719/719/719 721/721/721 720/720/720 
f 720/720/720 721/721/721 722/722/722 
f 721/721/721 723/723/723 722/722/722 
f 722/722/722 723/723/723 724/724/724 
f 723/723/723 725/725/725 724/724/724 
f 724/724/724 725/725/725 726/726/726 
f 725/725/725 727/727/727 726/726/726 
f 726/726/726 727/727/727 728/728/728 
f 727/727/727 729/729/729 728/728/728 
f 728/728/728 729/729/729 730/730/730 
f 729/729/729 731/731/731 730/730/730 
f 730/730/730 731/731/731 732/732/732 
f 731/731/731 733/733/733 732/732/732 
f 732/732/732 733/733/733 734/734/734 
f 733/733/733 735/735/735 734/734/734 
f 734/734/734 735/735/735 736/736/736 
f 735/735/735 737/737/737 736/736/736 
f 736/736/736 737/737/737 738/738/738 
f 737/737/737 739/739/739 738/738/738 
f 738/738/738 739/739/739 740/740/740 
f 739/739/739 741/741/741 740/740/740 
f 740/740/740 741/741/741 742/742/742 
f 741/741/741 743/743/743 742/742/742 
f 742/742/742 743/743/743 744/744/744 
f 743/743/743 745/745/745 744/744/744 
f 744/744/744 745/745/745 746/746/746 
f 745/745/745 747/747/747 746/746/746 
f 746/746/746 747/747/747 717/717/717 
f 747/747/747 719/719/719 717/717/717 
f 717/717/717 719/719/719 719/719/719 
f 719/719/719 732/732/732 719/719/719 
f 719/719/719 732/732/732 732/732/732 
f 732/732/732 734/734/734 732/732/732 
f 732/732/732 734/734/734 730/730/730 
f 734/734/734 748/748/748 730/730/730 
f 730/730/730 748/748/748 749/749/749 
f 748/748/748 750/750/750 749/749/749 
f 749/749/749 750/750/750 751/751/751 
f 750/750/750 752/752/752 751/751/751 
f 751/751/751 752/752/752 753/753/753 
f 752/752/752 754/754/754 753/753/753 
f 753/753/753 754/754/754 755/755/755 
f 754/754/754 756/756/756 755/755/755 
f 755/755/755 756/756/756 757/757/757 
f 756/756/756 758/758/758 757/757/757 
f 757/757/757 758/758/758 693/693/693 
f 758/758/758 759/759/759 693/693/693 
f 693/693/693 759/759/759 695/695/695 
f 759/759/759 760/760/760 695/695/695 
f 695/695/695 760/760/760 697/697/697 
f 760/760/760 761/761/761 697/697/697 
f 697/697/697 761/761/761 699/699/699 
f 761/761/761 762/762/762 699/699/699 
f 699/699/699 762/762/762 701/701/701 
f 762/762/762 763/763/763 701/701/701 
f 701/701/701 763/763/763 703/703/703 
f 763/763/763 764/764/764 703/703/703 
f 703/703/703 764/764/764 705/705/705 
f 764/764/764 765/765/765 705/705/705 
f 705/705/705 765/765/765 707/707/707 
f 765/765/765 766/766/766 707/707/707 
f 707/707/707 766/766/766 709/709/709 
f 766/766/766 767/767/767 709/709/709 
f 709/709/709 767/767/767 768/768/768 
f 767/767/767 742/742/742 768/768/768 
f 768/768/768 742/742/742 744/744/744 
f 742/742/742 744/744/744 744/744/744 
f 744/744/744 744/744/744 734/734/734 
f 744/744/744 734/734/734 734/734/734 
f 734/734/734 734/734/734 734/734/734 
f 734/734/734 769/769/769 734/734/734 
f 734/734/734 769/769/769 748/748/748 
f 769/769/769 770/770/770 748/748/748 
f 748/748/748 770/770/770 750/750/750 
f 770/770/770 771/771/771 750/750/750 
f 750/750/750 771/771/771 752/752/752 
f 771/771/771 772/772/772 752/752/752 
f 752/752/752 772/772/772 754/754/754 
f 772/772/772 773/773/773 754/754/754 
f 754/754/754 773/773/773 756/756/756 
f 773/773/773 774/774/774 756/756/756 
f 756/756/756 774/774/774 758/758/758 
f 774/774/774 775/775/775 758/758/758 
f 758/758/758 775/775/775 759/759/759 
f 775/775/775 776/776/776 759/759/759 
f 759/759/759 776/776/776 760/760/760 
f 776/776/776 777/777/777 760/760/760 
f 760/760/760 777/777/777 761/761/761 
f 777/777/777 778/778/778 761/761/761 
f 761/761/761 778/778/778 762/762/762 
f 778/778/778 779/779/779 762/762/762 
f 762/762/762 779/779/779 763/763/763 
f 779/779/779 780/780/780 763/763/763 
f 763/763/763 780/780/780 764/764/764 
f 780/780/780 781/781/781 764/764/764 
f 764/764/764 781/781/781 765/765/765 
f 781/781/781 782/782/782 765/765/765 
f 765/765/765 782/782/782 766/766/766 
f 782/782/782 783/783/783 766/766/766 
f 766/766/766 783/783/783 767/767/767 
f 783/783/783 740/740/740 767/767/767 
f 767/767/767 740/740/740 742/742/742 
f 740/740/740 742/742/742 742/742/742 
f 742/742/742 742/742/742 771/771/771 
f 742/742/742 771/771/771 771/771/771 
f 771/771/771 771/771/771 771/771/771 
f 771/771/771 784/784/784 771/771/771 
f 771/771/771 784/784/784 772/772/772 
f 784/784/784 785/785/785 772/772/772 
f 772/772/772 785/785/785 773/773/773 
f 785/785/785 786/786/786 773/773/773 
f 773/773/773 786/786/786 774/774/774 
f 786/786/786 776/776/776 774/774/774 
f 774/774/774 776/776/776 775/775/775 
f 776/776/776 775/775/775 775/775/775 
f 775/775/775 775/775/775 784/784/784 
f 775/775/775 784/784/784 784/784/784 
f 784/784/784 784/784/784 784/784/784 
f 784/784/784 771/771/771 784/784/784 
f 784/784/784 771/771/771 787/787/787 
f 771/771/771 788/788/788 787/787/787 
f 787/787/787 788/788/788 781/781/781 
f 788/788/788 789/789/789 781/781/781 
f 781/781/781 789/789/789 782/782/782 
f 789/789/789 790/790/790 782/782/782 
f 782/782/782 790/790/790 783/783/783 
f 790/790/790 738/738/738 783/783/783 
f 783/783/783 738/738/738 740/740/740 
f 738/738/738 740/740/740 740/740/740 
f 740/740/740 740/740/740 788/788/788 
f 740/740/740 788/788/788 788/788/788 
f 788/788/788 788/788/788 788/788/788 
f 788/788/788 770/770/770 788/788/788 
f 788/788/788 770/770/770 789/789/789 
f 770/770/770 769/769/769 789/789/789 
f 789/789/789 769/769/769 790/790/790 
f 769/769/769 736/736/736 790/790/790 
f 790/790/790 736/736/736 738/738/738 
f 736/736/736 738/738/738 738/738/738 
f 738/738/738 738/738/738 776/776/776 
f 738/738/738 776/776/776 776/776/776 
f 776/776/776 776/776/776 776/776/776 
f 776/776/776 786/786/786 776/776/776 
f 776/776/776 786/786/786 777/777/777 
f 786/786/786 791/791/791 777/777/777 
f 777/777/777 791/791/791 778/778/778 
f 791/791/791 779/779/779 778/778/778 
f 778/778/778 779/779/779 779/779/779 
f 779/779/779 786/786/786 779/779/779 
f 779/779/779 786/786/786 786/786/786 
f 786/786/786 785/785/785 786/786/786 
f 786/786/786 785/785/785 791/791/791 
f 785/785/785 792/792/792 791/791/791 
f 791/791/791 792/792/792 779/779/779 
f 792/792/792 780/780/780 779/779/779 
f 779/779/779 780/780/780 780/780/780 
f 780/780/780 785/785/785 780/780/780 
f 780/780/780 785/785/785 785/785/785 
f 785/785/785 784/784/784 785/785/785 
f 785/785/785 784/784/784 792/792/792 
f 784/784/784 787/787/787 792/792/792 
f 792/792/792 787/787/787 780/780/780 
f 787/787/787 781/781/781 780/780/780 
f 780/780/780 781/781/781 781/781/781 
f 781/781/781 739/739/739 781/781/781 
f 781/781/781 739/739/739 739/739/739 
f 739/739/739 737/737/737 739/739/739 
f 739/739/739 737/737/737 741/741/741 
f 737/737/737 793/793/793 741/741/741 
f 741/741/741 793/793/793 743/743/743 
f 793/793/793 794/794/794 743/743/743 
f 743/743/743 794/794/794 745/745/745 
f 794/794/794 747/747/747 745/745/745 
f 745/745/745 747/747/747 747/747/747 
f 747/747/747 737/737/737 747/747/747 
f 747/747/747 737/737/737 737/737/737 
f 737/737/737 735/735/735 737/737/737 
f 737/737/737 735/735/735 793/793/793 
f 735/735/735 729/729/729 793/793/793 
f 793/793/793 729/729/729 794/794/794 
f 729/729/729 725/725/725 794/794/794 
f 794/794/794 725/725/725 747/747/747 
f 725/725/725 719/719/719 747/747/747 
f 747/747/747 719/719/719 719/719/719 
f 719/719/719 725/725/725 719/719/719 
f 719/719/719 725/725/725 795/795/795 
f 725/725/725 723/723/723 795/795/795 
f 795/795/795 723/723/723 721/721/721 
f 723/723/723 721/721/721 721/721/721 
f 721/721/721 721/721/721 717/717/717 
f 721/721/721 717/717/717 717/717/717 
f 717/717/717 717/717/717 717/717/717 
f 717/717/717 715/715/715 717/717/717 
f 717/717/717 715/715/715 746/746/746 
f 715/715/715 796/796/796 746/746/746 
f 746/746/746 796/796/796 744/744/744 
f 796/796/796 768/768/768 744/744/744 
f 744/744/744 768/768/768 768/768/768 
f 768/768/768 715/715/715 768/768/768 
f 768/768/768 715/715/715 715/715/715 
f 715/715/715 713/713/713 715/715/715 
f 715/715/715 713/713/713 796/796/796 
f 713/713/713 797/797/797 796/796/796 
f 796/796/796 797/797/797 768/768/768 
f 797/797/797 709/709/709 768/768/768 
f 768/768/768 709/709/709 709/709/709 
f 709/709/709 797/797/797 709/709/709 
f 709/709/709 797/797/797 711/711/711 
f 797/797/797 713/713/713 711/711/711 
f 711/711/711 713/713/713 713/713/713 
f 713/713/713 702/702/702 713/713/713 
f 713/713/713 702/702/702 702/702/702 
f 702/702/702 704/704/704 702/702/702 
f 702/702/702 704/704/704 700/700/700 
f 704/704/704 798/798/798 700/700/700 
f 700/700/700 798/798/798 698/698/698 
f 798/798/798 799/799/799 698/698/698 
f 698/698/698 799/799/799 696/696/696 
f 799/799/799 694/694/694 696/696/696 
f 696/696/696 694/694/694 694/694/694 
f 694/694/694 704/704/704 694/694/694 
f 694/694/694 704/704/704 704/704/704 
f 704/704/704 706/706/706 704/704/704 
f 704/704/704 706/706/706 798/798/798 
f 706/706/706 800/800/800 798/798/798 
f 798/798/798 800/800/800 799/799/799 
f 800/800/800 801/801/801 799/799/799 
f 799/799/799 801/801/801 694/694/694 
f 801/801/801 692/692/692 694/694/694 
f 694/694/694 692/692/692 692/692/692 
f 692/692/692 706/706/706 692/692/692 
f 692/692/692 706/706/706 706/706/706 
f 706/706/706 708/708/708 706/706/706 
f 706/706/706 708/708/708 800/800/800 
f 708/708/708 710/710/710 800/800/800 
f 800/800/800 710/710/710 801/801/801 
f 710/710/710 802/802/802 801/801/801 
f 801/801/801 802/802/802 692/692/692 
f 802/802/802 803/803/803 692/692/692 
f 692/692/692 803/803/803 757/757/757 
f 803/803/803 755/755/755 757/757/757 
f 757/757/757 755/755/755 755/755/755 
f 755/755/755 710/710/710 755/755/755 
f 755/755/755 710/710/710 710/710/710 
f 710/710/710 712/712/712 710/710/710 
f 710/710/710 712/712/712 802/802/802 
f 712/712/712 714/714/714 802/802/802 
f 802/802/802 714/714/714 803/803/803 
f 714/714/714 804/804/804 803/803/803 
f 803/803/803 804/804/804 755/755/755 
f 804/804/804 753/753/753 755/755/755 
f 755/755/755 753/753/753 753/753/753 
f 753/753/753 714/714/714 753/753/753 
f 753/753/753 714/714/714 714/714/714 
f 714/714/714 716/716/716 714/714/714 
f 714/714/714 716/716/716 804/804/804 
f 716/716/716 805/805/805 804/804/804 
f 804/804/804 805/805/805 753/753/753 
f 805/805/805 751/751/751 753/753/753 
f 753/753/753 751/751/751 751/751/751 
f 751/751/751 716/716/716 751/751/751 
f 751/751/751 716/716/716 716/716/716 
f 716/716/716 718/718/718 716/716/716 
f 716/716/716 718/718/718 805/805/805 
f 718/718/718 720/720/720 805/805/805 
f 805/805/805 720/720/720 751/751/751 
f 720/720/720 749/749/749 751/751/751 
f 751/751/751 749/749/749 749/749/749 
f 749/749/749 720/720/720 749/749/749 
f 749/749/749 720/720/720 724/724/724 
f 720/720/720 722/722/722 724/724/724 
f 724/724/724 722/722/722 722/722/722 
f 722/722/722 749/749/749 722/722/722 
f 722/722/722 749/749/749 749/749/749 
f 749/749/749 724/724/724 749/749/749 
f 749/749/749 724/724/724 730/730/730 
f 724/724/724 806/806/806 730/730/730 
f 730/730/730 806/806/806 728/728/728 
f 806/806/806 726/726/726 728/728/728 
f 728/728/728 726/726/726 726/726/726 
f 726/726/726 733/733/733 726/726/726 
f 726/726/726 733/733/733 733/733/733 
f 733/733/733 731/731/731 733/733/733 
f 733/733/733 731/731/731 807/807/807 
f 731/731/731 729/729/729 807/807/807 
f 807/807/807 729/729/729 735/735/735 
f 729/729/729 735/735/735 735/735/735 
f 735/735/735 735/735/735 808/808/808 
f 735/735/735 808/808/808 808/808/808 
f 808/808/808 808/808/808 808/808/808 
f 808/808/808 809/809/809 808/808/808 
f 808/808/808 809/809/809 810/810/810 
f 809/809/809 811/811/811 810/810/810 
f 810/810/810 811/811/811 812/812/812 
f 811/811/811 813/813/813 812/812/812 
f 812/812/812 813/813/813 814/814/814 
f 813/813/813 815/815/815 814/814/814 
f 814/814/814 815/815/815 816/816/816 
f 815/815/815 817/817/817 816/816/816 
f 816/816/816 817/817/817 818/818/818 
f 817/817/817 819/819/819 818/818/818 
f 818/818/818 819/819/819 820/820/820 
f 819/819/819 821/821/821 820/820/820 
f 820/820/820 821/821/821 822/822/822 
f 821/821/821 823/823/823 822/822/822 
f 822/822/822 823/823/823 824/824/824 
f 823/823/823 825/825/825 824/824/824 
f 824/824/824 825/825/825 826/826/826 
f 825/825/825 827/827/827 826/826/826 
f 826/826/826 827/827/827 828/828/828 
f 827/827/827 829/829/829 828/828/828 
f 828/828/828 829/829/829 830/830/830 
f 829/829/829 831/831/831 830/830/830 
f 830/830/830 831/831/831 832/832/832 
f 831/831/831 833/833/833 832/832/832 
f 832/832/832 833/833/833 834/834/834 
f 833/833/833 835/835/835 834/834/834 
f 834/834/834 835/835/835 836/836/836 
f 835/835/835 837/837/837 836/836/836 
f 836/836/836 837/837/837 838/838/838 
f 837/837/837 839/839/839 838/838/838 
f 838/838/838 839/839/839 840/840/840 
f 839/839/839 841/841/841 840/840/840 
f 840/840/840 841/841/841 842/842/842 
f 841/841/841 843/843/843 842/842/842 
f 842/842/842 843/843/843 844/844/844 
f 843/843/843 845/845/845 844/844/844 
f 844/844/844 845/845/845 846/846/846 
f 845/845/845 847/847/847 846/846/846 
f 846/846/846 847/847/847 848/848/848 
f 847/847/847 849/849/849 848/848/848 
f 848/848/848 849/849/849 850/850/850 
f 849/849/849 851/851/851 850/850/850 
f 850/850/850 851/851/851 852/852/852 
f 851/851/851 853/853/853 852/852/852 
f 852/852/852 853/853/853 854/854/854 
f 853/853/853 855/855/855 854/854/854 
f 854/854/854 855/855/855 856/856/856 
f 855/855/855 857/857/857 856/856/856 
f 856/856/856 857/857/857 858/858/858 
f 857/857/857 859/859/859 858/858/858 
f 858/858/858 859/859/859 860/860/860 
f 859/859/859 861/861/861 860/860/860 
f 860/860/860 861/861/861 862/862/862 
f 861/861/861 863/863/863 862/862/862 
f 862/862/862 863/863/863 864/864/864 
f 863/863/863 865/865/865 864/864/864 
f 864/864/864 865/865/865 866/866/866 
f 865/865/865 867/867/867 866/866/866 
f 866/866/866 867/867/867 868/868/868 
f 867/867/867 869/869/869 868/868/868 
f 868/868/868 869/869/869 870/870/870 
f 869/869/869 871/871/871 870/870/870 
f 870/870/870 871/871/871 872/872/872 
f 871/871/871 873/873/873 872/872/872 
f 872/872/872 873/873/873 874/874/874 
f 873/873/873 875/875/875 874/874/874 
f 874/874/874 875/875/875 837/837/837 
f 875/875/875 839/839/839 837/837/837 
f 837/837/837 839/839/839 839/839/839 
f 839/839/839 818/818/818 839/839/839 
f 839/839/839 818/818/818 818/818/818 
f 818/818/818 820/820/820 818/818/818 
f 818/818/818 820/820/820 876/876/876 
f 820/820/820 822/822/822 876/876/876 
f 876/876/876 822/822/822 877/877/877 
f 822/822/822 824/824/824 877/877/877 
f 877/877/877 824/824/824 878/878/878 
f 824/824/824 826/826/826 878/878/878 
f 878/878/878 826/826/826 879/879/879 
f 826/826/826 828/828/828 879/879/879 
f 879/879/879 828/828/828 880/880/880 
f 828/828/828 830/830/830 880/880/880 
f 880/880/880 830/830/830 881/881/881 
f 830/830/830 832/832/832 881/881/881 
f 881/881/881 832/832/832 882/882/882 
f 832/832/832 834/834/834 882/882/882 
f 882/882/882 834/834/834 883/883/883 
f 834/834/834 836/836/836 883/883/883 
f 883/883/883 836/836/836 884/884/884 
f 836/836/836 838/838/838 884/884/884 
f 884/884/884 838/838/838 885/885/885 
f 838/838/838 840/840/840 885/885/885 
f 885/885/885 840/840/840 886/886/886 
f 840/840/840 842/842/842 886/886/886 
f 886/886/886 842/842/842 887/887/887 
f 842/842/842 844/844/844 887/887/887 
f 887/887/887 844/844/844 888/888/888 
f 844/844/844 846/846/846 888/888/888 
f 888/888/888 846/846/846 809/809/809 
f 846/846/846 848/848/848 809/809/809 
f 809/809/809 848/848/848 811/811/811 
f 848/848/848 850/850/850 811/811/811 
f 811/811/811 850/850/850 813/813/813 
f 850/850/850 852/852/852 813/813/813 
f 813/813/813 852/852/852 815/815/815 
f 852/852/852 854/854/854 815/815/815 
f 815/815/815 854/854/854 817/817/817 
f 854/854/854 856/856/856 817/817/817 
f 817/817/817 856/856/856 819/819/819 
f 856/856/856 858/858/858 819/819/819 
f 819/819/819 858/858/858 821/821/821 
f 858/858/858 860/860/860 821/821/821 
f 821/821/821 860/860/860 823/823/823 
f 860/860/860 862/862/862 823/823/823 
f 823/823/823 862/862/862 825/825/825 
f 862/862/862 864/864/864 825/825/825 
f 825/825/825 864/864/864 827/827/827 
f 864/864/864 866/866/866 827/827/827 
f 827/827/827 866/866/866 829/829/829 
f 866/866/866 868/868/868 829/829/829 
f 829/829/829 868/868/868 831/831/831 
f 868/868/868 870/870/870 831/831/831 
f 831/831/831 870/870/870 833/833/833 
f 870/870/870 872/872/872 833/833/833 
f 833/833/833 872/872/872 835/835/835 
f 872/872/872 874/874/874 835/835/835 
f 835/835/835 874/874/874 837/837/837 
f 874/874/874 837/837/837 837/837/837 
f 837/837/837 837/837/837 882/882/882 
f 837/837/837 882/882/882 882/882/882 
f 882/882/882 882/882/882 882/882/882 
f 882/882/882 883/883/883 882/882/882 
f 882/882/882 883/883/883 881/881/881 
f 883/883/883 889/889/889 881/881/881 
f 881/881/881 889/889/889 880/880/880 
f 889/889/889 890/890/890 880/880/880 
f 880/880/880 890/890/890 879/879/879 
f 890/890/890 891/891/891 879/879/879 
f 879/879/879 891/891/891 878/878/878 
f 891/891/891 892/892/892 878/878/878 
f 878/878/878 892/892/892 877/877/877 
f 892/892/892 893/893/893 877/877/877 
f 877/877/877 893/893/893 876/876/876 
f 893/893/893 894/894/894 876/876/876 
f 876/876/876 894/894/894 818/818/818 
f 894/894/894 816/816/816 818/818/818 
f 818/818/818 816/816/816 816/816/816 
f 816/816/816 883/883/883 816/816/816 
f 816/816/816 883/883/883 883/883/883 
f 883/883/883 884/884/884 883/883/883 
f 883/883/883 884/884/884 889/889/889 
f 884/884/884 895/895/895 889/889/889 
f 889/889/889 895/895/895 890/890/890 
f 895/895/895 896/896/896 890/890/890 
f 890/890/890 896/896/896 891/891/891 
f 896/896/896 897/897/897 891/891/891 
f 891/891/891 897/897/897 892/892/892 
f 897/897/897 808/808/808 892/892/892 
f 892/892/892 808/808/808 893/893/893 
f 808/808/808 810/810/810 893/893/893 
f 893/893/893 810/810/810 894/894/894 
f 810/810/810 812/812/812 894/894/894 
f 894/894/894 812/812/812 816/816/816 
f 812/812/812 814/814/814 816/816/816 
f 816/816/816 814/814/814 814/814/814 
f 814/814/814 884/884/884 814/814/814 
f 814/814/814 884/884/884 884/884/884 
f 884/884/884 885/885/885 884/884/884 
f 884/884/884 885/885/885 895/895/895 
f 885/885/885 886/886/886 895/895/895 
f 895/895/895 886/886/886 896/896/896 
f 886/886/886 887/887/887 896/896/896 
f 896/896/896 887/887/887 897/897/897 
f 887/887/887 888/888/888 897/897/897 
f 897/897/897 888/888/888 808/808/808 
f 888/888/888 809/809/809 808/808/808 
f 808/808/808 809/809/809 809/809/809 
f 809/809/809 861/861/861 809/809/809 
f 809/809/809 861/861/861 861/861/861 
f 861/861/861 859/859/859 861/861/861 
f 861/861/861 859/859/859 863/863/863 
f 859/859/859 898/898/898 863/863/863 
f 863/863/863 898/898/898 865/865/865 
f 898/898/898 899/899/899 865/865/865 
f 865/865/865 899/899/899 867/867/867 
f 899/899/899 900/900/900 867/867/867 
f 867/867/867 900/900/900 869/869/869 
f 900/900/900 901/901/901 869/869/869 
f 869/869/869 901/901/901 871/871/871 
f 901/901/901 902/902/902 871/871/871 
f 871/871/871 902/902/902 873/873/873 
f 902/902/902 903/903/903 873/873/873 
f 873/873/873 903/903/903 875/875/875 
f 903/903/903 904/904/904 875/875/875 
f 875/875/875 904/904/904 839/839/839 
f 904/904/904 841/841/841 839/839/839 
f 839/839/839 841/841/841 841/841/841 
f 841/841/841 859/859/859 841/841/841 
f 841/841/841 859/859/859 859/859/859 
f 859/859/859 857/857/857 859/859/859 
f 859/859/859 857/857/857 898/898/898 
f 857/857/857 905/905/905 898/898/898 
f 898/898/898 905/905/905 899/899/899 
f 905/905/905 906/906/906 899/899/899 
f 899/899/899 906/906/906 900/900/900 
f 906/906/906 907/907/907 900/900/900 
f 900/900/900 907/907/907 901/901/901 
f 907/907/907 908/908/908 901/901/901 
f 901/901/901 908/908/908 902/902/902 
f 908/908/908 909/909/909 902/902/902 
f 902/902/902 909/909/909 903/903/903 
f 909/909/909 910/910/910 903/903/903 
f 903/903/903 910/910/910 904/904/904 
f 910/910/910 911/911/911 904/904/904 
f 904/904/904 911/911/911 841/841/841 
f 911/911/911 843/843/843 841/841/841 
f 841/841/841 843/843/843 843/843/843 
f 843/843/843 857/857/857 843/843/843 
f 843/843/843 857/857/857 857/857/857 
f 857/857/857 855/855/855 857/857/857 
f 857/857/857 855/855/855 905/905/905 
f 855/855/855 853/853/853 905/905/905 
f 905/905/905 853/853/853 906/906/906 
f 853/853/853 851/851/851 906/906/906 
f 906/906/906 851/851/851 907/907/907 
f 851/851/851 849/849/849 907/907/907 
f 907/907/907 849/849/849 908/908/908 
f 849/849/849 847/847/847 908/908/908 
f 908/908/908 847/847/847 909/909/909 
f 847/847/847 845/845/845 909/909/909 
f 909/909/909 845/845/845 910/910/910 
f 845/845/845 843/843/843 910/910/910 
f 910/910/910 843/843/843 911/911/911 
f 843/843/843 911/911/911 911/911/911 
f 911/911/911 911/911/911 912/912/912 
f 911/911/911 912/912/912 912/912/912 
f 912/912/912 912/912/912 912/912/912 
f 912/912/912 913/913/913 912/912/912 
f 912/912/912 913/913/913 914/914/914 
f 913/913/913 915/915/915 914/914/914 
f 914/914/914 915/915/915 916/916/916 
f 915/915/915 917/917/917 916/916/916 
f 916/916/916 917/917/917 918/918/918 
f 917/917/917 919/919/919 918/918/918 
f 918/918/918 919/919/919 920/920/920 
f 919/919/919 921/921/921 920/920/920 
f 920/920/920 921/921/921 922/922/922 
f 921/921/921 923/923/923 922/922/922 
f 922/922/922 923/923/923 924/924/924 
f 923/923/923 925/925/925 924/924/924 
f 924/924/924 925/925/925 926/926/926 
f 925/925/925 927/927/927 926/926/926 
f 926/926/926 927/927/927 928/928/928 
f 927/927/927 929/929/929 928/928/928 
f 928/928/928 929/929/929 930/930/930 
f 929/929/929 931/931/931 930/930/930 
f 930/930/930 931/931/931 932/932/932 
f 931/931/931 933/933/933 932/932/932 
f 932/932/932 933/933/933 934/934/934 
f 933/933/933 935/935/935 934/934/934 
f 934/934/934 935/935/935 936/936/936 
f 935/935/935 937/937/937 936/936/936 
f 936/936/936 937/937/937 938/938/938 
f 937/937/937 939/939/939 938/938/938 
f 938/938/938 939/939/939 940/940/940 
f 939/939/939 941/941/941 940/940/940 
f 940/940/940 941/941/941 942/942/942 
f 941/941/941 943/943/943 942/942/942 
f 942/942/942 943/943/943 944/944/944 
f 943/943/943 945/945/945 944/944/944 
f 944/944/944 945/945/945 946/946/946 
f 945/945/945 947/947/947 946/946/946 
f 946/946/946 947/947/947 948/948/948 
f 947/947/947 949/949/949 948/948/948 
f 948/948/948 949/949/949 950/950/950 
f 949/949/949 951/951/951 950/950/950 
f 950/950/950 951/951/951 952/952/952 
f 951/951/951 953/953/953 952/952/952 
f 952/952/952 953/953/953 954/954/954 
f 953/953/953 955/955/955 954/954/954 
f 954/954/954 955/955/955 956/956/956 
f 955/955/955 957/957/957 956/956/956 
f 956/956/956 957/957/957 958/958/958 
f 957/957/957 959/959/959 958/958/958 
f 958/958/958 959/959/959 916/916/916 
f 959/959/959 914/914/914 916/916/916 
f 916/916/916 914/914/914 914/914/914 
f 914/914/914 946/946/946 914/914/914 
f 914/914/914 946/946/946 946/946/946 
f 946/946/946 960/960/960 946/946/946 
f 946/946/946 960/960/960 944/944/944 
f 960/960/960 961/961/961 944/944/944 
f 944/944/944 961/961/961 942/942/942 
f 961/961/961 962/962/962 942/942/942 
f 942/942/942 962/962/962 940/940/940 
f 962/962/962 963/963/963 940/940/940 
f 940/940/940 963/963/963 938/938/938 
f 963/963/963 964/964/964 938/938/938 
f 938/938/938 964/964/964 936/936/936 
f 964/964/964 965/965/965 936/936/936 
f 936/936/936 965/965/965 934/934/934 
f 965/965/965 966/966/966 934/934/934 
f 934/934/934 966/966/966 932/932/932 
f 966/966/966 967/967/967 932/932/932 
f 932/932/932 967/967/967 930/930/930 
f 967/967/967 968/968/968 930/930/930 
f 930/930/930 968/968/968 928/928/928 
f 968/968/968 969/969/969 928/928/928 
f 928/928/928 969/969/969 926/926/926 
f 969/969/969 970/970/970 926/926/926 
f 926/926/926 970/970/970 924/924/924 
f 970/970/970 971/971/971 924/924/924 
f 924/924/924 971/971/971 922/922/922 
f 971/971/971 972/972/972 922/922/922 
f 922/922/922 972/972/972 920/920/920 
f 972/972/972 973/973/973 920/920/920 
f 920/920/920 973/973/973 918/918/918 
f 973/973/973 958/958/958 918/918/918 
f 918/918/918 958/958/958 916/916/916 
f 958/958/958 916/916/916 916/916/916 
f 916/916/916 916/916/916 960/960/960 
f 916/916/916 960/960/960 960/960/960 
f 960/960/960 960/960/960 960/960/960 
f 960/960/960 974/974/974 960/960/960 
f 960/960/960 974/974/974 961/961/961 
f 974/974/974 975/975/975 961/961/961 
f 961/961/961 975/975/975 962/962/962 
f 975/975/975 976/976/976 962/962/962 
f 962/962/962 976/976/976 963/963/963 
f 976/976/976 977/977/977 963/963/963 
f 963/963/963 977/977/977 964/964/964 
f 977/977/977 978/978/978 964/964/964 
f 964/964/964 978/978/978 965/965/965 
f 978/978/978 979/979/979 965/965/965 
f 965/965/965 979/979/979 966/966/966 
f 979/979/979 980/980/980 966/966/966 
f 966/966/966 980/980/980 967/967/967 
f 980/980/980 981/981/981 967/967/967 
f 967/967/967 981/981/981 968/968/968 
f 981/981/981 982/982/982 968/968/968 
f 968/968/968 982/982/982 969/969/969 
f 982/982/982 983/983/983 969/969/969 
f 969/969/969 983/983/983 970/970/970 
f 983/983/983 984/984/984 970/970/970 
f 970/970/970 984/984/984 971/971/971 
f 984/984/984 985/985/985 971/971/971 
f 971/971/971 985/985/985 972/972/972 
f 985/985/985 986/986/986 972/972/972 
f 972/972/972 986/986/986 973/973/973 
f 986/986/986 956/956/956 973/973/973 
f 973/973/973 956/956/956 958/958/958 
f 956/956/956 958/958/958 958/958/958 
f 958/958/958 958/958/958 956/956/956 
f 958/958/958 956/956/956 956/956/956 
f 956/956/956 956/956/956 956/956/956 
f 956/956/956 986/986/986 956/956/956 
f 956/956/956 986/986/986 954/954/954 
f 986/986/986 987/987/987 954/954/954 
f 954/954/954 987/987/987 952/952/952 
f 987/987/987 988/988/988 952/952/952 
f 952/952/952 988/988/988 950/950/950 
f 988/988/988 989/989/989 950/950/950 
f 950/950/950 989/989/989 948/948/948 
f 989/989/989 960/960/960 948/948/948 
f 948/948/948 960/960/960 946/946/946 
f 960/960/960 946/946/946 946/946/946 
f 946/946/946 946/946/946 986/986/986 
f 946/946/946 986/986/986 986/986/986 
f 986/986/986 986/986/986 986/986/986 
f 986/986/986 985/985/985 986/986/986 
f 986/986/986 985/985/985 987/987/987 
f 985/985/985 990/990/990 987/987/987 
f 987/987/987 990/990/990 988/988/988 
f 990/990/990 991/991/991 988/988/988 
f 988/988/988 991/991/991 989/989/989 
f 991/991/991 974/974/974 989/989/989 
f 989/989/989 974/974/974 960/960/960 
f 974/974/974 960/960/960 960/960/960 
f 960/960/960 960/960/960 990/990/990 
f 960/960/960 990/990/990 990/990/990 
f 990/990/990 990/990/990 990/990/990 
f 990/990/990 992/992/992 990/990/990 
f 990/990/990 992/992/992 991/991/991 
f 992/992/992 993/993/993 991/991/991 
f 991/991/991 993/993/993 974/974/974 
f 993/993/993 994/994/994 974/974/974 
f 974/974/974 994/994/994 975/975/975 
f 994/994/994 995/995/995 975/975/975 
f 975/975/975 995/995/995 976/976/976 
f 995/995/995 996/996/996 976/976/976 
f 976/976/976 996/996/996 977/977/977 
f 996/996/996 979/979/979 977/977/977 
f 977/977/977 979/979/979 978/978/978 
f 979/979/979 978/978/978 978/978/978 
f 978/978/978 978/978/978 993/993/993 
f 978/978/978 993/993/993 993/993/993 
f 993/993/993 993/993/993 993/993/993 
f 993/993/993 997/997/997 993/993/993 
f 993/993/993 997/997/997 994/994/994 
f 997/997/997 998/998/998 994/994/994 
f 994/994/994 998/998/998 995/995/995 
f 998/998/998 999/999/999 995/995/995 
f 995/995/995 999/999/999 996/996/996 
f 999/999/999 980/980/980 996/996/996 
f 996/996/996 980/980/980 979/979/979 
f 980/980/980 979/979/979 979/979/979 
f 979/979/979 979/979/979 997/997/997 
f 979/979/979 997/997/997 997/997/997 
f 997/997/997 997/997/997 997/997/997 
f 997/997/997 983/983/983 997/997/997 
f 997/997/997 983/983/983 998/998/998 
f 983/983/983 982/982/982 998/998/998 
f 998/998/998 982/982/982 999/999/999 
f 982/982/982 981/981/981 999/999/999 
f 999/999/999 981/981/981 980/980/980 
f 981/981/981 980/980/980 980/980/980 
f 980/980/980 980/980/980 983/983/983 
f 980/980/980 983/983/983 983/983/983 
f 983/983/983 983/983/983 983/983/983 
f 983/983/983 997/997/997 983/983/983 
f 983/983/983 997/997/997 984/984/984 
f 997/997/997 985/985/985 984/984/984 
f 984/984/984 985/985/985 985/985/985 
f 985/985/985 997/997/997 985/985/985 
f 985/985/985 997/997/997 992/992/992 
f 997/997/997 993/993/993 992/992/992 
f 992/992/992 993/993/993 993/993/993 
f 993/993/993 957/957/957 993/993/993 
f 993/993/993 957/957/957 957/957/957 
f 957/957/957 955/955/955 957/957/957 
f 957/957/957 955/955/955 959/959/959 
f 955/955/955 1000/1000/1000 959/959/959 
f 959/959/959 1000/1000/1000 914/914/914 
f 1000/1000/1000 1001/1001/1001 914/914/914 
f 914/914/914 1001/1001/1001 912/912/912 
f 1001/1001/1001 1002/1002/1002 912/912/912 
f 912/912/912 1002/1002/1002 913/913/913 
f 1002/1002/1002 1003/1003/1003 913/913/913 
f 913/913/913 1003/1003/1003 915/915/915 
f 1003/1003/1003 1004/1004/1004 915/915/915 
f 915/915/915 1004/1004/1004 1005/1005/1005 
f 1004/1004/1004 1006/1006/1006 1005/1005/1005 
f 1005/1005/1005 1006/1006/1006 1007/1007/1007 
f 1006/1006/1006 943/943/943 1007/1007/1007 
f 1007/1007/1007 943/943/943 941/941/941 
f 943/943/943 941/941/941 941/941/941 
f 941/941/941 941/941/941 955/955/955 
f 941/941/941 955/955/955 955/955/955 
f 955/955/955 955/955/955 955/955/955 
f 955/955/955 953/953/953 955/955/955 
f 955/955/955 953/953/953 1000/1000/1000 
f 953/953/953 1008/1008/1008 1000/1000/1000 
f 1000/1000/1000 1008/1008/1008 1001/1001/1001 
f 1008/1008/1008 1009/1009/1009 1001/1001/1001 
f 1001/1001/1001 1009/1009/1009 1010/1010/1010 
f 1009/1009/1009 1011/1011/1011 1010/1010/1010 
f 1010/1010/1010 1011/1011/1011 1012/1012/1012 
f 1011/1011/1011 1013/1013/1013 1012/1012/1012 
f 1012/1012/1012 1013/1013/1013 1004/1004/1004 
f 1013/1013/1013 1014/1014/1014 1004/1004/1004 
f 1004/1004/1004 1014/1014/1014 1006/1006/1006 
f 1014/1014/1014 945/945/945 1006/1006/1006 
f 1006/1006/1006 945/945/945 943/943/943 
f 945/945/945 943/943/943 943/943/943 
f 943/943/943 943/943/943 953/953/953 
f 943/943/943 953/953/953 953/953/953 
f 953/953/953 953/953/953 953/953/953 
f 953/953/953 951/951/951 953/953/953 
f 953/953/953 951/951/951 1008/1008/1008 
f 951/951/951 949/949/949 1008/1008/1008 
f 1008/1008/1008 949/949/949 1009/1009/1009 
f 949/949/949 947/947/947 1009/1009/1009 
f 1009/1009/1009 947/947/947 1015/1015/1015 
f 947/947/947 1016/1016/1016 1015/1015/1015 
f 1015/1015/1015 1016/1016/1016 1017/1017/1017 
f 1016/1016/1016 1018/1018/1018 1017/1017/1017 
f 1017/1017/1017 1018/1018/1018 1014/1014/1014 
f 1018/1018/1018 945/945/945 1014/1014/1014 
f 1014/1014/1014 945/945/945 945/945/945 
f 945/945/945 1015/1015/1015 945/945/945 
f 945/945/945 1015/1015/1015 1015/1015/1015 
f 1015/1015/1015 1017/1017/1017 1015/1015/1015 
f 1015/1015/1015 1017/1017/1017 1009/1009/1009 
f 1017/1017/1017 1014/1014/1014 1009/1009/1009 
f 1009/1009/1009 1014/1014/1014 1011/1011/1011 
f 1014/1014/1014 1013/1013/1013 1011/1011/1011 
f 1011/1011/1011 1013/1013/1013 1013/1013/1013 
f 1013/1013/1013 927/927/927 1013/1013/1013 
f 1013/1013/1013 927/927/927 927/927/927 
f 927/927/927 925/925/925 927/927/927 
f 927/927/927 925/925/925 929/929/929 
f 925/925/925 1019/1019/1019 929/929/929 
f 929/929/929 1019/1019/1019 931/931/931 
f 1019/1019/1019 1020/1020/1020 931/931/931 
f 931/931/931 1020/1020/1020 933/933/933 
f 1020/1020/1020 935/935/935 933/933/933 
f 933/933/933 935/935/935 935/935/935 
f 935/935/935 1020/1020/1020 935/935/935 
f 935/935/935 1020/1020/1020 1021/1021/1021 
f 1020/1020/1020 1022/1022/1022 1021/1021/1021 
f 1021/1021/1021 1022/1022/1022 1023/1023/1023 
f 1022/1022/1022 921/921/921 1023/1023/1023 
f 1023/1023/1023 921/921/921 1024/1024/1024 
f 921/921/921 919/919/919 1024/1024/1024 
f 1024/1024/1024 919/919/919 1025/1025/1025 
f 919/919/919 917/917/917 1025/1025/1025 
f 1025/1025/1025 917/917/917 1005/1005/1005 
f 917/917/917 915/915/915 1005/1005/1005 
f 1005/1005/1005 915/915/915 915/915/915 
f 915/915/915 935/935/935 915/915/915 
f 915/915/915 935/935/935 935/935/935 
f 935/935/935 1021/1021/1021 935/935/935 
f 935/935/935 1021/1021/1021 937/937/937 
f 1021/1021/1021 1026/1026/1026 937/937/937 
f 937/937/937 1026/1026/1026 939/939/939 
f 1026/1026/1026 1027/1027/1027 939/939/939 
f 939/939/939 1027/1027/1027 941/941/941 
f 1027/1027/1027 1007/1007/1007 941/941/941 
f 941/941/941 1007/1007/1007 1007/1007/1007 
f 1007/1007/1007 1026/1026/1026 1007/1007/1007 
f 1007/1007/1007 1026/1026/1026 1026/1026/1026 
f 1026/1026/1026 1023/1023/1023 1026/1026/1026 
f 1026/1026/1026 1023/1023/1023 1027/1027/1027 
f 1023/1023/1023 1024/1024/1024 1027/1027/1027 
f 1027/1027/1027 1024/1024/1024 1025/1025/1025 
f 1024/1024/1024 1025/1025/1025 1025/1025/1025 
f 1025/1025/1025 1025/1025/1025 1027/1027/1027 
f 1025/1025/1025 1027/1027/1027 1027/1027/1027 
f 1027/1027/1027 1027/1027/1027 1027/1027/1027 
f 1027/1027/1027 1025/1025/1025 1027/1027/1027 
f 1027/1027/1027 1025/1025/1025 1007/1007/1007 
f 1025/1025/1025 1005/1005/1005 1007/1007/1007 
f 1007/1007/1007 1005/1005/1005 1005/1005/1005 
f 1005/1005/1005 925/925/925 1005/1005/1005 
f 1005/1005/1005 925/925/925 925/925/925 
f 925/925/925 923/923/923 925/925/925 
f 925/925/925 923/923/923 1019/1019/1019 
f 923/923/923 1022/1022/1022 1019/1019/1019 
f 1019/1019/1019 1022/1022/1022 1020/1020/1020 
f 1022/1022/1022 1020/1020/1020 1020/1020/1020 
f 1020/1020/1020 1020/1020/1020 1010/1010/1010 
f 1020/1020/1020 1010/1010/1010 1010/1010/1010 
f 1010/1010/1010 1010/1010/1010 1010/1010/1010 
f 1010/1010/1010 1012/1012/1012 1010/1010/1010 
f 1010/1010/1010 1012/1012/1012 1001/1001/1001 
f 1012/1012/1012 1004/1004/1004 1001/1001/1001 
f 1001/1001/1001 1004/1004/1004 1002/1002/1002 
f 1004/1004/1004 1003/1003/1003 1002/1002/1002 
f 1002/1002/1002 1003/1003/1003 1003/1003/1003 
f 1003/1003/1003 1018/1018/1018 1003/1003/1003 
f 1003/1003/1003 1018/1018/1018 1018/1018/1018 
f 1018/1018/1018 1016/1016/1016 1018/1018/1018 
f 1018/1018/1018 1016/1016/1016 945/945/945 
f 1016/1016/1016 947/947/947 945/945/945 
f 945/945/945 947/947/947 947/947/947 
f 947/947/947 1028/1028/1028 947/947/947 
f 947/947/947 1028/1028/1028 1028/1028/1028 
f 1028/1028/1028 1029/1029/1029 1028/1028/1028 
f 1028/1028/1028 1029/1029/1029 1030/1030/1030 
f 1029/1029/1029 1031/1031/1031 1030/1030/1030 
f 1030/1030/1030 1031/1031/1031 1032/1032/1032 
f 1031/1031/1031 1033/1033/1033 1032/1032/1032 
f 1032/1032/1032 1033/1033/1033 1034/1034/1034 
f 1033/1033/1033 1035/1035/1035 1034/1034/1034 
f 1034/1034/1034 1035/1035/1035 1036/1036/1036 
f 1035/1035/1035 1037/1037/1037 1036/1036/1036 
f 1036/1036/1036 1037/1037/1037 1038/1038/1038 
f 1037/1037/1037 1039/1039/1039 1038/1038/1038 
f 1038/1038/1038 1039/1039/1039 1040/1040/1040 
f 1039/1039/1039 1041/1041/1041 1040/1040/1040 
f 1040/1040/1040 1041/1041/1041 1042/1042/1042 
f 1041/1041/1041 1043/1043/1043 1042/1042/1042 
f 1042/1042/1042 1043/1043/1043 1044/1044/1044 
f 1043/1043/1043 1045/1045/1045 1044/1044/1044 
f 1044/1044/1044 1045/1045/1045 1046/1046/1046 
f 1045/1045/1045 1047/1047/1047 1046/1046/1046 
f 1046/1046/1046 1047/1047/1047 1048/1048/1048 
f 1047/1047/1047 1049/1049/1049 1048/1048/1048 
f 1048/1048/1048 1049/1049/1049 1050/1050/1050 
f 1049/1049/1049 1051/1051/1051 1050/1050/1050 
f 1050/1050/1050 1051/1051/1051 1052/1052/1052 
f 1051/1051/1051 1053/1053/1053 1052/1052/1052 
f 1052/1052/1052 1053/1053/1053 1054/1054/1054 
f 1053/1053/1053 1055/1055/1055 1054/1054/1054 
f 1054/1054/1054 1055/1055/1055 1056/1056/1056 
f 1055/1055/1055 1057/1057/1057 1056/1056/1056 
f 1056/1056/1056 1057/1057/1057 1058/1058/1058 
f 1057/1057/1057 1059/1059/1059 1058/1058/1058 
f 1058/1058/1058 1059/1059/1059 1060/1060/1060 
f 1059/1059/1059 1061/1061/1061 1060/1060/1060 
f 1060/1060/1060 1061/1061/1061 1062/1062/1062 
f 1061/1061/1061 1063/1063/1063 1062/1062/1062 
f 1062/1062/1062 1063/1063/1063 1064/1064/1064 
f 1063/1063/1063 1065/1065/1065 1064/1064/1064 
f 1064/1064/1064 1065/1065/1065 1066/1066/1066 
f 1065/1065/1065 1067/1067/1067 1066/1066/1066 
f 1066/1066/1066 1067/1067/1067 1068/1068/1068 
f 1067/1067/1067 1069/1069/1069 1068/1068/1068 
f 1068/1068/1068 1069/1069/1069 1070/1070/1070 
f 1069/1069/1069 1071/1071/1071 1070/1070/1070 
f 1070/1070/1070 1071/1071/1071 1072/1072/1072 
f 1071/1071/1071 1073/1073/1073 1072/1072/1072 
f 1072/1072/1072 1073/1073/1073 1074/1074/1074 
f 1073/1073/1073 1075/1075/1075 1074/1074/1074 
f 1074/1074/1074 1075/1075/1075 1076/1076/1076 
f 1075/1075/1075 1077/1077/1077 1076/1076/1076 
f 1076/1076/1076 1077/1077/1077 1078/1078/1078 
f 1077/1077/1077 1079/1079/1079 1078/1078/1078 
f 1078/1078/1078 1079/1079/1079 1080/1080/1080 
f 1079/1079/1079 1037/1037/1037 1080/1080/1080 
f 1080/1080/1080 1037/1037/1037 1035/1035/1035 
f 1037/1037/1037 1035/1035/1035 1035/1035/1035 
f 1035/1035/1035 1035/1035/1035 1037/1037/1037 
f 1035/1035/1035 1037/1037/1037 1037/1037/1037 
f 1037/1037/1037 1037/1037/1037 1037/1037/1037 
f 1037/1037/1037 1079/1079/1079 1037/1037/1037 
f 1037/1037/1037 1079/1079/1079 1039/1039/1039 
f 1079/1079/1079 1081/1081/1081 1039/1039/1039 
f 1039/1039/1039 1081/1081/1081 1041/1041/1041 
f 1081/1081/1081 1082/1082/1082 1041/1041/1041 
f 1041/1041/1041 1082/1082/1082 1043/1043/1043 
f 1082/1082/1082 1083/1083/1083 1043/1043/1043 
f 1043/1043/1043 1083/1083/1083 1045/1045/1045 
f 1083/1083/1083 1084/1084/1084 1045/1045/1045 
f 1045/1045/1045 1084/1084/1084 1047/1047/1047 
f 1084/1084/1084 1085/1085/1085 1047/1047/1047 
f 1047/1047/1047 1085/1085/1085 1049/1049/1049 
f 1085/1085/1085 1086/1086/1086 1049/1049/1049 
f 1049/1049/1049 1086/1086/1086 1051/1051/1051 
f 1086/1086/1086 1087/1087/1087 1051/1051/1051 
f 1051/1051/1051 1087/1087/1087 1053/1053/1053 
f 1087/1087/1087 1088/1088/1088 1053/1053/1053 
f 1053/1053/1053 1088/1088/1088 1055/1055/1055 
f 1088/1088/1088 1089/1089/1089 1055/1055/1055 
f 1055/1055/1055 1089/1089/1089 1057/1057/1057 
f 1089/1089/1089 1090/1090/1090 1057/1057/1057 
f 1057/1057/1057 1090/1090/1090 1059/1059/1059 
f 1090/1090/1090 1091/1091/1091 1059/1059/1059 
f 1059/1059/1059 1091/1091/1091 1061/1061/1061 
f 1091/1091/1091 1092/1092/1092 1061/1061/1061 
f 1061/1061/1061 1092/1092/1092 1063/1063/1063 
f 1092/1092/1092 1093/1093/1093 1063/1063/1063 
f 1063/1063/1063 1093/1093/1093 1065/1065/1065 
f 1093/1093/1093 1094/1094/1094 1065/1065/1065 
f 1065/1065/1065 1094/1094/1094 1067/1067/1067 
f 1094/1094/1094 1095/1095/1095 1067/1067/1067 
f 1067/1067/1067 1095/1095/1095 1069/1069/1069 
f 1095/1095/1095 1071/1071/1071 1069/1069/1069 
f 1069/1069/1069 1071/1071/1071 1071/1071/1071 
f 1071/1071/1071 1089/1089/1089 1071/1071/1071 
f 1071/1071/1071 1089/1089/1089 1089/1089/1089 
f 1089/1089/1089 1088/1088/1088 1089/1089/1089 
f 1089/1089/1089 1088/1088/1088 1090/1090/1090 
f 1088/1088/1088 1096/1096/1096 1090/1090/1090 
f 1090/1090/1090 1096/1096/1096 1091/1091/1091 
f 1096/1096/1096 1097/1097/1097 1091/1091/1091 
f 1091/1091/1091 1097/1097/1097 1092/1092/1092 
f 1097/1097/1097 1098/1098/1098 1092/1092/1092 
f 1092/1092/1092 1098/1098/1098 1093/1093/1093 
f 1098/1098/1098 1099/1099/1099 1093/1093/1093 
f 1093/1093/1093 1099/1099/1099 1094/1094/1094 
f 1099/1099/1099 1100/1100/1100 1094/1094/1094 
f 1094/1094/1094 1100/1100/1100 1095/1095/1095 
f 1100/1100/1100 1101/1101/1101 1095/1095/1095 
f 1095/1095/1095 1101/1101/1101 1071/1071/1071 
f 1101/1101/1101 1073/1073/1073 1071/1071/1071 
f 1071/1071/1071 1073/1073/1073 1073/1073/1073 
f 1073/1073/1073 1088/1088/1088 1073/1073/1073 
f 1073/1073/1073 1088/1088/1088 1088/1088/1088 
f 1088/1088/1088 1087/1087/1087 1088/1088/1088 
f 1088/1088/1088 1087/1087/1087 1096/1096/1096 
f 1087/1087/1087 1102/1102/1102 1096/1096/1096 
f 1096/1096/1096 1102/1102/1102 1097/1097/1097 
f 1102/1102/1102 1103/1103/1103 1097/1097/1097 
f 1097/1097/1097 1103/1103/1103 1098/1098/1098 
f 1103/1103/1103 1104/1104/1104 1098/1098/1098 
f 1098/1098/1098 1104/1104/1104 1099/1099/1099 
f 1104/1104/1104 1105/1105/1105 1099/1099/1099 
f 1099/1099/1099 1105/1105/1105 1100/1100/1100 
f 1105/1105/1105 1106/1106/1106 1100/1100/1100 
f 1100/1100/1100 1106/1106/1106 1101/1101/1101 
f 1106/1106/1106 1107/1107/1107 1101/1101/1101 
f 1101/1101/1101 1107/1107/1107 1073/1073/1073 
f 1107/1107/1107 1079/1079/1079 1073/1073/1073 
f 1073/1073/1073 1079/1079/1079 1075/1075/1075 
f 1079/1079/1079 1077/1077/1077 1075/1075/1075 
f 1075/1075/1075 1077/1077/1077 1077/1077/1077 
f 1077/1077/1077 1079/1079/1079 1077/1077/1077 
f 1077/1077/1077 1079/1079/1079 1079/1079/1079 
f 1079/1079/1079 1107/1107/1107 1079/1079/1079 
f 1079/1079/1079 1107/1107/1107 1081/1081/1081 
f 1107/1107/1107 1106/1106/1106 1081/1081/1081 
f 1081/1081/1081 1106/1106/1106 1082/1082/1082 
f 1106/1106/1106 1105/1105/1105 1082/1082/1082 
f 1082/1082/1082 1105/1105/1105 1083/1083/1083 
f 1105/1105/1105 1104/1104/1104 1083/1083/1083 
f 1083/1083/1083 1104/1104/1104 1084/1084/1084 
f 1104/1104/1104 1103/1103/1103 1084/1084/1084 
f 1084/1084/1084 1103/1103/1103 1085/1085/1085 
f 1103/1103/1103 1102/1102/1102 1085/1085/1085 
f 1085/1085/1085 1102/1102/1102 1086/1086/1086 
f 1102/1102/1102 1087/1087/1087 1086/1086/1086 
f 1086/1086/1086 1087/1087/1087 1087/1087/1087 
f 1087/1087/1087 1074/1074/1074 1087/1087/1087 
f 1087/1087/1087 1074/1074/1074 1074/1074/1074 
f 1074/1074/1074 1076/1076/1076 1074/1074/1074 
f 1074/1074/1074 1076/1076/1076 1072/1072/1072 
f 1076/1076/1076 1078/1078/1078 1072/1072/1072 
f 1072/1072/1072 1078/1078/1078 1108/1108/1108 
f 1078/1078/1078 1109/1109/1109 1108/1108/1108 
f 1108/1108/1108 1109/1109/1109 1110/1110/1110 
f 1109/1109/1109 1033/1033/1033 1110/1110/1110 
f 1110/1110/1110 1033/1033/1033 1111/1111/1111 
f 1033/1033/1033 1031/1031/1031 1111/1111/1111 
f 1111/1111/1111 1031/1031/1031 1029/1029/1029 
f 1031/1031/1031 1029/1029/1029 1029/1029/1029 
f 1029/1029/1029 1029/1029/1029 1108/1108/1108 
f 1029/1029/1029 1108/1108/1108 1108/1108/1108 
f 1108/1108/1108 1108/1108/1108 1108/1108/1108 
f 1108/1108/1108 1112/1112/1112 1108/1108/1108 
f 1108/1108/1108 1112/1112/1112 1072/1072/1072 
f 1112/1112/1112 1111/1111/1111 1072/1072/1072 
f 1072/1072/1072 1111/1111/1111 1070/1070/1070 
f 1111/1111/1111 1113/1113/1113 1070/1070/1070 
f 1070/1070/1070 1113/1113/1113 1068/1068/1068 
f 1113/1113/1113 1114/1114/1114 1068/1068/1068 
f 1068/1068/1068 1114/1114/1114 1066/1066/1066 
f 1114/1114/1114 1115/1115/1115 1066/1066/1066 
f 1066/1066/1066 1115/1115/1115 1064/1064/1064 
f 1115/1115/1115 1116/1116/1116 1064/1064/1064 
f 1064/1064/1064 1116/1116/1116 1062/1062/1062 
f 1116/1116/1116 1117/1117/1117 1062/1062/1062 
f 1062/1062/1062 1117/1117/1117 1060/1060/1060 
f 1117/1117/1117 1118/1118/1118 1060/1060/1060 
f 1060/1060/1060 1118/1118/1118 1058/1058/1058 
f 1118/1118/1118 1119/1119/1119 1058/1058/1058 
f 1058/1058/1058 1119/1119/1119 1056/1056/1056 
f 1119/1119/1119 1120/1120/1120 1056/1056/1056 
f 1056/1056/1056 1120/1120/1120 1054/1054/1054 
f 1120/1120/1120 1121/1121/1121 1054/1054/1054 
f 1054/1054/1054 1121/1121/1121 1052/1052/1052 
f 1121/1121/1121 1122/1122/1122 1052/1052/1052 
f 1052/1052/1052 1122/1122/1122 1050/1050/1050 
f 1122/1122/1122 1123/1123/1123 1050/1050/1050 
f 1050/1050/1050 1123/1123/1123 1048/1048/1048 
f 1123/1123/1123 1124/1124/1124 1048/1048/1048 
f 1048/1048/1048 1124/1124/1124 1046/1046/1046 
f 1124/1124/1124 1125/1125/1125 1046/1046/1046 
f 1046/1046/1046 1125/1125/1125 1044/1044/1044 
f 1125/1125/1125 1126/1126/1126 1044/1044/1044 
f 1044/1044/1044 1126/1126/1126 1042/1042/1042 
f 1126/1126/1126 1127/1127/1127 1042/1042/1042 
f 1042/1042/1042 1127/1127/1127 1040/1040/1040 
f 1127/1127/1127 1128/1128/1128 1040/1040/1040 
f 1040/1040/1040 1128/1128/1128 1129/1129/1129 
f 1128/1128/1128 1130/1130/1130 1129/1129/1129 
f 1129/1129/1129 1130/1130/1130 1131/1131/1131 
f 1130/1130/1130 1132/1132/1132 1131/1131/1131 
f 1131/1131/1131 1132/1132/1132 1133/1133/1133 
f 1132/1132/1132 1134/1134/1134 1133/1133/1133 
f 1133/1133/1133 1134/1134/1134 1135/1135/1135 
f 1134/1134/1134 1136/1136/1136 1135/1135/1135 
f 1135/1135/1135 1136/1136/1136 1137/1137/1137 
f 1136/1136/1136 1138/1138/1138 1137/1137/1137 
f 1137/1137/1137 1138/1138/1138 1114/1114/1114 
f 1138/1138/1138 1115/1115/1115 1114/1114/1114 
f 1114/1114/1114 1115/1115/1115 1115/1115/1115 
f 1115/1115/1115 1114/1114/1114 1115/1115/1115 
f 1115/1115/1115 1114/1114/1114 1114/1114/1114 
f 1114/1114/1114 1113/1113/1113 1114/1114/1114 
f 1114/1114/1114 1113/1113/1113 1137/1137/1137 
f 1113/1113/1113 1028/1028/1028 1137/1137/1137 
f 1137/1137/1137 1028/1028/1028 1135/1135/1135 
f 1028/1028/1028 1034/1034/1034 1135/1135/1135 
f 1135/1135/1135 1034/1034/1034 1133/1133/1133 
f 1034/1034/1034 1036/1036/1036 1133/1133/1133 
f 1133/1133/1133 1036/1036/1036 1131/1131/1131 
f 1036/1036/1036 1038/1038/1038 1131/1131/1131 
f 1131/1131/1131 1038/1038/1038 1129/1129/1129 
f 1038/1038/1038 1040/1040/1040 1129/1129/1129 
f 1129/1129/1129 1040/1040/1040 1040/1040/1040 
f 1040/1040/1040 1028/1028/1028 1040/1040/1040 
f 1040/1040/1040 1028/1028/1028 1028/1028/1028 
f 1028/1028/1028 1030/1030/1030 1028/1028/1028 
f 1028/1028/1028 1030/1030/1030 1034/1034/1034 
f 1030/1030/1030 1032/1032/1032 1034/1034/1034 
f 1034/1034/1034 1032/1032/1032 1032/1032/1032 
f 1032/1032/1032 1108/1108/1108 1032/1032/1032 
f 1032/1032/1032 1108/1108/1108 1108/1108/1108 
f 1108/1108/1108 1110/1110/1110 1108/1108/1108 
f 1108/1108/1108 1110/1110/1110 1112/1112/1112 
f 1110/1110/1110 1111/1111/1111 1112/1112/1112 
f 1112/1112/1112 1111/1111/1111 1111/1111/1111 
f 1111/1111/1111 1124/1124/1124 1111/1111/1111 
f 1111/1111/1111 1124/1124/1124 1124/1124/1124 
f 1124/1124/1124 1123/1123/1123 1124/1124/1124 
f 1124/1124/1124 1123/1123/1123 1125/1125/1125 
f 1123/1123/1123 1139/1139/1139 1125/1125/1125 
f 1125/1125/1125 1139/1139/1139 1126/1126/1126 
f 1139/1139/1139 1140/1140/1140 1126/1126/1126 
f 1126/1126/1126 1140/1140/1140 1127/1127/1127 
f 1140/1140/1140 1141/1141/1141 1127/1127/1127 
f 1127/1127/1127 1141/1141/1141 1128/1128/1128 
f 1141/1141/1141 1142/1142/1142 1128/1128/1128 
f 1128/1128/1128 1142/1142/1142 1130/1130/1130 
f 1142/1142/1142 1132/1132/1132 1130/1130/1130 
f 1130/1130/1130 1132/1132/1132 1132/1132/1132 
f 1132/1132/1132 1141/1141/1141 1132/1132/1132 
f 1132/1132/1132 1141/1141/1141 1141/1141/1141 
f 1141/1141/1141 1119/1119/1119 1141/1141/1141 
f 1141/1141/1141 1119/1119/1119 1142/1142/1142 
f 1119/1119/1119 1118/1118/1118 1142/1142/1142 
f 1142/1142/1142 1118/1118/1118 1132/1132/1132 
f 1118/1118/1118 1117/1117/1117 1132/1132/1132 
f 1132/1132/1132 1117/1117/1117 1134/1134/1134 
f 1117/1117/1117 1116/1116/1116 1134/1134/1134 
f 1134/1134/1134 1116/1116/1116 1136/1136/1136 
f 1116/1116/1116 1115/1115/1115 1136/1136/1136 
f 1136/1136/1136 1115/1115/1115 1138/1138/1138 
f 1115/1115/1115 1138/1138/1138 1138/1138/1138 
f 1138/1138/1138 1138/1138/1138 1119/1119/1119 
f 1138/1138/1138 1119/1119/1119 1119/1119/1119 
f 1119/1119/1119 1119/1119/1119 1119/1119/1119 
f 1119/1119/1119 1141/1141/1141 1119/1119/1119 
f 1119/1119/1119 1141/1141/1141 1120/1120/1120 
f 1141/1141/1141 1143/1143/1143 1120/1120/1120 
f 1120/1120/1120 1143/1143/1143 1121/1121/1121 
f 1143/1143/1143 1122/1122/1122 1121/1121/1121 
f 1121/1121/1121 1122/1122/1122 1122/1122/1122 
f 1122/1122/1122 1141/1141/1141 1122/1122/1122 
f 1122/1122/1122 1141/1141/1141 1141/1141/1141 
f 1141/1141/1141 1140/1140/1140 1141/1141/1141 
f 1141/1141/1141 1140/1140/1140 1143/1143/1143 
f 1140/1140/1140 1139/1139/1139 1143/1143/1143 
f 1143/1143/1143 1139/1139/1139 1122/1122/1122 
f 1139/1139/1139 1123/1123/1123 1122/1122/1122 
f 1122/1122/1122 1123/1123/1123 1123/1123/1123 
f 1123/1123/1123 1029/1029/1029 1123/1123/1123 
f 1123/1123/1123 1029/1029/1029 1029/1029/1029 
f 1029/1029/1029 1028/1028/1028 1029/1029/1029 
f 1029/1029/1029 1028/1028/1028 1111/1111/1111 
f 1028/1028/1028 1113/1113/1113 1111/1111/1111 
f 1111/1111/1111 1113/1113/1113 1113/1113/1113 
f 1113/1113/1113 1109/1109/1109 1113/1113/1113 
f 1113/1113/1113 1109/1109/1109 1109/1109/1109 
f 1109/1109/1109 1078/1078/1078 1109/1109/1109 
f 1109/1109/1109 1078/1078/1078 1033/1033/1033 
f 1078/1078/1078 1080/1080/1080 1033/1033/1033 
f 1033/1033/1033 1080/1080/1080 1035/1035/1035 
f 1080/1080/1080 1035/1035/1035 1035/1035/1035 
f 1035/1035/1035 1035/1035/1035 1144/1144/1144 
f 1035/1035/1035 1144/1144/1144 1144/1144/1144 
f 1144/1144/1144 1144/1144/1144 1144/1144/1144 
f 1144/1144/1144 1145/1145/1145 1144/1144/1144 
f 1144/1144/1144 1145/1145/1145 1146/1146/1146 
f 1145/1145/1145 1147/1147/1147 1146/1146/1146 
f 1146/1146/1146 1147/1147/1147 1148/1148/1148 
f 1147/1147/1147 1149/1149/1149 1148/1148/1148 
f 1148/1148/1148 1149/1149/1149 1150/1150/1150 
f 1149/1149/1149 1151/1151/1151 1150/1150/1150 
f 1150/1150/1150 1151/1151/1151 1152/1152/1152 
f 1151/1151/1151 1153/1153/1153 1152/1152/1152 
f 1152/1152/1152 1153/1153/1153 1154/1154/1154 
f 1153/1153/1153 1155/1155/1155 1154/1154/1154 
f 1154/1154/1154 1155/1155/1155 1156/1156/1156 
f 1155/1155/1155 1157/1157/1157 1156/1156/1156 
f 1156/1156/1156 1157/1157/1157 1158/1158/1158 
f 1157/1157/1157 1159/1159/1159 1158/1158/1158 
f 1158/1158/1158 1159/1159/1159 1160/1160/1160 
f 1159/1159/1159 1161/1161/1161 1160/1160/1160 
f 1160/1160/1160 1161/1161/1161 1162/1162/1162 
f 1161/1161/1161 1163/1163/1163 1162/1162/1162 
f 1162/1162/1162 1163/1163/1163 1164/1164/1164 
f 1163/1163/1163 1165/1165/1165 1164/1164/1164 
f 1164/1164/1164 1165/1165/1165 1166/1166/1166 
f 1165/1165/1165 1167/1167/1167 1166/1166/1166 
f 1166/1166/1166 1167/1167/1167 1168/1168/1168 
f 1167/1167/1167 1169/1169/1169 1168/1168/1168 
f 1168/1168/1168 1169/1169/1169 1170/1170/1170 
f 1169/1169/1169 1171/1171/1171 1170/1170/1170 
f 1170/1170/1170 1171/1171/1171 1172/1172/1172 
f 1171/1171/1171 1173/1173/1173 1172/1172/1172 
f 1172/1172/1172 1173/1173/1173 1174/1174/1174 
f 1173/1173/1173 1175/1175/1175 1174/1174/1174 
f 1174/1174/1174 1175/1175/1175 1176/1176/1176 
f 1175/1175/1175 1177/1177/1177 1176/1176/1176 
f 1176/1176/1176 1177/1177/1177 1178/1178/1178 
f 1177/1177/1177 1179/1179/1179 1178/1178/1178 
f 1178/1178/1178 1179/1179/1179 1180/1180/1180 
f 1179/1179/1179 1181/1181/1181 1180/1180/1180 
f 1180/1180/1180 1181/1181/1181 1182/1182/1182 
f 1181/1181/1181 1183/1183/1183 1182/1182/1182 
f 1182/1182/1182 1183/1183/1183 1184/1184/1184 
f 1183/1183/1183 1185/1185/1185 1184/1184/1184 
f 1184/1184/1184 1185/1185/1185 1148/1148/1148 
f 1185/1185/1185 1186/1186/1186 1148/1148/1148 
f 1148/1148/1148 1186/1186/1186 1146/1146/1146 
f 1186/1186/1186 1144/1144/1144 1146/1146/1146 
f 1146/1146/1146 1144/1144/1144 1144/1144/1144 
f 1144/1144/1144 1185/1185/1185 1144/1144/1144 
f 1144/1144/1144 1185/1185/1185 1185/1185/1185 
f 1185/1185/1185 1187/1187/1187 1185/1185/1185 
f 1185/1185/1185 1187/1187/1187 1186/1186/1186 
f 1187/1187/1187 1181/1181/1181 1186/1186/1186 
f 1186/1186/1186 1181/1181/1181 1188/1188/1188 
f 1181/1181/1181 1179/1179/1179 1188/1188/1188 
f 1188/1188/1188 1179/1179/1179 1189/1189/1189 
f 1179/1179/1179 1177/1177/1177 1189/1189/1189 
f 1189/1189/1189 1177/1177/1177 1190/1190/1190 
f 1177/1177/1177 1175/1175/1175 1190/1190/1190 
f 1190/1190/1190 1175/1175/1175 1191/1191/1191 
f 1175/1175/1175 1173/1173/1173 1191/1191/1191 
f 1191/1191/1191 1173/1173/1173 1192/1192/1192 
f 1173/1173/1173 1171/1171/1171 1192/1192/1192 
f 1192/1192/1192 1171/1171/1171 1193/1193/1193 
f 1171/1171/1171 1169/1169/1169 1193/1193/1193 
f 1193/1193/1193 1169/1169/1169 1194/1194/1194 
f 1169/1169/1169 1167/1167/1167 1194/1194/1194 
f 1194/1194/1194 1167/1167/1167 1195/1195/1195 
f 1167/1167/1167 1165/1165/1165 1195/1195/1195 
f 1195/1195/1195 1165/1165/1165 1196/1196/1196 
f 1165/1165/1165 1163/1163/1163 1196/1196/1196 
f 1196/1196/1196 1163/1163/1163 1197/1197/1197 
f 1163/1163/1163 1161/1161/1161 1197/1197/1197 
f 1197/1197/1197 1161/1161/1161 1198/1198/1198 
f 1161/1161/1161 1159/1159/1159 1198/1198/1198 
f 1198/1198/1198 1159/1159/1159 1199/1199/1199 
f 1159/1159/1159 1157/1157/1157 1199/1199/1199 
f 1199/1199/1199 1157/1157/1157 1155/1155/1155 
f 1157/1157/1157 1155/1155/1155 1155/1155/1155 
f 1155/1155/1155 1155/1155/1155 1195/1195/1195 
f 1155/1155/1155 1195/1195/1195 1195/1195/1195 
f 1195/1195/1195 1195/1195/1195 1195/1195/1195 
f 1195/1195/1195 1196/1196/1196 1195/1195/1195 
f 1195/1195/1195 1196/1196/1196 1194/1194/1194 
f 1196/1196/1196 1200/1200/1200 1194/1194/1194 
f 1194/1194/1194 1200/1200/1200 1193/1193/1193 
f 1200/1200/1200 1201/1201/1201 1193/1193/1193 
f 1193/1193/1193 1201/1201/1201 1192/1192/1192 
f 1201/1201/1201 1202/1202/1202 1192/1192/1192 
f 1192/1192/1192 1202/1202/1202 1191/1191/1191 
f 1202/1202/1202 1203/1203/1203 1191/1191/1191 
f 1191/1191/1191 1203/1203/1203 1190/1190/1190 
f 1203/1203/1203 1204/1204/1204 1190/1190/1190 
f 1190/1190/1190 1204/1204/1204 1189/1189/1189 
f 1204/1204/1204 1205/1205/1205 1189/1189/1189 
f 1189/1189/1189 1205/1205/1205 1188/1188/1188 
f 1205/1205/1205 1206/1206/1206 1188/1188/1188 
f 1188/1188/1188 1206/1206/1206 1186/1186/1186 
f 1206/1206/1206 1207/1207/1207 1186/1186/1186 
f 1186/1186/1186 1207/1207/1207 1144/1144/1144 
f 1207/1207/1207 1145/1145/1145 1144/1144/1144 
f 1144/1144/1144 1145/1145/1145 1145/1145/1145 
f 1145/1145/1145 1196/1196/1196 1145/1145/1145 
f 1145/1145/1145 1196/1196/1196 1196/1196/1196 
f 1196/1196/1196 1197/1197/1197 1196/1196/1196 
f 1196/1196/1196 1197/1197/1197 1200/1200/1200 
f 1197/1197/1197 1208/1208/1208 1200/1200/1200 
f 1200/1200/1200 1208/1208/1208 1201/1201/1201 
f 1208/1208/1208 1209/1209/1209 1201/1201/1201 
f 1201/1201/1201 1209/1209/1209 1202/1202/1202 
f 1209/1209/1209 1210/1210/1210 1202/1202/1202 
f 1202/1202/1202 1210/1210/1210 1203/1203/1203 
f 1210/1210/1210 1211/1211/1211 1203/1203/1203 
f 1203/1203/1203 1211/1211/1211 1204/1204/1204 
f 1211/1211/1211 1212/1212/1212 1204/1204/1204 
f 1204/1204/1204 1212/1212/1212 1205/1205/1205 
f 1212/1212/1212 1206/1206/1206 1205/1205/1205 
f 1205/1205/1205 1206/1206/1206 1206/1206/1206 
f 1206/1206/1206 1197/1197/1197 1206/1206/1206 
f 1206/1206/1206 1197/1197/1197 1197/1197/1197 
f 1197/1197/1197 1198/1198/1198 1197/1197/1197 
f 1197/1197/1197 1198/1198/1198 1208/1208/1208 
f 1198/1198/1198 1213/1213/1213 1208/1208/1208 
f 1208/1208/1208 1213/1213/1213 1209/1209/1209 
f 1213/1213/1213 1214/1214/1214 1209/1209/1209 
f 1209/1209/1209 1214/1214/1214 1210/1210/1210 
f 1214/1214/1214 1215/1215/1215 1210/1210/1210 
f 1210/1210/1210 1215/1215/1215 1211/1211/1211 
f 1215/1215/1215 1216/1216/1216 1211/1211/1211 
f 1211/1211/1211 1216/1216/1216 1212/1212/1212 
f 1216/1216/1216 1217/1217/1217 1212/1212/1212 
f 1212/1212/1212 1217/1217/1217 1206/1206/1206 
f 1217/1217/1217 1207/1207/1207 1206/1206/1206 
f 1206/1206/1206 1207/1207/1207 1207/1207/1207 
f 1207/1207/1207 1198/1198/1198 1207/1207/1207 
f 1207/1207/1207 1198/1198/1198 1198/1198/1198 
f 1198/1198/1198 1199/1199/1199 1198/1198/1198 
f 1198/1198/1198 1199/1199/1199 1213/1213/1213 
f 1199/1199/1199 1218/1218/1218 1213/1213/1213 
f 1213/1213/1213 1218/1218/1218 1214/1214/1214 
f 1218/1218/1218 1219/1219/1219 1214/1214/1214 
f 1214/1214/1214 1219/1219/1219 1215/1215/1215 
f 1219/1219/1219 1220/1220/1220 1215/1215/1215 
f 1215/1215/1215 1220/1220/1220 1216/1216/1216 
f 1220/1220/1220 1221/1221/1221 1216/1216/1216 
f 1216/1216/1216 1221/1221/1221 1217/1217/1217 
f 1221/1221/1221 1222/1222/1222 1217/1217/1217 
f 1217/1217/1217 1222/1222/1222 1207/1207/1207 
f 1222/1222/1222 1223/1223/1223 1207/1207/1207 
f 1207/1207/1207 1223/1223/1223 1224/1224/1224 
f 1223/1223/1223 1225/1225/1225 1224/1224/1224 
f 1224/1224/1224 1225/1225/1225 1226/1226/1226 
f 1225/1225/1225 1227/1227/1227 1226/1226/1226 
f 1226/1226/1226 1227/1227/1227 1149/1149/1149 
f 1227/1227/1227 1151/1151/1151 1149/1149/1149 
f 1149/1149/1149 1151/1151/1151 1151/1151/1151 
f 1151/1151/1151 1220/1220/1220 1151/1151/1151 
f 1151/1151/1151 1220/1220/1220 1220/1220/1220 
f 1220/1220/1220 1219/1219/1219 1220/1220/1220 
f 1220/1220/1220 1219/1219/1219 1221/1221/1221 
f 1219/1219/1219 1228/1228/1228 1221/1221/1221 
f 1221/1221/1221 1228/1228/1228 1222/1222/1222 
f 1228/1228/1228 1227/1227/1227 1222/1222/1222 
f 1222/1222/1222 1227/1227/1227 1225/1225/1225 
f 1227/1227/1227 1225/1225/1225 1225/1225/1225 
f 1225/1225/1225 1225/1225/1225 1219/1219/1219 
f 1225/1225/1225 1219/1219/1219 1219/1219/1219 
f 1219/1219/1219 1219/1219/1219 1219/1219/1219 
f 1219/1219/1219 1218/1218/1218 1219/1219/1219 
f 1219/1219/1219 1218/1218/1218 1228/1228/1228 
f 1218/1218/1218 1229/1229/1229 1228/1228/1228 
f 1228/1228/1228 1229/1229/1229 1227/1227/1227 
f 1229/1229/1229 1153/1153/1153 1227/1227/1227 
f 1227/1227/1227 1153/1153/1153 1151/1151/1151 
f 1153/1153/1153 1151/1151/1151 1151/1151/1151 
f 1151/1151/1151 1151/1151/1151 1218/1218/1218 
f 1151/1151/1151 1218/1218/1218 1218/1218/1218 
f 1218/1218/1218 1218/1218/1218 1218/1218/1218 
f 1218/1218/1218 1199/1199/1199 1218/1218/1218 
f 1218/1218/1218 1199/1199/1199 1229/1229/1229 
f 1199/1199/1199 1155/1155/1155 1229/1229/1229 
f 1229/1229/1229 1155/1155/1155 1153/1153/1153 
f 1155/1155/1155 1153/1153/1153 1153/1153/1153 
f 1153/1153/1153 1153/1153/1153 1147/1147/1147 
f 1153/1153/1153 1147/1147/1147 1147/1147/1147 
f 1147/1147/1147 1147/1147/1147 1147/1147/1147 
f 1147/1147/1147 1145/1145/1145 1147/1147/1147 
f 1147/1147/1147 1145/1145/1145 1149/1149/1149 
f 1145/1145/1145 1207/1207/1207 1149/1149/1149 
f 1149/1149/1149 1207/1207/1207 1224/1224/1224 
f 1207/1207/1207 1224/1224/1224 1224/1224/1224 
f 1224/1224/1224 1224/1224/1224 1184/1184/1184 
f 1224/1224/1224 1184/1184/1184 1184/1184/1184 
f 1184/1184/1184 1184/1184/1184 1184/1184/1184 
f 1184/1184/1184 1148/1148/1148 1184/1184/1184 
f 1184/1184/1184 1148/1148/1148 1182/1182/1182 
f 1148/1148/1148 1150/1150/1150 1182/1182/1182 
f 1182/1182/1182 1150/1150/1150 1152/1152/1152 
f 1150/1150/1150 1152/1152/1152 1152/1152/1152 
f 1152/1152/1152 1152/1152/1152 1182/1182/1182 
f 1152/1152/1152 1182/1182/1182 1182/1182/1182 
f 1182/1182/1182 1182/1182/1182 1182/1182/1182 
f 1182/1182/1182 1152/1152/1152 1182/1182/1182 
f 1182/1182/1182 1152/1152/1152 1230/1230/1230 
f 1152/1152/1152 1154/1154/1154 1230/1230/1230 
f 1230/1230/1230 1154/1154/1154 1231/1231/1231 
f 1154/1154/1154 1156/1156/1156 1231/1231/1231 
f 1231/1231/1231 1156/1156/1156 1158/1158/1158 
f 1156/1156/1156 1158/1158/1158 1158/1158/1158 
f 1158/1158/1158 1158/1158/1158 1231/1231/1231 
f 1158/1158/1158 1231/1231/1231 1231/1231/1231 
f 1231/1231/1231 1231/1231/1231 1231/1231/1231 
f 1231/1231/1231 1158/1158/1158 1231/1231/1231 
f 1231/1231/1231 1158/1158/1158 1232/1232/1232 
f 1158/1158/1158 1160/1160/1160 1232/1232/1232 
f 1232/1232/1232 1160/1160/1160 1233/1233/1233 
f 1160/1160/1160 1234/1234/1234 1233/1233/1233 
f 1233/1233/1233 1234/1234/1234 1235/1235/1235 
f 1234/1234/1234 1236/1236/1236 1235/1235/1235 
f 1235/1235/1235 1236/1236/1236 1237/1237/1237 
f 1236/1236/1236 1238/1238/1238 1237/1237/1237 
f 1237/1237/1237 1238/1238/1238 1239/1239/1239 
f 1238/1238/1238 1240/1240/1240 1239/1239/1239 
f 1239/1239/1239 1240/1240/1240 1241/1241/1241 
f 1240/1240/1240 1242/1242/1242 1241/1241/1241 
f 1241/1241/1241 1242/1242/1242 1243/1243/1243 
f 1242/1242/1242 1172/1172/1172 1243/1243/1243 
f 1243/1243/1243 1172/1172/1172 1174/1174/1174 
f 1172/1172/1172 1174/1174/1174 1174/1174/1174 
f 1174/1174/1174 1174/1174/1174 1232/1232/1232 
f 1174/1174/1174 1232/1232/1232 1232/1232/1232 
f 1232/1232/1232 1232/1232/1232 1232/1232/1232 
f 1232/1232/1232 1233/1233/1233 1232/1232/1232 
f 1232/1232/1232 1233/1233/1233 1244/1244/1244 
f 1233/1233/1233 1235/1235/1235 1244/1244/1244 
f 1244/1244/1244 1235/1235/1235 1245/1245/1245 
f 1235/1235/1235 1237/1237/1237 1245/1245/1245 
f 1245/1245/1245 1237/1237/1237 1246/1246/1246 
f 1237/1237/1237 1239/1239/1239 1246/1246/1246 
f 1246/1246/1246 1239/1239/1239 1247/1247/1247 
f 1239/1239/1239 1241/1241/1241 1247/1247/1247 
f 1247/1247/1247 1241/1241/1241 1248/1248/1248 
f 1241/1241/1241 1243/1243/1243 1248/1248/1248 
f 1248/1248/1248 1243/1243/1243 1249/1249/1249 
f 1243/1243/1243 1174/1174/1174 1249/1249/1249 
f 1249/1249/1249 1174/1174/1174 1176/1176/1176 
f 1174/1174/1174 1176/1176/1176 1176/1176/1176 
f 1176/1176/1176 1176/1176/1176 1246/1246/1246 
f 1176/1176/1176 1246/1246/1246 1246/1246/1246 
f 1246/1246/1246 1246/1246/1246 1246/1246/1246 
f 1246/1246/1246 1247/1247/1247 1246/1246/1246 
f 1246/1246/1246 1247/1247/1247 1245/1245/1245 
f 1247/1247/1247 1250/1250/1250 1245/1245/1245 
f 1245/1245/1245 1250/1250/1250 1244/1244/1244 
f 1250/1250/1250 1251/1251/1251 1244/1244/1244 
f 1244/1244/1244 1251/1251/1251 1232/1232/1232 
f 1251/1251/1251 1231/1231/1231 1232/1232/1232 
f 1232/1232/1232 1231/1231/1231 1231/1231/1231 
f 1231/1231/1231 1247/1247/1247 1231/1231/1231 
f 1231/1231/1231 1247/1247/1247 1247/1247/1247 
f 1247/1247/1247 1248/1248/1248 1247/1247/1247 
f 1247/1247/1247 1248/1248/1248 1250/1250/1250 
f 1248/1248/1248 1252/1252/1252 1250/1250/1250 
f 1250/1250/1250 1252/1252/1252 1251/1251/1251 
f 1252/1252/1252 1253/1253/1253 1251/1251/1251 
f 1251/1251/1251 1253/1253/1253 1231/1231/1231 
f 1253/1253/1253 1230/1230/1230 1231/1231/1231 
f 1231/1231/1231 1230/1230/1230 1230/1230/1230 
f 1230/1230/1230 1248/1248/1248 1230/1230/1230 
f 1230/1230/1230 1248/1248/1248 1248/1248/1248 
f 1248/1248/1248 1249/1249/1249 1248/1248/1248 
f 1248/1248/1248 1249/1249/1249 1252/1252/1252 
f 1249/1249/1249 1254/1254/1254 1252/1252/1252 
f 1252/1252/1252 1254/1254/1254 1253/1253/1253 
f 1254/1254/1254 1255/1255/1255 1253/1253/1253 
f 1253/1253/1253 1255/1255/1255 1230/1230/1230 
f 1255/1255/1255 1182/1182/1182 1230/1230/1230 
f 1230/1230/1230 1182/1182/1182 1182/1182/1182 
f 1182/1182/1182 1249/1249/1249 1182/1182/1182 
f 1182/1182/1182 1249/1249/1249 1249/1249/1249 
f 1249/1249/1249 1176/1176/1176 1249/1249/1249 
f 1249/1249/1249 1176/1176/1176 1254/1254/1254 
f 1176/1176/1176 1178/1178/1178 1254/1254/1254 
f 1254/1254/1254 1178/1178/1178 1255/1255/1255 
f 1178/1178/1178 1180/1180/1180 1255/1255/1255 
f 1255/1255/1255 1180/1180/1180 1182/1182/1182 
f 1180/1180/1180 1182/1182/1182 1182/1182/1182 
f 1182/1182/1182 1182/1182/1182 1185/1185/1185 
f 1182/1182/1182 1185/1185/1185 1185/1185/1185 
f 1185/1185/1185 1185/1185/1185 1185/1185/1185 
f 1185/1185/1185 1183/1183/1183 1185/1185/1185 
f 1185/1185/1185 1183/1183/1183 1187/1187/1187 
f 1183/1183/1183 1181/1181/1181 1187/1187/1187 
f 1187/1187/1187 1181/1181/1181 1181/1181/1181 
f 1181/1181/1181 1172/1172/1172 1181/1181/1181 
f 1181/1181/1181 1172/1172/1172 1172/1172/1172 
f 1172/1172/1172 1242/1242/1242 1172/1172/1172 
f 1172/1172/1172 1242/1242/1242 1170/1170/1170 
f 1242/1242/1242 1256/1256/1256 1170/1170/1170 
f 1170/1170/1170 1256/1256/1256 1168/1168/1168 
f 1256/1256/1256 1257/1257/1257 1168/1168/1168 
f 1168/1168/1168 1257/1257/1257 1166/1166/1166 
f 1257/1257/1257 1258/1258/1258 1166/1166/1166 
f 1166/1166/1166 1258/1258/1258 1164/1164/1164 
f 1258/1258/1258 1259/1259/1259 1164/1164/1164 
f 1164/1164/1164 1259/1259/1259 1162/1162/1162 
f 1259/1259/1259 1234/1234/1234 1162/1162/1162 
f 1162/1162/1162 1234/1234/1234 1160/1160/1160 
f 1234/1234/1234 1160/1160/1160 1160/1160/1160 
f 1160/1160/1160 1160/1160/1160 1234/1234/1234 
f 1160/1160/1160 1234/1234/1234 1234/1234/1234 
f 1234/1234/1234 1234/1234/1234 1234/1234/1234 
f 1234/1234/1234 1259/1259/1259 1234/1234/1234 
f 1234/1234/1234 1259/1259/1259 1236/1236/1236 
f 1259/1259/1259 1258/1258/1258 1236/1236/1236 
f 1236/1236/1236 1258/1258/1258 1238/1238/1238 
f 1258/1258/1258 1257/1257/1257 1238/1238/1238 
f 1238/1238/1238 1257/1257/1257 1240/1240/1240 
f 1257/1257/1257 1256/1256/1256 1240/1240/1240 
f 1240/1240/1240 1256/1256/1256 1242/1242/1242 
f 992/992/992 990/990/990 985/985/985 
f 240/240/240 194/194/194 237/237/237 
f 1222/1222/1222 1225/1225/1225 1223/1223/1223 
f 1149/1149/1149 1224/1224/1224 1226/1226/1226 
f 724/724/724 726/726/726 806/806/806 
f 770/770/770 788/788/788 771/771/771 
f 735/735/735 733/733/733 807/807/807 
f 719/719/719 795/795/795 721/721/721 
f 725/725/725 729/729/729 727/727/727 
f 666/666/666 684/684/684 687/687/687 
f 648/648/648 647/647/647 646/646/646 
f 657/657/657 659/659/659 661/661/661 
f 318/318/318 290/290/290 289/289/289 
f 306/306/306 310/310/310 308/308/308 
f 202/202/202 197/197/197 196/196/196 
f 51/51/51 46/46/46 45/45/45 
f 382/382/382 375/375/375 377/377/377 
f 362/362/362 361/361/361 369/369/369 
f 287/287/287 286/286/286 288/288/288 
f 233/233/233 230/230/230 231/231/231 
f 59/59/59 61/61/61 63/63/63 
f 134/134/134 208/208/208 135/135/135 
f 66/66/66 69/69/69 67/67/67 
f 474/474/474 484/484/484 475/475/475 
f 470/470/470 477/477/477 468/468/468 
f 504/504/504 531/531/531 502/502/502 
f 125/125/125 409/409/409 127/127/127 
f 254/254/254 173/173/173 175/175/175 
f 438/438/438 99/99/99 440/440/440 
f 205/205/205 204/204/204 1260/1260/1260 
f 1023/1023/1023 1026/1026/1026 1021/1021/1021 
f 921/921/921 1022/1022/1022 923/923/923 
f 757/757/757 693/693/693 692/692/692 
f 736/736/736 769/769/769 734/734/734 

